<?xml version="1.0" encoding="UTF-8"?>
<!-- Last Changed Date: 2018-07-18 12:32:41 +0200 (Wed, 18 Jul 2018) | SVN Revision: 2206 -->
<!--Licensed under Attribution-NonCommercial-ShareAlike 4.0 International (CC BY-NC-SA 4.0)-->
<?xml-model href="https://xmlschema.huygens.knaw.nl/vgodd.rng" type="application/xml" schematypens="http://relaxng.org/ns/structure/1.0"?>
<TEI xmlns:vg="http://www.vangoghletters.org/ns/" xmlns="http://www.tei-c.org/ns/1.0">
<teiHeader xmlns:xsi="http://www.w3.org/2001/XMLSchema-instance"><fileDesc>
<titleStmt>
<title>To Caroline van Stockum-Haanebeek. London, Thursday, 20 November 1873.</title>
<editor>Leo Jansen</editor>
<editor>Hans Luijten</editor>
<editor>Nienke Bakker</editor></titleStmt>
<publicationStmt>
<publisher><name>Huygens Instituut voor Nederlandse Geschiedenis (KNAW)</name><email>info@huygens.knaw.nl</email></publisher>
<publisher>Van Gogh Museum</publisher>
<pubPlace>Amsterdam</pubPlace>
<date type="first" when="2009">2009</date>
<availability status="restricted">
<licence target="http://creativecommons.org/licenses/by-nc-sa/4.0/ https://creativecommons.org/licenses/by-nc-sa/4.0/legalcode">
<p>Attribution-NonCommercial-ShareAlike 4.0 International (CC BY-NC-SA 4.0) </p></licence></availability>
<ptr target="http://vangoghletters.org/orig/let016"/></publicationStmt><sourceDesc><vg:letDesc><vg:letIdentifier>
<idno type="jlb">016</idno>
<idno type="collectedletters">12a</idno>
<idno type="brieven1990">016</idno></vg:letIdentifier><vg:letHeading><author>Vincent van Gogh</author><vg:addressee>Caroline van Stockum-Haanebeek</vg:addressee><vg:placeLet>London</vg:placeLet><vg:dateLet>Thursday, 20 November 1873</vg:dateLet></vg:letHeading><vg:letContents>
<p>To Caroline van Stockum-Haanebeek. London, Thursday, 20 November 1873.</p>
<note type="ongoingTopic" n="1">
<p>Theo’s transfer to The Hague <ref target="let013.xml">(13)</ref></p></note></vg:letContents>
<note type="sourceStatus" xml:id="sourceStatus">
<p>Original manuscript</p></note>
<note type="location" xml:id="location">
<p>Amsterdam, Van Gogh Museum, inv. no. b33 V/1962</p></note>
<note type="date" xml:id="date">
<p>Letter headed: ‘Londen 20 Nov. 1873.’</p></note></vg:letDesc></sourceDesc></fileDesc></teiHeader>
<facsimile xmlns:xsi="http://www.w3.org/2001/XMLSchema-instance">
<surface n="b 0033" xml:id="surf-pb-1r"><graphic mimeType="image/tiff" url="VGM001000035_01.TIF" rend="norend"/><graphic mimeType="image/tiff" url="VGM001000035_01_n.tif" rend="norend"/><graphic mimeType="image/jpeg" url="VGM001000035_01_nt.jpg" height="50px" rend="thumbnail"/><zone xml:id="zone-pb-1r-1">
<graphic mimeType="image/tiff" url="VGM001000035_01_nR.tif" rend="norend"/><graphic mimeType="image/jpeg" url="VGM001000035_01_nRt.jpg" height="50px" rend="thumbnail"/><graphic mimeType="image/png" url="VGM001000035_01_nRf.png" width="380px" rend="facstab"/></zone>
</surface>
<surface n="b 0033" xml:id="surf-pb-1v"><graphic mimeType="image/tiff" url="VGM001000035_02.TIF" rend="norend"/><graphic mimeType="image/tiff" url="VGM001000035_02_n.tif" rend="norend"/><graphic mimeType="image/jpeg" url="VGM001000035_02_nt.jpg" height="50px" rend="thumbnail"/><zone xml:id="zone-pb-1v-2">
<graphic mimeType="image/tiff" url="VGM001000035_02_nR.tif" rend="norend"/><graphic mimeType="image/jpeg" url="VGM001000035_02_nRt.jpg" height="50px" rend="thumbnail"/><graphic mimeType="image/png" url="VGM001000035_02_nRf.png" width="380px" rend="facstab"/></zone>
</surface></facsimile><text xmlns:xsi="http://www.w3.org/2001/XMLSchema-instance"><body>
<div type="original">
<pb f="1r" n="1" xml:id="pb-orig-1r-1" facs="#zone-pb-1r-1"/><lb n="1" xml:id="l-1"/>
<ab>Londen 20 Nov. 1873.</ab>
<vg:whiteline/><lb n="2" xml:id="l-2"/>
<ab>Lieve Carolien,</ab><lb n="3" xml:id="l-3"/>
<ab>Hartelijk geluk<c type="shy">-</c><lb n="4" xml:id="l-4"/>gewenscht met je verjaardag;<anchor n="1" xml:id="note-o-1"/> <lb n="5" xml:id="l-5"/>het zal een feestelijken dag <lb n="6" xml:id="l-6"/>zijn, die eerste verjaardag in <lb n="7" xml:id="l-7"/>je eigen huis.─<anchor n="2" xml:id="note-o-2"/> Ik hoop <lb n="8" xml:id="l-8"/>dit een heel goed &amp; gelukkig <lb n="9" xml:id="l-9"/>jaar voor Ulieden zijn zal.─</ab><lb n="10" xml:id="l-10"/>
<ab rend="indent">Mijn laatsten brief hebt <lb n="11" xml:id="l-11"/>ge hoop ik ontvangen, schrijf <lb n="12" xml:id="l-12"/>eens spoedig hoe allen het <lb n="13" xml:id="l-13"/>maken; ik ben weer verlangend 
<pb f="1v" n="2" xml:id="pb-orig-1v-2" facs="#zone-pb-1v-2"/><lb n="14" xml:id="l-14"/>om wat te hooren.─</ab><lb n="15" xml:id="l-15"/>
<ab rend="indent">Hebt ge Theo al gezien, ik hoorde <lb n="16" xml:id="l-16"/>hij l.l. Woensdag te s’Hage ge<c type="shy">-</c><lb n="17" xml:id="l-17"/>arriveerd is.─</ab><lb n="18" xml:id="l-18"/>
<ab rend="indent">Hierbij eene kleine bijdrage <lb n="19" xml:id="l-19"/>voor het album.─<anchor n="3" xml:id="note-o-3"/></ab><lb n="20" xml:id="l-20"/>
<ab rend="indent">Mij gaat het goed, maar ik <lb n="21" xml:id="l-21"/>zit tot over de ooren in ’t werk, <lb n="22" xml:id="l-22"/>&amp; heb maar een oogenblikje <lb n="23" xml:id="l-23"/>tijd.─</ab><lb n="24" xml:id="l-24"/>
<ab rend="indent">Zeg allen in de Poten<anchor n="4" xml:id="note-o-4"/> goe<c type="shy">-</c><lb n="25" xml:id="l-25"/>den dag; wat zou ik van<c type="shy">-</c><lb n="26" xml:id="l-26"/>daag graag eens een kijkje <lb n="27" xml:id="l-27"/>bij ulieden willen nemen; <lb n="28" xml:id="l-28"/>Het beste Ul. toegewenscht.</ab>
<vg:whiteline/><lb n="29" xml:id="l-29"/>
<ab>Yours truly</ab><lb n="30" xml:id="l-30"/>
<ab>Vincent.</ab>
<vg:whiteline/></div>
<div type="translation">
<pb f="1r" n="1" xml:id="pb-trans-1r-1" facs="#zone-pb-1r-1"/>
<ab>London, 20 Nov. 1873.</ab>
<vg:whiteline/>
<ab>Dearest <rs type="pers" key="761">Caroline</rs>,</ab>
  <ab>I wish you many happy returns;<anchor n="1" xml:id="note-t-1"/> it will surely be a festive day, this first birthday in your own house.<anchor n="2" xml:id="note-t-2"/> I hope that this will be a very good and happy year for you both.</ab>
<ab rend="indent">You’ve received my last letter, I hope. Write soon with news of how everyone is doing. I’m longing 
<pb f="1v" n="2" xml:id="pb-trans-1v-2" facs="#zone-pb-1v-2"/> to hear something again.</ab>
<ab rend="indent">Have you seen Theo yet? I heard that he arrived in The Hague last Wednesday.</ab>
<ab rend="indent">Herewith a small contribution for the album.<anchor n="3" xml:id="note-t-3"/></ab>
<ab rend="indent">I’m fine, but I’m up to my ears in work, and only have a moment.</ab>
<ab rend="indent">Bid good-day to everyone in the Poten;<anchor n="4" xml:id="note-t-4"/> how I’d like to look in on you today. I wish you both the best.</ab>
<vg:whiteline/>
<ab>Yours truly,</ab>
<ab>Vincent.</ab></div>
<div type="notes">
<note n="1" xml:id="n-1" target="#note-t-1">
<ab><rs type="pers" key="761">Caroline</rs> was to turn 21 on 22 November 1873.</ab></note>
<note n="2" xml:id="n-2" target="#note-t-2">
<ab>
  <ref target="let010.xml#n-2">See letter 10, n. 2.</ref>
</ab></note>
<note n="3" xml:id="n-3" target="#note-t-3">
<ab>Reproductions for Caroline’s scrapbook. Cf. <ref target="let014.xml">letter 14</ref>.</ab></note>
<note n="4" xml:id="n-4" target="#note-t-4">
<ab>Lange Poten 10 in The Hague, Caroline’s parental home.</ab></note></div></body></text></TEI>
