<?xml version="1.0" encoding="UTF-8"?>
<!-- Last Changed Date: 2018-07-18 12:32:41 +0200 (Wed, 18 Jul 2018) | SVN Revision: 2206 -->
<!--Licensed under Attribution-NonCommercial-ShareAlike 4.0 International (CC BY-NC-SA 4.0)-->
<?xml-model href="https://xmlschema.huygens.knaw.nl/vgodd.rng" type="application/xml" schematypens="http://relaxng.org/ns/structure/1.0"?>
<TEI xmlns:vg="http://www.vangoghletters.org/ns/" xmlns="http://www.tei-c.org/ns/1.0">
<teiHeader xmlns:xsi="http://www.w3.org/2001/XMLSchema-instance"><fileDesc>
<titleStmt>
<title>To Willem and Caroline van Stockum-Haanebeek. London, Wednesday, 2 July 1873.</title>
<editor>Leo Jansen</editor>
<editor>Hans Luijten</editor>
<editor>Nienke Bakker</editor></titleStmt>
<publicationStmt>
<publisher><name>Huygens Instituut voor Nederlandse Geschiedenis (KNAW)</name><email>info@huygens.knaw.nl</email></publisher>
<publisher>Van Gogh Museum</publisher>
<pubPlace>Amsterdam</pubPlace>
<date type="first" when="2009">2009</date>
<availability status="restricted">
<licence target="http://creativecommons.org/licenses/by-nc-sa/4.0/ https://creativecommons.org/licenses/by-nc-sa/4.0/legalcode">
<p>Attribution-NonCommercial-ShareAlike 4.0 International (CC BY-NC-SA 4.0) </p></licence></availability>
<ptr target="http://vangoghletters.org/orig/let010"/></publicationStmt><sourceDesc><vg:letDesc><vg:letIdentifier>
<idno type="jlb">010</idno>
<idno type="collectedletters">9a</idno>
<idno type="brieven1990">010</idno></vg:letIdentifier><vg:letHeading><author>Vincent van Gogh</author><vg:addressee>Willem van Stockum and Caroline van Stockum-Haanebeek</vg:addressee><vg:placeLet>London</vg:placeLet><vg:dateLet>Wednesday, 2 July 1873</vg:dateLet></vg:letHeading><vg:letContents>
<p>To Willem and Caroline van Stockum-Haanebeek. London, Wednesday, 2 July 1873.</p></vg:letContents>
<note type="sourceStatus" xml:id="sourceStatus">
<p>Original manuscript</p></note>
<note type="location" xml:id="location">
    <p>Amsterdam, Van Gogh Museum, inv. nos. b27a, b28, b27b V/1962</p></note>
<note type="date" xml:id="date">
<p>Letter headed: ‘Londen 2 Juli 1873’.</p></note>
<note type="additionalDetail" xml:id="additionalDetail">
<p>The envelope belonging with this letter has been preserved. The stamp has been torn off. The postmark on the front reads ‘London. W.C. 6 JY 3 73’, and on the back ‘’S GRAVENHAGE 4 JUL 73 12M-4A’. It is addressed to ‘W.J. van Stockum Esq/ Varkenmarkt/ <hi rend="ital">Holland The Hague</hi>’.</p></note></vg:letDesc></sourceDesc></fileDesc></teiHeader>
    <facsimile xmlns:xsi="http://www.w3.org/2001/XMLSchema-instance">
        <surface n="b 0027 a" xml:id="surf-pb-1r">
            <graphic mimeType="image/tiff" url="VGM001000028_01.TIF" rend="norend"/>
            <graphic mimeType="image/tiff" url="VGM001000028_01_n.tif" rend="norend"/>
            <graphic mimeType="image/jpeg" url="VGM001000028_01_nt.jpg" height="50px" rend="thumbnail"/>
            <zone xml:id="zone-pb-1r-1">
                <graphic mimeType="image/tiff" url="VGM001000028_01_nR.tif" rend="norend"/>
                <graphic mimeType="image/jpeg" url="VGM001000028_01_nRt.jpg" height="50px" rend="thumbnail"/>
                <graphic mimeType="image/png" url="VGM001000028_01_nRf.png" width="380px" rend="facstab"/>
            </zone>
            <zone xml:id="zone-pb-1r-4">
                <graphic mimeType="image/tiff" url="VGM001000028_01_nL.tif" rend="norend"/>
                <graphic mimeType="image/jpeg" url="VGM001000028_01_nLt.jpg" height="50px" rend="thumbnail"/>
                <graphic mimeType="image/png" url="VGM001000028_01_nLf.png" width="380px" rend="facstab"/>
            </zone>
        </surface>
        <surface n="b 0027 a" xml:id="surf-pb-1v">
            <graphic mimeType="image/tiff" url="VGM001000028_02.TIF" rend="norend"/>
            <graphic mimeType="image/tiff" url="VGM001000028_02_n.tif" rend="norend"/>
            <graphic mimeType="image/jpeg" url="VGM001000028_02_nt.jpg" height="50px" rend="thumbnail"/>
            <zone xml:id="zone-pb-1v-2">
                <graphic mimeType="image/tiff" url="VGM001000028_02_nL.tif" rend="norend"/>
                <graphic mimeType="image/jpeg" url="VGM001000028_02_nLt.jpg" height="50px" rend="thumbnail"/>
                <graphic mimeType="image/png" url="VGM001000028_02_nLf.png" width="380px" rend="facstab"/>
            </zone>
            <zone xml:id="zone-pb-1v-3">
                <graphic mimeType="image/tiff" url="VGM001000028_02_nR.tif" rend="norend"/>
                <graphic mimeType="image/jpeg" url="VGM001000028_02_nRt.jpg" height="50px" rend="thumbnail"/>
                <graphic mimeType="image/png" url="VGM001000028_02_nRf.png" width="380px" rend="facstab"/>
            </zone>
        </surface>
        <surface n="b 0027 b" xml:id="surf-pb-2r">
            <graphic mimeType="image/tiff" url="VGM001000030_01.TIF" rend="norend"/>
            <graphic mimeType="image/tiff" url="VGM001000030_01_n.tif" rend="norend"/>
            <graphic mimeType="image/jpeg" url="VGM001000030_01_nt.jpg" height="50px" rend="thumbnail"/>
            <zone xml:id="zone-pb-2r-5">
                <graphic mimeType="image/tiff" url="VGM001000030_01_nR.tif" rend="norend"/>
                <graphic mimeType="image/jpeg" url="VGM001000030_01_nRt.jpg" height="50px" rend="thumbnail"/>
                <graphic mimeType="image/png" url="VGM001000030_01_nRf.png" width="380px" rend="facstab"/>
            </zone>
            <zone xml:id="zone-pb-2r-7">
                <graphic mimeType="image/tiff" url="VGM001000030_01_nL.tif" rend="norend"/>
                <graphic mimeType="image/jpeg" url="VGM001000030_01_nLt.jpg" height="50px" rend="thumbnail"/>
                <graphic mimeType="image/png" url="VGM001000030_01_nLf.png" width="380px" rend="facstab"/>
            </zone>
        </surface>
        <surface n="b 0027 b" xml:id="surf-pb-2v">
            <graphic mimeType="image/tiff" url="VGM001000030_02.TIF" rend="norend"/>
            <graphic mimeType="image/tiff" url="VGM001000030_02_n.tif" rend="norend"/>
            <graphic mimeType="image/jpeg" url="VGM001000030_02_nt.jpg" height="50px" rend="thumbnail"/>
            <zone xml:id="zone-pb-2v-6">
                <graphic mimeType="image/tiff" url="VGM001000030_02_nR.tif" rend="norend"/>
                <graphic mimeType="image/jpeg" url="VGM001000030_02_nRt.jpg" height="50px" rend="thumbnail"/>
                <graphic mimeType="image/png" url="VGM001000030_02_nRf.png" width="380px" rend="facstab"/>
            </zone>
        </surface>
        <surface n="b 0027b V/1962" xml:id="surf-pb-3r">
            <graphic mimeType="image/tiff" url="VGM001000029_01.TIF" rend="norend"/>
            <zone xml:id="zone-pb-3r-8">
                <graphic mimeType="image/tiff" url="VGM001000029_01_n.tif" rend="norend"/>
                <graphic mimeType="image/jpeg" url="VGM001000029_01_nt.jpg" height="50px" rend="thumbnail"/>
                <graphic mimeType="image/png" url="VGM001000029_01_nf.png" width="380px" rend="facstab"/>
            </zone>
        </surface>
        <surface n="b 0027b V/1962" xml:id="surf-pb-3v">
            <graphic mimeType="image/tiff" url="VGM001000029_02.TIF" rend="norend"/>
            <zone xml:id="zone-pb-3v-9">
                <graphic mimeType="image/tiff" url="VGM001000029_02_n.tif" rend="norend"/>
                <graphic mimeType="image/jpeg" url="VGM001000029_02_nt.jpg" height="50px" rend="thumbnail"/>
                <graphic mimeType="image/png" url="VGM001000029_02_nf.png" width="380px" rend="facstab"/>
            </zone>
        </surface>
    </facsimile><text xmlns:xsi="http://www.w3.org/2001/XMLSchema-instance"><body>
<div type="original">
<pb f="1r" n="1" xml:id="pb-orig-1r-1" facs="#zone-pb-1r-1"/><lb n="1" xml:id="l-1"/>
<ab>Londen 2 Juli 1873</ab>
<vg:whiteline/><lb n="2" xml:id="l-2"/>
<ab>Waarde vrienden,<anchor n="1" xml:id="note-o-1"/></ab><lb n="3" xml:id="l-3"/>
<ab>reeds eer<c type="shy">-</c><lb n="4" xml:id="l-4"/>der heb ik U willen schrijven <lb n="5" xml:id="l-5"/>&amp; nu wil ik het niet langer <lb n="6" xml:id="l-6"/>uitstellen.–</ab><lb n="7" xml:id="l-7"/>
<ab rend="indent">Hoe gaat het U, van ter zijde <lb n="8" xml:id="l-8"/>hoorde ik dat jelui huis zoo <lb n="9" xml:id="l-9"/>keurig netjes geworden is, <lb n="10" xml:id="l-10"/>en het U goed gaat.<anchor n="2" xml:id="note-o-2"/> Als <lb n="11" xml:id="l-11"/>je eens een oogenblikje <lb n="12" xml:id="l-12"/>disponibel hebt, recomman<c type="shy">-</c><lb n="13" xml:id="l-13"/>deer ik mij zeer om iets <lb n="14" xml:id="l-14"/>van je te hooren.–</ab><lb n="15" xml:id="l-15"/>
<ab rend="indent">Het gaat mij hier goed; <lb n="16" xml:id="l-16"/>ik zie veel nieuws en moois, <lb n="17" xml:id="l-17"/>&amp; heb het goed getroffen <lb n="18" xml:id="l-18"/>met mijn kosthuis, zoodat <lb n="19" xml:id="l-19"/>ik mij betrekkelijk al goed 
<pb f="1v" n="2" xml:id="pb-orig-1v-2" facs="#zone-pb-1v-2"/><lb n="20" xml:id="l-20"/>hier te huis gevoel.–<anchor n="3" xml:id="note-o-3"/></ab><lb n="21" xml:id="l-21"/>
<ab rend="indent">Toch vergeet ik den Haag <lb n="22" xml:id="l-22"/>niet &amp; zou zeer, zeer, gaarne <lb n="23" xml:id="l-23"/>nog eens een avondje in <lb n="24" xml:id="l-24"/>de Poten<anchor n="4" xml:id="note-o-4"/> doorbrengen &amp; <lb n="25" xml:id="l-25"/>ook bij jelui een kijkje nemen.</ab><lb n="26" xml:id="l-26"/>
<ab rend="indent">De zaak hier is alleen maga<c type="shy">-</c><lb n="27" xml:id="l-27"/>zijn &amp; dus heel ander werk <lb n="28" xml:id="l-28"/>dan te s’Hage; maar dat <lb n="29" xml:id="l-29"/>zal wel wennen.–</ab><lb n="30" xml:id="l-30"/>
<ab rend="indent">Reeds om 6 uur ben ik met <lb n="31" xml:id="l-31"/>mijn werk klaar, zoodat <lb n="32" xml:id="l-32"/>ik nog een mooien tijd <lb n="33" xml:id="l-33"/>voor mij zelven heb, die <lb n="34" xml:id="l-34"/>ik zeer aangenaam door<c type="shy">-</c><lb n="35" xml:id="l-35"/>breng met wandelen, lezen <lb n="36" xml:id="l-36"/>&amp; brieven schrijven.–</ab><lb n="37" xml:id="l-37"/>
<ab rend="indent">De buurt waar ik woon is <lb n="38" xml:id="l-38"/>zeer mooi, &amp; zoo rustig &amp; ge<c type="shy">-</c><lb n="39" xml:id="l-39"/>zellig dat men bijna vergeet <lb n="40" xml:id="l-40"/>dat men in Londen is.–</ab><lb n="41" xml:id="l-41"/>
<ab rend="indent">Voor ieder huis is een kleinen <lb n="42" xml:id="l-42"/>tuin, met bloemen of een paar <lb n="43" xml:id="l-43"/>boomen &amp; vele huizen zijn met <lb n="44" xml:id="l-44"/>veel smaak in eene soort van <lb n="45" xml:id="l-45"/>gothieken stijl gebouwd.</ab><lb n="46" xml:id="l-46"/>
<ab rend="indent">Toch moet ik nog ruim een 
<pb f="1v" n="3" xml:id="pb-orig-1v-3" facs="#zone-pb-1v-3"/><lb n="47" xml:id="l-47"/>half uur wandelen om buiten <lb n="48" xml:id="l-48"/>te zijn.–</ab><lb n="49" xml:id="l-49"/>
<ab rend="indent">Wij hebben eene piano in de <lb n="50" xml:id="l-50"/>kamer &amp; er wonen hier nog <lb n="51" xml:id="l-51"/>3 Duitschers in huis die veel <lb n="52" xml:id="l-52"/>van muziek houden, wat <lb n="53" xml:id="l-53"/>zeer aangenaam is.–</ab><lb n="54" xml:id="l-54"/>
<ab rend="indent">Een der mooiste dingen die <lb n="55" xml:id="l-55"/>ik hier gezien heb is Rotten Row <lb n="56" xml:id="l-56"/>in Hyde Park. Dat is eene <lb n="57" xml:id="l-57"/>lange &amp; breede laan, waar <lb n="58" xml:id="l-58"/>honderden van heeren &amp; dames <lb n="59" xml:id="l-59"/>paard rijden.–</ab><lb n="60" xml:id="l-60"/>
<ab rend="indent">In alle gedeelten der stad zijn <lb n="61" xml:id="l-61"/>prachtige parken, met een <lb n="62" xml:id="l-62"/>rijkdom van bloemen zooals <lb n="63" xml:id="l-63"/>ik die nergens anders gezien <lb n="64" xml:id="l-64"/>heb.–</ab><lb n="65" xml:id="l-65"/>
<ab rend="indent">Hierbij stuur ik je eene copie <lb n="66" xml:id="l-66"/>van een vers van v. Beers,<anchor n="5" xml:id="note-o-5"/> dat <lb n="67" xml:id="l-67"/>je misschien niet kent.–</ab><lb n="68" xml:id="l-68"/>
<ab rend="indent">Onze Elisabeth<anchor n="6" xml:id="note-o-6"/> schreef het voor <lb n="69" xml:id="l-69"/>mij over, den laatsten avond <lb n="70" xml:id="l-70"/>dat ik te Helvoirt was,<anchor n="7" xml:id="note-o-7"/> <lb n="71" xml:id="l-71"/>omdat zij wist dat ik het <lb n="72" xml:id="l-72"/>zoo mooi vond.</ab><lb n="73" xml:id="l-73"/>
<ab rend="indent">Het is echt Braband,<anchor n="8" xml:id="note-o-8"/> ik <lb n="74" xml:id="l-74"/>dacht je het met pleizier <lb n="75" xml:id="l-75"/>zult lezen &amp; heb het daarom <lb n="76" xml:id="l-76"/>voor je overgeschreven.</ab>
<pb f="1r" n="4" xml:id="pb-orig-1r-4" facs="#zone-pb-1r-4"/><lb n="77" xml:id="l-77"/>
<ab rend="indent">Het was zeer attent van <lb n="78" xml:id="l-78"/>je zuster Marie om mij eene <lb n="79" xml:id="l-79"/>kennisgeving te sturen. <lb n="80" xml:id="l-80"/>Ik ben zeer verlangend om <lb n="81" xml:id="l-81"/>iets van de trouwpartij te <lb n="82" xml:id="l-82"/>hooren, waarmede ik ook <lb n="83" xml:id="l-83"/>jelui feliciteer.–<anchor n="9" xml:id="note-o-9"/></ab><lb n="84" xml:id="l-84"/>
<ab rend="indent">Zou je zoo goed willen zijn <lb n="85" xml:id="l-85"/>mij bij gelegenheid eens een <lb n="86" xml:id="l-86"/>lijstje van jelui verjaardagen <lb n="87" xml:id="l-87"/>te sturen. Ik heb er een gehad <lb n="88" xml:id="l-88"/>dat ik verloren ben.–</ab><lb n="89" xml:id="l-89"/>
<ab rend="indent">En nu gegroet, zeg allen <lb n="90" xml:id="l-90"/>in de Poten voor mij goeden <lb n="91" xml:id="l-91"/>dag &amp; heb het allen goed. <lb n="92" xml:id="l-92"/>Verschoon het slechte schrift<c type="kk">/</c> <lb n="93" xml:id="l-93"/>het is reeds laat &amp; tijd om <lb n="94" xml:id="l-94"/>naar bed te gaan.–</ab><lb n="95" xml:id="l-95"/>
<ab rend="indent">Wel te rusten<c type="kp">_</c></ab> <vg:whiteline/><lb n="96" xml:id="l-96"/>
<ab>Vincent</ab>
<vg:whiteline/>
<pb f="2r" n="5" xml:id="pb-orig-2r-5" facs="#zone-pb-2r-5"/><lb n="97" xml:id="l-97"/>
<ab><hi rend="ital">De Avondstond.</hi><anchor n="10" xml:id="note-o-10"/></ab>
<vg:whiteline/><lb n="98" xml:id="l-98"/>
<ab>Langzaem galmde ’t getamp der beeklok over de velden,</ab><lb n="99" xml:id="l-99"/>
<ab>Die, volzalig in ’t goud van de avondzonne zich baedden.</ab><lb n="100" xml:id="l-100"/>
<ab>Plegtig roerende stond! als in ’t dorp elk moederken eensklaps,</ab><lb n="101" xml:id="l-101"/>
<ab>Stakende ’t snorren van ’t wiel, met het teeken des kruises zich zegent;</ab>
<vg:whiteline/><lb n="102" xml:id="l-102"/>
<ab>Wijl op den akker de boer, zijn dampende rossen weerhoudend,</ab><lb n="103" xml:id="l-103"/>
<ab>Achter de ploeg, zich ’t hoofd ontbloot om een ave te preev’len.–</ab><lb n="104" xml:id="l-104"/>
<ab>Plegtig roerende stond! als de klok, die ’t einde der dag taek</ab><lb n="105" xml:id="l-105"/>
<ab>Wijd en zijd verkondt, die krachtige, druipende hoofden</ab><lb n="106" xml:id="l-106"/>
<ab>Neer doet buigen voor hem, die ’t zweet in de voor laet gedijen.</ab>
<vg:whiteline/><lb n="107" xml:id="l-107"/>
<ab>Ook den kunstnaer, die ginds, op de helling des lommrigen heuvels,</ab><lb n="108" xml:id="l-108"/>
<ab>Reeds van vroeg in den dag, zoo druk heeft zitten te schilderen</ab><lb n="109" xml:id="l-109"/>
<ab>Klonk nu de Angelusklok als een aftogtsteeken; hij wischte</ab><lb n="110" xml:id="l-110"/>
<ab>Traeg penseel &amp; palet, die hij borg, bij zijn doek in de draegkas,</ab><lb n="111" xml:id="l-111"/>
<ab>Vouwde zijn veldstoel digt, &amp; daelde al droomende ’t pad af</ab><lb n="112" xml:id="l-112"/>
<ab>Dat door ’t bloemrijk dal zacht kronkelend leidt naer het dorp.</ab>
<vg:whiteline/><lb n="113" xml:id="l-113"/>
<ab>Doch hoe dikwijls, eer hij de delling, beneden, bereikt had</ab><lb n="114" xml:id="l-114"/>
<ab>Stond hij bewonderend stil, om ’t frissche tafreel dat daeronder</ab><lb n="115" xml:id="l-115"/>
<ab>Zich voor zijne oogen ontrolde, nog eens in zijn ziele te printen.</ab>
<vg:whiteline/><lb n="116" xml:id="l-116"/>
<ab>Vlak voor hem lag ’t dorp, met een heuvel ten Noorde &amp; ten Zuide,</ab><lb n="117" xml:id="l-117"/>
<ab>Tusschen wier ruggen de zon, hoogrood weg zinkende in ’t Westen</ab><lb n="118" xml:id="l-118"/>
<ab>Gansch den schat van haer kleuren &amp; stralengetoover deed stroomen.</ab><lb n="119" xml:id="l-119"/>
<ab>’t Klokje, in den grijzen, met zwartgroen veil omslingerden toren</ab><lb n="120" xml:id="l-120"/>
<ab>Zweeg nu.– Roerloos hingen, daerginds op de hoogte de bruine</ab><lb n="121" xml:id="l-121"/>
<ab>Molenwieken; het loof stond roerloos, &amp; boven de hutten</ab><lb n="122" xml:id="l-122"/>
<ab>Stegen de blauwe wolkjes der schadden zoo regt uit de schouwen,</ab><lb n="123" xml:id="l-123"/>
<ab>Dat ze in de tint’lende lucht ook roerloos schenen te hangen.</ab><lb n="124" xml:id="l-124"/>
<ab>’t Was of dit dorpken<c type="kk">/</c> dit veld, die heuvels, of alles in ’t ronde</ab><lb n="125" xml:id="l-125"/>
<ab>Eer het zich wikkelde in ’t kleed van d’avonddauw om te slapen</ab><lb n="126" xml:id="l-126"/>
<ab>Onder den afscheidskus der zon, stilzwijgend &amp; dankbaer</ab><lb n="127" xml:id="l-127"/>
<ab>Eens nog den vrede &amp; de weelde herdacht, die het weder gesmaekt had.–</ab>
<vg:whiteline/>
<pb f="2v" n="6" xml:id="pb-orig-2v-6" facs="#zone-pb-2v-6"/><lb n="128" xml:id="l-128"/>
<ab>Ras werd dit zwijgen nogtans door de zoete geluiden des avonds</ab><lb n="129" xml:id="l-129"/>
<ab>Lieflijk verstoord. In de verte uit een zonk van den heuvel weerklonken</ab><lb n="130" xml:id="l-130"/>
<ab>Langzaem slepend, &amp; ’t vee oproepend, de toonen des toethoorns.</ab><lb n="131" xml:id="l-131"/>
<ab>En op dit sein van hun hoeder, verscheen weldra in de holle</ab><lb n="132" xml:id="l-132"/>
<ab>Zandige bergstraet heel de bontkleurige kudde der koeijen<c type="kp">_</c></ab><lb n="133" xml:id="l-133"/>
<ab>Knallende en schallende dreef nu de klets des knapen hen voorwaerts</ab><lb n="134" xml:id="l-134"/>
<ab>Wijl ze, als bij beurte, den hals uitstrekkend met vriendlijk loeijen</ab><lb n="135" xml:id="l-135"/>
<ab>Reeds van ver den stal begroeteden, waer hen de melkster</ab><lb n="136" xml:id="l-136"/>
<ab>Iedren avond wacht, die hun spannenden uijer weer licht maekt.</ab><lb n="137" xml:id="l-137"/>
<ab>En zoo kwam er allengs op de paden die even als speeken</ab><lb n="138" xml:id="l-138"/>
<ab>Rond hunne as, van ’t dorp uitstraelden, beweging en leven.</ab><lb n="139" xml:id="l-139"/>
<ab>Hier was ’t een boer, die egge of ploeg, op de veldslet huiswaerts</ab><lb n="140" xml:id="l-140"/>
<ab>Sleepte, en een deuntje floot, ter zijde op zijn bruintje gezeten;</ab><lb n="141" xml:id="l-141"/>
<ab>Daer, een blozende deern, met een bussel geurige klaver</ab><lb n="142" xml:id="l-142"/>
<ab>Vol madelieven &amp; kol op ’t hoofd, die den andren van verre,</ab><lb n="143" xml:id="l-143"/>
<ab>Hertlijk &amp; lustig te gaer, heur helder “goên avond” toeriep.</ab><lb n="144" xml:id="l-144"/>
<ab>Verder... Maer juist op de baen waer ’t padje gevolgd door den schilder <lb n="145" xml:id="l-145"/>Heenliep, klonk hem op eens een schaterend juichen tegen;</ab><lb n="146" xml:id="l-146"/>
<ab>Zwenkend van hot naer haer, kwam daer een wagen, tot klinkens</ab><lb n="147" xml:id="l-147"/>
<ab>Opgestapeld van de oogst der boekweit, nader gebolderd,</ab><lb n="148" xml:id="l-148"/>
<ab>Peerd en vracht was gesierd met fladdrende linten &amp; meijen,</ab><lb n="149" xml:id="l-149"/>
<ab>Kindren, elk met een krans van bloemen op ’t vlas blond kopje</ab><lb n="150" xml:id="l-150"/>
<ab>Zaten boven er op, blij zwaeiend met elzene takken,</ab><lb n="151" xml:id="l-151"/>
<ab>Of een regen van loof &amp; bloemen naer onderen strooijend,</ab><lb n="152" xml:id="l-152"/>
<ab>Wijl om den wagen, benêen, een troep van meiden &amp; knechten</ab><lb n="153" xml:id="l-153"/>
<ab>Sprongen en zongen, dat gansch de insluimrende vlakte er van opschrok.–</ab>
<vg:whiteline/><lb n="154" xml:id="l-154"/>
<ab>Stil glimlachende zag de Schilder, van achter de heesters</ab><lb n="155" xml:id="l-155"/>
<ab>Over de hobb’lige baen het getier traeg verder zich sling’ren<c type="kp">_</c></ab><lb n="156" xml:id="l-156"/>
<ab>“Ja, – zoo mompelde hij – ja ’t moet den Heere</ab><lb n="157" xml:id="l-157"/>
<ab>Lieflijk klinken, het blijde gejuich waermede die herten,</ab>
<pb f="2r" n="7" xml:id="pb-orig-2r-7" facs="#zone-pb-2r-7"/><lb n="158" xml:id="l-158"/>
<ab>Zoo eenvoudig hun dank uitstorten bij ’t zaemlen der laetste</ab><lb n="159" xml:id="l-159"/>
<ab>Vruchten, die hij elk jaar volop uit hun zwoegen laet rijpen.</ab><lb n="160" xml:id="l-160"/>
<ab>Ja, want het schoonste gebed van eenvoud en onschuld is vreugde!”</ab>
<vg:whiteline/><lb n="161" xml:id="l-161"/>
<ab>En dus mijmrend aen ’t kalme en diepe genot dat de ziele,</ab><lb n="162" xml:id="l-162"/>
<ab>Smaekt op ’t veld; of nog eens het heerlijk tooneel van daereven,</ab><lb n="163" xml:id="l-163"/>
<ab>Met zijn kunstnaersgeest opbouwend in stille verrukking,</ab><lb n="164" xml:id="l-164"/>
<ab>Kwam hij zonder het zelf te bemerken, in ’t dorpken geslenterd.–</ab>
<vg:whiteline/><lb n="165" xml:id="l-165"/>
<ab>Reeds was ’t purper en geel tot grijs in ’t Westen verzwonden,</ab><lb n="166" xml:id="l-166"/>
<ab>En in ’t Oosten verrees vlak neven het kerksken de volle</ab><lb n="167" xml:id="l-167"/>
<ab>Koperkleurige schijf der maen, van dampen omschemerd,</ab><lb n="168" xml:id="l-168"/>
<ab>Toen hij trad in de Zwaen, de herberg waer hij te huis lag.–</ab>
<vg:whiteline/><lb n="169" xml:id="l-169"/>
<ab><hi rend="ital">Jan van Beers</hi></ab><lb n="170" xml:id="l-170"/>
    <ab>(De bestedeling)</ab><pb f="3r" n="8" xml:id="pb-orig-3r-8" facs="#zone-pb-3r-8"/><pb f="3v" n="9" xml:id="pb-orig-3v-9" facs="#zone-pb-3v-9"/>
<vg:whiteline/>
<div type="textualNotes">
<note target="l-68" n="68">schreef &lt; scheef</note>
<note target="l-113" n="113">delling &lt; helling  <hi rend="ital">Corresponding to the original text.</hi></note>
<note target="l-129" n="129">zonk &lt; zwonk  <hi rend="ital">Corresponding to the original text.</hi></note></div></div>
<div type="translation">
<pb f="1r" n="1" xml:id="pb-trans-1r-1" facs="#zone-pb-1r-1"/>
<ab>London, 2 July 1873</ab>
<vg:whiteline/>
<ab>My dear friends,<anchor n="1" xml:id="note-t-1"/></ab>
<ab>I wanted to write to you even earlier, and now I don’t want to put it off any longer.</ab>
<ab rend="indent">How are you? I’ve heard that you have made your house as neat as a new pin and that you’re doing well.<anchor n="2" xml:id="note-t-2"/> I commend myself expressly to hear something from you, should you have a moment at your disposal.</ab>
<ab rend="indent">I’m doing well here; I’m seeing a lot of new and beautiful things, and have had luck in finding a good boarding-house, so that I already feel relatively 
<pb f="1v" n="2" xml:id="pb-trans-1v-2" facs="#zone-pb-1v-2"/> settled here.<anchor n="3" xml:id="note-t-3"/></ab>
<ab rend="indent">Still, I haven’t forgotten The Hague and should very, very much like to spend another evening in the Poten,<anchor n="4" xml:id="note-t-4"/> and also look in on you.</ab>
<ab rend="indent">This branch is just a stockroom and is therefore completely different from working in The Hague, though I’m sure I’ll get used to it.</ab>
<ab rend="indent">I’m already finished with my work at 6 o’clock, so I still have a fair amount of time for myself, which I spend very pleasantly walking, reading and writing letters.</ab>
<ab rend="indent">The neighbourhood where I live is very pretty, and so peaceful and convivial that one almost forgets one is in London.</ab>
<ab rend="indent">In front of every house is a small garden with flowers or a couple of trees, and many houses are built very tastefully in a sort of Gothic style.</ab>
<ab rend="indent">Still, I have to walk for more than 
<pb f="1v" n="3" xml:id="pb-trans-1v-3" facs="#zone-pb-1v-3"/> half an hour to reach the countryside.</ab>
<ab rend="indent">We have a piano in the drawing room, and there are also three Germans living here who really love music, which is most agreeable.</ab>
<ab rend="indent">One of the nicest things I’ve seen here is Rotten Row in Hyde Park, which is a long, broad avenue where hundreds of ladies and gentlemen go riding.</ab>
<ab rend="indent">In every part of the city there are splendid parks with a wealth of flowers such as I’ve seen nowhere else.</ab>
<ab rend="indent">I enclose a copy of a poem by <rs type="pers" key="537">Van Beers</rs>,<anchor n="5" xml:id="note-t-5"/> which you may not know.</ab>
<ab rend="indent">Our <rs type="pers" key="401">Elisabeth</rs><anchor n="6" xml:id="note-t-6"/> copied it out for me on my last evening in Helvoirt,<anchor n="7" xml:id="note-t-7"/> because she knew how much I liked it.</ab>
<ab rend="indent">It’s Brabant to a T.<anchor n="8" xml:id="note-t-8"/> I thought you’d enjoy reading it, so I’ve copied it out for you. 
<pb f="1r" n="4" xml:id="pb-trans-1r-4" facs="#zone-pb-1r-4"/></ab>
<ab rend="indent">It was very thoughtful of your sister <rs type="pers" key="762">Marie</rs> to send me an announcement. I’m longing to hear about the wedding, on which I congratulate you as well.<anchor n="9" xml:id="note-t-9"/></ab>
<ab rend="indent">Would you be so kind as to send me a list of your birthdays when you get the opportunity? I had one which I’ve lost.</ab>
<ab rend="indent">And now, regards, bid everyone in the Poten good-day from me, and I wish you all well. Excuse the poor handwriting, it’s already late and time to go to bed.</ab>
<ab rend="indent">Good-night.</ab>
<vg:whiteline/>
<ab>Vincent</ab>
<vg:whiteline/>
<ab><pb f="2r" n="5" xml:id="pb-trans-2r-5" facs="#zone-pb-2r-5"/></ab>
<ab><hi rend="ital">The evening hour</hi><anchor n="10" xml:id="note-t-10"/></ab>
<vg:whiteline/>
<ab>Slowly the toll of the angelus-bell resounded o’er the fields,</ab>
<ab>As they blissfully bathed in the gold of the evening sun.</ab>
<ab>O solemn, moving moment! When every mother in the village suddenly</ab>
<ab>Stops the whirring of the wheel to bless herself with the sign of the cross;</ab>
<vg:whiteline/>
<ab>While in the field the farmer reins in his steaming horses,</ab>
<ab>And, behind the plough, bares his head to murmur an Ave.</ab>
<ab>O solemn, moving moment! When the bell that proclaims far and wide</ab>
<ab>The end of the day’s work makes those powerful, dripping heads</ab>
<ab>Bow down for Him who causes the sweat in the furrow to thrive.</ab>
<vg:whiteline/>
<ab>For the artist, too, on the slope of yon shady hill,</ab>
<ab>Absorbed in his painting from the earliest morning,</ab>
<ab>The angelus now gave the sign to retreat. Slowly he wiped</ab>
<ab>His brush and palette, which he stowed with his canvas in the valise,</ab>
<ab>Folded his camp-stool and dreamily descended the path</ab>
<ab>That leads, gently winding, through the flowery dale to the village.</ab>
<vg:whiteline/>
<ab>Yet how oft, before reaching the foot of the hill, did he</ab>
<ab>Stand admiringly still, to imprint on his mind once again</ab>
<ab>The refreshing scene down below, unfolding before his eyes.</ab>
<vg:whiteline/>
<ab>Just before him lay the village, with a hill to north and to south,</ab>
<ab>Between whose crests the sun, inflamed and sinking in the west,</ab>
<ab>Let flow the whole wealth of its colours and up-conjured glory.</ab>
<ab>The bell, in the grey tower entwined with black-green ivy,</ab>
<ab>Was now silent. Hanging motionless on high were the brown</ab>
<ab>Sails of the windmill; the leaves stood still and above the huts</ab>
<ab>Blue clouds of peat-smoke ascended so straight from the chimneys</ab>
<ab>That they, too, seemed to hang motionless in the shimmering air.</ab>
<ab>’Twas as though this village, this field, those hills, as though everything,</ab>
<ab>Before wrapping itself in a cloak of evening dew to sleep</ab>
<ab>Beneath the sun’s parting kiss, silently and gratefully</ab>
<ab>Recalled once more the peace and plenty it had again savoured.</ab>
<vg:whiteline/>
<ab>
<pb f="2v" n="6" xml:id="pb-trans-2v-6" facs="#zone-pb-2v-6"/></ab>
<ab>Soon, though, this silence was gently disturbed by the sweet sounds</ab>
<ab>Of the evening. In the distance, from a hollow in the hill echoed</ab>
<ab>Lingeringly the sound of the cow-horn, calling the cattle.</ab>
<ab>And at this sign from their herdsman there soon appeared in the furrowed,</ab>
<ab>Sandy mountain road the whole of a colourful herd of cows.</ab>
<ab>Cracking and smacking, the lad’s lash drove them forward,</ab>
<ab>While they, as if by turns, their necks outstretched, with friendly lowing</ab>
<ab>Greeted from afar the cow-shed where the milkmaid</ab>
<ab>Waited for them each evening to ease their taut udders.</ab>
<ab>Thus on the paths running out from the village like spokes</ab>
<ab>From an axle, there slowly came movement and life.</ab>
<ab>Here, ’twas a farmer, dragging homeward a harrow or plough</ab>
<ab>On a sledge, whistling a tune and riding beside on his bay;</ab>
<ab>There, a blushing lass, on her head a lock of sweet clover</ab>
<ab>Laced with daisies and poppies, called from afar to the others,</ab>
<ab>Kindly and gaily at once, her clear-toned ‘good evening’.</ab>
<ab>Further... But on the same track where the painter’s path</ab>
<ab>Led, he suddenly heard peals of joyous laughter.</ab>
<ab>Rocking from side to side, a wagon, nearly toppling</ab>
<ab>Under its load of fresh-harvested buckwheat, came rumbling closer,</ab>
<ab>Both horse and burden adorned with fluttering ribbons and greenery.</ab>
<ab>Children, all with wreaths of flowers on their little flaxen heads,</ab>
<ab>Were seated on top, happily waving branches of alder,</ab>
<ab>Or scattering flowers and leaves, which rained down on all sides,</ab>
<ab>While round the wagon a troop of country lads and lasses</ab>
<ab>Skipped and sang enough to startle the whole drowsy plain.</ab>
<vg:whiteline/>
<ab>Quietly smiling, the Painter, from behind the thicket,</ab>
<ab>Watched as the revellers slowly wound their way down the rutted road.</ab>
<ab>‘Aye’, he thus mumbled, ‘Aye, the Lord must think it</ab>
<ab>A happy sound, the jubilance with which these hearts 
<pb f="2r" n="7" xml:id="pb-trans-2r-7" facs="#zone-pb-2r-7"/></ab>
<ab>So simply pour forth their thanks as they gather the last</ab>
<ab>Fruits, which He yearly lets grow fully ripe from their toil.</ab>
<ab>Yea, for the purest prayer of simplicity and innocence is joy!’</ab>
<vg:whiteline/>
<ab>And thus contemplating the calm, deep delight upon which the soul</ab>
<ab>Feasts in the fields; or with his artist’s mind reconstructing</ab>
<ab>In silent rapture the glorious scene of a moment ago,</ab>
<ab>He found he had sauntered, unnoticing, into the village.</ab>
<vg:whiteline/>
<ab>Already the purple and yellow had faded to grey in the west,</ab>
<ab>And in the east there had risen close by the little church the full</ab>
<ab>Copper-coloured disc of the moon, in mist enshrouded,</ab>
<ab>When he entered The Swan, the inn where he boarded.</ab>
<vg:whiteline/>
<ab><hi rend="ital">Jan van Beers</hi></ab>
    <ab>(The boarder)</ab><pb f="3r" n="8" xml:id="pb-trans-3r-8" facs="#zone-pb-3r-8"/><pb f="3v" n="9" xml:id="pb-trans-3v-9" facs="#zone-pb-3v-9"/></div>
<div type="notes">
<note n="1" xml:id="n-1" target="#note-t-1">
<ab><rs type="pers" key="760">Willem Jacob van Stockum</rs> and <rs type="pers" key="761">Carolina Adolphina van Stockum-Haanebeek</rs>; Caroline was a distant relative of Vincent on his mother’s side and he had been in contact with her family in The Hague.</ab></note>
<note n="2" xml:id="n-2" target="#note-t-2">
<ab><rs type="pers" key="760">Willem</rs> and <rs type="pers" key="761">Caroline</rs> were married on 30 April 1873 and lived at Varkenmarkt 11a in The Hague.</ab></note>
<note n="3" xml:id="n-3" target="#note-t-3">
<ab><rs type="pers" key="524">Mrs van Gogh</rs> wrote to Theo: ‘When I last wrote to you, had we received Vincent’s letter in which he said that his salary is 1,080 guilders and that he has such a nice room, where he’s hung up his prints from The Hague and with which he’s very pleased?’ (FR b2638, 2 July 1873).</ab></note>
<note n="4" xml:id="n-4" target="#note-t-4">
<ab>Lange Poten 10 in The Hague, Caroline’s parental home.</ab></note>
<note n="5" xml:id="n-5" target="#note-t-5">
<ab><rs type="pers" key="537">Jan van Beers</rs>, ‘The evening hour’. See the end of the letter.</ab></note>
<note n="6" xml:id="n-6" target="#note-t-6">
<ab><rs type="pers" key="401">Elisabeth (Lies) Huberta van Gogh</rs>, sister of Van Gogh. She informed Theo that she was copying out a poem for Vincent to take along with him when he left Helvoirt (FR b2622).</ab></note>
<note n="7" xml:id="n-7" target="#note-t-7">
<ab>Van Gogh’s last evening at home was Sunday, 11 May 1873.</ab></note>
<note n="8" xml:id="n-8" target="#note-t-8">
<ab>The province of North Brabant in the south of the Netherlands, where Van Gogh grew up.</ab></note>
<note n="9" xml:id="n-9" target="#note-t-9">
<ab>On 9 July 1873, <rs type="pers" key="762">Maria Louisa van Stockum</rs>, Willem’s sister, married the merchant and broker <rs type="pers" key="7">Jan Bakker</rs>.</ab></note>
<note n="10" xml:id="n-10" target="#note-t-10">
<ab>The poem as cited here was originally the first of four parts comprising the romantic poem ‘<rs type="lit" key="3">De bestedeling</rs>’ (The boarder). See <hi rend="ital">Levensbeelden. Poezij van Jan van Beers</hi>. Amsterdam and Antwerp 1858, pp. 98-104. Vincent probably copied the text from the transcript <rs type="pers" key="401">Lies</rs> made for him (which has not survived). This presumably explains several slight differences between the original text and the version in the letter; ‘The evening hour’ is not <rs type="pers" key="537">Van Beers</rs>’s title. Vincent also sent a version to Theo; <ref target="let011.xml">see letter 11</ref>.</ab></note></div></body></text></TEI>
