<?xml version="1.0" encoding="UTF-8"?>
<!-- Last Changed Date: 2018-07-18 12:32:41 +0200 (Wed, 18 Jul 2018) | SVN Revision: 2206 -->
<!--Licensed under Attribution-NonCommercial-ShareAlike 4.0 International (CC BY-NC-SA 4.0)-->
<?xml-model href="https://xmlschema.huygens.knaw.nl/vgodd.rng" type="application/xml" schematypens="http://relaxng.org/ns/structure/1.0"?>
<TEI xmlns:vg="http://www.vangoghletters.org/ns/" xmlns="http://www.tei-c.org/ns/1.0">
<teiHeader xmlns:xsi="http://www.w3.org/2001/XMLSchema-instance"><fileDesc>
<titleStmt>
<title>To Theo van Gogh. London, Monday, 10 August 1874.</title>
<editor>Leo Jansen</editor>
<editor>Hans Luijten</editor>
<editor>Nienke Bakker</editor></titleStmt>
<publicationStmt>
<publisher><name>Huygens Instituut voor Nederlandse Geschiedenis (KNAW)</name><email>info@huygens.knaw.nl</email></publisher>
<publisher>Van Gogh Museum</publisher>
<pubPlace>Amsterdam</pubPlace>
<date type="first" when="2009">2009</date>
<availability status="restricted">
<licence target="http://creativecommons.org/licenses/by-nc-sa/4.0/ https://creativecommons.org/licenses/by-nc-sa/4.0/legalcode">
<p>Attribution-NonCommercial-ShareAlike 4.0 International (CC BY-NC-SA 4.0) </p></licence></availability>
<ptr target="http://vangoghletters.org/orig/let028"/></publicationStmt><sourceDesc><vg:letDesc><vg:letIdentifier>
<idno type="jlb">028</idno>
<idno type="collectedletters">21</idno>
<idno type="brieven1990">028</idno></vg:letIdentifier><vg:letHeading><author>Vincent van Gogh</author><vg:addressee>Theo van Gogh</vg:addressee><vg:placeLet>London</vg:placeLet><vg:dateLet>Monday, 10 August 1874</vg:dateLet></vg:letHeading><vg:letContents>
<p>To Theo van Gogh. London, Monday, 10 August 1874.</p></vg:letContents>
<note type="sourceStatus" xml:id="sourceStatus">
<p>Original manuscript</p></note>
<note type="location" xml:id="location">
<p>Amsterdam, Van Gogh Museum, inv. no. b21 a V/1962</p></note>
<note type="date" xml:id="date">
<p>Letter headed: ‘Londen 10 Aug. 1874’.</p></note>
<note type="arrangement" xml:id="arrangement">
<p>In <hi rend="ital">De brieven</hi> 1990 a sheet bearing two poems, one by Longfellow and one by Rossetti, was appended to this letter. The paper, writing medium and handwriting differ from that of this letter, which makes no mention of an appendix. These poems are therefore not included here; it remains unclear to what letter they were appended. See RM3.</p></note>
<note type="additionalDetail" xml:id="additionalDetail">
<p>The address ‘Mr. Th. van Gogh’ written on the letter itself indicates that it was enclosed in a shipment sent from Goupil’s.</p></note></vg:letDesc></sourceDesc></fileDesc></teiHeader>
<facsimile xmlns:xsi="http://www.w3.org/2001/XMLSchema-instance">
<surface n="b 0021 a" xml:id="surf-pb-1r"><graphic mimeType="image/tiff" url="VGM001000021_01.TIF" rend="norend"/><graphic mimeType="image/tiff" url="VGM001000021_01_n.tif" rend="norend"/><graphic mimeType="image/jpeg" url="VGM001000021_01_nt.jpg" height="50px" rend="thumbnail"/><zone xml:id="zone-pb-1r-1">
<graphic mimeType="image/tiff" url="VGM001000021_01_nR.tif" rend="norend"/><graphic mimeType="image/jpeg" url="VGM001000021_01_nRt.jpg" height="50px" rend="thumbnail"/><graphic mimeType="image/png" url="VGM001000021_01_nRf.png" width="380px" rend="facstab"/></zone>
</surface>
<surface n="b 0021 a" xml:id="surf-pb-1v"><graphic mimeType="image/tiff" url="VGM001000021_02.TIF" rend="norend"/><graphic mimeType="image/tiff" url="VGM001000021_02_n.tif" rend="norend"/><graphic mimeType="image/jpeg" url="VGM001000021_02_nt.jpg" height="50px" rend="thumbnail"/><zone xml:id="zone-pb-1v-2">
<graphic mimeType="image/tiff" url="VGM001000021_02_nL.tif" rend="norend"/><graphic mimeType="image/jpeg" url="VGM001000021_02_nLt.jpg" height="50px" rend="thumbnail"/><graphic mimeType="image/png" url="VGM001000021_02_nLf.png" width="380px" rend="facstab"/></zone>
</surface></facsimile><text xmlns:xsi="http://www.w3.org/2001/XMLSchema-instance"><body>
<div type="original">
<pb f="1r" n="1" xml:id="pb-orig-1r-1" facs="#zone-pb-1r-1"/><lb n="1" xml:id="l-1"/>
<ab>Londen 10 Aug. 1874</ab>
<vg:whiteline/><lb n="2" xml:id="l-2"/>
<ab>Waarde Theo,</ab><lb n="3" xml:id="l-3"/>
<ab>“Gij oordeelt naar het vleesch. Ik oordeel <lb n="4" xml:id="l-4"/>niemand”<c type="kp">_</c><anchor n="1" xml:id="note-o-1"/></ab><lb n="5" xml:id="l-5"/>
<ab rend="indent">“Wie van U zonder zonde is, werpe het <lb n="6" xml:id="l-6"/>eerst den steen op haar.”<anchor n="2" xml:id="note-o-2"/></ab><lb n="7" xml:id="l-7"/>
<ab rend="indent">Blijf dus bij je eigen idées &amp; als je <lb n="8" xml:id="l-8"/>twijfelt of die wel goed zijn<c type="kk">/</c> toets <lb n="9" xml:id="l-9"/>ze dan aan die van hem die zeg<c type="shy">-</c><lb n="10" xml:id="l-10"/>gen durfde “Ik ben de waarheid”<anchor n="3" xml:id="note-o-3"/> of <lb n="11" xml:id="l-11"/>aan die van een of ander humaan <lb n="12" xml:id="l-12"/>mensch<c type="kk">/</c> Michelet b.v.─</ab><lb n="13" xml:id="l-13"/>
<ab rend="indent">Virginité de l’âme &amp; impureté du <lb n="14" xml:id="l-14"/>corps kunnen samengaan.─<anchor n="4" xml:id="note-o-4"/><lb n="15" xml:id="l-15"/>
Je kent de Marguerite à la fontaine <lb n="16" xml:id="l-16"/>van Ary Scheffer,<anchor n="5" xml:id="note-o-5"/> is er een reiner <lb n="17" xml:id="l-17"/>wezen dan dat meisje “dat zooveel <lb n="18" xml:id="l-18"/>heeft liefgehad”.─<anchor n="6" xml:id="note-o-6"/></ab><lb n="19" xml:id="l-19"/>
<ab rend="indent">“Leys n’est pas un imitateur <lb n="20" xml:id="l-20"/>mais un semblable” is een <lb n="21" xml:id="l-21"/>waar woord dat mij ook getrof<c type="shy">-</c><lb n="22" xml:id="l-22"/>fen had.─<anchor n="7" xml:id="note-o-7"/> Men zou ’t zelfde kun<c type="shy">-</c><lb n="23" xml:id="l-23"/>nen zeggen van sommigen van <lb n="24" xml:id="l-24"/>Tissot’s schilderijen, van zijn Prome<c type="shy">-</c><lb n="25" xml:id="l-25"/>nade dans la neige, Promenade 
<pb f="1v" n="2" xml:id="pb-orig-1v-2" facs="#zone-pb-1v-2"/><lb n="26" xml:id="l-26"/>sur les remparts, Marguérite <lb n="27" xml:id="l-27"/>à l’église &amp;c.<anchor n="8" xml:id="note-o-8"/></ab><lb n="28" xml:id="l-28"/>
<ab rend="indent">Wat is ’t sujet van de Leys van <lb n="29" xml:id="l-29"/>Fagel.─<anchor n="9" xml:id="note-o-9"/></ab><lb n="30" xml:id="l-30"/>
<ab rend="indent">Koop van ’t geld dat je van mij <lb n="31" xml:id="l-31"/>hebt Alphonse Karr “Voyage au<c type="shy">-</c><lb n="32" xml:id="l-32"/>tour de mon jardin”,<anchor n="10" xml:id="note-o-10"/> doe dat <lb n="33" xml:id="l-33"/>bepaald, ik wil dat je dat <lb n="34" xml:id="l-34"/>leest.</ab><lb n="35" xml:id="l-35"/>
<ab rend="indent">Anna &amp; ik wandelen iederen <lb n="36" xml:id="l-36"/>avond, ’t begint reeds herfst <lb n="37" xml:id="l-37"/>te worden &amp; dat maakt de <lb n="38" xml:id="l-38"/>natuur nog ernstiger &amp; <lb n="39" xml:id="l-39"/>inniger.─</ab><lb n="40" xml:id="l-40"/>
<ab rend="indent">Wij gaan verhuizen &amp; wonen <lb n="41" xml:id="l-41"/>in een huis geheel met klimop <lb n="42" xml:id="l-42"/>begroeid<anchor n="11" xml:id="note-o-11"/> waarvan we je <lb n="43" xml:id="l-43"/>spoedig meer schrijven.─</ab><lb n="44" xml:id="l-44"/>
<ab rend="indent">Groeten aan allen die naar <lb n="45" xml:id="l-45"/>mij vragen.─</ab>
<vg:whiteline/><lb n="46" xml:id="l-46"/>
<ab>Vincent</ab>
<vg:whiteline/>
<div type="textualNotes">
<note n="-"><hi rend="ital">On p. [1r:1] underlined:</hi> ‘Mr. Th. van Gogh’.</note>
<note target="l-19" n="19">“Leys &lt; Leys</note></div></div>
<div type="translation">
<pb f="1r" n="1" xml:id="pb-trans-1r-1" facs="#zone-pb-1r-1"/>
<ab>London, 10 Aug. 1874</ab>
<vg:whiteline/>
<ab>My dear Theo,</ab>
<ab>‘Ye judge after the flesh; I judge no man.’<anchor n="1" xml:id="note-t-1"/></ab>
<ab rend="indent">‘He that is without sin among you, let him first cast a stone at her.’<anchor n="2" xml:id="note-t-2"/></ab>
<ab rend="indent">So stick to your own ideas, and if you doubt the goodness of them, test them against those of him who dared to say ‘I am the truth’,<anchor n="3" xml:id="note-t-3"/> or against those of some humane person, such as <rs type="pers" key="707">Michelet</rs>.</ab>
  <ab rend="indent">Purity of soul and impurity of body can go together.<anchor n="4" xml:id="note-t-4"/> You know the Margaret at the fountain by <rs type="pers" key="1339">Ary Scheffer</rs>;<anchor n="5" xml:id="note-t-5"/> is there a purer being than that girl ‘who loved so much’?<anchor n="6" xml:id="note-t-6"/></ab>
<ab rend="indent">‘<rs type="pers" key="1176">Leys</rs> is not an imitator, but a kindred spirit’ is a true saying that touched me as well.<anchor n="7" xml:id="note-t-7"/> One could say the same of some of <rs type="pers" key="1394">Tissot</rs>’s paintings, of his Walk in the snow, Walk 
<pb f="1v" n="2" xml:id="pb-trans-1v-2" facs="#zone-pb-1v-2"/> on the ramparts, Margaret in church, &amp;c.<anchor n="8" xml:id="note-t-8"/></ab>
<ab rend="indent">What is the subject of <rs type="pers" key="375">Fagel</rs>’s <rs type="pers" key="1176">Leys</rs>?<anchor n="9" xml:id="note-t-9"/></ab>
<ab rend="indent">Buy <rs type="pers" key="677">Alphonse Karr</rs>’s ‘Voyage autour de mon jardin’ with the money I gave you.<anchor n="10" xml:id="note-t-10"/> Be sure to do it, I want you to read it.</ab>
<ab rend="indent"><rs type="pers" key="412">Anna</rs> and I take a walk every evening; it’s already the beginning of autumn, and that makes nature even more serious and intimate.</ab>
<ab rend="indent">We’re going to move and will live in a house completely overgrown with ivy;<anchor n="11" xml:id="note-t-11"/> we’ll write to you again soon from there. </ab> <ab rend="indent">Regards to everyone who asks after me.</ab>
<vg:whiteline/>
<ab>Vincent </ab></div>
<div type="notes">
<note n="1" xml:id="n-1" target="#note-t-1">
<ab>
  <bibleref xmlns="http://www.vangoghletters.org/ns/" book="John" chap="8" v="15">John 8:15</bibleref>.</ab></note>
<note n="2" xml:id="n-2" target="#note-t-2">
<ab>
  <bibleref xmlns="http://www.vangoghletters.org/ns/" book="John" chap="8" v="7">John 8:7</bibleref>.</ab></note>
<note n="3" xml:id="n-3" target="#note-t-3">
<ab>
  <bibleref xmlns="http://www.vangoghletters.org/ns/" book="John" chap="14" v="6">John 14:6</bibleref>.</ab></note>
<note n="4" xml:id="n-4" target="#note-t-4">
  <ab>In this part of the letter Vincent pursues several questions that Theo touched upon in an earlier letter, one of which was how purity of spirit can go together with impurity of body, which is an allusion to Mary Magdalene (see the rest of the paragraph, as well as <ref target="#n-5">nn. 5</ref> and <ref target="#n-6">6</ref> below). The use of French might mean that Theo was quoting these words.</ab></note>
<note n="5" xml:id="n-5" target="#note-t-5">
<ab><rs type="pers" key="1339">Ary Scheffer</rs>, <hi rend="ital">Margaret at the fountain</hi>, 1858 (London, The Wallace Collection). <rs type="ill" key="1663">Ill. 1663</rs>. A print made after this by <rs type="pers" key="1625">William Hollidge</rs> appeared in <hi rend="ital">The Illustrated London News</hi> of 21 December 1872, p. 581. Goupil published a photograph in the ‘Galerie Photographique’ series (no. 277) under the title <hi rend="ital">Marguerite à la fontaine</hi>, the same title used by Van Gogh (see Ewals 1987, p. 339 and fig. 57; exhib. cat. London<hi rend="ital"> </hi>1992, pp. 13 (ill. 4), 47, cat. no. 24; and exhib. cat. London 1998, pp. 16-19, figs. 14-19).</ab>
<ab rend="indent">This depiction of an episode from Faust by <rs type="pers" key="611">Johann Wolfgang von Goethe</rs> shows Gretchen hearing the news that her unmarried girlfriend is pregnant. She realizes that at one time she would have condemned such behaviour but that she herself is no longer free of sin (Faust, 1, 5).</ab></note>
<note n="6" xml:id="n-6" target="#note-t-6">
<ab>Cf. Christ’s words when he forgives the sinful woman: ‘she loved much’ (<bibleref xmlns="http://www.vangoghletters.org/ns/" book="Luke" chap="7" v="47">Luke 7:47</bibleref>).</ab></note>
<note n="7" xml:id="n-7" target="#note-t-7">
  <ab>Presumably Van Gogh knew this quotation about <rs type="pers" key="1176">Henri Leys</rs> – to which Theo evidently referred – from the article ‘<rs type="lit" key="581">Artistes contemporains. M. Henri Leys</rs>’ by <rs type="pers" key="700">Paul Mantz</rs>, who wrote in the <hi rend="ital">Gazette des Beaux-Arts</hi>: ‘Profitons du moment où Théophile Gautier a le dos tourné pour lui prendre un mot charmant. “M. Leys, a-t-il dit, n’est pas un imitateur, mais un semblable”’ (Let’s profit from Théophile Gautier’s turning his back for a moment by making use of one of his witty remarks. “Mr Leys”, he said, “is not an imitator, but a kindrid spirit”’). See Mantz 1866, p. 316. The statement was taken from <rs type="pers" key="607">Théophile Gautier</rs>, <hi rend="ital"><rs type="lit" key="567">Les Beaux-Arts en Europe: 1855</rs></hi>. Second series. Paris 1856, p. 214.</ab></note>
<note n="8" xml:id="n-8" target="#note-t-8">
<ab><rs type="pers" key="1394">James Tissot</rs>, <hi rend="ital">Walk in the snow</hi>, 1858 (Paul Touzet) was exhibited at the 1859 Paris Salon (<hi rend="ital">Promenade dans la neige</hi>) and at the London International Exhibition of 1862 (Ill. in Wentworth 1984, pl. 1). <rs type="ill" key="1382">Ill. 1382</rs>.</ab>
<ab rend="indent">
      Walk on the ramparts of 1864 (Stanford, University Museum of Art, Gift of Mr Robert Sumpf) was included in Goupil’s ‘Galerie photographique’, Promenade sur les remparts, no. 429 (Paris, BNF, Cabinet des Estampes). <rs type="ill" key="1664">Ill. 1664</rs>.</ab>
<ab rend="indent">There are two versions of Margaret in church: one dating from 1860 (present whereabouts unknown) and one from 1861 (Dublin, National Gallery of Ireland). At the time the work was photographed by <rs type="pers" key="877">Bingham</rs> for Goupil’s ‘Galerie photographique’, Marguerite à l‘église, no. 76 (Paris, BNF, Cabinet des Estampes). <rs type="ill" key="1662">Ill. 1662</rs>.</ab></note>
<note n="9" xml:id="n-9" target="#note-t-9">
<ab>This person has not been identified; nor is it known to which of <rs type="pers" key="1176">Henri Leys</rs>’s works this refers.</ab></note>
<note n="10" xml:id="n-10" target="#note-t-10">
<ab><rs type="pers" key="677">Alphonse Karr</rs>, <rs type="lit" key="19"><hi rend="ital">Voyage autour de mon jardin</hi></rs> (1845), a novel well known at the time, was based on natural history and written in the form of diary-like letters containing descriptions of plants and insects alternating with philosophical, religious and moral reflections.</ab></note>
<note n="11" xml:id="n-11" target="#note-t-11">
<ab>Van Gogh and his sister <rs type="pers" key="412">Anna</rs> moved to the home of <rs type="pers" key="560 561">John and Mrs Parker</rs>, Ivy Cottage, 395 Kennington Road in Kennington (FR b2715). A while later, on 18 November 1874, <rs type="pers" key="524 526">Mr and Mrs van Gogh</rs> voiced their concerns to Theo. Mr van Gogh wrote that Anna had said ‘that one should just let Vincent quietly go his own way, and that he would come round of his own accord. It is, she says – a fit of pique. At any rate, it seems nothing can be done about it.’ And Mrs van Gogh said: ‘Our Vincent cannot but feel unhappy now. He has strayed from the true path, to which alone our blessed Lord attaches happiness and the joy of living. We hope it’s not for ever, but as long as it lasts, there’s every reason to be worried, and we cannot stop doing so. Have you written to him? If not, please do write again. He loves you so much’ (FR b2733 and b2734).</ab></note></div></body></text></TEI>
