<?xml version="1.0" encoding="UTF-8"?>
<!-- Last Changed Date: 2018-07-18 12:32:41 +0200 (Wed, 18 Jul 2018) | SVN Revision: 2206 -->
<!--Licensed under Attribution-NonCommercial-ShareAlike 4.0 International (CC BY-NC-SA 4.0)-->
<?xml-model href="https://xmlschema.huygens.knaw.nl/vgodd.rng" type="application/xml" schematypens="http://relaxng.org/ns/structure/1.0"?>
<TEI xmlns:vg="http://www.vangoghletters.org/ns/" xmlns="http://www.tei-c.org/ns/1.0">
<teiHeader xmlns:xsi="http://www.w3.org/2001/XMLSchema-instance"><fileDesc>
<titleStmt>
<title>To Theo van Gogh. Paris, Monday, 27 September 1875.</title>
<editor>Leo Jansen</editor>
<editor>Hans Luijten</editor>
<editor>Nienke Bakker</editor></titleStmt>
<publicationStmt>
<publisher><name>Huygens Instituut voor Nederlandse Geschiedenis (KNAW)</name><email>info@huygens.knaw.nl</email></publisher>
<publisher>Van Gogh Museum</publisher>
<pubPlace>Amsterdam</pubPlace>
<date type="first" when="2009">2009</date>
<availability status="restricted">
<licence target="http://creativecommons.org/licenses/by-nc-sa/4.0/ https://creativecommons.org/licenses/by-nc-sa/4.0/legalcode">
<p>Attribution-NonCommercial-ShareAlike 4.0 International (CC BY-NC-SA 4.0) </p></licence></availability>
<ptr target="http://vangoghletters.org/orig/let051"/></publicationStmt><sourceDesc><vg:letDesc><vg:letIdentifier>
<idno type="jlb">051</idno>
<idno type="collectedletters">39b</idno>
<idno type="brieven1990">050</idno></vg:letIdentifier><vg:letHeading><author>Vincent van Gogh</author><vg:addressee>Theo van Gogh</vg:addressee><vg:placeLet>Paris</vg:placeLet><vg:dateLet>Monday, 27 September 1875</vg:dateLet></vg:letHeading><vg:letContents>
<p>To Theo van Gogh. Paris, Monday, 27 September 1875.</p></vg:letContents>
<note type="sourceStatus" xml:id="sourceStatus">
<p>Original manuscript</p></note>
<note type="location" xml:id="location">
<p>Amsterdam, Van Gogh Museum, inv. no. b52 V/1962</p></note>
<note type="date" xml:id="date">
<p>Letter headed: ‘<hi rend="ital">[</hi>Paris, le<hi rend="ital">]</hi> 27 Sept. <hi rend="ital">[</hi>187<hi rend="ital">]</hi>5.’</p></note></vg:letDesc></sourceDesc></fileDesc></teiHeader>
<facsimile xmlns:xsi="http://www.w3.org/2001/XMLSchema-instance">
<surface n="b 0052" xml:id="surf-pb-1r"><graphic mimeType="image/tiff" url="VGM001000055_01.TIF" rend="norend"/><graphic mimeType="image/tiff" url="VGM001000055_01_n.tif" rend="norend"/><graphic mimeType="image/jpeg" url="VGM001000055_01_nt.jpg" height="50px" rend="thumbnail"/><zone xml:id="zone-pb-1r-1">
<graphic mimeType="image/tiff" url="VGM001000055_01_nL.tif" rend="norend"/><graphic mimeType="image/jpeg" url="VGM001000055_01_nLt.jpg" height="50px" rend="thumbnail"/><graphic mimeType="image/png" url="VGM001000055_01_nLf.png" width="380px" rend="facstab"/></zone>
<zone xml:id="zone-pb-1r-2">
<graphic mimeType="image/tiff" url="VGM001000055_01_nR.tif" rend="norend"/><graphic mimeType="image/jpeg" url="VGM001000055_01_nRt.jpg" height="50px" rend="thumbnail"/><graphic mimeType="image/png" url="VGM001000055_01_nRf.png" width="380px" rend="facstab"/></zone>
</surface>
<surface n="b 0052" xml:id="surf-pb-1v"><graphic mimeType="image/tiff" url="VGM001000055_02.TIF" rend="norend"/><graphic mimeType="image/tiff" url="VGM001000055_02_n.tif" rend="norend"/><graphic mimeType="image/jpeg" url="VGM001000055_02_nt.jpg" height="50px" rend="thumbnail"/><zone xml:id="zone-pb-1v-3">
<graphic mimeType="image/tiff" url="VGM001000055_02_nL.tif" rend="norend"/><graphic mimeType="image/jpeg" url="VGM001000055_02_nLt.jpg" height="50px" rend="thumbnail"/><graphic mimeType="image/png" url="VGM001000055_02_nLf.png" width="380px" rend="facstab"/></zone>
</surface></facsimile><text xmlns:xsi="http://www.w3.org/2001/XMLSchema-instance"><body>
<div type="original">
<pb f="1r" n="1" xml:id="pb-orig-1r-1" facs="#zone-pb-1r-1"/><lb n="1" xml:id="l-1"/>
<ab><vg:suppliedMilestone type="open"/>Goupil &amp; C<hi rend="ss">ie</hi></ab><lb n="2" xml:id="l-2"/>
<ab>Editeurs Imprimeurs</ab><lb n="3" xml:id="l-3"/>
<ab>Estampes Françaises &amp; Étrangères</ab><lb n="4" xml:id="l-4"/>
<ab>Tableaux Modernes</ab><lb n="5" xml:id="l-5"/>
<ab>Rue Chaptal, 9, PARIS.</ab><lb n="6" xml:id="l-6"/>
<ab>Succursales à la Haye, Londres, Berlin, New-York.</ab>
<vg:whiteline/><lb n="7" xml:id="l-7"/>
<ab>Paris, le<vg:suppliedMilestone type="close"/> 27 Sept. <supplied>187</supplied>5.</ab>
<vg:whiteline/><lb n="8" xml:id="l-8"/>
<ab>Waarde Theo,</ab><lb n="9" xml:id="l-9"/>
<ab>“Het koninkrijk Gods komt niet met uiterlijk gelaat: <lb n="10" xml:id="l-10"/>het koninkrijk Gods is binnen in Ulieden.”<anchor n="1" xml:id="note-o-1"/> “De Zoon <lb n="11" xml:id="l-11"/>des Menschen is niet gekomen om gediend te worden, <lb n="12" xml:id="l-12"/>maar om te dienen”,<anchor n="2" xml:id="note-o-2"/> en wij die Zijne volgelingen, <lb n="13" xml:id="l-13"/>Christenen, willen worden, wij zijn niet meer dan <lb n="14" xml:id="l-14"/>onzen Meester.─<anchor n="3" xml:id="note-o-3"/> Zalig zijn de armen van geest,<anchor n="4" xml:id="note-o-4"/> <lb n="15" xml:id="l-15"/>zalig zijn de reinen van hart.<anchor n="5" xml:id="note-o-5"/></ab><lb n="16" xml:id="l-16"/>
<ab rend="indent">De weg is eng die ten Leven leidt, en weinigen zijn er <lb n="17" xml:id="l-17"/>die denzelven vinden.<anchor n="6" xml:id="note-o-6"/> Strijdt om in te gaan door <lb n="18" xml:id="l-18"/>de enge poort, want velen zullen zoeken in te gaan <lb n="19" xml:id="l-19"/>en zullen niet kunnen.─<anchor n="7" xml:id="note-o-7"/></ab><lb n="20" xml:id="l-20"/>
<ab rend="indent">Mijn broeder<c type="kk">/</c> laat ons voorzichtig zijn; laat ons <lb n="21" xml:id="l-21"/>vragen aan Hem die daarboven is, Die ook voor ons 
<pb f="1r" n="2" xml:id="pb-orig-1r-2" facs="#zone-pb-1r-2"/><lb n="22" xml:id="l-22"/>bidt,<anchor n="8" xml:id="note-o-8"/> dat Hij ons niet uit de wereld wegneme, maar <lb n="23" xml:id="l-23"/>dat Hij ons beware van den booze.─<anchor n="9" xml:id="note-o-9"/> Ja laat ons nuchteren <lb n="24" xml:id="l-24"/>zijn en waken,<anchor n="10" xml:id="note-o-10"/> laat ons vertrouwen op God met ons <lb n="25" xml:id="l-25"/>gansche hart, en niet steunen op ons verstand.<anchor n="11" xml:id="note-o-11"/> Laat <lb n="26" xml:id="l-26"/>ons van Hem vragen dat Hij ons dwinge in te komen;<anchor n="12" xml:id="note-o-12"/> <lb n="27" xml:id="l-27"/>dat Hij ons geve een Christenleven te volbrengen; dat <lb n="28" xml:id="l-28"/>Hij ons leere ons zelven te verloochenen, ons kruis dagelijks <lb n="29" xml:id="l-29"/>op te nemen en Hem te volgen;<anchor n="13" xml:id="note-o-13"/> zacht moedig, lang moedig<anchor n="14" xml:id="note-o-14"/> <lb n="30" xml:id="l-30"/>te zijn en nederig van hart.<anchor n="15" xml:id="note-o-15"/></ab><lb n="31" xml:id="l-31"/>
<ab rend="indent">Een deel dat niet zal weggenomen worden,<anchor n="16" xml:id="note-o-16"/> een bron <lb n="32" xml:id="l-32"/>des levenden waters<c type="kk">/</c><anchor n="17" xml:id="note-o-17"/> springende tot in het eeuwige Leven,<anchor n="18" xml:id="note-o-18"/> <lb n="33" xml:id="l-33"/>dat zijn de goede gaven die de Hoorder der Gebeden,<anchor n="19" xml:id="note-o-19"/> <lb n="34" xml:id="l-34"/>de Gever van alle volmaakte giften,<anchor n="20" xml:id="note-o-20"/> geven wil dengenen <lb n="35" xml:id="l-35"/>die Hem daarom bidden.─</ab><lb n="36" xml:id="l-36"/>
<ab rend="indent">En boven dit alles nog de verzekering dat er is <lb n="37" xml:id="l-37"/>“Een Huis des Vaders waarin vele woningen zijn”<anchor n="21" xml:id="note-o-21"/> en <lb n="38" xml:id="l-38"/>dat zoo wanneer Hij ons daar plaats zal bereid <lb n="39" xml:id="l-39"/>hebben<anchor n="22" xml:id="note-o-22"/> Hij ons allen tot zich zal trekken.─<anchor n="23" xml:id="note-o-23"/> En tot <lb n="40" xml:id="l-40"/>onzen troost in het leven, op den weg naar <lb n="41" xml:id="l-41"/>dat Vaderhuis “de Trooster, de Geest der <lb n="42" xml:id="l-42"/>Waarheid,<anchor n="24" xml:id="note-o-24"/> die ons in de waarheid zal leiden”.─<anchor n="25" xml:id="note-o-25"/> 
<pb f="1v" n="3" xml:id="pb-orig-1v-3" facs="#zone-pb-1v-3"/><lb n="43" xml:id="l-43"/>Toch heeft het Christenleven zijn donkere zijde <lb n="44" xml:id="l-44"/>ook; ’t is vooral mannenwerk.</ab><lb n="45" xml:id="l-45"/>
<ab rend="indent">Zij die wandelen met God,<anchor n="26" xml:id="note-o-26"/> Gods vrienden, Gods <lb n="46" xml:id="l-46"/>vromen, Zij die Hem aanbidden in Geest en in <lb n="47" xml:id="l-47"/>Waarheid,<anchor n="27" xml:id="note-o-27"/> zijn beproefd en gelouterd,<anchor n="28" xml:id="note-o-28"/> en hebben <lb n="48" xml:id="l-48"/>menigmaal van God een doorn in ’t vleesch<anchor n="29" xml:id="note-o-29"/> <lb n="49" xml:id="l-49"/>gekregen; zalig zullen wij zijn als wij het, met <lb n="50" xml:id="l-50"/>onzen vader, Paulus zullen kunnen nazeggen: <lb n="51" xml:id="l-51"/>
toen ik een kind was sprak ik als een kind<c type="kk">/</c> was <lb n="52" xml:id="l-52"/>ik gezind als een kind<c type="kk">/</c> maar nu ik een man <lb n="53" xml:id="l-53"/>geworden ben heb ik te niet gedaan hetgeen <lb n="54" xml:id="l-54"/>eens kinds was,<anchor n="30" xml:id="note-o-30"/> en ben ik geworden, en heeft <lb n="55" xml:id="l-55"/>God mij gemaakt: droevig maar altijd blijde.<anchor n="31" xml:id="note-o-31"/></ab><lb n="56" xml:id="l-56"/>
<ab rend="indent">Schrijf mij eens spoedig, en groet alle bekenden <lb n="57" xml:id="l-57"/>en geloof mij</ab>
<vg:whiteline/><lb n="58" xml:id="l-58"/>
<ab>Uw liefh. broeder.</ab><lb n="59" xml:id="l-59"/>
<ab>Vincent.</ab>
<vg:whiteline/>
<div type="textualNotes">
<note target="l-1" targetEnd="l-7" n="1-7"><hi rend="ital">Printed letterhead.</hi></note>
<note target="l-42" n="42">leiden”.─ &lt; leiden.─</note></div></div>
<div type="translation">
<pb f="1r" n="1" xml:id="pb-trans-1r-1" facs="#zone-pb-1r-1"/>
<ab>[Letterhead: Goupil Paris]</ab>
<vg:whiteline/>
<ab>Paris, 27 Sept. 1875.</ab>
<vg:whiteline/>
<ab>My dear Theo,</ab>
<ab>‘The kingdom of God cometh not with observation: the kingdom of God is within you.’<anchor n="1" xml:id="note-t-1"/> ‘The Son of man came not to be ministered unto, but to minister’,<anchor n="2" xml:id="note-t-2"/> and we who want to become His disciples, Christians, we are no better than our Master.<anchor n="3" xml:id="note-t-3"/> Blessed are the poor in spirit,<anchor n="4" xml:id="note-t-4"/> blessed are the pure in heart.<anchor n="5" xml:id="note-t-5"/></ab>
<ab rend="indent">Narrow is the way, which leadeth unto Life, and few there be that find it.<anchor n="6" xml:id="note-t-6"/> Strive to enter in at the strait gate: for many will seek to enter in, and shall not be able.<anchor n="7" xml:id="note-t-7"/></ab>
<ab rend="indent">My brother, let us take care; let us ask Him who is above, who also maketh intercession for us,<anchor n="8" xml:id="note-t-8"/> 
<pb f="1r" n="2" xml:id="pb-trans-1r-2" facs="#zone-pb-1r-2"/> that He should not take us out of the world, but that He should keep us from the evil.<anchor n="9" xml:id="note-t-9"/> Yea, let us watch and be sober,<anchor n="10" xml:id="note-t-10"/> let us trust in the Lord with all our heart, and lean not unto our own understanding.<anchor n="11" xml:id="note-t-11"/> Let us ask that He compel us to come in,<anchor n="12" xml:id="note-t-12"/> that He give us a Christian life to fulfil; that He teach us to deny ourselves, daily to take up our cross and to follow Him;<anchor n="13" xml:id="note-t-13"/> to be meek, longsuffering,<anchor n="14" xml:id="note-t-14"/> and lowly in heart.<anchor n="15" xml:id="note-t-15"/></ab>
<ab rend="indent">A part which shall not be taken away,<anchor n="16" xml:id="note-t-16"/> a well of living water<anchor n="17" xml:id="note-t-17"/> springing up into everlasting life,<anchor n="18" xml:id="note-t-18"/> these are the good gifts that He who heareth prayer,<anchor n="19" xml:id="note-t-19"/> the Giver of all perfect gifts,<anchor n="20" xml:id="note-t-20"/> will give to those who pray to Him for them.</ab>
<ab rend="indent">And in addition to all this, the assurance that there is ‘a house of the Father in which there are many mansions,<anchor n="21" xml:id="note-t-21"/> and that when He has prepared a place for us there<anchor n="22" xml:id="note-t-22"/> He will draw all men unto Him.<anchor n="23" xml:id="note-t-23"/> And to comfort us in this life, on our way to our Father’s house, ‘the Comforter, the Spirit of Truth,<anchor n="24" xml:id="note-t-24"/> who will guide us into all truth’.<anchor n="25" xml:id="note-t-25"/> 
<pb f="1v" n="3" xml:id="pb-trans-1v-3" facs="#zone-pb-1v-3"/> The Christian life nevertheless has its dark side too; it is mainly men’s work.</ab>
<ab rend="indent">Those who walk with God,<anchor n="26" xml:id="note-t-26"/> God’s friends, God’s pious followers, those who worship Him in Spirit and in Truth,<anchor n="27" xml:id="note-t-27"/> have been proved and tried,<anchor n="28" xml:id="note-t-28"/> and have oft-times received from God a thorn in the flesh;<anchor n="29" xml:id="note-t-29"/> blessed will we be when we can repeat after our father, Paul: when I was a child, I spake as a child, I understood as a child: but now that I have become a man, I put away childish things,<anchor n="30" xml:id="note-t-30"/> and I became, and God made me: sorrowful, yet alway rejoicing.<anchor n="31" xml:id="note-t-31"/></ab>
<ab rend="indent">Write to me soon, and give my regards to all my acquaintances, and believe me</ab>
<vg:whiteline/>
<ab>Your loving brother</ab>
<ab>Vincent.</ab></div>
<div type="notes">
<note n="1" xml:id="n-1" target="#note-t-1">
<ab>
  <bibleref xmlns="http://www.vangoghletters.org/ns/" book="Luke" chap="17" vr="20-21">Luke 17:20-21</bibleref>.</ab></note>
<note n="2" xml:id="n-2" target="#note-t-2">
<ab>
  <bibleref xmlns="http://www.vangoghletters.org/ns/" book="Matt" chap="20" v="28">Matt. 20:28</bibleref> and <bibleref xmlns="http://www.vangoghletters.org/ns/" book="Mark" chap="10" v="45">Mark 10:45</bibleref>.</ab></note>
<note n="3" xml:id="n-3" target="#note-t-3">
<ab>Cf. <bibleref xmlns="http://www.vangoghletters.org/ns/" book="Luke" chap="6" v="40">Luke 6:40</bibleref>.</ab></note>
<note n="4" xml:id="n-4" target="#note-t-4">
<ab>
  <bibleref xmlns="http://www.vangoghletters.org/ns/" book="Matt" chap="5" v="3">Matt. 5:3</bibleref>.</ab></note>
<note n="5" xml:id="n-5" target="#note-t-5">
<ab>
  <bibleref xmlns="http://www.vangoghletters.org/ns/" book="Matt" chap="5" v="8">Matt. 5:8</bibleref>.</ab></note>
<note n="6" xml:id="n-6" target="#note-t-6">
<ab>Cf. <bibleref xmlns="http://www.vangoghletters.org/ns/" book="Matt" chap="7" v="14">Matt. 7:14</bibleref>.</ab></note>
<note n="7" xml:id="n-7" target="#note-t-7">
<ab>
  <bibleref xmlns="http://www.vangoghletters.org/ns/" book="Luke" chap="13" v="24">Luke 13:24</bibleref>.</ab></note>
<note n="8" xml:id="n-8" target="#note-t-8">
<ab>
  <bibleref xmlns="http://www.vangoghletters.org/ns/" book="Rom" chap="8" v="34">Rom. 8:34</bibleref>.</ab></note>
<note n="9" xml:id="n-9" target="#note-t-9">
<ab>
  <bibleref xmlns="http://www.vangoghletters.org/ns/" book="John" chap="17" v="15">John 17:15</bibleref>.</ab></note>
<note n="10" xml:id="n-10" target="#note-t-10">
<ab>
  <bibleref xmlns="http://www.vangoghletters.org/ns/" book="1 Thess" chap="5" v="6">1 Thess. 5:6</bibleref>, <bibleref xmlns="http://www.vangoghletters.org/ns/" book="1 Pet" chap="4" v="7">1 Pet. 4:7</bibleref> and <bibleref xmlns="http://www.vangoghletters.org/ns/" book="1 Pet" chap="5" v="8">1 Pet. 5:8</bibleref>.</ab></note>
<note n="11" xml:id="n-11" target="#note-t-11">
<ab>
  <bibleref xmlns="http://www.vangoghletters.org/ns/" book="Prov" chap="3" v="5">Prov. 3:5</bibleref>.</ab></note>
<note n="12" xml:id="n-12" target="#note-t-12">
<ab>
  <bibleref xmlns="http://www.vangoghletters.org/ns/" book="Luke" chap="14" v="23">Luke 14:23</bibleref>.</ab></note>
<note n="13" xml:id="n-13" target="#note-t-13">
<ab>Cf. <bibleref xmlns="http://www.vangoghletters.org/ns/" book="Matt" chap="16" v="24">Matt. 16:24</bibleref> and <bibleref xmlns="http://www.vangoghletters.org/ns/" book="Luke" chap="9" v="23">Luke 9:23</bibleref>.</ab></note>
<note n="14" xml:id="n-14" target="#note-t-14">
<ab>Cf. <bibleref xmlns="http://www.vangoghletters.org/ns/" book="Gal" chap="5" v="22">Gal. 5:22</bibleref>, <bibleref xmlns="http://www.vangoghletters.org/ns/" book="Eph" chap="4" v="2">Eph. 4:2</bibleref> and <bibleref xmlns="http://www.vangoghletters.org/ns/" book="Col" chap="3" v="12">Col. 3:12</bibleref>.</ab></note>
<note n="15" xml:id="n-15" target="#note-t-15">
<ab>
  <bibleref xmlns="http://www.vangoghletters.org/ns/" book="Matt" chap="11" v="29">Matt. 11:29</bibleref>.</ab></note>
<note n="16" xml:id="n-16" target="#note-t-16">
<ab>
  <bibleref xmlns="http://www.vangoghletters.org/ns/" book="Luke" chap="10" v="42">Luke 10:42</bibleref>.</ab></note>
<note n="17" xml:id="n-17" target="#note-t-17">
<ab>
  <bibleref xmlns="http://www.vangoghletters.org/ns/" book="John" chap="4" v="11">John 4:11</bibleref>.</ab></note>
<note n="18" xml:id="n-18" target="#note-t-18">
<ab>
  <bibleref xmlns="http://www.vangoghletters.org/ns/" book="John" chap="4" v="14">John 4:14</bibleref>.</ab></note>
<note n="19" xml:id="n-19" target="#note-t-19">
<ab>
  <bibleref xmlns="http://www.vangoghletters.org/ns/" book="Rhy. ps" chap="65" v="1">Rhy. ps. 65:1</bibleref>, based on <bibleref xmlns="http://www.vangoghletters.org/ns/" book="Ps" chap="65" v="3">Ps. 65:3</bibleref> (in <hi rend="ital">KJ</hi> <bibleref xmlns="http://www.vangoghletters.org/ns/" book="Ps" chap="65" v="2">Ps. 65:2</bibleref>).</ab></note>
<note n="20" xml:id="n-20" target="#note-t-20">
<ab>
  <bibleref xmlns="http://www.vangoghletters.org/ns/" book="Jas" chap="1" v="17">Jas. 1:17</bibleref>; cf. <bibleref xmlns="http://www.vangoghletters.org/ns/" book="hymn" chap="163" v="8">hymn 163:8</bibleref>, ‘Gij, gever aller gaven’ (Thou, giver of all gifts).</ab></note>
<note n="21" xml:id="n-21" target="#note-t-21">
<ab>
  <bibleref xmlns="http://www.vangoghletters.org/ns/" book="John" chap="14" v="2">John 14:2</bibleref>.</ab></note>
<note n="22" xml:id="n-22" target="#note-t-22">
<ab>
  <bibleref xmlns="http://www.vangoghletters.org/ns/" book="John" chap="14" v="2">John 14:2</bibleref>.</ab></note>
<note n="23" xml:id="n-23" target="#note-t-23">
<ab>
  <bibleref xmlns="http://www.vangoghletters.org/ns/" book="John" chap="12" v="32">John 12:32</bibleref>.</ab></note>
<note n="24" xml:id="n-24" target="#note-t-24">
<ab>Cf. <bibleref xmlns="http://www.vangoghletters.org/ns/" book="John" chap="14" vr="16-17">John 14:16-17</bibleref>.</ab></note>
<note n="25" xml:id="n-25" target="#note-t-25">
<ab>
  <bibleref xmlns="http://www.vangoghletters.org/ns/" book="John" chap="16" v="13">John 16:13</bibleref>.</ab></note>
<note n="26" xml:id="n-26" target="#note-t-26">
<ab>Cf. <bibleref xmlns="http://www.vangoghletters.org/ns/" book="Micah" chap="6" v="8">Micah 6:8</bibleref>.</ab></note>
<note n="27" xml:id="n-27" target="#note-t-27">
<ab>
  <bibleref xmlns="http://www.vangoghletters.org/ns/" book="John" chap="4" v="24">John 4:24</bibleref>.</ab></note>
<note n="28" xml:id="n-28" target="#note-t-28">
<ab>Cf. <bibleref xmlns="http://www.vangoghletters.org/ns/" book="Ps" chap="66" v="10">Ps. 66:10</bibleref>.</ab></note>
<note n="29" xml:id="n-29" target="#note-t-29">
<ab>
  <bibleref xmlns="http://www.vangoghletters.org/ns/" book="2 Cor" chap="12" v="7">2 Cor. 12:7</bibleref>.</ab></note>
<note n="30" xml:id="n-30" target="#note-t-30">
<ab>
  <bibleref xmlns="http://www.vangoghletters.org/ns/" book="1 Cor" chap="13" v="11">1 Cor. 13:11</bibleref>.</ab></note>
<note n="31" xml:id="n-31" target="#note-t-31">
<ab>
  <bibleref xmlns="http://www.vangoghletters.org/ns/" book="2 Cor" chap="6" v="10">2 Cor. 6:10</bibleref>.</ab></note></div></body></text></TEI>
