<?xml version="1.0" encoding="UTF-8"?>
<!-- Last Changed Date: 2018-07-18 12:32:41 +0200 (Wed, 18 Jul 2018) | SVN Revision: 2206 -->
<!--Licensed under Attribution-NonCommercial-ShareAlike 4.0 International (CC BY-NC-SA 4.0)-->
<?xml-model href="https://xmlschema.huygens.knaw.nl/vgodd.rng" type="application/xml" schematypens="http://relaxng.org/ns/structure/1.0"?>
<TEI xmlns:vg="http://www.vangoghletters.org/ns/" xmlns="http://www.tei-c.org/ns/1.0">
<teiHeader xmlns:xsi="http://www.w3.org/2001/XMLSchema-instance"><fileDesc>
<titleStmt>
<title>Anna van Gogh to Vincent van Gogh. Welwyn, Thursday, 30 December 1875.</title>
<editor>Leo Jansen</editor>
<editor>Hans Luijten</editor>
<editor>Nienke Bakker</editor></titleStmt>
<publicationStmt>
<publisher><name>Huygens Instituut voor Nederlandse Geschiedenis (KNAW)</name><email>info@huygens.knaw.nl</email></publisher>
<publisher>Van Gogh Museum</publisher>
<pubPlace>Amsterdam</pubPlace>
<date type="first" when="2009">2009</date>
<availability status="restricted">
<licence target="http://creativecommons.org/licenses/by-nc-sa/4.0/ https://creativecommons.org/licenses/by-nc-sa/4.0/legalcode">
<p>Attribution-NonCommercial-ShareAlike 4.0 International (CC BY-NC-SA 4.0) </p></licence></availability>
<ptr target="http://vangoghletters.org/orig/let064"/></publicationStmt><sourceDesc><vg:letDesc><vg:letIdentifier>
<idno type="jlb">064</idno>
<idno type="collectedletters">-</idno>
<idno type="brieven1990">063</idno></vg:letIdentifier><vg:letHeading><author>Anna van Gogh</author><vg:addressee>Vincent van Gogh</vg:addressee><vg:placeLet>Welwyn</vg:placeLet><vg:dateLet>Thursday, 30 December 1875</vg:dateLet></vg:letHeading><vg:letContents>
<p>Anna van Gogh to Vincent van Gogh. Welwyn, Thursday, 30 December 1875.</p></vg:letContents>
<note type="sourceStatus" xml:id="sourceStatus">
<p>Original manuscript</p></note>
<note type="location" xml:id="location">
<p>Amsterdam, Van Gogh Museum, inv. no. b2386 V/1962</p></note>
<note type="date" xml:id="date">
<p>Letter headed: ‘Ivy-Cottage- / Welwyn 30 Dec. 1875.’</p></note></vg:letDesc></sourceDesc></fileDesc></teiHeader>
<facsimile xmlns:xsi="http://www.w3.org/2001/XMLSchema-instance">
<surface n="b 2386" xml:id="surf-pb-1r"><graphic mimeType="image/tiff" url="VGM001003517_01.TIF" rend="norend"/><zone xml:id="zone-pb-1r-1">
<graphic mimeType="image/tiff" url="VGM001003517_01_n.tif" rend="norend"/><graphic mimeType="image/jpeg" url="VGM001003517_01_nt.jpg" height="50px" rend="thumbnail"/><graphic mimeType="image/png" url="VGM001003517_01_nf.png" width="380px" rend="facstab"/></zone>
</surface>
<surface n="b 2386" xml:id="surf-pb-1v"><graphic mimeType="image/tiff" url="VGM001003517_02.TIF" rend="norend"/><zone xml:id="zone-pb-1v-2">
<graphic mimeType="image/tiff" url="VGM001003517_02_n.TIF" rend="norend"/><graphic mimeType="image/jpeg" url="VGM001003517_02_nt.jpg" height="50px" rend="thumbnail"/><graphic mimeType="image/png" url="VGM001003517_02_nf.png" width="380px" rend="facstab"/></zone>
</surface></facsimile><text xmlns:xsi="http://www.w3.org/2001/XMLSchema-instance"><body>
<div type="original">
<pb f="1r" n="1" xml:id="pb-orig-1r-1" facs="#zone-pb-1r-1"/><lb n="1" xml:id="l-1"/>
<ab>Ivy-Cottage –</ab><lb n="2" xml:id="l-2"/>
<ab>Welwyn 30 Dec. 1875.</ab>
<vg:whiteline/><lb n="3" xml:id="l-3"/>
<ab>Lieve Vincent,</ab><lb n="4" xml:id="l-4"/>
<ab>Dank voor <lb n="5" xml:id="l-5"/>het ons gezondene, hoe lief van <lb n="6" xml:id="l-6"/>je zoo aan ons te denken. Choco<c type="shy">-</c><lb n="7" xml:id="l-7"/>lade wordt hier ook – <hi rend="ital">Real Consola</hi><c type="shy">-</c><lb n="8" xml:id="l-8"/><hi rend="ital">tion</hi> gevonden<c type="kk">/</c> vooral door <lb n="9" xml:id="l-9"/>Nelly.<anchor n="1" xml:id="note-o-1"/> De plaatjes<anchor n="2" xml:id="note-o-2"/> zijn ook best <lb n="10" xml:id="l-10"/>te pas gekomen. Wij hebben veel <lb n="11" xml:id="l-11"/>voldoening gehad van onze kerst<c type="shy">-</c><lb n="12" xml:id="l-12"/>boom in school. Het was <lb n="13" xml:id="l-13"/>zoo’n genot zulke blijde gezichten 
<pb f="1v" n="2" xml:id="pb-orig-1v-2" facs="#zone-pb-1v-2"/><lb n="14" xml:id="l-14"/>te zien, dus je kan wel voldoening <lb n="15" xml:id="l-15"/>hebben van je bezending, want zonder <lb n="16" xml:id="l-16"/>de photographietjes was ik niet in <lb n="17" xml:id="l-17"/>staat geweest voor allen wat te <lb n="18" xml:id="l-18"/>maken. Ik zend deze brief aan jou <lb n="19" xml:id="l-19"/>om je te vragen Willemien’s portret <lb n="20" xml:id="l-20"/>en onze brieven op Pa en Moe’s <lb n="21" xml:id="l-21"/>plaats te leggen als zij uit de <lb n="22" xml:id="l-22"/>kerk komen op Oude jaar’s avond. <lb n="23" xml:id="l-23"/>Ik hoop zoo je eene aangename <lb n="24" xml:id="l-24"/>vacantie t’huis gehad zult hebben. <lb n="25" xml:id="l-25"/>Wanneer zullen wij elkaar weer <lb n="26" xml:id="l-26"/>eens zien? Ik hoop zoo wij allen <lb n="27" xml:id="l-27"/>21 Mei bij elkaar zullen mogen <lb n="28" xml:id="l-28"/>zijn,<anchor n="3" xml:id="note-o-3"/> ik moet je over het een <lb n="29" xml:id="l-29"/>en ander eens om raad vragen <lb n="30" xml:id="l-30"/>maar zal daarmee wachten tot je weer rustig <lb n="31" xml:id="l-31"/>in Parijs zit. En nu is dit jaar weer bijna <lb n="32" xml:id="l-32"/>geeindigd en beginnen wij weêr een ander. <lb n="33" xml:id="l-33"/>Moge het voor ons allen een gelukkig en <lb n="34" xml:id="l-34"/>gezegend jaar zijn en wij toenemen in liefde <lb n="35" xml:id="l-35"/>voor God en elkander. Heb jij het ook goed en <lb n="36" xml:id="l-36"/>ontvang in gedachten een hartelijke kus van –</ab>
<vg:whiteline/><lb n="37" xml:id="l-37"/>
<ab>Je je liefhebbende</ab><lb n="38" xml:id="l-38"/>
<ab>Anna.</ab>
<vg:whiteline/>
<div type="textualNotes">
<note target="l-7" targetEnd="l-8" n="7-8"><hi rend="ital">Consolation</hi> &lt; <hi rend="ital">Consolation</hi>,</note></div></div>
<div type="translation">
<pb f="1r" n="1" xml:id="pb-trans-1r-1" facs="#zone-pb-1r-1"/>
<ab>Ivy-Cottage</ab>
<ab>Welwyn, 30 Dec. 1875.</ab>
<vg:whiteline/>
<ab>Dearest Vincent,</ab>
<ab>Thanks for what you sent, how sweet of you to think of us in this way. Here chocolate is also thought of as <hi rend="ital">Real Consolation</hi>, especially by <rs type="pers" key="543">Nelly</rs>.<anchor n="1" xml:id="note-t-1"/> The pictures<anchor n="2" xml:id="note-t-2"/> have also been put to good use. We got a great deal of satisfaction from our Christmas tree at school. It was a great joy to see such happy faces, 
<pb f="1v" n="2" xml:id="pb-trans-1v-2" facs="#zone-pb-1v-2"/> so you can take satisfaction from what you sent, because I wouldn’t have been able to make something for everyone without those little photographs. I’m sending this letter to you to ask you to put <rs type="pers" key="407">Willemien</rs>’s portrait and our letters on <rs type="pers" key="524 526">Pa and Ma</rs>’s places when they come home from church on New Year’s Eve. I sincerely hope that you’ll have had a pleasant holiday at home. When will we see each other again? I hope very much that we may all be together on 21 May.<anchor n="3" xml:id="note-t-3"/> Sometime I must ask your advice about this and that, but I’ll wait until you’re safely back in Paris. And now this year is almost over and we’re starting another. May it be a happy and blessed year for all of us, and may our love for God and one another grow. I wish you well, too, and receive in thought a hearty kiss from – </ab>
<vg:whiteline/>
<ab>Yours, your loving</ab>
<ab><rs type="pers" key="412">Anna</rs>.</ab></div>
<div type="notes">
<note n="1" xml:id="n-1" target="#note-t-1">
<ab><rs type="pers" key="543">Nelly</rs>, who is not identified more specifically, was probably a girl living in the same house as <rs type="pers" key="412">Anna</rs> in Welwyn.</ab></note>
<note n="2" xml:id="n-2" target="#note-t-2">
<ab>Reproductions, presumably from one of the series published by Goupil &amp; Co. Further on there is mention of ‘little photographs’.</ab></note>
<note n="3" xml:id="n-3" target="#note-t-3">
<ab><rs type="pers" key="524 526">Mr and Mrs van Gogh</rs>’s wedding anniversary; in 1876 they were to celebrate 25 years of marriage.</ab></note></div></body></text></TEI>
