<?xml version="1.0" encoding="UTF-8"?>
<!-- Last Changed Date: 2018-07-18 12:32:41 +0200 (Wed, 18 Jul 2018) | SVN Revision: 2206 -->
<!--Licensed under Attribution-NonCommercial-ShareAlike 4.0 International (CC BY-NC-SA 4.0)-->
<?xml-model href="https://xmlschema.huygens.knaw.nl/vgodd.rng" type="application/xml" schematypens="http://relaxng.org/ns/structure/1.0"?>
<TEI xmlns:vg="http://www.vangoghletters.org/ns/" xmlns="http://www.tei-c.org/ns/1.0">
<teiHeader xmlns:xsi="http://www.w3.org/2001/XMLSchema-instance"><fileDesc>
<titleStmt>
<title>To Caroline and Willem van Stockum-Haanebeek. London, Tuesday, 3 March 1874.</title>
<editor>Leo Jansen</editor>
<editor>Hans Luijten</editor>
<editor>Nienke Bakker</editor></titleStmt>
<publicationStmt>
<publisher><name>Huygens Instituut voor Nederlandse Geschiedenis (KNAW)</name><email>info@huygens.knaw.nl</email></publisher>
<publisher>Van Gogh Museum</publisher>
<pubPlace>Amsterdam</pubPlace>
<date type="first" when="2009">2009</date>
<availability status="restricted">
<licence target="http://creativecommons.org/licenses/by-nc-sa/4.0/ https://creativecommons.org/licenses/by-nc-sa/4.0/legalcode">
<p>Attribution-NonCommercial-ShareAlike 4.0 International (CC BY-NC-SA 4.0) </p></licence></availability>
<ptr target="http://vangoghletters.org/orig/let020"/></publicationStmt><sourceDesc><vg:letDesc><vg:letIdentifier>
<idno type="jlb">020</idno>
<idno type="collectedletters">14a</idno>
<idno type="brieven1990">020</idno></vg:letIdentifier><vg:letHeading><author>Vincent van Gogh</author><vg:addressee>Willem van Stockum and Caroline van Stockum-Haanebeek</vg:addressee><vg:placeLet>London</vg:placeLet><vg:dateLet>Tuesday, 3 March 1874</vg:dateLet></vg:letHeading><vg:letContents>
<p>To Caroline and Willem van Stockum-Haanebeek. London, Tuesday, 3 March 1874.</p></vg:letContents>
<note type="sourceStatus" xml:id="sourceStatus">
<p>Original manuscript</p></note>
<note type="location" xml:id="location">
<p>Amsterdam, Van Gogh Museum, inv. no. b35 V/1962</p></note>
<note type="date" xml:id="date">
<p>Letter headed: ‘Londen 3 Maart 1874’.</p></note></vg:letDesc></sourceDesc></fileDesc></teiHeader>
<facsimile xmlns:xsi="http://www.w3.org/2001/XMLSchema-instance">
<surface n="b 0035" xml:id="surf-pb-1r"><graphic mimeType="image/tiff" url="VGM001000037_01.TIF" rend="norend"/><graphic mimeType="image/tiff" url="VGM001000037_01_n.tif" rend="norend"/><graphic mimeType="image/jpeg" url="VGM001000037_01_nt.jpg" height="50px" rend="thumbnail"/><zone xml:id="zone-pb-1r-1">
<graphic mimeType="image/tiff" url="VGM001000037_01_nR.tif" rend="norend"/><graphic mimeType="image/jpeg" url="VGM001000037_01_nRt.jpg" height="50px" rend="thumbnail"/><graphic mimeType="image/png" url="VGM001000037_01_nRf.png" width="380px" rend="facstab"/></zone>
</surface>
<surface n="b 0035" xml:id="surf-pb-1v"><graphic mimeType="image/tiff" url="VGM001000037_02.TIF" rend="norend"/><graphic mimeType="image/tiff" url="VGM001000037_02_n.tif" rend="norend"/><graphic mimeType="image/jpeg" url="VGM001000037_02_nt.jpg" height="50px" rend="thumbnail"/><zone xml:id="zone-pb-1v-2">
<graphic mimeType="image/tiff" url="VGM001000037_02_nL.tif" rend="norend"/><graphic mimeType="image/jpeg" url="VGM001000037_02_nLt.jpg" height="50px" rend="thumbnail"/><graphic mimeType="image/png" url="VGM001000037_02_nLf.png" width="380px" rend="facstab"/></zone>
</surface></facsimile><text xmlns:xsi="http://www.w3.org/2001/XMLSchema-instance"><body>
<div type="original">
<pb f="1r" n="1" xml:id="pb-orig-1r-1" facs="#zone-pb-1r-1"/><lb n="1" xml:id="l-1"/>
<ab>Londen 3 Maart 1874</ab>
<vg:whiteline/><lb n="2" xml:id="l-2"/>
<ab>Beste Carolien en Willem,</ab><lb n="3" xml:id="l-3"/>
<ab>Van harte gelukgewenscht.─<anchor n="1" xml:id="note-o-1"/></ab><lb n="4" xml:id="l-4"/>
<ab rend="indent">’t Zal je, denk ik, tegengevallen zijn <lb n="5" xml:id="l-5"/>niet eerder van mij gehoord te <lb n="6" xml:id="l-6"/>hebben, maar dat is ‘like me’ &amp; <lb n="7" xml:id="l-7"/>je weet wel ik het goed meen. <lb n="8" xml:id="l-8"/>Nu moet je echter kwaad met <lb n="9" xml:id="l-9"/>goed vergelden,<anchor n="2" xml:id="note-o-2"/> &amp; mij dadelijk <lb n="10" xml:id="l-10"/>eens schrijven hoe ’t gaat.</ab><lb n="11" xml:id="l-11"/>
<ab rend="indent">Nu moet ik je eens iets nieuws <lb n="12" xml:id="l-12"/>vertellen; misschien komt <lb n="13" xml:id="l-13"/>onze Anna naar hier,<anchor n="3" xml:id="note-o-3"/> je kunt <lb n="14" xml:id="l-14"/>denken hoe heerlijk ik dat zou <lb n="15" xml:id="l-15"/>vinden; maar ’t is haast te <lb n="16" xml:id="l-16"/>goed om te kunnen gebeuren. <lb n="17" xml:id="l-17"/>Enfin, we moeten maar af<c type="shy">-</c><lb n="18" xml:id="l-18"/>wachten. Als zij komt, dan <lb n="19" xml:id="l-19"/>zal ’t waarschijnlijk in Mei 
<pb f="1v" n="2" xml:id="pb-orig-1v-2" facs="#zone-pb-1v-2"/><lb n="20" xml:id="l-20"/>zijn; &amp; misschien zou ’t wel <lb n="21" xml:id="l-21"/>geschikt kunnen worden dat <lb n="22" xml:id="l-22"/>ik haar kom halen.</ab><lb n="23" xml:id="l-23"/>
<ab rend="indent">Ik verlang er zoo naar haar wat <lb n="24" xml:id="l-24"/>meer te kennen dan ik nu <lb n="25" xml:id="l-25"/>doe, want eigentlijk hebben we <lb n="26" xml:id="l-26"/>in de laatste jaren maar heel <lb n="27" xml:id="l-27"/>weinig van elkaar gezien &amp; <lb n="28" xml:id="l-28"/>kennen we elkaar maar half.</ab><lb n="29" xml:id="l-29"/>
<ab rend="indent">Het beste jelui toegewenscht<c type="kk">/</c> <lb n="30" xml:id="l-30"/>veel groeten aan allen <lb n="31" xml:id="l-31"/>in de Pooten<anchor n="4" xml:id="note-o-4"/> &amp; als de een <lb n="32" xml:id="l-32"/>of ander naar mij vraagt. <lb n="33" xml:id="l-33"/>Hebt ge de kennis met de <lb n="34" xml:id="l-34"/>familie Tersteeg aangehouden?<anchor n="5" xml:id="note-o-5"/></ab>
<vg:whiteline/><lb n="35" xml:id="l-35"/>
<ab>Yours truly</ab><lb n="36" xml:id="l-36"/>
<ab>Vincent</ab>
<vg:whiteline/>
<div type="textualNotes">
<note target="l-6" n="6">‘like me’ &lt; <hi rend="ital">We have interpreted the comma’s as quotation marks.</hi></note></div></div>
<div type="translation">
<pb f="1r" n="1" xml:id="pb-trans-1r-1" facs="#zone-pb-1r-1"/>
<ab>London, 3 March 1874</ab>
<vg:whiteline/>
<ab>Dear <rs type="pers" key="761">Caroline</rs> and <rs type="pers" key="760">Willem</rs>,</ab>
<ab>My hearty congratulations.<anchor n="1" xml:id="note-t-1"/></ab>
<ab rend="indent">I imagine you will have been disappointed not to have heard from me sooner, but that’s like me, and you surely know that I mean well. Now you must render good for evil,<anchor n="2" xml:id="note-t-2"/> however, and write to me directly about how things are going.</ab>
<ab rend="indent">Now I have a piece of news for you; our <rs type="pers" key="412">Anna</rs> will perhaps be coming here.<anchor n="3" xml:id="note-t-3"/> You can imagine how wonderful that would be for me, but it’s almost too good to be true. Well, we’ll just have to wait and see. If she comes, it will probably be in May, 
<pb f="1v" n="2" xml:id="pb-trans-1v-2" facs="#zone-pb-1v-2"/> and perhaps it could be arranged for me to come and fetch her.</ab>
<ab rend="indent">I’d like so much to get to know her better than I do, for in the last few years we’ve actually seen very little of each other, and we only half know each other.</ab>
<ab rend="indent">I wish you both the best, many regards to everyone in the Poten,<anchor n="4" xml:id="note-t-4"/> and if someone or other asks after me. Have you kept up your acquaintance with the <rs type="pers" key="787 788">Tersteeg family</rs>?<anchor n="5" xml:id="note-t-5"/></ab>
<vg:whiteline/>
<ab>Yours truly,</ab>
<ab>Vincent</ab></div>
<div type="notes">
<note n="1" xml:id="n-1" target="#note-t-1">
<ab>On 17 February a daughter, <rs type="pers" key="1621">Leonarda Catharina Adriana</rs>, had been born to <rs type="pers" key="761">Caroline</rs> and <rs type="pers" key="760">Willem</rs> van Stockum-Haanebeek.</ab></note>
<note n="2" xml:id="n-2" target="#note-t-2">
<ab>Cf. <bibleref xmlns="http://www.vangoghletters.org/ns/" book="Rom" chap="12" v="17">Rom. 12:17</bibleref> and <bibleref xmlns="http://www.vangoghletters.org/ns/" book="1 Pet" chap="3" v="9">1 Pet. 3:9</bibleref>.</ab></note>
<note n="3" xml:id="n-3" target="#note-t-3">
<ab>Van Gogh’s sister <rs type="pers" key="412">Anna</rs> was planning, after studying French, to go to England to work (FR b2689).</ab></note>
<note n="4" xml:id="n-4" target="#note-t-4">
<ab>Lange Poten 10 in The Hague, <rs type="pers" key="761">Caroline</rs>’s parental home.</ab></note>
<note n="5" xml:id="n-5" target="#note-t-5">
<ab>Van Gogh had previously encouraged <rs type="pers" key="760 761">Caroline and Willem van Stockum-Haanebeek</rs> to seek contact with the <rs type="pers" key="787 788">Tersteeg family</rs>. <ref target="let012.xml">See letter 12</ref>.</ab></note></div></body></text></TEI>
