<?xml version="1.0" encoding="UTF-8"?>
<!-- Last Changed Date: 2018-07-18 12:32:41 +0200 (Wed, 18 Jul 2018) | SVN Revision: 2206 -->
<!--Licensed under Attribution-NonCommercial-ShareAlike 4.0 International (CC BY-NC-SA 4.0)-->
<?xml-model href="https://xmlschema.huygens.knaw.nl/vgodd.rng" type="application/xml" schematypens="http://relaxng.org/ns/structure/1.0"?>
<TEI xmlns:vg="http://www.vangoghletters.org/ns/" xmlns="http://www.tei-c.org/ns/1.0">
<teiHeader xmlns:xsi="http://www.w3.org/2001/XMLSchema-instance"><fileDesc>
<titleStmt>
<title>To Theo van Gogh. London, Thursday, 30 April 1874.</title>
<editor>Leo Jansen</editor>
<editor>Hans Luijten</editor>
<editor>Nienke Bakker</editor></titleStmt>
<publicationStmt>
<publisher><name>Huygens Instituut voor Nederlandse Geschiedenis (KNAW)</name><email>info@huygens.knaw.nl</email></publisher>
<publisher>Van Gogh Museum</publisher>
<pubPlace>Amsterdam</pubPlace>
<date type="first" when="2009">2009</date>
<availability status="restricted">
<licence target="http://creativecommons.org/licenses/by-nc-sa/4.0/ https://creativecommons.org/licenses/by-nc-sa/4.0/legalcode">
<p>Attribution-NonCommercial-ShareAlike 4.0 International (CC BY-NC-SA 4.0) </p></licence></availability>
<ptr target="http://vangoghletters.org/orig/let022"/></publicationStmt><sourceDesc><vg:letDesc><vg:letIdentifier>
<idno type="jlb">022</idno>
<idno type="collectedletters">16</idno>
<idno type="brieven1990">022</idno></vg:letIdentifier><vg:letHeading><author>Vincent van Gogh</author><vg:addressee>Theo van Gogh</vg:addressee><vg:placeLet>London</vg:placeLet><vg:dateLet>Thursday, 30 April 1874</vg:dateLet></vg:letHeading><vg:letContents>
<p>To Theo van Gogh. London, Thursday, 30 April 1874.</p></vg:letContents>
<note type="sourceStatus" xml:id="sourceStatus">
<p>Original manuscript</p></note>
<note type="location" xml:id="location">
<p>Amsterdam, Van Gogh Museum, inv. no. b16 V/1962</p></note>
<note type="date" xml:id="date">
<p>Letter headed: ‘Londen 30 April 1874’.</p></note></vg:letDesc></sourceDesc></fileDesc></teiHeader>
<facsimile xmlns:xsi="http://www.w3.org/2001/XMLSchema-instance">
<surface n="b 0016" xml:id="surf-pb-1r"><graphic mimeType="image/tiff" url="VGM001000016_01.TIF" rend="norend"/><graphic mimeType="image/tiff" url="VGM001000016_01_n.tif" rend="norend"/><graphic mimeType="image/jpeg" url="VGM001000016_01_nt.jpg" height="50px" rend="thumbnail"/><zone xml:id="zone-pb-1r-1">
<graphic mimeType="image/tiff" url="VGM001000016_01_nL.tif" rend="norend"/><graphic mimeType="image/jpeg" url="VGM001000016_01_nLt.jpg" height="50px" rend="thumbnail"/><graphic mimeType="image/png" url="VGM001000016_01_nLf.png" width="380px" rend="facstab"/></zone>
<zone xml:id="zone-pb-1r-2">
<graphic mimeType="image/tiff" url="VGM001000016_01_nR.tif" rend="norend"/><graphic mimeType="image/jpeg" url="VGM001000016_01_nRt.jpg" height="50px" rend="thumbnail"/><graphic mimeType="image/png" url="VGM001000016_01_nRf.png" width="380px" rend="facstab"/></zone>
</surface>
<surface n="b 0016" xml:id="surf-pb-1v"><graphic mimeType="image/tiff" url="VGM001000016_02.TIF" rend="norend"/><graphic mimeType="image/tiff" url="VGM001000016_02_n.tif" rend="norend"/><graphic mimeType="image/jpeg" url="VGM001000016_02_nt.jpg" height="50px" rend="thumbnail"/><zone xml:id="zone-pb-1v-3">
<graphic mimeType="image/tiff" url="VGM001000016_02_nL.tif" rend="norend"/><graphic mimeType="image/jpeg" url="VGM001000016_02_nLt.jpg" height="50px" rend="thumbnail"/><graphic mimeType="image/png" url="VGM001000016_02_nLf.png" width="380px" rend="facstab"/></zone>
<zone xml:id="zone-pb-1v-4">
<graphic mimeType="image/tiff" url="VGM001000016_02_nR.tif" rend="norend"/><graphic mimeType="image/jpeg" url="VGM001000016_02_nRt.jpg" height="50px" rend="thumbnail"/><graphic mimeType="image/png" url="VGM001000016_02_nRf.png" width="380px" rend="facstab"/></zone>
</surface></facsimile><text xmlns:xsi="http://www.w3.org/2001/XMLSchema-instance"><body>
<div type="original">
<pb f="1r" n="1" xml:id="pb-orig-1r-1" facs="#zone-pb-1r-1"/><lb n="1" xml:id="l-1"/>
<ab>Londen 30 April 1874</ab>
<vg:whiteline/><lb n="2" xml:id="l-2"/>
<ab>Waarde Theo,</ab><lb n="3" xml:id="l-3"/>
<ab>Van harte gelukgewenscht met <lb n="4" xml:id="l-4"/>je verjaardag,<anchor n="1" xml:id="note-o-1"/> doe maar wel <lb n="5" xml:id="l-5"/>&amp; zie niet om,<anchor n="2" xml:id="note-o-2"/> dan zal ’t wel <lb n="6" xml:id="l-6"/>lukken.</ab><lb n="7" xml:id="l-7"/>
<ab rend="indent">Ik was blij met je laatsten brief. <lb n="8" xml:id="l-8"/>Een paar dagen geleden heb ik <lb n="9" xml:id="l-9"/>je eene phot<c type="kp">_</c> gestuurd:</ab>
<vg:whiteline/><lb n="10" xml:id="l-10"/>
<ab>Jeune fille à l’épée<c type="kk">/</c> Jacquet<anchor n="3" xml:id="note-o-3"/></ab>
<vg:whiteline/><lb n="11" xml:id="l-11"/>
<ab>daar ik dacht je die wel zoudt <lb n="12" xml:id="l-12"/>willen hebben.─</ab><lb n="13" xml:id="l-13"/>
<ab rend="indent">v. Gorkom’s sch<hi rend="ss">ij</hi> is niet erg vuil.─<anchor n="4" xml:id="note-o-4"/> <lb n="14" xml:id="l-14"/>(Entre nous, ik heb het niet gezien, <lb n="15" xml:id="l-15"/>maar zeg hem maar dat ik ge<c type="shy">-</c><lb n="16" xml:id="l-16"/>schreven heb dat het niet erg vuil <lb n="17" xml:id="l-17"/>was.)</ab><lb n="18" xml:id="l-18"/>
<ab rend="indent">Hoe maken Mauve &amp; Jet Carbentus <lb n="19" xml:id="l-19"/>het?<anchor n="5" xml:id="note-o-5"/> schrijf mij daar eens iets <lb n="20" xml:id="l-20"/>van.─</ab><lb n="21" xml:id="l-21"/>
<ab rend="indent">’t Is goed dat je bij Haanebeek aan 
<pb f="1r" n="2" xml:id="pb-orig-1r-2" facs="#zone-pb-1r-2"/><lb n="22" xml:id="l-22"/>huis komt.─<anchor n="6" xml:id="note-o-6"/></ab><lb n="23" xml:id="l-23"/>
<ab rend="indent">Als ik naar Holland kom <lb n="24" xml:id="l-24"/>dan kom ik ook zoo mogelijk <lb n="25" xml:id="l-25"/>voor een dag of wat naar <lb n="26" xml:id="l-26"/>den Haag, want den Haag <lb n="27" xml:id="l-27"/>is als een tweede t’huis voor <lb n="28" xml:id="l-28"/>mij.─ (Ik kom bij jou logeeren.)</ab><lb n="29" xml:id="l-29"/>
<ab rend="indent">Die wandeling naar de Vink<anchor n="7" xml:id="note-o-7"/> <lb n="30" xml:id="l-30"/>had ik wel mee willen maken. <lb n="31" xml:id="l-31"/>Ik wandel hier zooveel ik <lb n="32" xml:id="l-32"/>kan, maar heb het zeer druk. <lb n="33" xml:id="l-33"/>’t Is hier prachtig mooi (al is ’t in <lb n="34" xml:id="l-34"/>de stad)<c type="kp">_</c> In alle tuinen bloeien <lb n="35" xml:id="l-35"/>de seringen &amp; meidoorns &amp; <lb n="36" xml:id="l-36"/>goude regens &amp;c<c type="kp">_</c> &amp; de kastanje<c type="shy">-</c><lb n="37" xml:id="l-37"/>boomen zijn prachtig.─</ab><lb n="38" xml:id="l-38"/>
<ab rend="indent">Als men waarachtig van <lb n="39" xml:id="l-39"/>de natuur houdt dan vindt <lb n="40" xml:id="l-40"/>men ’t overal mooi<c type="kp">_</c> Maar <lb n="41" xml:id="l-41"/>toch verlang ik soms zoo naar <lb n="42" xml:id="l-42"/>Holland &amp; vooral naar Hel<c type="shy">-</c><lb n="43" xml:id="l-43"/>voirt.─ </ab><lb n="44" xml:id="l-44"/>
<ab rend="indent">Ik ben druk aan ’t tuinieren <lb n="45" xml:id="l-45"/>&amp; heb ons tuintje volgezaaid <lb n="46" xml:id="l-46"/>met bloeiboonen, papavers <lb n="47" xml:id="l-47"/>&amp; reseda, nu moeten we 
<pb f="1v" n="3" xml:id="pb-orig-1v-3" facs="#zone-pb-1v-3"/><lb n="48" xml:id="l-48"/>maar afwachten wat <lb n="49" xml:id="l-49"/>er van komt.</ab><lb n="50" xml:id="l-50"/>
<ab rend="indent">Ik geniet de wandelingen van <lb n="51" xml:id="l-51"/>huis naar de zaak &amp; s’avonds <lb n="52" xml:id="l-52"/>van de zaak naar huis, ’t is <lb n="53" xml:id="l-53"/>± 3 kwartier loopen.─</ab><lb n="54" xml:id="l-54"/>
<ab rend="indent">’t Is een heerlijk ding men <lb n="55" xml:id="l-55"/>hier zoo vroeg gedaan heeft, <lb n="56" xml:id="l-56"/>om 6 uur sluiten wij &amp; toch <lb n="57" xml:id="l-57"/>wordt er daarom niet min<c type="shy">-</c><lb n="58" xml:id="l-58"/>der gewerkt.─</ab><lb n="59" xml:id="l-59"/>
<ab rend="indent">Groet alle bekenden <lb n="60" xml:id="l-60"/>bij Tersteeg<c type="kk">/</c> Haanebeek &amp; Carbentus, &amp; vooral Roos<c type="kk">/</c> <lb n="61" xml:id="l-61"/>ook allen bij Oom Pompe omdat <lb n="62" xml:id="l-62"/>zij naar Kampen gaan<anchor n="8" xml:id="note-o-8"/> &amp; <lb n="63" xml:id="l-63"/>M<hi rend="ss">r</hi>. Bakhuyzen<anchor n="9" xml:id="note-o-9"/> &amp;c.</ab><lb n="64" xml:id="l-64"/>
<ab rend="indent">Het beste je toegewenscht.</ab>
<vg:whiteline/><lb n="65" xml:id="l-65"/>
<ab>Vincent</ab>
<vg:whiteline/><lb n="66" xml:id="l-66"/>
<ab>De appelboomen &amp;c<c type="kp">_</c> hebben hier prach<c type="shy">-</c><lb n="67" xml:id="l-67"/>tig gebloeid; mij dunkt alles hier <lb n="68" xml:id="l-68"/>vroeger is dan in Holland.─</ab>
<pb f="1v" n="4" xml:id="pb-orig-1v-4" facs="#zone-pb-1v-4"/><lb n="69" xml:id="l-69"/>
<ab rend="indent">Zoodra ik iets meer bepaalds aan<c type="shy">-</c><lb n="70" xml:id="l-70"/>gaande mijn naar huis gaan <lb n="71" xml:id="l-71"/>weet, dan zal ik het je dadelijk <lb n="72" xml:id="l-72"/>schrijven. ’k Vrees echter ’t nog <lb n="73" xml:id="l-73"/>wel een week of 4 duren zal <lb n="74" xml:id="l-74"/>eer er van komen kan.─ <lb n="75" xml:id="l-75"/>Schrijf eens spoedig.─</ab>
<vg:whiteline/></div>
<div type="translation">
<pb f="1r" n="1" xml:id="pb-trans-1r-1" facs="#zone-pb-1r-1"/>
<ab>London, 30 April 1874</ab>
<vg:whiteline/>
<ab>My dear Theo,</ab>
<ab>Many happy returns of the day.<anchor n="1" xml:id="note-t-1"/> Do right and don’t look back,<anchor n="2" xml:id="note-t-2"/> and things will turn out well.</ab>
<ab rend="indent">I was glad to get your last letter. I sent you a photo a couple of days ago:</ab>
<vg:whiteline/>
<ab>Young girl with a sword, <rs type="pers" key="1115">Jacquet</rs><anchor n="3" xml:id="note-t-3"/></ab>
<vg:whiteline/>
<ab>because I thought you’d like to have it.</ab>
<ab rend="indent"><rs type="pers" key="1052">Van Gorkom</rs>’s painting isn’t very dirty.<anchor n="4" xml:id="note-t-4"/> (Between you and me, I didn’t see it, but anyway tell him I wrote that it wasn’t very dirty.)</ab>
<ab rend="indent">How are <rs type="pers" key="323">Mauve</rs> and <rs type="pers" key="321">Jet Carbentus</rs>?<anchor n="5" xml:id="note-t-5"/> Write to me with news of them.</ab>
<ab rend="indent">It’s good that you visit 
<pb f="1r" n="2" xml:id="pb-trans-1r-2" facs="#zone-pb-1r-2"/><rs type="pers" key="442 443"> the Haanebeeks</rs>.<anchor n="6" xml:id="note-t-6"/></ab>
<ab rend="indent">If I come to Holland, I’ll also come to The Hague for a day or two if possible, because The Hague is like a second home to me. (I’ll come and stay with you.)</ab>
<ab rend="indent">I’d have liked to go on that walk to De Vink.<anchor n="7" xml:id="note-t-7"/> I walk here as much as I can, but I’m very busy. It’s absolutely beautiful here (even though it’s in the city). There are lilacs and hawthorns and laburnums &amp;c. blossoming in all the gardens, and the chestnut trees are magnificent.</ab>
<ab rend="indent">If one truly loves nature one finds beauty everywhere. Yet I sometimes yearn so much for Holland, and especially Helvoirt.</ab>
<ab rend="indent">I’m doing a lot of gardening and have sown sweet peas, poppies and reseda, now we just have to 
<pb f="1v" n="3" xml:id="pb-trans-1v-3" facs="#zone-pb-1v-3"/> wait and see what comes of it.</ab>
<ab rend="indent">I enjoy the walk from home to the office and in the evening from the office back home. It takes about three-quarters of an hour.</ab>
<ab rend="indent">It’s wonderful to be finished so early here; we close at 6 o’clock and yet we work none the less because of it.</ab>
<ab rend="indent">Give my regards to everyone I know at the <rs type="pers" key="787 788">Tersteegs</rs>’, <rs type="pers" key="442 443">Haanebeeks</rs>’ and <rs type="pers" key="13 41">Carbentuses</rs>’, and especially <rs type="pers" key="642 643">the Rooses</rs>’, also everyone at <rs type="pers" key="579">Uncle Pompe</rs>’s, because they’re going to Kampen,<anchor n="8" xml:id="note-t-8"/> and <rs type="pers" key="1342">Mr Bakhuyzen</rs><anchor n="9" xml:id="note-t-9"/> &amp;c.</ab>
<ab rend="indent">I wish you the best.</ab>
<vg:whiteline/>
<ab>Vincent</ab>
<vg:whiteline/>
<ab>The apple trees &amp;c. have blossomed beautifully here; it seems to me that everything is earlier here than in Holland. 
<pb f="1v" n="4" xml:id="pb-trans-1v-4" facs="#zone-pb-1v-4"/></ab>
<ab rend="indent">As soon as I know something more definite about my going home, I’ll write to you directly. I fear, however, that it will be around 4 weeks or so before it can happen. Write soon.</ab></div>
<div type="notes">
<note n="1" xml:id="n-1" target="#note-t-1">
<ab>Theo was to turn 17 on 1 May.</ab></note>
<note n="2" xml:id="n-2" target="#note-t-2">
<ab>Saying, meaning that someone who acts virtuously can have a clear conscience; cf. <bibleref xmlns="http://www.vangoghletters.org/ns/" book="Luke" chap="9" v="62">Luke 9:62</bibleref>.</ab></note>
<note n="3" xml:id="n-3" target="#note-t-3">
<ab>The reproduction after the painting <hi rend="ital">Girl holding a sword</hi> (1872) by <rs type="pers" key="1115">Gustave Jean Jacquet</rs> was published by Goupil &amp; Co. The photograph, <hi rend="ital">Jeune fille tenant une épée</hi>, was preserved in Theo’s scrapbook (FR t*1488, 24). <rs type="ill" key="1698">Ill. 1698</rs>. Van Gogh sent the same photograph to his sister <rs type="pers" key="401">Lies</rs> for her birthday on 16 May (FR b2708).</ab></note>
<note n="4" xml:id="n-4" target="#note-t-4">
<ab>Nothing is known about this painting, which supposedly needed cleaning, by the Dutch landscape painter <rs type="pers" key="1052">Jacobus van Gorkom Jr</rs>.</ab></note>
    <note n="5" xml:id="n-5" target="#note-t-5">
<ab><rs type="pers" key="323">Anton Mauve</rs> and <rs type="pers" key="321">Jet Carbentus</rs> had become engaged shortly before this; <ref target="let021.xml">see letter 21</ref>.</ab></note>
<note n="6" xml:id="n-6" target="#note-t-6">
<ab>Contact with respectable families was encouraged. <rs type="pers" key="526">Mr van Gogh</rs> was pleased with Theo’s reception at <rs type="pers" key="442 443">the Haanebeeks</rs>’: ‘We think it wonderful that you are now well and truly accepted by the Haanebeeks. Just do your best to be on as good a footing there as Vincent was. They are really such good and respectable people, and it’s also good for your further education to associate with such people’ (FR b2696, 21 April 1874). </ab></note>
<note n="7" xml:id="n-7" target="#note-t-7">
<ab>De Vink is a small village near The Hague.</ab></note>
<note n="8" xml:id="n-8" target="#note-t-8">
<ab>The couple<rs type="pers" key="579"> Abraham Pompe</rs> and <rs type="pers" key="502">Elisabeth Hubertha van Gogh</rs>, a sister of Mr van Gogh, had three sons (all from Pompe’s first marriage to <rs type="pers" key="582">Maria Quirina Alida ’s Graeuwen</rs>): <rs type="pers" key="177">Jan</rs>, <rs type="pers" key="592">Willem Lodewijk</rs> and <rs type="pers" key="593">Jacobus Cornelius Matthias</rs>. When this letter was written, they were still living in The Hague, but their move to Kampen (on 9 June 1874) was imminent (<hi rend="ital">GAK</hi>).</ab></note>
<note n="9" xml:id="n-9" target="#note-t-9">
    <ab>The Van Goghs were related to the Van de Sande Bakhuyzens. <rs type="pers" key="1622">Hendrik van de Sande Bakhuyzen</rs>, the great-grandfather of <rs type="pers" key="1342">Julius van de Sande Bakhuyzen</rs>, was married to <rs type="pers" key="87">Jannetje van Gogh</rs>. See exhib. cat. The Hague 1997, pp. 72-73. They stayed in touch with the Bakhuyzens, and in October and November 1874 <rs type="pers" key="526">Mr van Gogh</rs> encouraged Theo to visit them (FR b2723 and b2730).</ab></note></div></body></text></TEI>
