<?xml version="1.0" encoding="UTF-8"?>
<!-- Last Changed Date: 2018-07-18 12:32:41 +0200 (Wed, 18 Jul 2018) | SVN Revision: 2206 -->
<!--Licensed under Attribution-NonCommercial-ShareAlike 4.0 International (CC BY-NC-SA 4.0)-->
<?xml-model href="https://xmlschema.huygens.knaw.nl/vgodd.rng" type="application/xml" schematypens="http://relaxng.org/ns/structure/1.0"?>
<TEI xmlns:vg="http://www.vangoghletters.org/ns/" xmlns="http://www.tei-c.org/ns/1.0">
<teiHeader xmlns:xsi="http://www.w3.org/2001/XMLSchema-instance"><fileDesc>
<titleStmt>
<title>To Anna van Gogh-Carbentus and Theo van Gogh. Isleworth, Friday, 13 October 1876.</title>
<editor>Leo Jansen</editor>
<editor>Hans Luijten</editor>
<editor>Nienke Bakker</editor></titleStmt>
<publicationStmt>
<publisher><name>Huygens Instituut voor Nederlandse Geschiedenis (KNAW)</name><email>info@huygens.knaw.nl</email></publisher>
<publisher>Van Gogh Museum</publisher>
<pubPlace>Amsterdam</pubPlace>
<date type="first" when="2009">2009</date>
<availability status="restricted">
<licence target="http://creativecommons.org/licenses/by-nc-sa/4.0/ https://creativecommons.org/licenses/by-nc-sa/4.0/legalcode">
<p>Attribution-NonCommercial-ShareAlike 4.0 International (CC BY-NC-SA 4.0) </p></licence></availability>
<ptr target="http://vangoghletters.org/orig/let094"/></publicationStmt><sourceDesc><vg:letDesc><vg:letIdentifier>
<idno type="jlb">094</idno>
<idno type="collectedletters">77</idno>
<idno type="brieven1990">093</idno></vg:letIdentifier><vg:letHeading><author>Vincent van Gogh</author><vg:addressee>Anna van Gogh-Carbentus and Theo van Gogh</vg:addressee><vg:placeLet>Isleworth</vg:placeLet><vg:dateLet>Friday, 13 October 1876</vg:dateLet></vg:letHeading><vg:letContents>
<p>To Anna van Gogh-Carbentus and Theo van Gogh. Isleworth, Friday, 13 October 1876.</p>
<note type="ongoingTopic" n="1">
<p>Theo’s illness <ref target="let092.xml">(92)</ref></p></note></vg:letContents>
<note type="sourceStatus" xml:id="sourceStatus">
<p>Original manuscript</p></note>
<note type="location" xml:id="location">
<p>Amsterdam, Van Gogh Museum, inv. no. b91 V/1962 (sheet 1), and inv. no. b1470 V/1962 (sheet 2)</p></note>
<note type="date" xml:id="date">
<p>Letter headed: ‘Isleworth 13 October 1876’.</p></note>
<note type="arrangement" xml:id="arrangement">
<p>The phrase ‘Daarjuist ontvang ik Pa’s brief. Goddank. God make ons broeders’ (I just received Pa’s letter. Thank God. May God make us brothers) <ref target="#l-180">(ll. 180-181)</ref> indicates that the sheet on which these words were written (which begins with the quotation from Augustine (<ref target="#l-141">ll. 141</ref> ff.)) was once part of a letter. The relief expressed by these words points to the time when Theo was ill and Vincent tended to pepper his letters with edifying quotations, which is why we assume that the sheet was written in October or November 1877 (<ref target="let092.xml#n-2">see letter 92, n. 2</ref>). Moreover, Van Gogh used the expression ‘Thank God’ a number of times in the same context during this period (<ref target="let093.xml">see letters 93</ref> and <ref target="let096.xml">96</ref>; cf. also <ref target="#n-20">n. 20</ref> below).</p>
<p rend="indent">The sheet could not have been part of <ref target="let092.xml">letter 92</ref>, because in that letter Vincent said that he had just heard – for the first time – that Theo was ill. In <ref target="let093.xml">letter 93</ref> he wrote in the body of the letter <ref target="#l-94">(ll. 94-98)</ref> that he had received good news from home, and it would therefore not make sense to repeat this, as indeed happens in <ref target="#l-180">ll. 180-181</ref>. Finally, when <ref target="let095.xml">letter 95</ref> was written, the most difficult period of Theo’s illness was clearly past. We therefore think that the sheet in question belongs to the present letter.</p></note></vg:letDesc></sourceDesc></fileDesc></teiHeader>
<facsimile xmlns:xsi="http://www.w3.org/2001/XMLSchema-instance">
<surface n="b 0091" xml:id="surf-pb-1r"><graphic mimeType="image/tiff" url="VGM001000095_01.TIF" rend="norend"/><graphic mimeType="image/tiff" url="VGM001000095_01_n.tif" rend="norend"/><graphic mimeType="image/jpeg" url="VGM001000095_01_nt.jpg" height="50px" rend="thumbnail"/><zone xml:id="zone-pb-1r-1">
<graphic mimeType="image/tiff" url="VGM001000095_01_nR.tif" rend="norend"/><graphic mimeType="image/jpeg" url="VGM001000095_01_nRt.jpg" height="50px" rend="thumbnail"/><graphic mimeType="image/png" url="VGM001000095_01_nRf.png" width="380px" rend="facstab"/></zone>
<zone xml:id="zone-pb-1r-4">
<graphic mimeType="image/tiff" url="VGM001000095_01_nL.tif" rend="norend"/><graphic mimeType="image/jpeg" url="VGM001000095_01_nLt.jpg" height="50px" rend="thumbnail"/><graphic mimeType="image/png" url="VGM001000095_01_nLf.png" width="380px" rend="facstab"/></zone>
</surface>
<surface n="b 0091" xml:id="surf-pb-1v"><graphic mimeType="image/tiff" url="VGM001000095_02.TIF" rend="norend"/><graphic mimeType="image/tiff" url="VGM001000095_02_n.tif" rend="norend"/><graphic mimeType="image/jpeg" url="VGM001000095_02_nt.jpg" height="50px" rend="thumbnail"/><zone xml:id="zone-pb-1v-2">
<graphic mimeType="image/tiff" url="VGM001000095_02_nR.tif" rend="norend"/><graphic mimeType="image/jpeg" url="VGM001000095_02_nRt.jpg" height="50px" rend="thumbnail"/><graphic mimeType="image/png" url="VGM001000095_02_nRf.png" width="380px" rend="facstab"/></zone>
<zone xml:id="zone-pb-1v-3">
<graphic mimeType="image/tiff" url="VGM001000095_02_nL.tif" rend="norend"/><graphic mimeType="image/jpeg" url="VGM001000095_02_nLt.jpg" height="50px" rend="thumbnail"/><graphic mimeType="image/png" url="VGM001000095_02_nLf.png" width="380px" rend="facstab"/></zone>
</surface>
<surface n="b 1470" xml:id="surf-pb-2r"><graphic mimeType="image/tiff" url="VGM001001358_01.TIF" rend="norend"/><zone xml:id="zone-pb-2r-5">
<graphic mimeType="image/tiff" url="VGM001001358_01_n.tif" rend="norend"/><graphic mimeType="image/jpeg" url="VGM001001358_01_nt.jpg" height="50px" rend="thumbnail"/><graphic mimeType="image/png" url="VGM001001358_01_nf.png" width="380px" rend="facstab"/></zone>
</surface>
<surface n="b 1470" xml:id="surf-pb-2v"><graphic mimeType="image/tiff" url="VGM001001358_02.TIF" rend="norend"/><zone xml:id="zone-pb-2v-6">
<graphic mimeType="image/tiff" url="VGM001001358_02_n.tif" rend="norend"/><graphic mimeType="image/jpeg" url="VGM001001358_02_nt.jpg" height="50px" rend="thumbnail"/><graphic mimeType="image/png" url="VGM001001358_02_nf.png" width="380px" rend="facstab"/></zone>
</surface></facsimile><text xmlns:xsi="http://www.w3.org/2001/XMLSchema-instance"><body>
<div type="original">
<pb f="1r" n="1" xml:id="pb-orig-1r-1" facs="#zone-pb-1r-1"/><lb n="1" xml:id="l-1"/>
<ab>Isleworth 13 October 1876</ab>
<vg:whiteline/><lb n="2" xml:id="l-2"/>
<ab>Lieve Moeder en Theo,</ab><lb n="3" xml:id="l-3"/>
<ab>Morgen gaan de jongens naar huis en dan <lb n="4" xml:id="l-4"/>ontvang ik mijn geld<c type="kp">_</c> Ik vroeg aan Mr Jones om mij <lb n="5" xml:id="l-5"/>naar U toe te laten gaan in die drie dagen, mijn <lb n="6" xml:id="l-6"/>hart is zoo bij u.– Het hangt nu van U beiden <lb n="7" xml:id="l-7"/>af – als U zegt – “gij moogt komen” dan wil Mr Jones <lb n="8" xml:id="l-8"/>mij laten gaan. Behalve dat ik zoo graag eens <lb n="9" xml:id="l-9"/>aan het bed van Theo zou zitten, zou ik zoo heel <lb n="10" xml:id="l-10"/>graag ook eens met mijne Moeder spreken, en <lb n="11" xml:id="l-11"/>zoo mogelijk ook nog eens naar Etten gaan <lb n="12" xml:id="l-12"/>om mijn Vader weer eens te zien en te spreken. ’t Zou <lb n="13" xml:id="l-13"/>maar voor kort zijn<c type="kk">/</c> een of twee dagen zou ik bij U kun<c type="shy">-</c><lb n="14" xml:id="l-14"/>nen zijn.–</ab><lb n="15" xml:id="l-15"/>
<ab rend="indent">Verleden Maandag was ik weer te Richmond en <lb n="16" xml:id="l-16"/>nam de woorden<c type="kk">/</c><anchor n="1" xml:id="note-o-1"/> Hij heeft mij gezonden om <lb n="17" xml:id="l-17"/>den armen het evangelie te verkondigen.<anchor n="2" xml:id="note-o-2"/> Maar <lb n="18" xml:id="l-18"/>zoo wie het evangelie wil verkondigen die moet <lb n="19" xml:id="l-19"/>het eerst zelf in het hart hebben, och dat ik het <lb n="20" xml:id="l-20"/>vinden mocht, want het is alleen het woord <lb n="21" xml:id="l-21"/>gesproken in eenvoudigheid en uit den overvloed des <lb n="22" xml:id="l-22"/>harten<anchor n="3" xml:id="note-o-3"/> dat vrucht kan voortbrengen.</ab><lb n="23" xml:id="l-23"/>
<ab rend="indent">Misschien ga ik dezer dagen weer eens naar Londen <lb n="24" xml:id="l-24"/>of Lewisham.<anchor n="4" xml:id="note-o-4"/></ab><lb n="25" xml:id="l-25"/>
<ab rend="indent">Daarjuist heb ik Duitsche les gegeven aan de <lb n="26" xml:id="l-26"/>Meisjes van Mr Jones<anchor n="5" xml:id="note-o-5"/> en hen na de les de Sneeuwkonin<c type="shy">-</c><lb n="27" xml:id="l-27"/>gin van Andersen<anchor n="6" xml:id="note-o-6"/> verteld.</ab><lb n="28" xml:id="l-28"/>
<ab rend="indent">Als het kan schrijf dan per ommegaande of ik komen <lb n="29" xml:id="l-29"/>mag; ik was blij met Moe’s laatsten brief.–</ab>
<pb f="1v" n="2" xml:id="pb-orig-1v-2" facs="#zone-pb-1v-2"/><lb n="30" xml:id="l-30"/>
<ab rend="indent">Dezer dagen hoop ik eens een bezoek te gaan <lb n="31" xml:id="l-31"/>brengen aan de school van Mr Stokes.– En dan <lb n="32" xml:id="l-32"/>hoop ik een paar nieuwe schoenen te koopen om <lb n="33" xml:id="l-33"/>mij weer op te maken. Het gezicht uit het raam <lb n="34" xml:id="l-34"/>van Uw kamertje zal nu mooi zijn, gij weet ik <lb n="35" xml:id="l-35"/>ken dat van ouds.</ab><lb n="36" xml:id="l-36"/>
<ab rend="indent">Wij hebben veel regen hier tegenwoordig<c type="kk">/</c> dat zal <lb n="37" xml:id="l-37"/>bij U ook wel zoo zijn.</ab><lb n="38" xml:id="l-38"/>
<ab rend="indent">Met Kersmis zal ik 14 dagen of 3 weeken hebben <lb n="39" xml:id="l-39"/>om naar Holland te gaan, mocht Anna dan <lb n="40" xml:id="l-40"/>ook kunnen komen dan zouden wij misschien zamen <lb n="41" xml:id="l-41"/>kunnen gaan.– En nu gaan wij dus zoo langzamer<c type="shy">-</c><lb n="42" xml:id="l-42"/>hand den winter weer te gemoet, wordt gij maar <lb n="43" xml:id="l-43"/>weer geheel beter tegen dien tijd. Het is toch <lb n="44" xml:id="l-44"/>heerlijk het kersmis is in den winter. O Jongen <lb n="45" xml:id="l-45"/>ik verheug er mij zoo op om als het koud zal zijn <lb n="46" xml:id="l-46"/>hier en daar rond te gaan te Turnham green.<anchor n="7" xml:id="note-o-7"/> <lb n="47" xml:id="l-47"/>Als ik zoo aan U denk, als aan “een dien <lb n="48" xml:id="l-48"/>zijne Moeder vertroost en die waardig is <lb n="49" xml:id="l-49"/>om door zijne Moeder vertroost te worden”,<anchor n="8" xml:id="note-o-8"/> ’t is <lb n="50" xml:id="l-50"/>om te benijden. Maar word maar spoedig <lb n="51" xml:id="l-51"/>beter.</ab><lb n="52" xml:id="l-52"/>
<ab rend="indent">Gisteren vroeg ik aan Mr Jones om mij te laten <lb n="53" xml:id="l-53"/>gaan maar Hij wilde niet toestemmen en <lb n="54" xml:id="l-54"/>zeide ten laatste<c type="kk">/</c> schrijf aan je Moeder<c type="kk">/</c> als die het goed<c type="shy">-</c><lb n="55" xml:id="l-55"/>vind dan vind ik het ook goed.</ab><lb n="56" xml:id="l-56"/>
<ab rend="indent">Het is toch een mooi vers dat van de Genestet:</ab>
<vg:whiteline/><lb n="57" xml:id="l-57"/>
<ab>Op de bergen van het Lijden</ab><lb n="58" xml:id="l-58"/>
<ab>Steile weg naar ’t heilig Land</ab><lb n="59" xml:id="l-59"/>
<ab>Steile weg naar hooger streven</ab><lb n="60" xml:id="l-60"/>
<ab>Steile weg naar beter leven</ab><lb n="61" xml:id="l-61"/>
<ab>Op die bergen van het Lijden</ab><lb n="62" xml:id="l-62"/>
<ab>Voerde mij Gods liefde hand.</ab><lb n="63" xml:id="l-63"/>
<ab>Van hun toppen – ’t scheen wel nader</ab><lb n="64" xml:id="l-64"/>
<ab>Bij der starren heilge sfeer</ab><lb n="65" xml:id="l-65"/>
<ab>En de woning van den Vader –</ab><lb n="66" xml:id="l-66"/>
<ab>Op de wereld zag ik neer</ab><lb n="67" xml:id="l-67"/>
<ab>Maar toch dacht ik aan den morgen</ab><lb n="68" xml:id="l-68"/>
<ab>Aan een morgen van weleer</ab><lb n="69" xml:id="l-69"/>
<ab>Toen ik lachend zonder zorgen</ab><lb n="70" xml:id="l-70"/>
<ab>Blikte in Uw wereld Heer.<anchor n="9" xml:id="note-o-9"/></ab>
<vg:whiteline/>
<pb f="1v" n="3" xml:id="pb-orig-1v-3" facs="#zone-pb-1v-3"/><lb n="71" xml:id="l-71"/>
<ab>En nu schrijf ik nog wat over voor mijn broer:</ab>
<vg:whiteline/><lb n="72" xml:id="l-72"/>
<ab>Ik heb lief want de Heer hoort mijne stem, mijne <lb n="73" xml:id="l-73"/>smeekingen; want Hij neigt Zijn oor naar mij<c type="kk">/</c> <lb n="74" xml:id="l-74"/>dies zal ik Hem al mijne dagen aanroepen<c type="kp">_</c></ab><lb n="75" xml:id="l-75"/>
<ab rend="indent">De banden des doods hadden mij omvangen, <lb n="76" xml:id="l-76"/>en de angsten der hel hadden mij getroffen<c type="kk">/</c> ik vond <lb n="77" xml:id="l-77"/>benaauwdheid en droefenis<c type="kp">_</c> Maar ik riep den naam <lb n="78" xml:id="l-78"/>des Heeren aan, zeggende: Och Heer bevrijd <lb n="79" xml:id="l-79"/>mijne ziel<c type="kp">_</c> De Heer is genadig en regtvaardig <lb n="80" xml:id="l-80"/>en onze God is ontfermende. De Heer bewaart de <lb n="81" xml:id="l-81"/>eenvoudigen; ik was uitgeteerd doch Hij verlost <lb n="82" xml:id="l-82"/>mij. Mijne ziel<c type="kk">/</c> keer weder tot Uwe rust want <lb n="83" xml:id="l-83"/>de Heer doet aan U wel. Want Gij o Heer hebt <lb n="84" xml:id="l-84"/>mijne ziel gered van den dood, mijne oogen van tranen<c type="kk">/</c> <lb n="85" xml:id="l-85"/>mijnen voet van aanstoot. Ik zal wandelen voor het <lb n="86" xml:id="l-86"/>aangezicht des Heeren, in de landen der levenden. <lb n="87" xml:id="l-87"/>Ik heb geloofd<c type="kk">/</c> daarom sprak ik; ik ben zeer bedrukt <lb n="88" xml:id="l-88"/>geweest. Ik zeide in mijn haasten: Alle menschen <lb n="89" xml:id="l-89"/>zijn leugenaars. Wat zal ik den Heer vergelden <lb n="90" xml:id="l-90"/>voor al Zijne weldaden aan mij bewezen? Ik zal <lb n="91" xml:id="l-91"/>den beker der verlossingen opnemen, en den naam des <lb n="92" xml:id="l-92"/>Heeren aanroepen. Mijne geloften zal ik den Heer <lb n="93" xml:id="l-93"/>betalen. Och Heer zekerlijk ben ik Uw knecht, <lb n="94" xml:id="l-94"/>een zoon Uwer dienstmaagd. Gij hebt mijne <lb n="95" xml:id="l-95"/>banden losgemaakt<c type="kp">_</c> Ik zal U offeren eene offerande <lb n="96" xml:id="l-96"/>van dankzegging en den naam des Heeren aan<c type="shy">-</c><lb n="97" xml:id="l-97"/>roepen. Ik zal mijne geloften den Heer betalen<c type="kk">/</c> <lb n="98" xml:id="l-98"/>nu in de tegenwoordigheid van al Zijn volk; in de <lb n="99" xml:id="l-99"/>voorhoven van het huis des Heeren.<anchor n="10" xml:id="note-o-10"/></ab><lb n="100" xml:id="l-100"/>
<ab rend="indent">Uit de benaauwdheid heb ik den Heer aangeroepen<c type="kk">/</c> <lb n="101" xml:id="l-101"/>de Heer heeft mij verhoord<c type="kk">/</c> mij stellende in de ruimte<c type="kp">_</c> <lb n="102" xml:id="l-102"/>De Heer is bij mij, ik zal niet vreezen; wat zal een <lb n="103" xml:id="l-103"/>mensch mij doen? De Heer is bij mij onder degenen <lb n="104" xml:id="l-104"/>die mij helpen. Het is beter tot den Heer toe<c type="shy">-</c><lb n="105" xml:id="l-105"/>vlugt te nemen dan op den mensch te vertrouwen.<anchor n="11" xml:id="note-o-11"/></ab>
<vg:whiteline/><lb n="106" xml:id="l-106"/>
<ab>“Hij weet niet wat er geschieden zal.”<anchor n="12" xml:id="note-o-12"/> Onze kortzichtigheid <lb n="107" xml:id="l-107"/>verlange niet meer te weten dan de Alwijze ons wilde <lb n="108" xml:id="l-108"/>bekend maken, en onze afhankelijkheid geve zich kalm <lb n="109" xml:id="l-109"/>over aan den Almachtige.– Dat is de dagtekst van <lb n="110" xml:id="l-110"/>heden.–<anchor n="13" xml:id="note-o-13"/></ab>
<vg:whiteline/>
<pb f="1r" n="4" xml:id="pb-orig-1r-4" facs="#zone-pb-1r-4"/><lb n="111" xml:id="l-111"/>
<ab>Toen ik een knaap was<anchor n="14" xml:id="note-o-14"/></ab>
<vg:whiteline/><lb n="112" xml:id="l-112"/>
<ab>Toen ik een knaap was in ’t zorglooze leven</ab><lb n="113" xml:id="l-113"/>
<ab>Gordde ik mij zelven en liep naar mijn lust</ab><lb n="114" xml:id="l-114"/>
<ab>Vrij in mijn wandlen mijn zoeken en streven</ab><lb n="115" xml:id="l-115"/>
<ab>Vrij in mijn reizen mijn droomen mijn rust</ab>
<vg:whiteline/><lb n="116" xml:id="l-116"/>
<ab>Straks ook voor mij is een ure gekomen</ab><lb n="117" xml:id="l-117"/>
<ab>Ure van roeping van ernst van gena</ab><lb n="118" xml:id="l-118"/>
<ab>Dat in mijn boezem de stem werd vernomen</ab><lb n="119" xml:id="l-119"/>
<ab>Hebt gij mij lief? – en mijn ziele sprak “ja.”</ab>
<vg:whiteline/><lb n="120" xml:id="l-120"/>
<ab>Sinds mij dat uur uit mijn droomen kwam wekken</ab><lb n="121" xml:id="l-121"/>
<ab>Leidt mij een ander, ook waar ik niet wil</ab><lb n="122" xml:id="l-122"/>
<ab>Leert mij de handen steeds williger strekken</ab><lb n="123" xml:id="l-123"/>
<ab>Volgen en dragen, ach, vrolijk en stil.–</ab>
<vg:whiteline/><lb n="124" xml:id="l-124"/>
<ab>Toch nu de Meerdre gebiedt in mijn leven</ab><lb n="125" xml:id="l-125"/>
<ab>Vinde ik trots banden en zielstrijd en smart</ab><lb n="126" xml:id="l-126"/>
<ab>Wat ik eens vruchteloos zocht in mijn leven</ab><lb n="127" xml:id="l-127"/>
<ab>Meer rust en meer vrede voor ’t rusteloos hart.</ab>
<vg:whiteline/><lb n="128" xml:id="l-128"/>
<ab>En nu een handdruk aan U beiden en aan <lb n="129" xml:id="l-129"/>de Hr en Jufvr. Roos en aan Willem<anchor n="15" xml:id="note-o-15"/> en als <lb n="130" xml:id="l-130"/>gij anderen ziet die ik ken. En laat spoedig <lb n="131" xml:id="l-131"/>weer eens hooren hoe het gaat en geloof mij</ab>
<vg:whiteline/><lb n="132" xml:id="l-132"/>
<ab>Uw zoo liefh. broer</ab><lb n="133" xml:id="l-133"/>
<ab>Vincent</ab>
<vg:whiteline/><lb n="134" xml:id="l-134"/>
<ab>Wat wilt Gij Heer dat ik doen <lb n="135" xml:id="l-135"/>zal<anchor n="16" xml:id="note-o-16"/> is eene vraag die wel dikwijls in het <lb n="136" xml:id="l-136"/>leven op de lippen komt, en wel dikwijls <lb n="137" xml:id="l-137"/>moeten wij vragen<c type="kk">/</c> Och, geef Uw zegen <lb n="138" xml:id="l-138"/>op dat wat ik doen zal. Moge dat gebed voor ons verhoord wor<c type="shy">-</c><lb n="139" xml:id="l-139"/>den<c type="kk">/</c> Vader ik bid U niet dat Gij hen uit de wereld wegneemt <lb n="140" xml:id="l-140"/>maar dat Gij hen bewaart voor den booze.<anchor n="17" xml:id="note-o-17"/> Dat zij zoo.</ab>
<vg:whiteline/>
<pb f="2r" n="5" xml:id="pb-orig-2r-5" facs="#zone-pb-2r-5"/><lb n="141" xml:id="l-141"/>
<ab>Het gebeurde dat wij ons alleen bevonden, mijne Moeder en ik<c type="kk">/</c> <lb n="142" xml:id="l-142"/>aan een geopend venster, van waar wij het uitzigt hadden op <lb n="143" xml:id="l-143"/>den tuin van het huis waarin wij ons begeven hadden, aan de <lb n="144" xml:id="l-144"/>haven van Ostia. Daar wachtten wij, verre van de volksmenigte, <lb n="145" xml:id="l-145"/>na de vermoeijenis eener lange reis, het oogenblik van den over<c type="shy">-</c><lb n="146" xml:id="l-146"/>togt af. Wij waren alleen, te zamen sprekende met een onuit<c type="shy">-</c><lb n="147" xml:id="l-147"/>sprekelijk genot; en terwijl wij het verleden vergaten en geheel <lb n="148" xml:id="l-148"/>in de toekomst ons verdiepten, bespraken wij hoe voor de heiligen <lb n="149" xml:id="l-149"/>dat eeuwige leven zijn zou wat geen oog gezien, geen oor heeft <lb n="150" xml:id="l-150"/>vernomen en dat in niemands hart is opgekomen. En op de vleugelen <lb n="151" xml:id="l-151"/>der Liefde gevoerd tot Hem die is wandelden wij in den geest naar <lb n="152" xml:id="l-152"/>die hemelstreken, vanwaar de sterren, de maan en de zon hun <lb n="153" xml:id="l-153"/>licht ons toezenden. En nog hooger stijgende in onze gedachten, in onze <lb n="154" xml:id="l-154"/>woorden, in de bewondering Uwer werken, o Heer, traden wij als buiten ons <lb n="155" xml:id="l-155"/>zelven, om de ongeschapen wijsheid te bereiken, die is wat zij geweest <lb n="156" xml:id="l-156"/>is, wat zij altijd zal zijn, of liever in welke nooit het geweest zijn <lb n="157" xml:id="l-157"/>is of het moeten zijn, maar het zijn alleen, omdat zij eeuwig <lb n="158" xml:id="l-158"/>is want het geweest zijn en het moeten zijn sluiten de eeuwigheid <lb n="159" xml:id="l-159"/>uit. En terwijl wij zoo spraken in de vlugt onzer gedachten <lb n="160" xml:id="l-160"/>naar dat leven, kwamen wij er een enkel oogenblik in den <lb n="161" xml:id="l-161"/>geest mede in aanraking, en wij zuchtten en lieten de eerste<c type="shy">-</c><lb n="162" xml:id="l-162"/>lingen des geestes gevangen, en daalden weer af tot het ge<c type="shy">-</c><lb n="163" xml:id="l-163"/>luid der stem, tot het woord dat begint en eindigt.</ab><lb n="164" xml:id="l-164"/>
<ab rend="indent">Wij spraken aldus: Als er eene ziel is, in wie de stem des <lb n="165" xml:id="l-165"/>vleesches tot stilzwijgen komt, die zich zelve het stilzwijgen <lb n="166" xml:id="l-166"/>oplegt, en zich zelven vergetende, den drempel van het <lb n="167" xml:id="l-167"/>binnenste overschrijdt; als de laatste stem in het stilzwijgen verloren <lb n="168" xml:id="l-168"/>gaat, nadat onze ziel zich verheven heeft tot den oorsprong <lb n="169" xml:id="l-169"/>aller dingen, en Hij alleen spreekt, niet door Zijne schepselen <lb n="170" xml:id="l-170"/>maar door zich zelven, als Hij tot ons spreekt, Hij alleen <lb n="171" xml:id="l-171"/>wien wij in alles beminnen; als Hij tot ons spreekt terwijl alles <lb n="172" xml:id="l-172"/>ons ontvlugt en terwijl alle beschouwing eener lagere orde ophoudt <lb n="173" xml:id="l-173"/>den beschouwer in zijne stille vreugde verrukt gevangen houdt en <lb n="174" xml:id="l-174"/>medesleept; als het eeuwige leven eindelijk gelijk is aan deze vlug<c type="shy">-</c><lb n="175" xml:id="l-175"/>tige verrukking die ons nog zuchten doet; is dat niet de be<c type="shy">-</c><lb n="176" xml:id="l-176"/>lofte van dit woord “Ga binnen in de vreugde Uws Heeren”? <lb n="177" xml:id="l-177"/>Zoo waren de gedachten van dit onderhoud.</ab><lb n="181*" xml:id="l-181s"/>
<ab><hi rend="ital">Augustinus</hi><anchor n="18" xml:id="note-o-18"/></ab>
<vg:whiteline/><lb n="177*" xml:id="l-177s"/>
<ab>zoo waar <lb n="178" xml:id="l-178"/>twee of drie vergaderd zijn in Mijnen naam daar ben <lb n="179" xml:id="l-179"/>Ik in het midden van hen.–<anchor n="19" xml:id="note-o-19"/></ab>
<vg:whiteline/><lb n="180" xml:id="l-180"/>
<ab>Daarjuist ontvang ik Pa’s brief. Goddank. God make ons <lb n="181" xml:id="l-181"/>broeders.–<anchor n="20" xml:id="note-o-20"/></ab>
<vg:whiteline/><lb n="182" xml:id="l-182"/>
<ab>Al ware het dat ik de talen der menschen en der Engelen <lb n="183" xml:id="l-183"/>sprak en de Liefde niet had, zoo ware ik een klinkend me<c type="shy">-</c><lb n="184" xml:id="l-184"/>taal of luidende schel geworden. En al ware het dat ik de <lb n="185" xml:id="l-185"/>gave der profetie had en wist al de verborgenheden en al de weten<c type="shy">-</c><lb n="186" xml:id="l-186"/>schap, en al ware het dat ik al het geloof had zoodat ik bergen <lb n="187" xml:id="l-187"/>verzette, en de Liefde niet had<c type="kk">/</c> zoo ware ik niets<c type="kp">_</c> En al ware <lb n="188" xml:id="l-188"/>het dat ik al mijne goederen tot onderhoud der armen uitdeelde; <lb n="189" xml:id="l-189"/>en al ware het dat ik mijn ligchaam overgaf, opdat ik ver<c type="shy">-</c><lb n="190" xml:id="l-190"/>brand zoude worden, en had de Liefde niet<c type="kk">/</c> zoo zoude het <lb n="191" xml:id="l-191"/>mij geene nuttigheid geven<c type="kp">_</c> De liefde is lang moedig<c type="kk">/</c> <lb n="192" xml:id="l-192"/>zij is goedertieren; de Liefde is niet afgunstig; de Liefde <lb n="193" xml:id="l-193"/>handelt niet ligtvaardig, zij is niet opgeblazen. Zij han<c type="shy">-</c><lb n="194" xml:id="l-194"/>delt niet ongeschikt, Zij zoekt zichzelve niet<c type="kk">/</c> Zij wordt niet <lb n="195" xml:id="l-195"/>verbitterd, Zij denkt geen kwaad. Zij verblijdt zich niet 
<pb f="2v" n="6" xml:id="pb-orig-2v-6" facs="#zone-pb-2v-6"/><lb n="196" xml:id="l-196"/>in de ongeregtigheid, maar zij verblijdt zich in de waarheid; <lb n="197" xml:id="l-197"/>zij bedekt alle dingen, Zij gelooft alle dingen<c type="kk">/</c> zij hoopt alle dingen, <lb n="198" xml:id="l-198"/>zij verdraagt alle dingen. De Liefde vergaat nimmermeer, maar <lb n="199" xml:id="l-199"/>hetzij profetiën<c type="kk">/</c> zij zullen te niet gedaan worden; hetzij talen zij <lb n="200" xml:id="l-200"/>zullen ophouden; hetzij kennis<c type="kk">/</c> zij zal te niet gedaan worden. <lb n="201" xml:id="l-201"/>Want wij kennen ten deele en wij profeteeren ten deele. Doch <lb n="202" xml:id="l-202"/>wanneer het volmaakte zal gekomen zijn, dan zal hetgeen ten <lb n="203" xml:id="l-203"/>deele was te niet gedaan worden. Toen ik een kind was, sprak <lb n="204" xml:id="l-204"/>ik als een kind, overleide ik als een kind, maar wanneer ik <lb n="205" xml:id="l-205"/>een man geworden ben, zoo heb ik te niet gedaan hetgeen eens <lb n="206" xml:id="l-206"/>kinds was. Want wij zien nu door eenen spiegel in eene duistere <lb n="207" xml:id="l-207"/>rede, maar alsdan zullen wij zien aangezigt tot aangezigt, nu <lb n="208" xml:id="l-208"/>ken ik ten deele, maar alsdan zal ik kennen, gelijk ook ik <lb n="209" xml:id="l-209"/>gekend ben. Nu dan blijft geloof<c type="kk">/</c> hoop en Liefde, doch de meeste <lb n="210" xml:id="l-210"/>van deze is de Liefde.–<anchor n="21" xml:id="note-o-21"/></ab>
<vg:whiteline/><lb n="211" xml:id="l-211"/>
<ab><hi rend="ital">Als droevig zijnde maar altijd blijde, als getuchtigd</hi> <lb n="212" xml:id="l-212"/><hi rend="ital">maar niet gedood</hi>.<anchor n="22" xml:id="note-o-22"/></ab>
<vg:whiteline/><lb n="213" xml:id="l-213"/>
<ab><hi rend="ital">Als een dien zijne Moeder vertroost</hi><c type="kp">_</c><anchor n="23" xml:id="note-o-23"/></ab>
<vg:whiteline/><lb n="214" xml:id="l-214"/>
<ab>Je vois d’ici une dame. je la vois marcher pensive dans un jardin <lb n="215" xml:id="l-215"/>peu étendu, et defleuri de bonne heure, mais abrité comme on <lb n="216" xml:id="l-216"/>en voit derrière nos falaises de France ou les dunes de la Hollande<c type="kp">_</c> <lb n="217" xml:id="l-217"/>Les arbustes exotiques sont déjà rentrés dans la serre. Les feuilles <lb n="218" xml:id="l-218"/>tombées dévoilent quelques statues qu’on regarde plus volon<c type="shy">-</c><lb n="219" xml:id="l-219"/>tiers maintenant que manquent les fleurs. Luxe d’art qui con<c type="shy">-</c><lb n="220" xml:id="l-220"/>traste un peu avec la très-simple toilette de la dame, modeste<c type="kk">/</c> <lb n="221" xml:id="l-221"/>grave, où la soie noire ou grise s’égaie à peine d’un simple <lb n="222" xml:id="l-222"/>ruban lilas. Parée de rien<c type="kk">/</c> on peut le dire<c type="kk">/</c> elle n’en est pas <lb n="223" xml:id="l-223"/>moins élégante. Elégante pour son mari et simple au profit <lb n="224" xml:id="l-224"/>des pauvres. Elle atteint le bout de l’allée, se retourne. <lb n="225" xml:id="l-225"/>Nous pouvons la voir. Mais ne l’ai-je pas vue déjà aux musées <lb n="226" xml:id="l-226"/>d’Amsterdam ou de La Haye. Elle me rappelle une dame de <lb n="227" xml:id="l-227"/>Philippe de Champagne qui m’était entrée dans le coeur, si <lb n="228" xml:id="l-228"/>candide, si honnête suffisamment intelligente, simple pourtant <lb n="229" xml:id="l-229"/>sans finesse pour se demêler des ruses de ce monde. Cette <lb n="230" xml:id="l-230"/>femme m’est restée trente ans, me revenant obstinément, <lb n="231" xml:id="l-231"/>m’inquiétant<c type="kk">/</c> me faisant dire: Mais comment se nommait-</ab><lb n="232" xml:id="l-232"/>
<ab>elle? Que lui est-il arrivé<c type="kp">_</c> A-t-elle eu un peu de bonheur? Et <lb n="233" xml:id="l-233"/>comment s’est-elle tirée de la vie. Celle-ci me rappelle un <lb n="234" xml:id="l-234"/>autre portrait<c type="kk">/</c> un van Dyck, une pauvre femme<c type="kk">/</c> fort blanche<c type="kk">/</c> <lb n="235" xml:id="l-235"/>maladive. Le pâle satin de la peau d’incomparable finesse, </ab><lb n="236" xml:id="l-236"/>
<ab>orne un corps souffrant qui mollit. Dans ses beaux yeux <lb n="237" xml:id="l-237"/>flotte une grande melancolie, celle de l’âge? des chagrins <lb n="238" xml:id="l-238"/>de coeur, du climat aussi peut-être. C’est le regard vague<c type="kk">/</c> <lb n="239" xml:id="l-239"/>lointain, d’une personne qui a eu habituellement sous les <lb n="240" xml:id="l-240"/>yeux le vaste Ocean du Nord, la grande mer grise<c type="kk">/</c> déserte<c type="kk">/</c> <lb n="241" xml:id="l-241"/>sauf le vol du goeland.</ab>
<vg:whiteline/><lb n="242" xml:id="l-242"/>
<ab>Michelet<c type="kk">/</c> Les aspirations de l’automne.<anchor n="24" xml:id="note-o-24"/></ab>
<vg:whiteline/><lb n="243" xml:id="l-243"/>
<ab>Haar man is bekend in de poorten, als Hij zit met de oudsten <lb n="244" xml:id="l-244"/>des lands.<anchor n="25" xml:id="note-o-25"/> Het hart Haars’ Heeren vertrouwt op Haar <lb n="245" xml:id="l-245"/>zoodat Hem geen goed zal ontbreken<c type="kp">_</c> Zij doet Hem goed en <lb n="246" xml:id="l-246"/>geen kwaad<c type="kk">/</c> al de dagen Haars levens. Zij staat op als het nog nacht <lb n="247" xml:id="l-247"/>is en geeft haar huis spijze, en Harer dienstmaagden haar bescheiden deel. <lb n="248" xml:id="l-248"/>Hare lamp gaat des nachts niet uit. Zij breidt Hare handpalmen <lb n="249" xml:id="l-249"/>uit tot den ellendige, en zij steekt Hare handen uit tot den nooddruf<c type="shy">-</c><lb n="250" xml:id="l-250"/>tige<c type="kp">_</c> Zij vreest voor Haar huis niet vanwege de sneeuw; want Haar <lb n="251" xml:id="l-251"/>gansche huis is met dubbele kleederen gekleed. Sterkte en heerlijkheid <lb n="252" xml:id="l-252"/>zijn Hare kleeding; en zij lacht over den toekomenden dag – Zij doet Haren <lb n="253" xml:id="l-253"/>mond open met wijsheid; en op Hare tong is de leer der goeddadigheid. Zij <lb n="254" xml:id="l-254"/>beschouwt de gangen van Haar huis, en het brood der luiheid eet zij niet<c type="kp">_</c> <lb n="255" xml:id="l-255"/>Hare kinderen staan op en noemen Haar welgelukzalig; ook Haar man; en Hij <lb n="256" xml:id="l-256"/>prijst Haar zeggende<c type="kk">/</c> Vele dochters hebben deugdelijk gehandeld, maar Gij <lb n="257" xml:id="l-257"/>gaat die allen te boven. De bevalligheid is bedrog, en de schoonheid is ijdelheid <lb n="258" xml:id="l-258"/>maar eene vrouw die den Heer vreest zal geprezen worden. Geef Haar van de <lb n="259" xml:id="l-259"/>vrucht Harer handen, en laat Hare werken Haar prijzen in de poorten<c type="kp">_</c>–<anchor n="26" xml:id="note-o-26"/> Twee dingen <lb n="260" xml:id="l-260"/>heb ik van den Heer begeerd, onthoud ze mij niet, voor ik sterf: Doe ijdelheid en <lb n="261" xml:id="l-261"/>leugentaal verre van mij; geef mij armoede noch rijkdom; voed mij met het brood <lb n="262" xml:id="l-262"/>mijns bescheiden deels.–<anchor n="27" xml:id="note-o-27"/> Het is beter te zijn in het klaaghuis dan in het huis der <lb n="263" xml:id="l-263"/>maaltijden. Te treuren is beter dan te lagchen, want door de droefheid des aange<c type="shy">-</c><lb n="264" xml:id="l-264"/>zigts wordt het hart verbeterd.–<anchor n="28" xml:id="note-o-28"/> Verbind Gij o Heer ons innig aan elkaar en <lb n="265" xml:id="l-265"/>laat de Liefde tot U dien band meer en meer versterken<anchor n="29" xml:id="note-o-29"/> en laat onze latere dagen <lb n="266" xml:id="l-266"/>zijn digter bij U en daarom beter dan deze<c type="kp">_</c> Eens aan den avond van mijn leven, breng <lb n="267" xml:id="l-267"/>ik van zorg en strijden moe<c type="kk">/</c> voor elken dag mij hier gegeven<c type="kk">/</c> U hooger<c type="kk">/</c> reiner loflied toe.<anchor n="30" xml:id="note-o-30"/> <lb n="268" xml:id="l-268"/>Dwing mij niet Heer dat ik U zoude verlaten, om van achter U weder te keeren. Uw volk zij mijn <lb n="269" xml:id="l-269"/>volk, en Uw God mijn God.–<anchor n="31" xml:id="note-o-31"/></ab>
<vg:whiteline/>
<div type="textualNotes">
<note target="l-44" n="44">heerlijk &lt; Heerlijk</note>
<note target="l-49" n="49">worden” &lt; worden</note>
<note target="l-65" n="65">Vader — &lt; Vader</note>
<note target="l-176" n="176">Heeren”? &lt; Heeren?</note>
<note target="l-177" n="177">onderhoud. &lt; onderhoud;</note>
<note target="l-217" n="217">rentrés &lt; entrés  <hi rend="ital">Corresponding to the original text</hi>.</note>
<note target="l-223" n="223">et simple &lt; simple  <hi rend="ital">Corresponding to the original text</hi>.</note>
<note target="l-231" n="231">nommait &lt; no<supplied><hi rend="ital">xx</hi></supplied>ait  <hi rend="ital">Text lost due to paper damage.</hi></note>
<note target="l-266" n="266">daarom &lt; d<supplied><hi rend="ital">xx</hi></supplied>rom  <hi rend="ital">Text lost due to paper damage.</hi></note></div></div>
<div type="translation">
<pb f="1r" n="1" xml:id="pb-trans-1r-1" facs="#zone-pb-1r-1"/>
<ab>Isleworth, 13 October 1876</ab>
<vg:whiteline/>
<ab>Dearest <rs type="pers" key="524">Mother</rs> and Theo,</ab>
<ab>The boys will be going home tomorrow and then I’ll get my money. I asked <rs type="pers" key="682">Mr Jones</rs> to let me go and see you in these three days, my heart is so much with you. It now depends on you two, if you say, ‘you may come’, then Mr Jones will let me go. Besides wanting so much to sit at Theo’s bedside, I should also like so very much to talk to my <rs type="pers" key="524">Mother</rs>, and if possible to go to Etten once more to see and speak to my <rs type="pers" key="526">Father</rs> again. It would be but a short visit, I could stay with you one or two days.</ab>
<ab rend="indent">Last Monday I was in Richmond again and took as my text<anchor n="1" xml:id="note-t-1"/> ‘He hath sent me to preach the gospel to the poor’.<anchor n="2" xml:id="note-t-2"/> But he who wants to preach the gospel must first have it in his own heart, oh, that I might find it, for it is only the words spoken in singleness and from the abundance of the heart<anchor n="3" xml:id="note-t-3"/> that can bear fruit.</ab>
<ab rend="indent">One of these days, perhaps, I’ll go to London or Lewisham again.<anchor n="4" xml:id="note-t-4"/></ab>
<ab rend="indent">I just gave <rs type="pers" key="682">Mr Jones</rs>’s girls<anchor n="5" xml:id="note-t-5"/> a German lesson, and after the lesson I told them <rs type="pers" key="512">Andersen</rs>’s story The snow queen.<anchor n="6" xml:id="note-t-6"/></ab>
<ab rend="indent">If you can, write and tell me by return of post if I may come. I was glad to have <rs type="pers" key="524">Ma</rs>’s last letter. 
<pb f="1v" n="2" xml:id="pb-trans-1v-2" facs="#zone-pb-1v-2"/></ab>
<ab rend="indent">I hope to visit <rs type="pers" key="764">Mr Stokes</rs>’s school one of these days. And then I hope to buy a new pair of shoes to prepare myself. The view from the window in your room is no doubt beautiful now, I know it from days past, you know.</ab>
<ab rend="indent">We’re having a lot of rain here; it’s probably the same where you are.</ab>
<ab rend="indent">I’ll have two or three weeks around Christmas to go to Holland, should <rs type="pers" key="412">Anna</rs> be able to come as well we could perhaps travel together. And now we’re gradually heading towards winter again, make sure you’re completely better when it arrives. It is indeed wonderful that Christmas falls in the winter. Oh how I’m looking forward to it, old boy, to make my rounds here and there at Turnham Green when it’s cold.<anchor n="7" xml:id="note-t-7"/> When I think of you like this, as of ‘one whom his Mother comforteth and who is worthy of being comforted by his Mother’,<anchor n="8" xml:id="note-t-8"/> it is with envy. Do get well soon, in any case.</ab>
<ab rend="indent">Yesterday I asked <rs type="pers" key="682">Mr Jones</rs> to let me go, but he didn’t want to give his consent and said at last, write to your <rs type="pers" key="524">Mother</rs>, if she thinks it’s all right then so do I.</ab>
<ab rend="indent">It is indeed a beautiful poem, that one by <rs type="pers" key="615">De Génestet:</rs></ab>
  <vg:whiteline/>
<ab>On the lofty heights of suffering,</ab>
<ab>Steep the path to the Holy Land,</ab>
<ab>Steep the path one upward strives,</ab>
<ab>Steep the path to better lives.</ab>
<ab>On these lofty heights of suffering,</ab>
<ab>Led by God’s own loving hand.</ab>
<ab>From their peaks – it did seem nearer</ab>
<ab>To the starry, holy sphere,</ab>
<ab>And the dwelling of the Father –</ab>
<ab>Down upon the world I peered.</ab>
<ab>And yet I thought of that one morning,</ab>
<ab>Of a morning long ago,</ab>
<ab>When I, laughing without caring,</ab>
<ab>Glimpsed, O Lord, Thy world below.<anchor n="9" xml:id="note-t-9"/></ab>
<vg:whiteline/>
<ab>
<pb f="1v" n="3" xml:id="pb-trans-1v-3" facs="#zone-pb-1v-3"/></ab>
<ab>And now I’ll copy out something for my brother:</ab>
<vg:whiteline/>
<ab>I love the Lord, because He hath heard my voice and my supplications. Because He hath inclined His ear unto me, therefore will I call upon Him as long as I live.</ab>
<ab rend="indent">The sorrows of death compassed me, and the pains of hell gat hold upon me: I found trouble and sorrow. Then called I upon the name of the Lord; O Lord, I beseech thee, deliver my soul. Gracious is the Lord, and righteous; yea, our Lord is merciful. The Lord preserveth the simple: I was brought low, and He helped me. Return unto thy rest, O my soul; for the Lord hath dealt bountifully with thee. For Thou hast delivered my soul from death, mine eyes from tears, and my feet from falling. I will walk before the Lord in the land of the living. I believed, therefore have I spoken: I was greatly afflicted: I said in my haste, all men are liars. What shall I render unto the Lord for all His benefits toward me? I will take the cup of salvation, and call upon the name of the Lord. I will pay my vows unto the Lord. O Lord, truly I am Thy servant; a son of Thine handmaid: Thou hast loosed my bonds. I will offer to Thee the sacrifice of thanksgiving, and will call upon the name of the Lord. I will pay my vows unto the Lord now in the presence of all His people, in the courts of the Lord’s house.<anchor n="10" xml:id="note-t-10"/></ab>
<ab rend="indent">I called upon the Lord in distress: the Lord answered me, and set me in a large place. The Lord is on my side; I will not fear: what can man do unto me? The Lord taketh my part with them that help me. It is better to trust in the Lord than to put confidence in man.<anchor n="11" xml:id="note-t-11"/></ab>
<vg:whiteline/>
  <ab>‘For he knoweth not that which shall be.’<anchor n="12" xml:id="note-t-12"/> May our shortsightedness ask to know no more than the Omniscient wanted to make known to us, and may our dependence slowly yield to the Almighty. That is the lesson for the day.<anchor n="13" xml:id="note-t-13"/></ab><vg:whiteline/>
<pb f="1r" n="4" xml:id="pb-trans-1r-4" facs="#zone-pb-1r-4"/>
<ab>When I was a lad<anchor n="14" xml:id="note-t-14"/></ab>
<vg:whiteline/>
<ab>When I was a lad, my life carefree as ever,</ab>
<ab>I girt myself up, did whatever I chose,</ab>
<ab>Free to go wand’ring, to seek, to endeavour,</ab>
<ab>Free in my travels, my dreams, my repose.</ab>
<vg:whiteline/>
<ab>Even for me, though, the hour was nearing</ab>
<ab>Of calling, of mercy, of seriousness,</ab>
<ab>When in my bosom the voice I’d been hearing</ab>
<ab>Enquired ‘Do you love me?’ – my soul answered ‘Yes’.</ab>
<vg:whiteline/>
<ab>Since that hour of waking my dreams are no longer,</ab>
<ab>Another now leads me, at times ’gainst my will,</ab>
<ab>Teaches my hands to reach eagerly further,</ab>
<ab>To follow and carry, oh, happy and still.</ab>
<vg:whiteline/>
<ab>Yet now that life’s governed by the Supreme Being,</ab>
<ab>Despite pain and fetters, my soul torn apart –</ab>
<ab>I find what in life I’d once vainly been seeking:</ab>
<ab>More rest and more peace for my uneasy heart.</ab>
<vg:whiteline/>
<ab>And now a handshake to you both and to <rs type="pers" key="642 643">Mr and Mrs Roos</rs> and to <rs type="pers" key="802">Willem</rs>,<anchor n="15" xml:id="note-t-15"/><hi rend="ss"> </hi>and to anyone else you might see whom I know. And let me know soon how you are and believe me</ab>
<vg:whiteline/>
<ab>Your most loving brother,</ab>
<ab>Vincent</ab>
<vg:whiteline/>
<ab>Lord, what wilt Thou have me to do?<anchor n="16" xml:id="note-t-16"/> is a question that often springs to one’s lips, and often we must ask, Oh, bless that which I shall do. May that prayer of ours be heard: Father, I pray not that Thou shouldest take them out of the world, but that Thou shouldest keep them from the evil.<anchor n="17" xml:id="note-t-17"/> So be it.</ab>
<vg:whiteline/>
<ab>
<pb f="2r" n="5" xml:id="pb-trans-2r-5" facs="#zone-pb-2r-5"/></ab>
<ab>It happened that we found ourselves alone, my mother and I, at an open window, where we had a view of the garden of the house to which we had betaken ourselves at the harbour of Ostia. There, far from the crowd, we were awaiting the time of the crossing after the fatigue of a long journey. We were alone, conversing with inexpressible pleasure; and, forgetting the past and dwelling completely on the future, we talked about what that eternal life of the saints would be like, which no eye hath seen, nor ear heard, nor any heart conceived. And, transported on the wings of Love to Him who is, we wandered in spirit to those heavenly spheres, whence the stars, the moon and the sun send us their light. And rising ever higher in our thoughts, in our words, in the admiration of Thy works, O Lord, it was as though we left our bodies, in order to attain uncreated wisdom, which is what it was, what it ever will be, or rather, in which there is no ‘having been’ or ‘what must still be’ but only ‘being’, because it is eternal, because ‘having been’ and ‘what must still be’ exclude eternity. And as we were speaking thus, in the flight of our thoughts towards that life, we touched it for an instant in spirit, and we groaned and allowed to be caught the first-fruits of the spirit, and descended again to the sound of voices, to words that begin and end.</ab>
<ab rend="indent">Thus we spoke: If there is a soul in which the voice of the flesh falls silent, which imposes silence on itself, and, forgetting itself, oversteps its innermost bounds; if the last voice is lost in silence, after our soul has raised itself to the origin of all things, and He alone speaks, not through His creatures but through himself, if He speaks to us, He alone whom we hold dear above all else; if He speaks to us while everything drains out of us and while all beholding of a lower order stops, holding the viewer in thrall, enraptured, in his quiet joy and carrying him away; if eternal life is ultimately the same as this brief bliss that makes us go on groaning; is that not the promise held by the words ‘Enter thou into the joy of Thy Lord’? Such were our thoughts as we spoke.</ab>
<ab><hi rend="ital">Augustine</hi><anchor n="18" xml:id="note-t-18"/></ab>
<vg:whiteline/>
<ab>For where two or three are gathered together in My name, there am I in the midst of them.<anchor n="19" xml:id="note-t-19"/></ab>
<vg:whiteline/>
<ab>I just received <rs type="pers" key="526">Pa</rs>’s letter. Thank God. May God make us brothers.<anchor n="20" xml:id="note-t-20"/></ab>
<vg:whiteline/>
<ab>Though I speak with the tongues of men and of angels, and have not Charity, I am become as sounding brass, or a tinkling cymbal. And though I have the gift of prophecy, and understand all mysteries, and all knowledge; and though I have all faith, so that I could remove mountains, and have not Charity, I am nothing. And though I bestow all my goods to feed the poor, and though I give my body to be burned, and have not Charity, it profiteth me nothing. Charity suffereth long, and is kind; Charity envieth not; Charity vaunteth not itself, is not puffed up, doth not behave itself unseemly, seeketh not her own, is not easily provoked, thinketh no evil; rejoiceth not 
<pb f="2v" n="6" xml:id="pb-trans-2v-6" facs="#zone-pb-2v-6"/> in iniquity, but rejoiceth in the truth; beareth all things, believeth all things, hopeth all things, endureth all things. Charity never faileth: but whether there be prophecies, they shall fail; whether there be tongues, they shall cease; whether there be knowledge, it shall vanish away. For we know in part, and we prophesy in part. But when that which is perfect is come, then that which is in part shall be done away. When I was a child, I spake as a child, I thought as a child: but when I became a man, I put away childish things. For now we see through a glass, darkly; but then face to face: now I know in part; but then shall I know even as also I am known. And now abideth faith, hope, Charity; but the greatest of these is Charity.<anchor n="21" xml:id="note-t-21"/></ab>
<vg:whiteline/>
<ab><hi rend="ital">As sorrowful, yet alway rejoicing; as chastened, but not killed.</hi><anchor n="22" xml:id="note-t-22"/></ab>
<vg:whiteline/>
<ab><hi rend="ital">As one whom his mother comforteth.</hi><anchor n="23" xml:id="note-t-23"/></ab>
<vg:whiteline/>
<ab>From here I see a lady, I see her walking, pensive, in a garden that is not very big and has lost its flowers quite early, but is sheltered, like the ones one sees behind our cliffs in France or the dunes of Holland. The exotic shrubs have already gone back into the greenhouse. The fallen leaves reveal some statues which one is all the more eager to look at now that the flowers have gone. A sumptuousness of art, which contrasts slightly with the very simple attire of the lady — modest, grave — the black or grey silk of which is barely brightened by a plain lilac ribbon. Unadorned, this we can say, she is no less elegant. Elegant for her husband and simple for the benefit of the poor. She reaches the end of the avenue, turns. We can see her. But have I not seen her before in the museums of Amsterdam or The Hague? She reminds me of a lady by <rs type="pers" key="937">Philippe de Champaigne</rs>, who had found her way into my heart, so ingenuous, so honest, sufficiently intelligent, yet simple, without the subtlety to extricate herself from the snares of this world. This woman has remained with me for thirty years, obstinately returning to me, worrying me, making me say, But what was she called? What became of her? Did she have a little happiness? And how did she manage to get through life? She reminds me of another portrait, a <rs type="pers" key="1008">Van Dyck</rs>, a poor woman, very pale, unhealthy. The pale satin of the incomparably delicate skin clothes a sickly body, which is beginning to slacken. A great melancholy fills her lovely eyes, the melancholy of old age? Of heartbreaks, of the climate too, perhaps. It is the vague, distant look of someone who has lived within sight of the vast North Sea, the great grey sea, deserted but for the flight of the seagull.</ab>
<vg:whiteline/>
<ab><rs type="pers" key="707">Michelet</rs>, Les aspirations de l’automne.<anchor n="24" xml:id="note-t-24"/></ab>
<vg:whiteline/>
<ab>Her husband is known in the gates, when he sitteth among the elders of the land.<anchor n="25" xml:id="note-t-25"/> The heart of her husband doth safely trust in her, so that he shall have no need of spoil. She will do him good and not evil all the days of her life. She riseth while it is yet night, and giveth meat to her household, and a portion to her maidens. Her candle goeth not out by night. She stretcheth out her hand to the poor; yea, she reacheth forth her hands to the needy. She is not afraid of the snow for her household: for all her household are clothed with scarlet. Strength and honour are her clothing; and she shall rejoice in time to come. She openeth her mouth with wisdom; and in her tongue is the law of kindness. She looketh well to the ways of her household, and eateth not the bread of idleness. Her children arise up, and call her blessed; her husband also, and he praiseth her, saying: Many daughters have done virtuously, but thou excellest them all. Favour is deceitful, and beauty is vain: but a woman that feareth the Lord, she shall be praised. Give her of the fruit of her hands; and let her own works praise her in the gates.<anchor n="26" xml:id="note-t-26"/> Two things have I required of the Lord; deny me them not before I die: Remove far from me vanity and lies: give me neither poverty nor riches; feed me with food convenient for me.<anchor n="27" xml:id="note-t-27"/> It is better to be in the house of mourning than in the house of feasting. Sorrow is better than laughter: for by the sadness of the countenance the heart is made better.<anchor n="28" xml:id="note-t-28"/> O Lord, join us intimately to one another and let our Love for Thee make that bond ever stronger,<anchor n="29" xml:id="note-t-29"/> and let our latter days be closer to Thee and therefore better than these. When once life’s evening overcomes me, worn down by ills and strife always, for every day Thou hast allowed me, I’ll bring Thee higher, purer praise.<anchor n="30" xml:id="note-t-30"/> Intreat me not to leave Thee, Lord, or to return from following after Thee. Thy people shall be my people, and thy God my God.<anchor n="31" xml:id="note-t-31"/></ab></div>
<div type="notes">
<note n="1" xml:id="n-1" target="#note-t-1">
<ab>On Monday evenings Van Gogh attended the prayer meetings at the Wesleyan Methodist Church in Richmond. See also <ref target="let092.xml">letter 92</ref>.</ab></note>
<note n="2" xml:id="n-2" target="#note-t-2">
<ab>
  <bibleref xmlns="http://www.vangoghletters.org/ns/" book="Luke" chap="4" v="18">Luke 4:18</bibleref>.</ab></note>
<note n="3" xml:id="n-3" target="#note-t-3">
<ab>Van Gogh combines ‘eenvoudigheid des harten’ (singleness of heart; <bibleref xmlns="http://www.vangoghletters.org/ns/" book="Acts" chap="2" v="46">Acts 2:46</bibleref>, <bibleref xmlns="http://www.vangoghletters.org/ns/" book="Eph" chap="6" v="5">Eph. 6:5</bibleref> and <bibleref xmlns="http://www.vangoghletters.org/ns/" book="Col" chap="3" v="22">Col. 3:22</bibleref>) with ‘overvloed des harten’ (abundance of the heart; <bibleref xmlns="http://www.vangoghletters.org/ns/" book="Matt" chap="12" v="34">Matt. 12:34</bibleref> and <bibleref xmlns="http://www.vangoghletters.org/ns/" book="Luke" chap="6" v="45">Luke 6:45</bibleref>).</ab></note>
<note n="4" xml:id="n-4" target="#note-t-4">
<ab><rs type="pers" key="682">Mr Slade-Jones</rs> occasionally sent Van Gogh to London and Lewisham on errands, such as collecting money (probably from the parents of the boys at his boarding school). The <rs type="pers" key="396 394">Gladwell family</rs> happened to live in Lewisham.</ab></note>
<note n="5" xml:id="n-5" target="#note-t-5">
<ab><rs type="pers" key="682">Mr Slade-Jones</rs>’s daughters.</ab></note>
<note n="6" xml:id="n-6" target="#note-t-6">
<ab><rs type="pers" key="512">H.C. Andersen</rs>, ‘<rs type="lit" key="99">De sneeuwkoningin</rs>’, Andersen 1872, pp. 44-81, also published as ‘The snow queen’ in Andersen 1861, pp. 150-184. In this fairy tale, splinters of glass in people’s hearts and eyes prevent them from seeing anything but ugliness or evil. The boy Kay falls under the spell of the snow queen: he is abducted, and his heart becomes a lump of ice. His friend Gerda goes in search of him, and is strengthened in this endeavour by prayer. The hot tears of love that flow at their reunion thaw the lump of ice and melt the glass, the message being that ‘if you don’t become like children, you will never set eyes on the kingdom of God’.</ab></note>
<note n="7" xml:id="n-7" target="#note-t-7">
<ab>Van Gogh was permitted to work on behalf of the Congregational Church of <rs type="pers" key="682">Reverend Slade-Jones</rs> in Turnham Green. On 19 November, he was ‘formally accepted as a co-worker’. See exhib. cat. London<hi rend="ital"> </hi>1992, p. 67 and Bailey 1990, p. 94.</ab></note>
<note n="8" xml:id="n-8" target="#note-t-8">
<ab>Cf. <bibleref xmlns="http://www.vangoghletters.org/ns/" book="Isa" chap="66" v="13">Isa. 66:13</bibleref>.</ab></note>
<note n="9" xml:id="n-9" target="#note-t-9">
<ab>Based on the poem ‘<rs type="lit" key="100">Op de bergen</rs>’ (On the lofty heights) by<rs type="pers" key="615"> P.A. de Génestet</rs> (beginning and end of the second part of the poem):</ab>
<vg:whiteline/>
<ab rend="indent">To the lofty heights of suffering,</ab>
<ab rend="indent">– Steep the path to the Holy Land –</ab>
<ab rend="indent">On the lofty heights of suffering,</ab>
<ab rend="indent">I was led there by Love’s hand.</ab>
<vg:whiteline/>
<ab>And the final stanza reads thus:</ab>
<vg:whiteline/>
<ab rend="indent">And I thought of that one morning,</ab>
<ab rend="indent">Of that morning long ago,</ab>
<ab rend="indent">When I laughing, without caring,</ab>
<ab rend="indent">From lofty Alps looked down below.</ab>
<vg:whiteline/>
<ab rend="indent">(Op de bergen van het Lijden,</ab>
<ab rend="indent">– Steile weg naar ’t heilig Land –</ab>
<ab rend="indent">Op de bergen van het Lijden</ab>
<ab rend="indent">Voerde mij der Liefde hand.’</ab>
<vg:whiteline/>
<ab rend="indent">En ik dacht weer aan dien morgen,</ab>
<ab rend="indent">Aan dien morgen van weleer,</ab>
<ab rend="indent">Toen ik lachend, zonder zorgen,</ab>
<ab rend="indent">Blikte hoog van de Alpen neer.)</ab>
<vg:whiteline/>
<ab>Van Gogh’s version (or the version his father had once sent him – <ref target="let104.xml">see letter 104</ref>) has been Christianized. It is however possible that Vincent was following yet another version; indeed, the rhyming lines</ab>
<vg:whiteline/>
<ab rend="indent">Steep the path one upward strives</ab>
<ab rend="indent">steep the path to better lives</ab>
<vg:whiteline/>
<ab rend="indent">(Steile weg naar hooger streven</ab>
<ab rend="indent">Steile weg naar beter leven)</ab>
<vg:whiteline/>
<ab>which do not occur in the 1869 edition, seem to suggest this possibility. See De Génestet 1869, vol. 2, pp. 115-117.</ab></note>
<note n="10" xml:id="n-10" target="#note-t-10">
<ab>
  <bibleref xmlns="http://www.vangoghletters.org/ns/" book="Ps" chap="116" vr="1-19">Ps. 116:1-19</bibleref>. Van Gogh evidently thought it suitable, in the light of Theo’s illness, to skip verse 15: ‘Kostelijk is in de oogen des Heeren de dood zijner gunstgenooten’ (Precious in the sight of the Lord is the death of his saints).</ab></note>
<note n="11" xml:id="n-11" target="#note-t-11">
<ab>
  <bibleref xmlns="http://www.vangoghletters.org/ns/" book="Ps" chap="118" vr="5-8">Ps. 118:5-8</bibleref>.</ab></note>
<note n="12" xml:id="n-12" target="#note-t-12">
<ab>
  <bibleref xmlns="http://www.vangoghletters.org/ns/" book="Eccl" chap="8" v="7">Eccl. 8:7</bibleref>.</ab></note>
<note n="13" xml:id="n-13" target="#note-t-13">
<ab>A ‘lesson for the day’ is an edifying text printed on calenders and in booklets for the pious to reflect upon.</ab></note>
<note n="14" xml:id="n-14" target="#note-t-14">
<ab>Based on <rs type="pers" key="615">P.A. de Génestet</rs>, ‘<rs type="lit" key="101">Toen ik een knaap was</rs>’ (When I was a lad). See De Génestet<hi rend="ital"> </hi>1869, vol. 2, pp. 13-14.</ab></note>
<note n="15" xml:id="n-15" target="#note-t-15">
<ab><rs type="pers" key="802">Willem Valkis</rs>.</ab></note>
<note n="16" xml:id="n-16" target="#note-t-16">
<ab>
  <bibleref xmlns="http://www.vangoghletters.org/ns/" book="Acts" chap="9" v="6">Acts 9:6</bibleref>.</ab></note>
<note n="17" xml:id="n-17" target="#note-t-17">
<ab>
  <bibleref xmlns="http://www.vangoghletters.org/ns/" book="John" chap="17" v="15">John 17:15</bibleref>.</ab></note>
<note n="18" xml:id="n-18" target="#note-t-18">
<ab>Taken from Augustine, <rs type="lit" key="102"><hi rend="ital">Belijdenissen</hi></rs> (Confessions), book 9, chapter 10 (conversation with his mother about the kingdom of heaven). No nineteenth-century Dutch edition has been traced, so it is not known which text Van Gogh transcribed. In <ref target="let104.xml">letter 104</ref> of 28 February 1877, Van Gogh also quotes a line from the <rs type="lit" key="102"><hi rend="ital">Confessions</hi></rs>.</ab></note>
  <note n="19" xml:id="n-19" target="#note-t-19">
<ab>
  <bibleref xmlns="http://www.vangoghletters.org/ns/" book="Matt" chap="18" v="20">Matt. 18:20</bibleref>. We have placed this biblical passage outside the quotation marks because it does not occur in the passage quoted from Augustine.</ab></note>
<note n="20" xml:id="n-20" target="#note-t-20">
<ab>Like the exclamation ‘Goddank’ (Thank God) (see <hi rend="ital">Arrangement</hi>), this prayer for brotherly fellowship is often uttered by Vincent during this period; <ref target="let087.xml">see letters 87</ref>, <ref target="let092.xml">92</ref> and <ref target="let111.xml">111</ref>.</ab></note>
<note n="21" xml:id="n-21" target="#note-t-21">
<ab>
  <bibleref xmlns="http://www.vangoghletters.org/ns/" book="1 Cor" chap="13" vr="1-13">1 Cor. 13:1-13</bibleref>.</ab></note>
<note n="22" xml:id="n-22" target="#note-t-22">
<ab>
  <bibleref xmlns="http://www.vangoghletters.org/ns/" book="2 Cor" chap="6" vr="9-10">2 Cor. 6:9-10</bibleref> (in reverse order).</ab></note>
<note n="23" xml:id="n-23" target="#note-t-23">
<ab>Cf. <bibleref xmlns="http://www.vangoghletters.org/ns/" book="Isa" chap="66" v="13">Isa. 66:13</bibleref>.</ab></note>
<note n="24" xml:id="n-24" target="#note-t-24">
<ab>Taken from the chapter ‘Les aspirations de l’automne’ in <rs type="lit" key="11"><hi rend="ital">L’amour</hi></rs> (part 5, chapter 5). See <rs type="pers" key="707">Michelet</rs>, <hi rend="ital">L’amour</hi>, pp. 387-396; see also <ref target="let014.xml">letter 14</ref>. Van Gogh introduced a few small changes.</ab></note>
<note n="25" xml:id="n-25" target="#note-t-25">
<ab>
  <bibleref xmlns="http://www.vangoghletters.org/ns/" book="Prov" chap="31" v="23">Prov. 31:23</bibleref>.</ab></note>
<note n="26" xml:id="n-26" target="#note-t-26">
<ab>
  <bibleref xmlns="http://www.vangoghletters.org/ns/" book="Prov" chap="31" vr="11-31">Prov. 31:11-31</bibleref>. Van Gogh skipped several verses.</ab></note>
<note n="27" xml:id="n-27" target="#note-t-27">
<ab>
  <bibleref xmlns="http://www.vangoghletters.org/ns/" book="Prov" chap="30" vr="7-8">Prov. 30:7-8</bibleref>.</ab></note>
<note n="28" xml:id="n-28" target="#note-t-28">
<ab>Cf. <bibleref xmlns="http://www.vangoghletters.org/ns/" book="Eccl" chap="7" vr="2-3">Eccl. 7:2-3</bibleref>. Van Gogh left out the second half of verse 2.</ab></note>
<note n="29" xml:id="n-29" target="#note-t-29">
<ab>A prayer written and often recited in the family circle by <rs type="pers" key="526">Mr van Gogh</rs>; <ref target="let113.xml">see letter 113</ref>.</ab></note>
<note n="30" xml:id="n-30" target="#note-t-30">
<ab>
  <bibleref xmlns="http://www.vangoghletters.org/ns/" book="Hymn" chap="180" v="5">Hymn 180:5</bibleref>.</ab></note>
<note n="31" xml:id="n-31" target="#note-t-31">
<ab>Cf. <bibleref xmlns="http://www.vangoghletters.org/ns/" book="Ruth" chap="1" v="16">Ruth 1:16</bibleref>.</ab></note></div></body></text></TEI>
