<?xml version="1.0" encoding="UTF-8"?>
<!-- Last Changed Date: 2018-07-18 12:32:41 +0200 (Wed, 18 Jul 2018) | SVN Revision: 2206 -->
<!--Licensed under Attribution-NonCommercial-ShareAlike 4.0 International (CC BY-NC-SA 4.0)-->
<?xml-model href="https://xmlschema.huygens.knaw.nl/vgodd.rng" type="application/xml" schematypens="http://relaxng.org/ns/structure/1.0"?>
<TEI xmlns:vg="http://www.vangoghletters.org/ns/" xmlns="http://www.tei-c.org/ns/1.0">
<teiHeader xmlns:xsi="http://www.w3.org/2001/XMLSchema-instance"><fileDesc>
<titleStmt>
<title>To Theo van Gogh. The Hague, Tuesday, 28 January 1873.</title>
<editor>Leo Jansen</editor>
<editor>Hans Luijten</editor>
<editor>Nienke Bakker</editor></titleStmt>
<publicationStmt>
<publisher><name>Huygens Instituut voor Nederlandse Geschiedenis (KNAW)</name><email>info@huygens.knaw.nl</email></publisher>
<publisher>Van Gogh Museum</publisher>
<pubPlace>Amsterdam</pubPlace>
<date type="first" when="2009">2009</date>
<availability status="restricted">
<licence target="http://creativecommons.org/licenses/by-nc-sa/4.0/ https://creativecommons.org/licenses/by-nc-sa/4.0/legalcode">
<p>Attribution-NonCommercial-ShareAlike 4.0 International (CC BY-NC-SA 4.0) </p></licence></availability>
<ptr target="http://vangoghletters.org/orig/let004"/></publicationStmt><sourceDesc><vg:letDesc><vg:letIdentifier>
<idno type="jlb">004</idno>
<idno type="collectedletters">4</idno>
<idno type="brieven1990">004</idno></vg:letIdentifier><vg:letHeading><author>Vincent van Gogh</author><vg:addressee>Theo van Gogh</vg:addressee><vg:placeLet>The Hague</vg:placeLet><vg:dateLet>Tuesday, 28 January 1873</vg:dateLet></vg:letHeading><vg:letContents>
<p>To Theo van Gogh. The Hague, Tuesday, 28 January 1873.</p>
<note type="ongoingTopic" n="1">
<p>Vincent’s portrait photograph <ref target="let003.xml">(3)</ref></p></note>
<note type="ongoingTopic" n="2">
<p>Uncle Hein’s illness <ref target="let003.xml">(3)</ref></p></note></vg:letContents>
<note type="sourceStatus" xml:id="sourceStatus">
<p>Original manuscript</p></note>
<note type="location" xml:id="location">
<p>Amsterdam, Van Gogh Museum, inv. no. b4 V/1962</p></note>
<note type="date" xml:id="date">
<p>Letter headed: ‘den Haag 28 Jan. 1873’.</p></note></vg:letDesc></sourceDesc></fileDesc></teiHeader>
<facsimile xmlns:xsi="http://www.w3.org/2001/XMLSchema-instance">
<surface n="b 0004" xml:id="surf-pb-1r"><graphic mimeType="image/tiff" url="VGM001000004_01.TIF" rend="norend"/><graphic mimeType="image/tiff" url="VGM001000004_01_n.tif" rend="norend"/><graphic mimeType="image/jpeg" url="VGM001000004_01_nt.jpg" height="50px" rend="thumbnail"/><zone xml:id="zone-pb-1r-1">
<graphic mimeType="image/tiff" url="VGM001000004_01_nR.tif" rend="norend"/><graphic mimeType="image/jpeg" url="VGM001000004_01_nRt.jpg" height="50px" rend="thumbnail"/><graphic mimeType="image/png" url="VGM001000004_01_nRf.png" width="380px" rend="facstab"/></zone>
<zone xml:id="zone-pb-1r-4">
<graphic mimeType="image/tiff" url="VGM001000004_01_nL.tif" rend="norend"/><graphic mimeType="image/jpeg" url="VGM001000004_01_nLt.jpg" height="50px" rend="thumbnail"/><graphic mimeType="image/png" url="VGM001000004_01_nLf.png" width="380px" rend="facstab"/></zone>
</surface>
<surface n="b 0004" xml:id="surf-pb-1v"><graphic mimeType="image/tiff" url="VGM001000004_02.TIF" rend="norend"/><graphic mimeType="image/tiff" url="VGM001000004_02_n.tif" rend="norend"/><graphic mimeType="image/jpeg" url="VGM001000004_02_nt.jpg" height="50px" rend="thumbnail"/><zone xml:id="zone-pb-1v-2">
<graphic mimeType="image/tiff" url="VGM001000004_02_nL.tif" rend="norend"/><graphic mimeType="image/jpeg" url="VGM001000004_02_nLt.jpg" height="50px" rend="thumbnail"/><graphic mimeType="image/png" url="VGM001000004_02_nLf.png" width="380px" rend="facstab"/></zone>
<zone xml:id="zone-pb-1v-3">
<graphic mimeType="image/tiff" url="VGM001000004_02_nR.tif" rend="norend"/><graphic mimeType="image/jpeg" url="VGM001000004_02_nRt.jpg" height="50px" rend="thumbnail"/><graphic mimeType="image/png" url="VGM001000004_02_nRf.png" width="380px" rend="facstab"/></zone>
</surface></facsimile><text xmlns:xsi="http://www.w3.org/2001/XMLSchema-instance"><body>
<div type="original">
<pb f="1r" n="1" xml:id="pb-orig-1r-1" facs="#zone-pb-1r-1"/><lb n="1" xml:id="l-1"/>
<ab>den Haag 28 Jan. 1873</ab>
<vg:whiteline/><lb n="2" xml:id="l-2"/>
<ab>Waarde Theo,</ab><lb n="3" xml:id="l-3"/>
<ab>Goed dat je mij <lb n="4" xml:id="l-4"/>zoo spoedig geantwoord hebt, <lb n="5" xml:id="l-5"/>ik ben blij dat je het naar <lb n="6" xml:id="l-6"/>je zin hebt &amp; het goed hebt <lb n="7" xml:id="l-7"/>getroffen met je kosthuis. <lb n="8" xml:id="l-8"/>Houd maar goeden moed <lb n="9" xml:id="l-9"/>als het soms eens moeielijk <lb n="10" xml:id="l-10"/>is, dat komt later alles te<c type="shy">-</c><lb n="11" xml:id="l-11"/>recht, en niemand kan in <lb n="12" xml:id="l-12"/>het begin doen wat hij wel <lb n="13" xml:id="l-13"/>zou willen.</ab><lb n="14" xml:id="l-14"/>
<ab rend="indent">Wat heb ik medelijden met Oom <lb n="15" xml:id="l-15"/>Hein, ik hoop zoo van harte <lb n="16" xml:id="l-16"/>dat hij nog beter zal worden, <lb n="17" xml:id="l-17"/>maar Theo, ik vrees er voor.– <lb n="18" xml:id="l-18"/>Van de zomer was hij nog 
<pb f="1v" n="2" xml:id="pb-orig-1v-2" facs="#zone-pb-1v-2"/><lb n="19" xml:id="l-19"/>zoo vol ambitie, &amp; had nog <lb n="20" xml:id="l-20"/>zooveel plannen &amp; vertelde <lb n="21" xml:id="l-21"/>mij dat de zaken zoo goed <lb n="22" xml:id="l-22"/>gingen. Het is wel treurig.<anchor n="1" xml:id="note-o-1"/></ab><lb n="23" xml:id="l-23"/>
<ab rend="indent">Verl. Zondag ben ik bij Oom <lb n="24" xml:id="l-24"/>Cor<anchor n="2" xml:id="note-o-2"/> geweest &amp; heb daar een <lb n="25" xml:id="l-25"/>heel prettigen dag gehad &amp; <lb n="26" xml:id="l-26"/>zoo als je denken kunt veel <lb n="27" xml:id="l-27"/>moois gezien. Zooals je weet <lb n="28" xml:id="l-28"/>is Oom pas naar Parijs geweest <lb n="29" xml:id="l-29"/>&amp; heeft prachtige schilderijen <lb n="30" xml:id="l-30"/>&amp; teekeningen mede gebracht. <lb n="31" xml:id="l-31"/>Ik ben Maandag morgen ook <lb n="32" xml:id="l-32"/>nog te Amsterdam gebleven <lb n="33" xml:id="l-33"/>&amp; nog eens naar de museums <lb n="34" xml:id="l-34"/>geweest. Weet je dat men <lb n="35" xml:id="l-35"/>te Amsterdam een groot nieuw <lb n="36" xml:id="l-36"/>gebouw zal maken in plaats <lb n="37" xml:id="l-37"/>van het Trippenhuis, dat vind <lb n="38" xml:id="l-38"/>ik best, het Trippenhuis is te <lb n="39" xml:id="l-39"/>klein &amp; vele schilderijen hangen <lb n="40" xml:id="l-40"/>zóó dat men ze niet goed <lb n="41" xml:id="l-41"/>zien kan.–<anchor n="3" xml:id="note-o-3"/></ab>
<pb f="1v" n="3" xml:id="pb-orig-1v-3" facs="#zone-pb-1v-3"/><lb n="42" xml:id="l-42"/>
<ab rend="indent">Wat zou ik graag dat Sch<hi rend="ss">ij</hi> van <lb n="43" xml:id="l-43"/>Cluysenaer<anchor n="4" xml:id="note-o-4"/> zien, ik heb maar <lb n="44" xml:id="l-44"/>een paar schilderijen van <lb n="45" xml:id="l-45"/>hem gezien<anchor n="5" xml:id="note-o-5"/> &amp; die vind ik zeer <lb n="46" xml:id="l-46"/>mooi. Schrijf mij eens of dat <lb n="47" xml:id="l-47"/>andere schilderij van <hi rend="ital">Alfred</hi> Stevens<anchor n="6" xml:id="note-o-6"/> <lb n="48" xml:id="l-48"/>is, of hoe anders den voornaam <lb n="49" xml:id="l-49"/>is. De photogr. naar Rotta ken <lb n="50" xml:id="l-50"/>ik<anchor n="7" xml:id="note-o-7"/> &amp; heb zelfs het schilderij op <lb n="51" xml:id="l-51"/>de tentoonstelling te Brussel<anchor n="8" xml:id="note-o-8"/> <lb n="52" xml:id="l-52"/>gezien. Houdt mij vooral <lb n="53" xml:id="l-53"/>voortdurend op de hoogte van <lb n="54" xml:id="l-54"/>wat je alzoo ziet, dat doet <lb n="55" xml:id="l-55"/>mij altijd pleizier.– Het album <lb n="56" xml:id="l-56"/>waarvan je mij den titel <lb n="57" xml:id="l-57"/>hebt opgegeven is het bedoelde niet; <lb n="58" xml:id="l-58"/>dat zijn alleen lithogr. naar Corot.–<anchor n="9" xml:id="note-o-9"/> <lb n="59" xml:id="l-59"/>Ik bedank je echter voor de genomen <lb n="60" xml:id="l-60"/>moeite.</ab><lb n="61" xml:id="l-61"/>
<ab rend="indent">Ik wacht binnen kort een brief <lb n="62" xml:id="l-62"/>van Anna,<anchor n="10" xml:id="note-o-10"/> die is nog al lui met <lb n="63" xml:id="l-63"/>schrijven tegenwoordig. Je moest <lb n="64" xml:id="l-64"/>haar eens verrassen met een brief, <lb n="65" xml:id="l-65"/>dat zou haar zooveel pleizier doen. <lb n="66" xml:id="l-66"/>Je zult het wel druk hebben; <lb n="67" xml:id="l-67"/>maar dat is wel prettig.–</ab>
<pb f="1r" n="4" xml:id="pb-orig-1r-4" facs="#zone-pb-1r-4"/><lb n="68" xml:id="l-68"/>
<ab rend="indent">Het is hier koud &amp; men rijdt <lb n="69" xml:id="l-69"/>al schaatsen op het veldijs, <lb n="70" xml:id="l-70"/>ik wandel zooveel als ik kan. <lb n="71" xml:id="l-71"/>Ik ben nieuwsgierig of je nog <lb n="72" xml:id="l-72"/>gelegenheid zult vinden om <lb n="73" xml:id="l-73"/>nog eens schaatsen te rijden. <lb n="74" xml:id="l-74"/>Hierbij mijn portret, als je <lb n="75" xml:id="l-75"/>naar huis schrijft<c type="kk">/</c> zeg er dan <lb n="76" xml:id="l-76"/>echter niets van, zooals je <lb n="77" xml:id="l-77"/>weet is het voor Pa’s verjaardag.<anchor n="11" xml:id="note-o-11"/> <lb n="78" xml:id="l-78"/>Ik feliciteer je daar al vast <lb n="79" xml:id="l-79"/>mee.–</ab><lb n="80" xml:id="l-80"/>
<ab rend="indent">Mijne hartelijke groeten <lb n="81" xml:id="l-81"/>aan Oom &amp; Tante<c type="kk">/</c><anchor n="12" xml:id="note-o-12"/> ook aan <lb n="82" xml:id="l-82"/>den H<hi rend="ss">r</hi> Schmidt &amp; Eduard.<anchor n="13" xml:id="note-o-13"/></ab>
<vg:whiteline/><lb n="83" xml:id="l-83"/>
<ab>Steeds je liefh. broer</ab><lb n="84" xml:id="l-84"/>
<ab>Vincent.</ab> <vg:whiteline/><lb n="85" xml:id="l-85"/>
<ab>Je moet compliment hebben van allen <lb n="86" xml:id="l-86"/>bij Haanebeek<c type="kk">/</c> Tante Fie<anchor n="14" xml:id="note-o-14"/> &amp; Roos, adieu<c type="kk">/</c> <lb n="87" xml:id="l-87"/>heb het goed.–</ab>
<vg:whiteline/></div>
<div type="translation">
<pb f="1r" n="1" xml:id="pb-trans-1r-1" facs="#zone-pb-1r-1"/>
<ab>The Hague, 28 Jan. 1873</ab>
<vg:whiteline/>
<ab>My dear Theo,</ab>
<ab>It’s good that you answered me so quickly. I’m glad that things are to your liking and that you’ve been lucky with your boarding-house. Be of good heart if things sometimes get difficult, everything will come right later on, and no one can do what he really wants in the beginning.</ab>
<ab rend="indent">How sorry I am about <rs type="pers" key="399">Uncle Hein</rs>. I sincerely hope he’ll get better, but Theo, I fear he won’t. Last summer he was still 
<pb f="1v" n="2" xml:id="pb-trans-1v-2" facs="#zone-pb-1v-2"/> so full of ambition, and had so many plans and told me that business was going so well. It is indeed sad.<anchor n="1" xml:id="note-t-1"/></ab>
    <ab rend="indent">Last Sunday I was at <rs type="pers" key="422"> Uncle Cor</rs>’s<anchor n="2" xml:id="note-t-2"/> and had a very pleasant day there and, as you can well imagine, saw many beautiful things. As you know, Uncle has just been to Paris and has brought home splendid paintings and drawings. I stayed in Amsterdam on Monday morning and went to the museums again. Did you know that a large, new building will take the place of the Trippenhuis in Amsterdam? That’s fine with me; the Trippenhuis is too small, and many paintings hang in such a way that one can’t see them properly.<anchor n="3" xml:id="note-t-3"/></ab> 
<pb f="1v" n="3" xml:id="pb-trans-1v-3" facs="#zone-pb-1v-3"/>
<ab rend="indent">How I’d like to see that painting by <rs type="pers" key="950">Cluysenaar</rs>.<anchor n="4" xml:id="note-t-4"/> I’ve seen only a few of his paintings,<anchor n="5" xml:id="note-t-5"/> and those I find very beautiful. Write and tell me whether that other painting is by <hi rend="ital">Alfred</hi> <rs type="pers" key="1368">Stevens</rs>,<anchor n="6" xml:id="note-t-6"/> or otherwise what his Christian name is. I know the photo of the <rs type="pers" key="1323">Rotta</rs>,<anchor n="7" xml:id="note-t-7"/> and even saw the painting at the Brussels exhibition.<anchor n="8" xml:id="note-t-8"/> Do keep me constantly informed about whatever you see, that always gives me pleasure. The album whose title you gave me isn’t the one I meant, which contains only lithographs after Corot.<anchor n="9" xml:id="note-t-9"/> Thanks anyway for taking the trouble.</ab>
<ab rend="indent">I expect a letter from <rs type="pers" key="412">Anna</rs> soon.<anchor n="10" xml:id="note-t-10"/> She’s rather lazy about writing these days. You ought to surprise her with a letter sometime, that would give her so much pleasure. You must be very busy, but that’s a good thing. 
<pb f="1r" n="4" xml:id="pb-trans-1r-4" facs="#zone-pb-1r-4"/></ab>
<ab rend="indent">It’s cold here, and people are already skating on the flooded fields. I go walking as much as I can. I’m curious to know whether you’ll find an opportunity to go skating. Herewith my portrait, but don’t say anything about it when you write home. As you know, it’s for <rs type="pers" key="526">Pa</rs>’s birthday,<anchor n="11" xml:id="note-t-11"/> on which I congratulate you ahead of the event.</ab>
<ab rend="indent">My warm regards to <rs type="pers" key="399">Uncle</rs> and <rs type="pers" key="1613">Aunt</rs>,<anchor n="12" xml:id="note-t-12"/> also to Mr <rs type="pers" key="624">Schmidt</rs> and <rs type="pers" key="1069">Eduard</rs>.<anchor n="13" xml:id="note-t-13"/></ab>
<vg:whiteline/>
<ab>Ever your loving brother</ab>
<ab>Vincent</ab>
<vg:whiteline/>
<ab>All at <rs type="pers" key="442 443">the Haanebeeks</rs>’, <rs type="pers" key="13">Aunt Fie</rs>’s<anchor n="14" xml:id="note-t-14"/> and <rs type="pers" key="642 643">the Rooses</rs>’ send you their compliments. Adieu, I wish you well.</ab></div>
<div type="notes">
<note n="1" xml:id="n-1" target="#note-t-1">
<ab>Poor health had forced <rs type="pers" key="399">Uncle Hein</rs> to retire from art dealing in 1872.</ab></note>
<note n="2" xml:id="n-2" target="#note-t-2">
<ab><rs type="pers" key="422">Cornelis (Cor) Marinus van Gogh</rs>, brother of Mr van Gogh and often called ‘C.M.’ by family members, had a bookshop and art gallery at Keizersgracht 453 in Amsterdam.</ab></note>
<note n="3" xml:id="n-3" target="#note-t-3">
<ab>The Rijksmuseum was housed at the time in the so-called Trippenhuis at Kloveniersburgwal 29 in Amsterdam. The building’s accommodations and suitability were the object of much criticism. See <hi rend="ital">Honderd jaar Rijksmuseum</hi> 1985.</ab></note>
<note n="4" xml:id="n-4" target="#note-t-4">
<ab>It is not known which painting by <rs type="pers" key="950">Alfred Cluysenaar</rs> this refers to.</ab></note>
<note n="5" xml:id="n-5" target="#note-t-5">
<ab>The following works by <rs type="pers" key="950">Cluysenaar</rs> were on display at the Brussels Salon which Van Gogh had visited in 1872: <rs type="otherart" key="1"><hi rend="ital">Mazeppa</hi></rs>; <rs type="otherart" key="2"><hi rend="ital">Portraits de MM. Paul et Edmond R. </hi></rs>(Mazeppa; Portraits of Messieurs Paul and Edmond R.) and a <rs type="otherart" key="3"><hi rend="ital">Portrait </hi></rs>(Portrait). See exhib. cat. Brussels 1872, p. 30, cat. nos. 114-116.</ab></note>
<note n="6" xml:id="n-6" target="#note-t-6">
<ab>Van Gogh underlined the Christian name of <rs type="pers" key="1368">Alfred</rs> to distinguish him from his brother <rs type="pers" key="1616">Joseph Stevens</rs>, who was also a painter.</ab></note>
<note n="7" xml:id="n-7" target="#note-t-7">
<ab><rs type="pers" key="1323">Antonio Rotta</rs> was represented at Brussels by the painting <rs type="otherart" key="4"><hi rend="ital">Il ciabattino</hi></rs> (The cobbler). Exhib. cat. Brussels 1872, p. 78, cat. no. 639. Three works bearing this title and depicting similar themes have been found, an example being <hi rend="ital">At the cobbler’s</hi>, 1867 (present whereabouts unknown), sold at Christie’s (London) on 24 June 1988 (no. 43). <rs type="ill" key="1295">Ill. 1295</rs>.</ab></note>
<note n="8" xml:id="n-8" target="#note-t-8">
<ab>In the summer of 1872, Van Gogh had visited the triennial salon, ‘Exposition générale des Beaux-Arts’ (General Exhibition of Fine Arts) at Brussels, which was held from 15 August to 15 October; <ref target="let013.xml">see letter 13</ref>.</ab></note>
<note n="9" xml:id="n-9" target="#note-t-9">
<ab>The way in which he asked about the album in <ref target="let003.xml">letter 3</ref> suggests that Van Gogh was referring to the album of lithographs by <rs type="pers" key="1422">Emile Louis Vernier</rs> <hi rend="ital">after</hi> work by Camille Corot. Apparently Theo had sent the title of an album containing work <hi rend="ital">by</hi> <rs type="pers" key="971">Corot</rs>.</ab></note>
<note n="10" xml:id="n-10" target="#note-t-10">
<ab><rs type="pers" key="412">Anna Cornelia van Gogh</rs>, Van Gogh’s eldest sister, was attending boarding school in Leeuwarden in the north of the Netherlands.</ab></note>
<note n="11" xml:id="n-11" target="#note-t-11">
<ab><rs type="pers" key="526">Mr van Gogh</rs> would turn 51 on 8 February.</ab></note>
<note n="12" xml:id="n-12" target="#note-t-12">
<ab><rs type="pers" key="399">Uncle Hein</rs> and <rs type="pers" key="1613">Aunt Mietje</rs> in Brussels.</ab></note>
<note n="13" xml:id="n-13" target="#note-t-13">
<ab><rs type="pers" key="1069">Edouard Hamman</rs>.</ab></note>
<note n="14" xml:id="n-14" target="#note-t-14">
<ab><rs type="pers" key="13">Sophia (Fie) Cornelia Elisabeth Carbentus-Van Bemmel</rs>, wife of <rs type="pers" key="41">Arie Carbentus</rs>, brother of Mrs van Gogh.</ab></note></div></body></text></TEI>
