<?xml version="1.0" encoding="UTF-8"?>
<!-- Last Changed Date: 2018-07-18 12:32:41 +0200 (Wed, 18 Jul 2018) | SVN Revision: 2206 -->
<!--Licensed under Attribution-NonCommercial-ShareAlike 4.0 International (CC BY-NC-SA 4.0)-->
<?xml-model href="https://xmlschema.huygens.knaw.nl/vgodd.rng" type="application/xml" schematypens="http://relaxng.org/ns/structure/1.0"?>
<TEI xmlns:vg="http://www.vangoghletters.org/ns/" xmlns="http://www.tei-c.org/ns/1.0">
<teiHeader xmlns:xsi="http://www.w3.org/2001/XMLSchema-instance"><fileDesc>
<titleStmt>
<title>To Theodorus van Gogh and Anna van Gogh-Carbentus. Ramsgate, Monday, 17 April 1876. </title>
<editor>Leo Jansen</editor>
<editor>Hans Luijten</editor>
<editor>Nienke Bakker</editor></titleStmt>
<publicationStmt>
<publisher><name>Huygens Instituut voor Nederlandse Geschiedenis (KNAW)</name><email>info@huygens.knaw.nl</email></publisher>
<publisher>Van Gogh Museum</publisher>
<pubPlace>Amsterdam</pubPlace>
<date type="first" when="2009">2009</date>
<availability status="restricted">
<licence target="http://creativecommons.org/licenses/by-nc-sa/4.0/ https://creativecommons.org/licenses/by-nc-sa/4.0/legalcode">
<p>Attribution-NonCommercial-ShareAlike 4.0 International (CC BY-NC-SA 4.0) </p></licence></availability>
<ptr target="http://vangoghletters.org/orig/let075"/></publicationStmt><sourceDesc><vg:letDesc><vg:letIdentifier>
<idno type="jlb">075</idno>
<idno type="collectedletters">-</idno>
<idno type="brieven1990">-</idno></vg:letIdentifier><vg:letHeading><author>Vincent van Gogh</author><vg:addressee>Theodorus van Gogh and Anna van Gogh-Carbentus</vg:addressee><vg:placeLet>Ramsgate</vg:placeLet><vg:dateLet>Monday, 17 April 1876</vg:dateLet></vg:letHeading><vg:letContents>
<p>To Theodorus van Gogh and Anna van Gogh-Carbentus. Ramsgate, Monday, 17 April 1876. </p></vg:letContents>
<note type="sourceStatus" xml:id="sourceStatus">
<p>Transcription by Mr van Gogh</p></note>
<note type="location" xml:id="location">
<p>Amsterdam, Van Gogh Museum, inv. no. b2222 V/1982</p></note>
<note type="date" xml:id="date">
<p>This transcription of a telegram is in a letter of 18 April 1876 from <rs type="pers" key="526">Mr van Gogh</rs> to Theo. He writes that the telegram had arrived the previous day, and had been ‘handed in at Ramsgate at 7.24 a.m.’, so it would have been sent the same day, Monday, 17 April 1876.</p></note></vg:letDesc></sourceDesc></fileDesc></teiHeader>
<facsimile xmlns:xsi="http://www.w3.org/2001/XMLSchema-instance">
<surface n="b 2222" xml:id="surf-pb-1r"><graphic mimeType="image/tiff" url="VGM001003336_01.TIF" rend="norend"/><graphic mimeType="image/tiff" url="VGM001003336_01_n.tif" rend="norend"/><graphic mimeType="image/jpeg" url="VGM001003336_01_nt.jpg" height="50px" rend="thumbnail"/><zone xml:id="zone-pb-1r-1">
<graphic mimeType="image/tiff" url="VGM001003336_01_nR.tif" rend="norend"/><graphic mimeType="image/jpeg" url="VGM001003336_01_nRt.jpg" height="50px" rend="thumbnail"/><graphic mimeType="image/png" url="VGM001003336_01_nRf.png" width="380px" rend="facstab"/></zone>
</surface><surface n="b 2222 V/1982" xml:id="surf-extra-1v"><graphic mimeType="image/tiff" url="VGM001003336_02.TIF" rend="norend"/><graphic mimeType="image/tiff" url="VGM001003336_02_n.tif" rend="norend"/><graphic mimeType="image/jpeg" url="VGM001003336_02_nt.jpg" height="50px" rend="thumbnail"/><zone xml:id="zone-extra-1">
<graphic mimeType="image/tiff" url="VGM001003336_02_nL.tif" rend="norend"/><graphic mimeType="image/jpeg" url="VGM001003336_02_nLt.jpg" height="50px" rend="thumbnail"/><graphic mimeType="image/png" url="VGM001003336_02_nLf.png" width="380px" rend="facstab"/></zone>
<zone xml:id="zone-extra-2">
<graphic mimeType="image/tiff" url="VGM001003336_02_nR.tif" rend="norend"/><graphic mimeType="image/jpeg" url="VGM001003336_02_nRt.jpg" height="50px" rend="thumbnail"/><graphic mimeType="image/png" url="VGM001003336_02_nRf.png" width="380px" rend="facstab"/></zone>
</surface></facsimile><text xmlns:xsi="http://www.w3.org/2001/XMLSchema-instance"><body>
<div type="original">
<pb f="1r" n="1" xml:id="pb-orig-1r-1" facs="#zone-pb-1r-1"/><lb n="1" xml:id="l-1"/>
<ab>goed aangekomen. kostschool 24 jongens<c type="kp">_</c> <lb n="2" xml:id="l-2"/>geloof het goed is. allen gegroet<c type="kp">_</c></ab>
<vg:whiteline/><lb n="3" xml:id="l-3"/>
<ab>V.v.G.<anchor n="1" xml:id="note-o-1"/> </ab>
<vg:whiteline/></div>
<div type="translation">
<pb f="1r" n="1" xml:id="pb-trans-1r-1" facs="#zone-pb-1r-1"/>
<ab>Arrived safely. Boarding school, 24 boys. Think it’s all right. Regards to all.</ab>
<vg:whiteline/>
<ab>V. v. G.<anchor n="1" xml:id="note-t-1"/></ab></div>
<div type="notes">
<note n="1" xml:id="n-1" target="#note-t-1">
<ab><rs type="pers" key="526">Mr van Gogh</rs> wrote to Theo in the same letter (see <hi rend="ital">Date</hi>): ‘You can imagine that we are eager for more news from Vincent. Yes certainly, you may say, he is a good person through and through! We saw that again the last time he stayed here. Oh, I do hope things go well for him over there. But I am not yet so easy in my mind about that. Twenty-four boy boarders is no small matter. Will he be able to win them over? It can certainly be a good apprenticeship for him, and being with boys, with a still merry heart, can also do him good. We must just wait and see’ (FR b2222). Vincent’s <rs type="pers" key="524 526">parents</rs> did indeed receive more news in the shape of <ref target="let076.xml">letter 76</ref>.</ab></note></div></body></text></TEI>
