<?xml version="1.0" encoding="UTF-8"?>
<!-- Last Changed Date: 2018-07-18 12:32:41 +0200 (Wed, 18 Jul 2018) | SVN Revision: 2206 -->
<!--Licensed under Attribution-NonCommercial-ShareAlike 4.0 International (CC BY-NC-SA 4.0)-->
<?xml-model href="https://xmlschema.huygens.knaw.nl/vgodd.rng" type="application/xml" schematypens="http://relaxng.org/ns/structure/1.0"?>
<TEI xmlns:vg="http://www.vangoghletters.org/ns/" xmlns="http://www.tei-c.org/ns/1.0">
<teiHeader xmlns:xsi="http://www.w3.org/2001/XMLSchema-instance"><fileDesc>
<titleStmt>
<title>To Theo van Gogh. Paris, Thursday, 23 March 1876.</title>
<editor>Leo Jansen</editor>
<editor>Hans Luijten</editor>
<editor>Nienke Bakker</editor></titleStmt>
<publicationStmt>
<publisher><name>Huygens Instituut voor Nederlandse Geschiedenis (KNAW)</name><email>info@huygens.knaw.nl</email></publisher>
<publisher>Van Gogh Museum</publisher>
<pubPlace>Amsterdam</pubPlace>
<date type="first" when="2009">2009</date>
<availability status="restricted">
<licence target="http://creativecommons.org/licenses/by-nc-sa/4.0/ https://creativecommons.org/licenses/by-nc-sa/4.0/legalcode">
<p>Attribution-NonCommercial-ShareAlike 4.0 International (CC BY-NC-SA 4.0) </p></licence></availability>
<ptr target="http://vangoghletters.org/orig/let072"/></publicationStmt><sourceDesc><vg:letDesc><vg:letIdentifier>
<idno type="jlb">072</idno>
<idno type="collectedletters">57</idno>
<idno type="brieven1990">071</idno></vg:letIdentifier><vg:letHeading><author>Vincent van Gogh</author><vg:addressee>Theo van Gogh</vg:addressee><vg:placeLet>Paris</vg:placeLet><vg:dateLet>Thursday, 23 March 1876</vg:dateLet></vg:letHeading><vg:letContents>
<p>To Theo van Gogh. Paris, Thursday, 23 March 1876.</p>
<note type="ongoingTopic" n="1">
<p>Sending a work by Longfellow <ref target="let066.xml">(66)</ref></p></note>
<note type="ongoingTopic" n="2">
<p>Vincent’s application for a new position <ref target="let069.xml">(69)</ref></p></note></vg:letContents>
<note type="sourceStatus" xml:id="sourceStatus">
<p>Original manuscript</p></note>
<note type="location" xml:id="location">
<p>Amsterdam, Van Gogh Museum, inv. no. b70 V/1962</p></note>
<note type="date" xml:id="date">
<p>Letter headed: ‘<hi rend="ital">[</hi>Paris, le<hi rend="ital">]</hi> 23 Maart <hi rend="ital">[</hi>187<hi rend="ital">]</hi>6’.</p></note></vg:letDesc></sourceDesc></fileDesc></teiHeader>
<facsimile xmlns:xsi="http://www.w3.org/2001/XMLSchema-instance">
<surface n="b 0070" xml:id="surf-pb-1r"><graphic mimeType="image/tiff" url="VGM001000073_01.TIF" rend="norend"/><graphic mimeType="image/tiff" url="VGM001000073_01_n.tif" rend="norend"/><graphic mimeType="image/jpeg" url="VGM001000073_01_nt.jpg" height="50px" rend="thumbnail"/><zone xml:id="zone-pb-1r-1">
<graphic mimeType="image/tiff" url="VGM001000073_01_nL.tif" rend="norend"/><graphic mimeType="image/jpeg" url="VGM001000073_01_nLt.jpg" height="50px" rend="thumbnail"/><graphic mimeType="image/png" url="VGM001000073_01_nLf.png" width="380px" rend="facstab"/></zone>
<zone xml:id="zone-pb-1r-2">
<graphic mimeType="image/tiff" url="VGM001000073_01_nR.tif" rend="norend"/><graphic mimeType="image/jpeg" url="VGM001000073_01_nRt.jpg" height="50px" rend="thumbnail"/><graphic mimeType="image/png" url="VGM001000073_01_nRf.png" width="380px" rend="facstab"/></zone>
</surface><surface n="b 0070 V/1962" xml:id="surf-extra-1v"><graphic mimeType="image/tiff" url="VGM001000073_02.TIF" rend="norend"/><zone xml:id="zone-extra-1">
<graphic mimeType="image/tiff" url="VGM001000073_02_n.tif" rend="norend"/><graphic mimeType="image/jpeg" url="VGM001000073_02_nt.jpg" height="50px" rend="thumbnail"/><graphic mimeType="image/png" url="VGM001000073_02_nf.png" width="380px" rend="facstab"/></zone>
</surface></facsimile><text xmlns:xsi="http://www.w3.org/2001/XMLSchema-instance"><body>
<div type="original">
<pb f="1r" n="1" xml:id="pb-orig-1r-1" facs="#zone-pb-1r-1"/><lb n="1" xml:id="l-1"/>
<ab><vg:suppliedMilestone type="open"/>Goupil &amp; C<hi rend="ss">ie</hi></ab><lb n="2" xml:id="l-2"/>
<ab>Editeurs Imprimeurs</ab><lb n="3" xml:id="l-3"/>
<ab>Estampes Françaises &amp; Étrangères</ab><lb n="4" xml:id="l-4"/>
<ab>Tableaux Modernes</ab><lb n="5" xml:id="l-5"/>
<ab>Rue Chaptal, 9, PARIS.</ab><lb n="6" xml:id="l-6"/>
<ab>Succursales à la Haye, Londres, Berlin, New-York.</ab>
<vg:whiteline/><lb n="7" xml:id="l-7"/>
<ab>Paris, le<vg:suppliedMilestone type="close"/> 23 Maart <supplied>187</supplied>6</ab>
<vg:whiteline/><lb n="8" xml:id="l-8"/>
<ab>Waarde Theo,</ab><lb n="9" xml:id="l-9"/>
<ab>Hierbij het boek van Longfellow, het zal wel een <lb n="10" xml:id="l-10"/>vriend van U worden.</ab><lb n="11" xml:id="l-11"/>
<ab rend="indent">Vandaag beantwoordde ik weer twee advertenties, ik <lb n="12" xml:id="l-12"/>ga daar maar mede voort al komt er geen ant<c type="shy">-</c><lb n="13" xml:id="l-13"/>woord op de meeste brieven.</ab><lb n="14" xml:id="l-14"/>
<ab rend="indent">Mijn tijd begint op te korten hier.</ab><lb n="15" xml:id="l-15"/>
<ab rend="indent">Gij zult wel veel moois zien op Uwe reis;<anchor n="1" xml:id="note-o-1"/> hoewel <lb n="16" xml:id="l-16"/>het gevoel voor de natuur niet <hi rend="ital">datte</hi> is<c type="kk">/</c> zoo is <lb n="17" xml:id="l-17"/>het toch eene heerlijke bezitting; moge het ons maar <lb n="18" xml:id="l-18"/>altijd bij blijven.</ab><lb n="19" xml:id="l-19"/>
<ab rend="indent">En nu zult gij “in menige herberg te huis liggen”<c type="kk">/</c><anchor n="2" xml:id="note-o-2"/> <lb n="20" xml:id="l-20"/>dat is ook een eigenaardig genot soms.─ Gij weet <lb n="21" xml:id="l-21"/>ik eens eene voetreis naar Brighton deed<c type="kk">/</c><anchor n="3" xml:id="note-o-3"/> <lb n="22" xml:id="l-22"/>ik denk altijd met genot daar aan terug. De <lb n="23" xml:id="l-23"/>logementen in Engeland zijn dikwijls zoo aardig<c type="kk">/</c> 
<pb f="1r" n="2" xml:id="pb-orig-1r-2" facs="#zone-pb-1r-2"/><lb n="24" xml:id="l-24"/>Longfellow beschrijft dat goed in Tales <lb n="25" xml:id="l-25"/>of the wayside inn.─<anchor n="4" xml:id="note-o-4"/></ab><lb n="26" xml:id="l-26"/>
<ab rend="indent">Gladwell krijgt mijne plaats in de galerij, en <lb n="27" xml:id="l-27"/>is er reeds, om op de hoogte te zijn tegen dat ik wegga. <lb n="28" xml:id="l-28"/>Ik heb nog al schilderijen gezien die voor den <lb n="29" xml:id="l-29"/>Salon bestemd zijn, o.a<c type="kp">_</c> twee zeer mooie <lb n="30" xml:id="l-30"/>groote Gabriels, een morgen in de weilanden<c type="kk">/</c> <lb n="31" xml:id="l-31"/>door den dauw ziet men in de verte eene stad, <lb n="32" xml:id="l-32"/>het andere was wat wij een waterzonnetje zouden <lb n="33" xml:id="l-33"/>noemen.<anchor n="5" xml:id="note-o-5"/></ab><lb n="34" xml:id="l-34"/>
<ab rend="indent">Ook 2 groote Xavier de Cock’s<c type="kk">/</c> het eene een avond <lb n="35" xml:id="l-35"/>in ’t begin van den zomer, eene weide met populieren <lb n="36" xml:id="l-36"/>omgeven; in de verte de boerderij en velden en een <lb n="37" xml:id="l-37"/>meisje dat de koeijen naar huis brengt. Op den <lb n="38" xml:id="l-38"/>voorgrond een poel waarbij 3 koeijen<c type="kk">/</c> een witte<c type="kk">/</c> een <lb n="39" xml:id="l-39"/>zwarte en een roode<c type="kk">/</c> in het gras liggen; de zon is <lb n="40" xml:id="l-40"/>reeds onder en de lucht zacht geel, de boomen <lb n="41" xml:id="l-41"/>donker daartegen.─<anchor n="6" xml:id="note-o-6"/></ab><lb n="42" xml:id="l-42"/>
<ab rend="indent">Ik schrijf zeer in haast zooals gij aan het schrift <lb n="43" xml:id="l-43"/>zult merken.<anchor n="7" xml:id="note-o-7"/> Goede reis en steeds,</ab>
<vg:whiteline/><lb n="44" xml:id="l-44"/>
<ab>Uw liefh. broeder</ab><lb n="45" xml:id="l-45"/>
<ab>Vincent</ab>
<vg:whiteline/>
<div type="textualNotes">
<note target="l-1" targetEnd="l-7" n="1-7"><hi rend="ital">Printed letterhead.</hi></note></div></div>
<div type="translation">
<pb f="1r" n="1" xml:id="pb-trans-1r-1" facs="#zone-pb-1r-1"/>
<ab>[Letterhead: Goupil Paris]</ab>
<vg:whiteline/>
<ab>Paris, 23 March 1876</ab>
<vg:whiteline/>
<ab>My dear Theo,</ab>
<ab>Herewith the book by <rs type="pers" key="696">Longfellow</rs>, it will no doubt become a friend of yours.</ab>
<ab rend="indent">Today I responded to two more advertisements, I’ll go on doing it, even though most of my letters remain unanswered.</ab>
<ab rend="indent">My time here is running out.</ab>
<ab rend="indent">You’ll surely see many beautiful things on your trip;<anchor n="1" xml:id="note-t-1"/> although a feeling for nature isn’t <hi rend="ital">it</hi>, it’s nonetheless a wonderful thing to have; may it always remain with us.</ab>
<ab rend="indent">And now you’ll be ‘boarding in many inns’,<anchor n="2" xml:id="note-t-2"/> that’s also a singular pleasure at times. You know that I once went to Brighton on foot.<anchor n="3" xml:id="note-t-3"/> I always think back on it with pleasure. Lodging-houses in England are often so pleasant, 
<pb f="1r" n="2" xml:id="pb-trans-1r-2" facs="#zone-pb-1r-2"/> <rs type="pers" key="696">Longfellow</rs> describes this well in Tales of the wayside inn.<anchor n="4" xml:id="note-t-4"/></ab>
<ab rend="indent"><rs type="pers" key="394">Gladwell</rs> is getting my place at the gallery; he’s there already, learning the ropes before I leave. I’ve seen quite a few paintings that are going to the Salon, including two very beautiful, large <rs type="pers" key="1034">Gabriëls</rs>, a morning in the meadows, through the dew one sees a town in the distance, the other one was what we would call a watery sun.<anchor n="5" xml:id="note-t-5"/></ab>
<ab rend="indent">Also 2 large<rs type="pers" key="952"> Xavier de Cock</rs>s, one of them an evening at the beginning of summer, a meadow surrounded by poplars; in the distance a farmhouse and fields and a girl bringing the cows home. In the foreground a pond, next to which 3 cows – a white one, a black one and a red one – lie in the grass; the sun has already set and the sky is pale yellow, the trees dark against it.<anchor n="6" xml:id="note-t-6"/></ab>
<ab rend="indent">I’m writing in great haste, as you’ll see from my handwriting.<anchor n="7" xml:id="note-t-7"/> Have a good trip, and ever,</ab>
<vg:whiteline/>
<ab>Your loving brother</ab>
<ab>Vincent</ab></div>
<div type="notes">
<note n="1" xml:id="n-1" target="#note-t-1">
<ab>Theo made the spring sales trip for Goupil; see also <ref target="let071.xml">letter 71</ref>.</ab></note>
<note n="2" xml:id="n-2" target="#note-t-2">
<ab>Allusion to the last line of the poem ‘<rs type="lit" key="3">De bestedeling</rs>’ (The boarder) by <rs type="pers" key="537">Jan van Beers</rs>. <ref target="let010.xml#n-10">See letter 10, n. 10.</ref></ab></note>
<note n="3" xml:id="n-3" target="#note-t-3">
<ab>The journey on foot will have taken place when Van Gogh was living in London, between June 1873 and May 1875 (except for a three-month interval from October to December 1874, when he was in Paris). Brighton is on the south coast of England, c. 80 km south of London.</ab></note>
<note n="4" xml:id="n-4" target="#note-t-4">
<ab>The beginning of <rs type="lit" key="62"><hi rend="ital">Tales of a Wayside inn</hi></rs> (1863) contains an evocation of the interior of an inn at Sudbury.</ab></note>
<note n="5" xml:id="n-5" target="#note-t-5">
    <ab><rs type="pers" key="1034">Constant Gabriël</rs> was represented at the Salon of 1876 with the works <rs type="otherart" key="77"><hi rend="ital">L’Aube, dans les polders de la Hollande</hi></rs> (Dawn in the polders of Holland) and <rs type="otherart" key="78"><hi rend="ital">L’Approche de la pluie – Vue du lac d’Abcoude (Pays-Bas)</hi></rs> (Approaching rain – View of Lake Abcoude (Netherlands)) (present whereabouts unknown). See exhib. cat. Paris 1876, p. 105, cat. nos. 836-837.</ab></note>
<note n="6" xml:id="n-6" target="#note-t-6">
<ab><rs type="pers" key="952">Xavier de Cock</rs> had two works at the Salon: <rs type="otherart" key="79"><hi rend="ital">Forêt</hi></rs> (Forest) and <rs type="otherart" key="80"><hi rend="ital">Vaches</hi></rs> (Cows) (present whereabouts unknown). See exhib. cat.<hi rend="ital"> </hi>Paris 1876, p. 72, cat. nos. 579-580. Van Gogh describes the depiction of <hi rend="ital">Cows</hi>.</ab></note>
<note n="7" xml:id="n-7" target="#note-t-7">
<ab>Despite Van Gogh’s remark, his handwriting shows no traces of hastiness.</ab></note></div></body></text></TEI>
