<?xml version="1.0" encoding="UTF-8"?>
<!-- Last Changed Date: 2018-07-18 12:32:41 +0200 (Wed, 18 Jul 2018) | SVN Revision: 2206 -->
<!--Licensed under Attribution-NonCommercial-ShareAlike 4.0 International (CC BY-NC-SA 4.0)-->
<?xml-model href="https://xmlschema.huygens.knaw.nl/vgodd.rng" type="application/xml" schematypens="http://relaxng.org/ns/structure/1.0"?>
<TEI xmlns:vg="http://www.vangoghletters.org/ns/" xmlns="http://www.tei-c.org/ns/1.0">
<teiHeader xmlns:xsi="http://www.w3.org/2001/XMLSchema-instance"><fileDesc>
<titleStmt>
<title>To Theo van Gogh. Isleworth, between Saturday, 16 and Friday, 22 September 1876.</title>
<editor>Leo Jansen</editor>
<editor>Hans Luijten</editor>
<editor>Nienke Bakker</editor></titleStmt>
<publicationStmt>
<publisher><name>Huygens Instituut voor Nederlandse Geschiedenis (KNAW)</name><email>info@huygens.knaw.nl</email></publisher>
<publisher>Van Gogh Museum</publisher>
<pubPlace>Amsterdam</pubPlace>
<date type="first" when="2009">2009</date>
<availability status="restricted">
<licence target="http://creativecommons.org/licenses/by-nc-sa/4.0/ https://creativecommons.org/licenses/by-nc-sa/4.0/legalcode">
<p>Attribution-NonCommercial-ShareAlike 4.0 International (CC BY-NC-SA 4.0) </p></licence></availability>
<ptr target="http://vangoghletters.org/orig/let091"/></publicationStmt><sourceDesc><vg:letDesc><vg:letIdentifier>
<idno type="jlb">091</idno>
<idno type="collectedletters">68</idno>
<idno type="brieven1990">086</idno></vg:letIdentifier><vg:letHeading><author>Vincent van Gogh</author><vg:addressee>Theo van Gogh</vg:addressee><vg:placeLet>Isleworth</vg:placeLet><vg:dateLet>between Saturday, 16 and Friday, 22 September 1876</vg:dateLet></vg:letHeading><vg:letContents>
<p>To Theo van Gogh. Isleworth, between Saturday, 16 and Friday, 22 September 1876.</p></vg:letContents>
<note type="sourceStatus" xml:id="sourceStatus">
<p>Original manuscript</p></note>
<note type="location" xml:id="location">
<p>Amsterdam, Van Gogh Museum, inv. no. b81 V/1962</p></note>
<note type="date" xml:id="date">
<p>Although both <hi rend="ital">De brieven</hi> 1990 and Hulsker 1993-1 date this letter ‘16 or 17 August’, it must have been written a month later, since it announces a journey to London <ref target="#l-13">(l. 13)</ref> that took place on Saturday, 23 September. In <ref target="let092.xml">letter 92</ref> of 3 October, Van Gogh says <ref target="let092.xml#l-22">(l. 22)</ref>: ‘A week ago on Saturday I made a long journey to London’. That this took place on 23 September is confirmed in the family correspondence (FR b2773). Therefore, on the basis of  <ref target="#l-13">l. 13</ref>, the letter could have been written at the earliest on the previous Saturday, 16 September. Moreover, Mr van Gogh told Theo that in a letter received on Sunday, 24 September, Vincent related that Teunis van Iterson had been to see him and that he really had walked to London, all of which means that the present letter must have been written between 16 and 22 September. Cf. exhib. cat. Nottingham 1974, p. 8.</p></note>
<note type="additionalDetail" xml:id="additionalDetail">
    <p>Van Gogh sent the letter with Van Iterson, along with Wetherell’s <hi rend="ital">Wijde wijde wereld</hi>, as evidenced both by the remark ‘Herewith the “Wijde wijde wereld” and another little book’ <ref target="#l-8">(ll. 8-9)</ref> and by another remark in <ref target="let092.xml">letter 92</ref>: ‘If Van Iterson gave you that English hymnal, read No. 14’ <ref target="#l-56">(l. 56)</ref>. Furthermore, this note, scribbled hastily in pencil, is written (in Dutch) in the present tense: ‘Van Iterson just came and surprised me’.</p></note></vg:letDesc></sourceDesc></fileDesc></teiHeader>
<facsimile xmlns:xsi="http://www.w3.org/2001/XMLSchema-instance">
<surface n="b 0081" xml:id="surf-pb-1r"><graphic mimeType="image/tiff" url="VGM001000084_01.TIF" rend="norend"/><zone xml:id="zone-pb-1r-1">
<graphic mimeType="image/tiff" url="VGM001000084_01_n.tif" rend="norend"/><graphic mimeType="image/jpeg" url="VGM001000084_01_nt.jpg" height="50px" rend="thumbnail"/><graphic mimeType="image/png" url="VGM001000084_01_nf.png" width="380px" rend="facstab"/></zone>
</surface><surface n="b 0081 V/1962" xml:id="surf-extra-1v"><graphic mimeType="image/tiff" url="VGM001000084_02.TIF" rend="norend"/><zone xml:id="zone-extra-1">
<graphic mimeType="image/tiff" url="VGM001000084_02_n.tif" rend="norend"/><graphic mimeType="image/jpeg" url="VGM001000084_02_nt.jpg" height="50px" rend="thumbnail"/><graphic mimeType="image/png" url="VGM001000084_02_nf.png" width="380px" rend="facstab"/></zone>
</surface></facsimile><text xmlns:xsi="http://www.w3.org/2001/XMLSchema-instance"><body>
<div type="original">
<pb f="1r" n="1" xml:id="pb-orig-1r-1" facs="#zone-pb-1r-1"/><lb n="1" xml:id="l-1"/>
<ab>Waarde Theo</ab><lb n="2" xml:id="l-2"/>
<ab>Daarjuist komt v<c type="kp">_</c> Iterson mij verrassen<c type="kk">/</c> <lb n="3" xml:id="l-3"/>ik vind het prettig dat hij komt maar <lb n="4" xml:id="l-4"/>’t is of hij een mensch uit de andere <lb n="5" xml:id="l-5"/>wereld is<c type="kk">/</c> zoo veel ligt er tusschen <lb n="6" xml:id="l-6"/>den tijd dat wij samen in de zaak <lb n="7" xml:id="l-7"/>waren en nu.</ab><lb n="8" xml:id="l-8"/>
<ab rend="indent">Hierbij de “wijde wijde wereld”<anchor n="1" xml:id="note-o-1"/> en <lb n="9" xml:id="l-9"/>een ander boekje<c type="kk">/</c><anchor n="2" xml:id="note-o-2"/> geef ook een daarvan <lb n="10" xml:id="l-10"/>aan Carolien.<anchor n="3" xml:id="note-o-3"/></ab><lb n="11" xml:id="l-11"/>
<ab rend="indent">Wat zou ik graag willen gij het <lb n="12" xml:id="l-12"/>ook eens zien kondt hier.</ab><lb n="13" xml:id="l-13"/>
<ab rend="indent">Zaturdag morgen 4 uur hoop ik <lb n="14" xml:id="l-14"/>naar Londen te wandelen om <lb n="15" xml:id="l-15"/>Gladwell<anchor n="4" xml:id="note-o-4"/> en anderen op te <lb n="16" xml:id="l-16"/>zoeken. Ik wou gij mede kondt wandelen<c type="kp">_</c></ab><lb n="17" xml:id="l-17"/>
<ab rend="indent">Een hartelijken handdruk in gedachten<c type="kp">_</c><lb n="18" xml:id="l-18"/> à Dieu<c type="kk">/</c> geloof mij,</ab>
<vg:whiteline/><lb n="19" xml:id="l-19"/>
<ab>Uw zoo liefh<c type="kp">_</c> broer</ab><lb n="20" xml:id="l-20"/>
<ab>Vincent</ab>
<vg:whiteline/></div>
<div type="translation">
<pb f="1r" n="1" xml:id="pb-trans-1r-1" facs="#zone-pb-1r-1"/>
<ab>My dear Theo,</ab>
<ab><rs type="pers" key="461">Van Iterson</rs> just came and surprised me, I think it’s nice that he came, but it’s as though he were a person from another world, so much lies between the time when we were in the firm together and now.</ab>
<ab rend="indent">Herewith the ‘Wijde wijde wereld’<anchor n="1" xml:id="note-t-1"/> and another little book,<anchor n="2" xml:id="note-t-2"/> give one of them to <rs type="pers" key="761">Caroline</rs>.<anchor n="3" xml:id="note-t-3"/></ab>
<ab rend="indent">How much I’d like you to be able to see it here.</ab>
<ab rend="indent">I hope to walk to London on Saturday morning at 4 o’clock to visit <rs type="pers" key="396">Gladwell</rs><anchor n="4" xml:id="note-t-4"/> and others. I wish you could walk along with me.</ab>
<ab rend="indent">A hearty handshake in thought. Adieu, believe me,</ab>
<vg:whiteline/>
<ab>Your most loving brother</ab>
<ab>Vincent</ab></div>
<div type="notes">
<note n="1" xml:id="n-1" target="#note-t-1">
<ab><rs type="pers" key="839">Elizabeth Wetherell</rs>, <rs type="lit" key="68"><hi rend="ital">The wide, wide world</hi></rs>; <ref target="let080.xml#n-5">see letter 80, n. 5.</ref></ab></note>
<note n="2" xml:id="n-2" target="#note-t-2">
<ab>This must have been an English hymnal, which Van Gogh later mentions having given to <rs type="pers" key="461">Van Iterson</rs> to deliver (<ref target="let092.xml#n-9">see letter 92, n. 9</ref>).</ab></note>
<note n="3" xml:id="n-3" target="#note-t-3">
<ab><rs type="pers" key="761">Caroline van Stockum-Haanebeek</rs>.</ab></note>
    <note n="4" xml:id="n-4" target="#note-t-4">
<ab>Van Gogh was no doubt referring to <rs type="pers" key="396">Henry William Gladwell</rs>’s gallery at 20-21 Gracechurch Street, London, since the Gladwells’ home was in Lewisham.</ab></note></div></body></text></TEI>
