<?xml version="1.0" encoding="UTF-8"?>
<!-- Last Changed Date: 2018-07-18 12:32:41 +0200 (Wed, 18 Jul 2018) | SVN Revision: 2206 -->
<!--Licensed under Attribution-NonCommercial-ShareAlike 4.0 International (CC BY-NC-SA 4.0)-->
<?xml-model href="https://xmlschema.huygens.knaw.nl/vgodd.rng" type="application/xml" schematypens="http://relaxng.org/ns/structure/1.0"?>
<TEI xmlns:vg="http://www.vangoghletters.org/ns/" xmlns="http://www.tei-c.org/ns/1.0">
<teiHeader xmlns:xsi="http://www.w3.org/2001/XMLSchema-instance"><fileDesc>
<titleStmt>
<title>To Theo van Gogh. Isleworth, Friday, 18 August 1876.</title>
<editor>Leo Jansen</editor>
<editor>Hans Luijten</editor>
<editor>Nienke Bakker</editor></titleStmt>
<publicationStmt>
<publisher><name>Huygens Instituut voor Nederlandse Geschiedenis (KNAW)</name><email>info@huygens.knaw.nl</email></publisher>
<publisher>Van Gogh Museum</publisher>
<pubPlace>Amsterdam</pubPlace>
<date type="first" when="2009">2009</date>
<availability status="restricted">
<licence target="http://creativecommons.org/licenses/by-nc-sa/4.0/ https://creativecommons.org/licenses/by-nc-sa/4.0/legalcode">
<p>Attribution-NonCommercial-ShareAlike 4.0 International (CC BY-NC-SA 4.0) </p></licence></availability>
<ptr target="http://vangoghletters.org/orig/let088"/></publicationStmt><sourceDesc><vg:letDesc><vg:letIdentifier>
<idno type="jlb">088</idno>
<idno type="collectedletters">73</idno>
<idno type="brieven1990">087</idno></vg:letIdentifier><vg:letHeading><author>Vincent van Gogh</author><vg:addressee>Theo van Gogh</vg:addressee><vg:placeLet>Isleworth</vg:placeLet><vg:dateLet>Friday, 18 August 1876</vg:dateLet></vg:letHeading><vg:letContents>
<p>To Theo van Gogh. Isleworth, Friday, 18 August 1876.</p></vg:letContents>
<note type="sourceStatus" xml:id="sourceStatus">
<p>Original manuscript</p></note>
<note type="location" xml:id="location">
<p>Amsterdam, Van Gogh Museum, inv. no. b86 V/1962</p></note>
<note type="date" xml:id="date">
<p>Letter headed: ‘Isleworth. 18 Aug. 1876’.</p></note></vg:letDesc></sourceDesc></fileDesc></teiHeader>
<facsimile xmlns:xsi="http://www.w3.org/2001/XMLSchema-instance">
<surface n="b 0086" xml:id="surf-pb-1r"><graphic mimeType="image/tiff" url="VGM001000089_01.TIF" rend="norend"/><graphic mimeType="image/tiff" url="VGM001000089_01_n.tif" rend="norend"/><graphic mimeType="image/jpeg" url="VGM001000089_01_nt.jpg" height="50px" rend="thumbnail"/><zone xml:id="zone-pb-1r-1">
<graphic mimeType="image/tiff" url="VGM001000089_01_nR.tif" rend="norend"/><graphic mimeType="image/jpeg" url="VGM001000089_01_nRt.jpg" height="50px" rend="thumbnail"/><graphic mimeType="image/png" url="VGM001000089_01_nRf.png" width="380px" rend="facstab"/></zone>
<zone xml:id="zone-pb-1r-4">
<graphic mimeType="image/tiff" url="VGM001000089_01_nL.tif" rend="norend"/><graphic mimeType="image/jpeg" url="VGM001000089_01_nLt.jpg" height="50px" rend="thumbnail"/><graphic mimeType="image/png" url="VGM001000089_01_nLf.png" width="380px" rend="facstab"/></zone>
</surface>
<surface n="b 0086" xml:id="surf-pb-1v"><graphic mimeType="image/tiff" url="VGM001000089_02.TIF" rend="norend"/><graphic mimeType="image/tiff" url="VGM001000089_02_n.tif" rend="norend"/><graphic mimeType="image/jpeg" url="VGM001000089_02_nt.jpg" height="50px" rend="thumbnail"/><zone xml:id="zone-pb-1v-2">
<graphic mimeType="image/tiff" url="VGM001000089_02_nL.tif" rend="norend"/><graphic mimeType="image/jpeg" url="VGM001000089_02_nLt.jpg" height="50px" rend="thumbnail"/><graphic mimeType="image/png" url="VGM001000089_02_nLf.png" width="380px" rend="facstab"/></zone>
<zone xml:id="zone-pb-1v-3">
<graphic mimeType="image/tiff" url="VGM001000089_02_nR.tif" rend="norend"/><graphic mimeType="image/jpeg" url="VGM001000089_02_nRt.jpg" height="50px" rend="thumbnail"/><graphic mimeType="image/png" url="VGM001000089_02_nRf.png" width="380px" rend="facstab"/></zone>
</surface></facsimile><text xmlns:xsi="http://www.w3.org/2001/XMLSchema-instance"><body>
<div type="original">
<pb f="1r" n="1" xml:id="pb-orig-1r-1" facs="#zone-pb-1r-1"/><lb n="1" xml:id="l-1"/>
<ab>Isleworth. 18 Aug. 1876</ab>
<vg:whiteline/><lb n="2" xml:id="l-2"/>
<ab>Waarde Theo,</ab><lb n="3" xml:id="l-3"/>
<ab>Gisteren ben ik bij Gladwell<anchor n="1" xml:id="note-o-1"/> geweest, die voor eenige <lb n="4" xml:id="l-4"/>dagen thuis is; er gebeurde iets heel treurigs <lb n="5" xml:id="l-5"/>in zijne familie; zijne zuster, een meisje <lb n="6" xml:id="l-6"/>vol leven met donkere oogen en haar, 17 jaar, <lb n="7" xml:id="l-7"/>is gevallen bij het paardrijden, op Blackheath, <lb n="8" xml:id="l-8"/>zij was buiten kennis toen men haar opnam <lb n="9" xml:id="l-9"/>en is 5 uur later, zonder weer tot zich zelven <lb n="10" xml:id="l-10"/>gekomen te zijn, gestorven.<anchor n="2" xml:id="note-o-2"/></ab><lb n="11" xml:id="l-11"/>
  <ab rend="indent">Zoodra ik hoorde wat er gebeurd was en dat <lb n="12" xml:id="l-12"/>Gladwell thuis was ben ik er heen gegaan.─ <lb n="13" xml:id="l-13"/>Gisteren morgen 11 uur vertrok ik van hier en <lb n="14" xml:id="l-14"/>had eene lange wandeling naar Lewisham<c type="kk">/</c> <lb n="15" xml:id="l-15"/>de weg ging van ’t eene eind van Londen naar <lb n="16" xml:id="l-16"/>het andere, om 5 uur was ik bij Gladwell.<anchor n="3" xml:id="note-o-3"/> <lb n="17" xml:id="l-17"/>Ik was nog naar hun winkel gegaan<anchor n="4" xml:id="note-o-4"/> maar <lb n="18" xml:id="l-18"/>die was gesloten.─</ab><lb n="19" xml:id="l-19"/>
<ab rend="indent">Allen waren juist van de begrafenis terug, <lb n="20" xml:id="l-20"/>het was een waar klaaghuis en het was mij <lb n="21" xml:id="l-21"/>goed daar te zijn.<anchor n="5" xml:id="note-o-5"/> Ik voelde een gevoel van <lb n="22" xml:id="l-22"/>verlegenheid en schaamte bij het zien van die <lb n="23" xml:id="l-23"/>groote eerbiedwaardige smart, want deze <lb n="24" xml:id="l-24"/>menschen zijn eerbiedwaardig.</ab>
<pb f="1v" n="2" xml:id="pb-orig-1v-2" facs="#zone-pb-1v-2"/><lb n="34" xml:id="l-34"/>
<ab rend="indent">Zalig zijn die treuren,<anchor n="6" xml:id="note-o-6"/> zalig zijn zij die <lb n="35" xml:id="l-35"/>“droevig zijn, maar altijd blijde”,<anchor n="7" xml:id="note-o-7"/> zalig <lb n="36" xml:id="l-36"/>zijn zij die eenvoudig zijn van hart,<anchor n="8" xml:id="note-o-8"/> want <lb n="37" xml:id="l-37"/>God vertroost de eenvoudigen.<anchor n="9" xml:id="note-o-9"/> Zalig zijn <lb n="38" xml:id="l-38"/>zij die de Liefde vinden op hunnen weg<c type="kk">/</c> <lb n="39" xml:id="l-39"/>die door God innig aan elkaar zijn verbon<c type="shy">-</c><lb n="40" xml:id="l-40"/>den, want hun werken alle dingen mede <lb n="41" xml:id="l-41"/>ten goede.─<anchor n="10" xml:id="note-o-10"/> Ik sprak lang met Harry <lb n="42" xml:id="l-42"/>tot s’avonds toe, over allerlei, over het <lb n="43" xml:id="l-43"/>koninkrijk Gods en over zijn Bijbel en <lb n="44" xml:id="l-44"/>al pratende wandelden wij in het station <lb n="45" xml:id="l-45"/>op en neer en die oogenblikken tot het <lb n="46" xml:id="l-46"/>afscheid zullen wij wel niet vergeten.</ab><lb n="47" xml:id="l-47"/>
<ab rend="indent">wij kennen elkaar zoo, zijn werk was mijn werk<c type="kk">/</c> <lb n="48" xml:id="l-48"/>de menschen ginder die hij kent ken ik, zijn <lb n="49" xml:id="l-49"/>leven was mijn leven, en zoo diep was het <lb n="50" xml:id="l-50"/>mij gegeven te zien in de geschiedenis van <lb n="51" xml:id="l-51"/>die familie, omdat ik meen dat ik hen liefheb<c type="kk">/</c> <lb n="52" xml:id="l-52"/>minder omdat ik de bijzonderheden van die <lb n="53" xml:id="l-53"/>geschiedenis ken dan omdat ik den toon en de stemming <lb n="54" xml:id="l-54"/>van hun zijn en leven voel<c type="kp">_</c></ab><lb n="55" xml:id="l-55"/>
<ab rend="indent">Wij wandelden dus op en neer in dat station<c type="kk">/</c> in <lb n="56" xml:id="l-56"/>die alledaagsche wereld maar met een gevoel 
<pb f="1v" n="3" xml:id="pb-orig-1v-3" facs="#zone-pb-1v-3"/><lb n="57" xml:id="l-57"/>in ons dat niet alledaagsch was.</ab><lb n="58" xml:id="l-58"/>
<ab rend="indent">Zij duren niet lang<c type="kk">/</c> die oogenblikken<c type="kk">/</c> en <lb n="59" xml:id="l-59"/>wij moesten spoedig afscheid nemen van elkaar<c type="kp">_</c> <lb n="60" xml:id="l-60"/>Het was een mooi gezigt uit den trein over <lb n="61" xml:id="l-61"/>Londen dat daar lag in den donker, St Paul<anchor n="11" xml:id="note-o-11"/> <lb n="62" xml:id="l-62"/>en andere kerken in de verte. Ik spoorde tot <lb n="63" xml:id="l-63"/>Richmond<anchor n="12" xml:id="note-o-12"/> en wandelde langs den Theems <lb n="64" xml:id="l-64"/>naar Isleworth, dat was eene mooie wan<c type="shy">-</c><lb n="65" xml:id="l-65"/>deling, links de parken met hunne groote <lb n="66" xml:id="l-66"/>populieren, eiken en iepen<c type="kk">/</c> rechts de rivier <lb n="67" xml:id="l-67"/>waarin de groote boomen spiegelden. Het <lb n="68" xml:id="l-68"/>was een mooien bijna plechtigen avond; om <lb n="69" xml:id="l-69"/>kwart over 10 was ik thuis.─</ab><lb n="70" xml:id="l-70"/>
<ab rend="indent">Dank voor Uw laatsten brief. Gij hadt nog niet <lb n="71" xml:id="l-71"/>geschreven dat Mevrouw Vincent overleden <lb n="72" xml:id="l-72"/>was, wat heb ik Haar dikwijls s’avonds thuis <lb n="73" xml:id="l-73"/>gebragt.─<anchor n="13" xml:id="note-o-13"/> Komt Gij nog wel eens bij Borchers <lb n="74" xml:id="l-74"/>aan huis? Wat zou ik graag mede naar de <lb n="75" xml:id="l-75"/>Hoeve zijn gewandeld! Dikwijls doe ik Bijbel<c type="shy">-</c><lb n="76" xml:id="l-76"/>sche geschiedenis met de jongens en verl. Zondag <lb n="77" xml:id="l-77"/>deed ik bijbellezing met hen. S’morgens en <lb n="78" xml:id="l-78"/>s’avonds lezen wij allen den Bijbel en zingen <lb n="79" xml:id="l-79"/>en bidden en dat is goed.─ Ook te Ramsgate deden wij <lb n="80" xml:id="l-80"/>dat en als die 21 zonen van de Londensche <lb n="81" xml:id="l-81"/>markten en straten baden “Our Father, who art <lb n="82" xml:id="l-82"/>in Heaven<c type="kk">/</c> give us this day our daily bread”<anchor n="14" xml:id="note-o-14"/> heb 
<pb f="1r" n="4" xml:id="pb-orig-1r-4" facs="#zone-pb-1r-4"/><lb n="84" xml:id="l-84"/>ik wel eens gedacht aan den roep der jonge raven <lb n="85" xml:id="l-85"/>dien de Heer hoort,<anchor n="15" xml:id="note-o-15"/> en ’t was mij goed met hen mede <lb n="86" xml:id="l-86"/>te bidden en waarschijnlijk lager dan zij het hoofd <lb n="87" xml:id="l-87"/>te buigen bij de woorden <hi rend="ital">Do not lead us into temptation</hi> <lb n="88" xml:id="l-88"/><hi rend="ital">but deliver us from evil</hi>.<anchor n="16" xml:id="note-o-16"/></ab><lb n="89" xml:id="l-89"/>
<ab rend="indent">Ik ben nog vol van gisteren; ’t moet goed zijn den <lb n="90" xml:id="l-90"/>broeder te zijn van dien man dien ik gisteren zoo <lb n="91" xml:id="l-91"/>bedroefd zag, ik bedoel het moet “zalig zijn te treuren”<anchor n="17" xml:id="note-o-17"/> <lb n="92" xml:id="l-92"/>met mannelijke droefheid, wat had ik dien Vader <lb n="93" xml:id="l-93"/>graag getroost, maar ik stond verlegen dáárvoor, tot <lb n="94" xml:id="l-94"/>den zoon kon ik spreken. Er was iets geheiligds in <lb n="95" xml:id="l-95"/>dat huis gisteren.</ab><lb n="96" xml:id="l-96"/>
<ab rend="indent">Hebt gij ooit gelezen “A life for a life”<c type="kk">/</c> <lb n="96a" xml:id="l-96a"/>in ’t Hollandsch meen ik “uit het leven voor het <lb n="96b" xml:id="l-96b"/>leven”<c type="kk">/</c> <lb n="96"/>door de schrijfster <lb n="97" xml:id="l-97"/>van John Halifax,<anchor n="18" xml:id="note-o-18"/> dat zoudt Gij zeer mooi vinden<c type="kp">_</c> <lb n="98" xml:id="l-98"/>Hoe gaat het met Uw Engelsch.─</ab><lb n="99" xml:id="l-99"/>
<ab rend="indent">Het was een genot om weer eens eene verre wandeling <lb n="100" xml:id="l-100"/>te doen, hier op school wordt maar zeer weinig gewan<c type="shy">-</c><lb n="101" xml:id="l-101"/>deld. Als ik denk aan mijn leven van strijd te Parijs verl. <lb n="102" xml:id="l-102"/>jaar en nu hier waar ik soms een heelen dag de deur <lb n="103" xml:id="l-103"/>niet uit kan, ten minste niet verder dan den tuin, <lb n="104" xml:id="l-104"/>dan denk ik wel eens<c type="kk">/</c> wanneer zal ik weer terug<c type="shy">-</c><lb n="105" xml:id="l-105"/>gaan in die wereld? Ga ik er in terug dan zal het <lb n="106" xml:id="l-106"/>echter waarschijnlijk wel weer ander werk zijn dan verl. <lb n="107" xml:id="l-107"/>jaar.─ Maar ik geloof dat ik liever Bijbelsche geschie<c type="shy">-</c><lb n="108" xml:id="l-108"/>denis met de jongens doe dan wandelen, men <lb n="109" xml:id="l-109"/>gevoelt zich min of meer veilig als men het eerste <lb n="110" xml:id="l-110"/>doet.─</ab><lb n="110*" xml:id="l-110s"/>
<ab rend="indent">En nu<c type="kk">/</c> groeten bij Roos en mocht soms iemand <lb n="111" xml:id="l-111"/>anders naar mij vragen. Hoe maken het de families <lb n="112" xml:id="l-112"/>v.d. Berg<c type="kk">/</c><anchor n="19" xml:id="note-o-19"/> en v. Stockum op het Buitenhof,<anchor n="20" xml:id="note-o-20"/> hoort Gij ooit <lb n="113" xml:id="l-113"/>iets van hen.─ Een handdruk in gedachten en het <lb n="114" xml:id="l-114"/>beste U toegewenscht door</ab>
<vg:whiteline/><lb n="115" xml:id="l-115"/>
<ab>Uw zoo liefh. broer</ab><lb n="116" xml:id="l-116"/>
<ab>Vincent</ab>
<vg:whiteline/><lb n="117" xml:id="l-117"/>
<ab>En hierbij een brief voor Mauve<c type="kp">_</c> Gij <lb n="118" xml:id="l-118"/>moogt dien lezen, ik geloof het goed is om zijne <lb n="119" xml:id="l-119"/>bekenden van vroeger niet te vergeten<c type="kk">/</c> daarom schrijf ik <lb n="120" xml:id="l-120"/>maar weer eens aan den een en ander, ook te Parijs, aan Soek en anderen.</ab>
<vg:whiteline/><lb n="27 »" xml:id="l-27"/>
  <ab>Als Gij iemand kunt overhalen om <lb n="28" xml:id="l-28"/>Scenes from Clerical Life door Elliott en <lb n="29" xml:id="l-29"/>Felix Holt te lezen dan doet Gij een <lb n="30" xml:id="l-30"/>goed werk. Het eerste is zoo prachtig <lb n="31" xml:id="l-31"/>schoon.─ <anchor n="21" xml:id="note-o-21"/> Recommandeer het eerste eens <lb n="32" xml:id="l-32"/>aan Caroline en bij Mauve en <hi rend="ital">als</hi> <lb n="33" xml:id="l-33"/><hi rend="ital">’t kan</hi> ook aan de Hr Tersteeg<c type="kp">_</c></ab>
<vg:whiteline/><lb n="25 »" xml:id="l-25"/>
<ab>Zoudt Gij per ommegaande kunnen opgeven of een <hi rend="ital">Nederlandsch</hi> pond boter 80<hi rend="ss">ct</hi> kost en is het <lb n="26" xml:id="l-26"/>een ander pond ─ welk gedeelte van een kilo is dat dan?<anchor n="22" xml:id="note-o-22"/></ab>
<vg:whiteline/><lb n="83 »" xml:id="l-83"/>
<ab>Groet ook de Heer Tersteeg voor mij en Mevrouw en Betsy<c type="kp">_</c></ab>
<vg:whiteline/><lb n="121 »" xml:id="l-121"/>
<ab>Ik schrijf U tusschen de schooluren in en nog al in haast zoo als Gij ziet.─<anchor n="23" xml:id="note-o-23"/></ab>
<vg:whiteline/>
<div type="textualNotes">
<note n="-"><hi rend="ital">The sequence of the marginal postscripts is uncertain.</hi></note>
<note target="l-3" n="3">Gladwell geweest &lt; Gladwell</note>
<note target="l-35" n="35">blijde”, &lt; blijde,</note>
<note target="l-51" n="51">meen &lt; meene</note>
<note target="l-91" n="91">treuren” &lt; treuren</note>
<note target="l-27" targetEnd="l-33" n="27-33"><hi rend="ital">Written in the open space after l. 2, beneath the date on p. 1 (</hi>Isleworth <supplied>...</supplied> eerbiedwaardig.<hi rend="ital">)</hi></note>
<note target="l-25" targetEnd="l-26" n="25-26"><hi rend="ital">Written crosswise</hi> <hi rend="ital">in the left margin</hi> <hi rend="ital">on p. 1 (</hi>Isleworth <supplied>...</supplied> eerbiedwaardig.<hi rend="ital">)</hi></note>
<note target="l-83" n="83"><hi rend="ital">Written crosswise</hi> <hi rend="ital">in the left margin</hi> <hi rend="ital">on p. 3 (</hi>In <supplied>...</supplied> heb<hi rend="ital">)</hi></note>
<note target="l-121" n="121"><hi rend="ital">Written crosswise</hi> <hi rend="ital">in the left margin</hi> <hi rend="ital">on p. 4 (</hi>Ik <supplied>...</supplied> anderen.<hi rend="ital">)</hi></note></div></div>
<div type="translation">
<pb f="1r" n="1" xml:id="pb-trans-1r-1" facs="#zone-pb-1r-1"/>
<ab>Isleworth, 18 Aug. 1876</ab>
<vg:whiteline/>
<ab>My dear Theo,</ab>
<ab>Yesterday I went to see <rs type="pers" key="394">Gladwell</rs>,<anchor n="1" xml:id="note-t-1"/> who’s home for a few days. Something very sad happened to his family: his <rs type="pers" key="395">sister</rs>, a girl full of life, with dark eyes and hair, 17 years old, fell from her horse while riding on Blackheath. She was unconscious when they picked her up, and died 5 hours later without regaining consciousness.<anchor n="2" xml:id="note-t-2"/></ab>
<ab rend="indent">I went there as soon as I heard what had happened and that <rs type="pers" key="394">Gladwell</rs> was at home. I left here yesterday morning at 11 o’clock, and had a long walk to Lewisham, the road went from one end of London to the other. At 5 o’clock I was at <rs type="pers" key="394 396">Gladwell</rs>’s.<anchor n="3" xml:id="note-t-3"/> I’d gone to their gallery first,<anchor n="4" xml:id="note-t-4"/> but it was closed.</ab>
<ab rend="indent">They had all just come back from the funeral, it was a real house of mourning and it did me good to be there.<anchor n="5" xml:id="note-t-5"/> I had feelings of embarrassment and shame at seeing that deep, estimable grief, for these people are estimable. 
<pb f="1v" n="2" xml:id="pb-trans-1v-2" facs="#zone-pb-1v-2"/></ab>
<ab rend="indent">Blessed are they that mourn,<anchor n="6" xml:id="note-t-6"/> blessed are they that are ‘sorrowful, yet alway rejoicing’,<anchor n="7" xml:id="note-t-7"/> blessed are the pure in heart,<anchor n="8" xml:id="note-t-8"/> for God comforts the simple.<anchor n="9" xml:id="note-t-9"/> Blessed are they that find Love on their path, who are bound intimately with one another by God, for to them all things work together for good.<anchor n="10" xml:id="note-t-10"/> I talked with <rs type="pers" key="394">Harry</rs> for a long time, until the evening, about all kinds of things, about the kingdom of God and about his Bible, and we walked up and down on the station, talking, and those moments before parting we’ll probably never forget.</ab>
<ab rend="indent">We know each other so well, his work was my work, the people he knows there I know too, his life was my life, and it was given to me to see so deeply into their family affairs, I think, because I believe that I love them, not so much because I know the particulars of those affairs, but because I feel the tone and feeling of their being and life.</ab>
<ab rend="indent">So we walked back and forth on that station, in that everyday world, but with a feeling 
<pb f="1v" n="3" xml:id="pb-trans-1v-3" facs="#zone-pb-1v-3"/> that was not everyday.</ab>
<ab rend="indent">They don’t last long, such moments, and we soon had to take leave of each other. It was a beautiful sight, looking out from the train over London, that lay there in the dark, St Paul’s<anchor n="11" xml:id="note-t-11"/> and other churches in the distance. I stayed in the train until Richmond<anchor n="12" xml:id="note-t-12"/> and walked along the Thames to Isleworth, that was a lovely walk, on the left the parks with their tall poplars, oaks and elms, on the right the river, reflecting the tall trees. It was a beautiful, almost solemn, evening; I got home at quarter past 10.</ab>
<ab rend="indent">Thanks for your last letter. You hadn’t yet written that <rs type="pers" key="795">Mrs Vintcent</rs> had died; how often I brought her home in the evenings.<anchor n="13" xml:id="note-t-13"/> Do you still visit <rs type="pers" key="298">Borchers</rs> sometimes? How I’d like to have walked with you to Hoeven! I often teach the boys biblical history, and last Sunday I read the Bible with them. Mornings and evenings we all read the Bible and sing and pray, and that is good. We did that at Ramsgate, too, and when those 21 sons of the London markets and streets prayed ‘Our Father, who art in Heaven, give us this day our daily bread’,<anchor n="14" xml:id="note-t-14"/> I’ve 
<pb f="1r" n="4" xml:id="pb-trans-1r-4" facs="#zone-pb-1r-4"/> sometimes thought of the cry of the young ravens that the Lord hears,<anchor n="15" xml:id="note-t-15"/> and it did me good to pray with them and to bow my head, probably even lower than they did, at the words <hi rend="ital">Do not lead us into temptation but deliver us from evil</hi>.<anchor n="16" xml:id="note-t-16"/></ab>
<ab rend="indent">I’m still full of yesterday; it must be good to be the brother of the man I saw so sorrowful yesterday, I mean that it must ‘be blessed to mourn’<anchor n="17" xml:id="note-t-17"/> with manly sorrow, how I’d have liked to comfort the Father, but I was embarrassed, though I could talk to the son. There was something hallowed in that house yesterday.</ab>
<ab rend="indent">Have you ever read ‘A life for a life’, I think in Dutch it’s called ‘Uit het leven voor het leven’, by the woman who wrote John Halifax?<anchor n="18" xml:id="note-t-18"/> You’d find it very beautiful. How’s your English coming along?</ab>
<ab rend="indent">It was a delight to take a long walk again, very little walking is done here at school. When I think of my life of struggle in Paris last year and now here, where sometimes I can’t leave the house for a whole day, or at least no further than the garden, then I sometimes think, when will I return to that world? If I do return to it, though, it will probably be some other kind of work than I did last year. But I think that I prefer doing biblical history with the boys to walking; one feels more or less safe doing the former.</ab>
<ab rend="indent">And now, regards to everyone at <rs type="pers" key="642 643">the Rooses</rs>’, and if anyone else should ask after me. How are <rs type="pers" key="264 265">the Van den Berghs</rs>,<anchor n="19" xml:id="note-t-19"/> and <rs type="pers" key="768 769">the Van Stockums</rs> on Buitenhof?<anchor n="20" xml:id="note-t-20"/> Do you ever hear anything from them? A handshake in thought and best wishes from</ab>
<vg:whiteline/>
<ab>Your most loving brother</ab>
<ab>Vincent</ab>
<vg:whiteline/>
<ab>And herewith a letter for <rs type="pers" key="323">Mauve</rs>. You may read it, I believe it’s good not to forget one’s old acquaintances, that’s why I’m writing again to some of them, also those in Paris, to <rs type="pers" key="758">Soek</rs> and others.</ab>
<vg:whiteline/>
  <ab>If you can persuade anyone to read Scenes from clerical life by <rs type="pers" key="590">Eliot</rs>, and Felix Holt, you’ll be doing a good deed. The former is a wonderful book.<anchor n="21" xml:id="note-t-21"/> Recommend the former to <rs type="pers" key="761">Caroline</rs> and to <rs type="pers" key="321 323">the Mauves</rs> and, <hi rend="ital">if possible</hi>, to <rs type="pers" key="787">Mr Tersteeg</rs> as well.</ab>
<vg:whiteline/>
<ab>Could you write by return of post saying whether a <hi rend="ital">Dutch</hi> pound of butter costs 80 cents and – if it’s a different pound – what part of a kilo is it then?<anchor n="22" xml:id="note-t-22"/></ab>
<vg:whiteline/>
<ab>Also give my regards to <rs type="pers" key="787 788">Mr and Mrs Tersteeg</rs> and <rs type="pers" key="789">Betsy</rs>.</ab>
  <vg:whiteline/>
<ab>I’m writing to you between school hours and rather in haste, as you can see.<anchor n="23" xml:id="note-t-23"/></ab></div>
<div type="notes">
<note n="1" xml:id="n-1" target="#note-t-1">
<ab>This refers to <rs type="pers" key="394">Harry Gladwell</rs>, who apparently had already been to visit Vincent, since <rs type="pers" key="524">Mrs van Gogh</rs> told Theo (before 18 August 1876): ‘Vincent’s last letter contained nothing special except that Gladwell had been to see him, which he was so happy about’ (FR b2765).</ab></note>
<note n="2" xml:id="n-2" target="#note-t-2">
<ab><rs type="pers" key="395">Susannah Eleanor Gladwell</rs> died on Wednesday, 16 August 1876.</ab></note>
<note n="3" xml:id="n-3" target="#note-t-3">
<ab>To get from Isleworth (south-west of London) via the gallery in the City (Gracechurch Street) to Lewisham (south-east of London), Van Gogh had to walk more than 30 km.</ab></note>
<note n="4" xml:id="n-4" target="#note-t-4">
<ab>Regarding <rs type="pers" key="396">Gladwell</rs>’s gallery, <ref target="let055.xml#n-1">see letter 55, n. 1.</ref></ab></note>
<note n="5" xml:id="n-5" target="#note-t-5">
<ab>Cf. <bibleref xmlns="http://www.vangoghletters.org/ns/" book="Eccl" chap="7" vr="2-4">Eccl. 7:2-4</bibleref>; cf. also <ref target="#n-6">n. 6</ref>.</ab></note>
<note n="6" xml:id="n-6" target="#note-t-6">
<ab>Cf. <bibleref xmlns="http://www.vangoghletters.org/ns/" book="Eccl" chap="7" v="3">Eccl. 7:3</bibleref> and <bibleref xmlns="http://www.vangoghletters.org/ns/" book="Matt" chap="5" v="4">Matt. 5:4</bibleref>.</ab></note>
<note n="7" xml:id="n-7" target="#note-t-7">
<ab>
  <bibleref xmlns="http://www.vangoghletters.org/ns/" book="2 Cor" chap="6" v="10">2 Cor. 6:10</bibleref>.</ab></note>
<note n="8" xml:id="n-8" target="#note-t-8">
<ab>
  <bibleref xmlns="http://www.vangoghletters.org/ns/" book="Matt" chap="5" v="8">Matt. 5:8</bibleref>.</ab></note>
<note n="9" xml:id="n-9" target="#note-t-9">
<ab>Cf. <bibleref xmlns="http://www.vangoghletters.org/ns/" book="2 Cor" chap="7" v="6">2 Cor. 7:6</bibleref>, ‘God, that comforteth those that are cast down’.</ab></note>
<note n="10" xml:id="n-10" target="#note-t-10">
<ab>
  <bibleref xmlns="http://www.vangoghletters.org/ns/" book="Rom" chap="8" v="28">Rom. 8:28</bibleref>. The repetition of ‘Blessed are...’ reflects the wording of <bibleref xmlns="http://www.vangoghletters.org/ns/" book="Matt" chap="5" vr="3-11">Matt. 5:3-11</bibleref>.</ab></note>
<note n="11" xml:id="n-11" target="#note-t-11">
<ab>St Paul’s Cathedral in the City of London.</ab></note>
<note n="12" xml:id="n-12" target="#note-t-12">
<ab>Richmond station was south-east of Isleworth.</ab></note>
<note n="13" xml:id="n-13" target="#note-t-13">
<ab>This most likely refers to <rs type="pers" key="795">Cornelia Wilhelmina De Lezenne Greve</rs>, the wife of<rs type="pers" key="230"> Johannes Bernardus Lodewijk Philippus Vintcent</rs>, a brother of the painter <rs type="pers" key="231">Lodewijk Antonie Vintcent</rs>. When Van Gogh was living in The Hague, Mrs Vintcent-De Lezenne Greve was living at Hofstraat 13, where she had resided since c. 1869/1870. She died on 21 July 1876 in The Hague (<hi rend="ital">GAH</hi>).</ab></note>
<note n="14" xml:id="n-14" target="#note-t-14">
<ab>The Lord’s Prayer: <bibleref xmlns="http://www.vangoghletters.org/ns/" book="Matt" chap="6" vr="9-11">Matt. 6:9-11</bibleref> and <bibleref xmlns="http://www.vangoghletters.org/ns/" book="Luke" chap="11" vr="2-3">Luke 11:2-3</bibleref>.</ab></note>
<note n="15" xml:id="n-15" target="#note-t-15">
<ab>Cf. <bibleref xmlns="http://www.vangoghletters.org/ns/" book="Ps" chap="147" v="9">Ps. 147:9</bibleref>.</ab></note>
<note n="16" xml:id="n-16" target="#note-t-16">
<ab>The Lord’s Prayer: <bibleref xmlns="http://www.vangoghletters.org/ns/" book="Matt" chap="6" v="13">Matt. 6:13</bibleref> and <bibleref xmlns="http://www.vangoghletters.org/ns/" book="Luke" chap="11" v="4">Luke 11:4</bibleref>.</ab></note>
<note n="17" xml:id="n-17" target="#note-t-17">
<ab>Cf. <bibleref xmlns="http://www.vangoghletters.org/ns/" book="Matt" chap="5" v="4">Matt. 5:4</bibleref>.</ab></note>
<note n="18" xml:id="n-18" target="#note-t-18">
<ab>In 1856, <rs type="pers" key="713">Dinah Maria Mulock Craik</rs> wrote the bestseller <rs type="lit" key="74"><hi rend="ital">John Halifax, gentleman</hi></rs>, the story of a tanner’s apprentice who works his way up to the point where he can afford to set up in business for himself. Widely read, but less successful, was Mulock Craick’s <rs type="lit" key="75"><hi rend="ital">A life for a life</hi></rs> (1859), a book which shows that ‘women and men have similar strengths, needs, and emotions. The plot shows that a man who commits murder and a woman who has a child out of wedlock can experience the same pattern of suffering and redemption.’ The principal characters, both lonely people, accept each other as they are, marry, and decide to emigrate to Canada, because there is no place for them in English society. See Mitchell 1983, pp. 56-58 (quotation on p. 56).</ab>
<ab rend="indent">The Dutch translation of <rs type="lit" key="75"><hi rend="ital">A life for a life</hi></rs> was titled <hi rend="ital">Leven om leven</hi>, but no copy has been traced. Mention of this edition is made on the title page of <rs type="pers" key="713">Mulock Craik</rs>’s <hi rend="ital">A noble life</hi>, namely <hi rend="ital">Een welbesteed leven</hi> (Van Kampen publishers, Amsterdam, 1866. Copy in the Groningen University Library). In those days it was not unusual for a book’s title page or binding to display a phrase such as ‘from the author of John Halifax’, and this could be where Van Gogh had seen it.</ab></note>
<note n="19" xml:id="n-19" target="#note-t-19">
<ab>The family of <rs type="pers" key="264">Arie van den Bergh</rs> and <rs type="pers" key="265">Johanna Ewaldine Stricker</rs>, a daughter of <rs type="pers" key="778">Johannes Andries Stricker</rs>. Van den Bergh was a chemist and distiller in The Hague’s prestigious Spuistraat (no. 51). The couple had been living since 1866 in Huis te Hoorn in Rijswijk, where they were photographed, together with their three sons and two daughters, in August 1872 (FR b5348).</ab></note>
<note n="20" xml:id="n-20" target="#note-t-20">
<ab>The family of <rs type="pers" key="768">Wilhelmus Petrus van Stockum</rs> and <rs type="pers" key="769">Maria de Langen</rs>. Van Stockum was a bookseller and publisher in The Hague. The family lived at Buitenhof 36. The couple had four sons and four daughters, though several of them no longer lived at home, one being <rs type="pers" key="760">Willem Jacob</rs>, the husband of <rs type="pers" key="761">Caroline Haanebeek</rs>.</ab></note>
  <note n="21" xml:id="n-21" target="#note-t-21">
    <ab>For <rs type="pers" key="590">Eliot</rs>’s <rs type="lit" key="65"><hi rend="ital">Scenes of clerical life</hi></rs>, <ref target="let70.xml#n-4">see letter 70, n. 4</ref> and for <rs type="lit" key="57"><hi rend="ital">Felix Holt, the radical</hi></rs>, <ref target="let066.xml#n-1">see letter 66, n. 1</ref>.</ab></note>
  <note n="22" xml:id="n-22" target="#note-t-22">
<ab><rs type="pers" key="682">Jones</rs> had previously asked Van Gogh to inquire about the price of Dutch butter; <ref target="let087.xml">see letter 87</ref>. Between May and October 1876, the price of one Dutch pound (which was actually 1 kg) of butter fluctuated between 1.50 and 1.80 guilders on the Delft market. See <hi rend="ital">Uitkomsten van het onderzoek naar den toestand van den landbouw in Nederland</hi>. The Hague 1890, vol. 2, section 58, p. 20. Van Gogh asked expressly about a ‘Dutch pound’ because in those days weights and measures had not yet been standardized. See J.M. Verhoeff, <hi rend="ital">De oude Nederlandse maten en gewichten</hi>. Amsterdam 1982.</ab></note>
<note n="23" xml:id="n-23" target="#note-t-23">
<ab>The marginal comments were obviously written in haste.</ab></note></div></body></text></TEI>
