<?xml version="1.0" encoding="UTF-8"?>
<!-- Last Changed Date: 2018-07-18 12:32:41 +0200 (Wed, 18 Jul 2018) | SVN Revision: 2206 -->
<!--Licensed under Attribution-NonCommercial-ShareAlike 4.0 International (CC BY-NC-SA 4.0)-->
<?xml-model href="https://xmlschema.huygens.knaw.nl/vgodd.rng" type="application/xml" schematypens="http://relaxng.org/ns/structure/1.0"?>
<TEI xmlns:vg="http://www.vangoghletters.org/ns/" xmlns="http://www.tei-c.org/ns/1.0">
<teiHeader xmlns:xsi="http://www.w3.org/2001/XMLSchema-instance"><fileDesc>
<titleStmt>
<title>To Theo van Gogh. London, Tuesday, 21 July 1874.</title>
<editor>Leo Jansen</editor>
<editor>Hans Luijten</editor>
<editor>Nienke Bakker</editor></titleStmt>
<publicationStmt>
<publisher><name>Huygens Instituut voor Nederlandse Geschiedenis (KNAW)</name><email>info@huygens.knaw.nl</email></publisher>
<publisher>Van Gogh Museum</publisher>
<pubPlace>Amsterdam</pubPlace>
<date type="first" when="2009">2009</date>
<availability status="restricted">
<licence target="http://creativecommons.org/licenses/by-nc-sa/4.0/ https://creativecommons.org/licenses/by-nc-sa/4.0/legalcode">
<p>Attribution-NonCommercial-ShareAlike 4.0 International (CC BY-NC-SA 4.0) </p></licence></availability>
<ptr target="http://vangoghletters.org/orig/let026"/></publicationStmt><sourceDesc><vg:letDesc><vg:letIdentifier>
<idno type="jlb">026</idno>
<idno type="collectedletters">19</idno>
<idno type="brieven1990">026</idno></vg:letIdentifier><vg:letHeading><author>Vincent van Gogh</author><vg:addressee>Theo van Gogh</vg:addressee><vg:placeLet>London</vg:placeLet><vg:dateLet>Tuesday, 21 July 1874</vg:dateLet></vg:letHeading><vg:letContents>
<p>To Theo van Gogh. London, Tuesday, 21 July 1874.</p></vg:letContents>
<note type="sourceStatus" xml:id="sourceStatus">
<p>Original manuscript</p></note>
<note type="location" xml:id="location">
<p>Amsterdam, Van Gogh Museum, inv. no. b19 V/1962</p></note>
<note type="date" xml:id="date">
<p>Letter headed: ‘Londen 21 Juli 1874’.</p></note></vg:letDesc></sourceDesc></fileDesc></teiHeader>
<facsimile xmlns:xsi="http://www.w3.org/2001/XMLSchema-instance">
<surface n="b 0019" xml:id="surf-pb-1r"><graphic mimeType="image/tiff" url="VGM001000019_01.TIF" rend="norend"/><graphic mimeType="image/tiff" url="VGM001000019_01_n.tif" rend="norend"/><graphic mimeType="image/jpeg" url="VGM001000019_01_nt.jpg" height="50px" rend="thumbnail"/><zone xml:id="zone-pb-1r-1">
<graphic mimeType="image/tiff" url="VGM001000019_01_nL.tif" rend="norend"/><graphic mimeType="image/jpeg" url="VGM001000019_01_nLt.jpg" height="50px" rend="thumbnail"/><graphic mimeType="image/png" url="VGM001000019_01_nLf.png" width="380px" rend="facstab"/></zone>
<zone xml:id="zone-pb-1r-2">
<graphic mimeType="image/tiff" url="VGM001000019_01_nR.tif" rend="norend"/><graphic mimeType="image/jpeg" url="VGM001000019_01_nRt.jpg" height="50px" rend="thumbnail"/><graphic mimeType="image/png" url="VGM001000019_01_nRf.png" width="380px" rend="facstab"/></zone>
</surface><surface n="b 0019 V/1962" xml:id="surf-extra-1v"><graphic mimeType="image/tiff" url="VGM001000019_02.TIF" rend="norend"/><zone xml:id="zone-extra-1">
<graphic mimeType="image/tiff" url="VGM001000019_02_n.tif" rend="norend"/><graphic mimeType="image/jpeg" url="VGM001000019_02_nt.jpg" height="50px" rend="thumbnail"/><graphic mimeType="image/png" url="VGM001000019_02_nf.png" width="380px" rend="facstab"/></zone>
</surface></facsimile><text xmlns:xsi="http://www.w3.org/2001/XMLSchema-instance"><body>
<div type="original">
<pb f="1r" n="1" xml:id="pb-orig-1r-1" facs="#zone-pb-1r-1"/><lb n="1" xml:id="l-1"/>
<ab>Londen 21 Juli 1874.</ab>
<vg:whiteline/><lb n="2" xml:id="l-2"/>
<ab>Waarde Theo,</ab><lb n="3" xml:id="l-3"/>
<ab>Gisteren is er een kist naar <lb n="4" xml:id="l-4"/>den Haag gegaan waarin ik <lb n="5" xml:id="l-5"/>eene phot<c type="kp">_</c> naar J. Maris gedaan <lb n="6" xml:id="l-6"/>heb &amp; ook de beloofde “Der Wirthin <lb n="7" xml:id="l-7"/>Tochterlein”,<anchor n="1" xml:id="note-o-1"/> die je, hoop ik, beiden <lb n="8" xml:id="l-8"/>op je kamer zult hangen.─</ab><lb n="9" xml:id="l-9"/>
<ab rend="indent">In dezelfde kist is eene phot<c type="kp">_</c> <lb n="10" xml:id="l-10"/>naar Thijs Maris, voor den <lb n="11" xml:id="l-11"/>Heer Tersteeg.─<anchor n="2" xml:id="note-o-2"/></ab><lb n="12" xml:id="l-12"/>
<ab rend="indent">Schüller te Parijs<anchor n="3" xml:id="note-o-3"/> heeft mij <lb n="13" xml:id="l-13"/>van beiden 6 afdrukken gezon<c type="shy">-</c><lb n="14" xml:id="l-14"/>den, die ik noodig had om <lb n="15" xml:id="l-15"/>weg te geven.─ Van die naar <lb n="16" xml:id="l-16"/>Thijs Maris kan ik er geen <lb n="17" xml:id="l-17"/>meer missen.─</ab><lb n="18" xml:id="l-18"/>
<ab rend="indent">Anna &amp; ik zijn goed &amp; wel te <lb n="19" xml:id="l-19"/>Londen gearriveerd<anchor n="4" xml:id="note-o-4"/> &amp; zullen <lb n="20" xml:id="l-20"/>’t hier wel stellen.─</ab>
<pb f="1r" n="2" xml:id="pb-orig-1r-2" facs="#zone-pb-1r-2"/><lb n="21" xml:id="l-21"/>
<ab rend="indent">Ik zeg niet dat we spoedig <lb n="22" xml:id="l-22"/>iets zullen vinden, maar <lb n="23" xml:id="l-23"/>elken dag dat zij hier is, <lb n="24" xml:id="l-24"/>leert zij &amp; in elk geval geloof <lb n="25" xml:id="l-25"/>ik er meer <hi rend="ital">kans</hi> is hier iets <lb n="26" xml:id="l-26"/>voor haar te vinden dan <lb n="27" xml:id="l-27"/>in Holland.─</ab><lb n="28" xml:id="l-28"/>
<ab rend="indent">’t Is iets heerlijks voor mij <lb n="29" xml:id="l-29"/>s’avonds met haar hier <lb n="30" xml:id="l-30"/>door de straten te wandelen, <lb n="31" xml:id="l-31"/>ik vind dan alles hier weer <lb n="32" xml:id="l-32"/>even mooi als ik ’t vond <lb n="33" xml:id="l-33"/>toen ik pas hier was.─</ab><lb n="34" xml:id="l-34"/>
<ab rend="indent">Heb het goed, kerel, &amp; groet <lb n="35" xml:id="l-35"/>ze bij Roos, Haanebeek &amp; <lb n="36" xml:id="l-36"/>Carbentus<anchor n="5" xml:id="note-o-5"/> van mij als je <lb n="37" xml:id="l-37"/>iemand van hen ziet.─</ab><lb n="38" xml:id="l-38"/>
<ab rend="indent">Ik ben aan ’t zwemmen <lb n="39" xml:id="l-39"/>leeren.─</ab><lb n="40" xml:id="l-40"/>
<ab rend="indent">Schrijf mij eens of je al <lb n="41" xml:id="l-41"/>in Michelet<anchor n="6" xml:id="note-o-6"/> gelezen hebt &amp; <lb n="42" xml:id="l-42"/>wat je daarvan denkt.─ <lb n="43" xml:id="l-43"/>Voor mij was dat boek eene <lb n="44" xml:id="l-44"/>revelatie.─ Adieu<c type="kp">_</c></ab>
<vg:whiteline/><lb n="45" xml:id="l-45"/>
<ab>Vincent</ab>
<vg:whiteline/><lb n="45*" xml:id="l-45s"/>
<ab>Anna groet je.─</ab>
<vg:whiteline/></div>
<div type="translation">
<pb f="1r" n="1" xml:id="pb-trans-1r-1" facs="#zone-pb-1r-1"/>
<ab>London, 21 July 1874.</ab>
<vg:whiteline/>
<ab>My dear Theo,</ab>
<ab>Yesterday a crate was sent to The Hague in which I put a photo of a <rs type="pers" key="1203">J. Maris</rs> and also ‘<rs type="lit" key="9">The landlady’s daughter</rs>’ I promised,<anchor n="1" xml:id="note-t-1"/> both of which I hope you’ll hang up in your room.</ab>
<ab rend="indent">There’s a photo in the same crate of a <rs type="pers" key="1202">Thijs Maris</rs> for <rs type="pers" key="787">Mr Tersteeg</rs>.<anchor n="2" xml:id="note-t-2"/></ab>
<ab rend="indent"><rs type="pers" key="687">Schüller</rs> at Paris<anchor n="3" xml:id="note-t-3"/> sent me 6 copies of both, which I needed in order to give away. I can’t spare another of the Thijs Maris.</ab>
<ab rend="indent"><rs type="pers" key="412">Anna</rs> and I arrived in London safe and sound,<anchor n="4" xml:id="note-t-4"/> and will manage here somehow. 
<pb f="1r" n="2" xml:id="pb-trans-1r-2" facs="#zone-pb-1r-2"/></ab>
<ab rend="indent">I’m not saying that we’ll find something quickly, but each day that she’s here she learns something, and in any case I believe there’s more <hi rend="ital">chance</hi> of her finding something here than in Holland.</ab>
<ab rend="indent">It’s wonderful for me to walk with her through the streets in the evening; I then find everything here just as beautiful as I did when I first arrived.</ab>
<ab rend="indent">I wish you well, old chap, and give my regards to <rs type="pers" key="642 643">the Rooses</rs>, <rs type="pers" key="442 443">Haanebeeks</rs> and <rs type="pers" key="13 41">Carbentuses</rs><anchor n="5" xml:id="note-t-5"/> if you see any of them.</ab>
<ab rend="indent">I’m learning to swim.</ab>
<ab rend="indent">Write to me whether you’ve begun reading <rs type="pers" key="707">Michelet</rs><anchor n="6" xml:id="note-t-6"/> and what you think of it. That book was a revelation to me. Adieu,</ab>
<vg:whiteline/>
<ab>Vincent</ab>
<vg:whiteline/>
<ab>Regards from Anna.</ab></div>
<div type="notes">
<note n="1" xml:id="n-1" target="#note-t-1">
<ab>Regarding <rs type="lit" key="9"><hi rend="ital">Der Wirthin Töchterlein</hi></rs>, see<hi rend="ital"> </hi><ref target="let014.xml#n-15">letter 14, n. 15.</ref></ab></note>
<note n="2" xml:id="n-2" target="#note-t-2">
    <ab>This was possibly a photograph after <rs type="pers" key="1202">Matthijs Maris</rs>’s <rs type="otherart" key="25"><hi rend="ital">Margaret</hi></rs>. <rs type="pers" key="412">Anna</rs>, in fact, wrote about it to Theo on 30 July 1874: ‘I’ve already been to see Vincent in the office three times and saw very beautiful paintings there, also the Margaret by M. Maris, of which you have the photograph’ (FR 2712). This could have been any one of three Gretchen/Margaret depictions: <rs type="otherart" key="26"><hi rend="ital">The bride (Church bride),</hi></rs> 1865-1869 (The Hague, The Mesdag Collection), <rs type="otherart" key="27"><rs type="otherart" key="28"><hi rend="ital">Girl at the pump</hi></rs></rs>, 1872 (Groningen, Groninger Museum) or <hi rend="ital">The spinner</hi>, 1873 (Otterlo, Kröller-Müller Museum). Cf. H.E.M. Braakhuis and J. van der Vliet, ‘Bruiden, Gretchens, prinsessen en kastelen. Het werk’, <hi rend="ital">Kunstschrift</hi> 34-1 (1990), pp. 9-15.</ab></note>
<note n="3" xml:id="n-3" target="#note-t-3">
<ab><rs type="pers" key="687">Woutherus Stephanus Schüller</rs> was an employee of Goupil in Paris.</ab></note>
<note n="4" xml:id="n-4" target="#note-t-4">
<ab>Vincent and <rs type="pers" key="412">Anna</rs> arrived in London on Wednesday, 15 July. Theo had been informed immediately, his <rs type="pers" key="524 526">parents</rs> having forwarded the letter telling of Vincent and Anna’s arrival to him in The Hague (FR b2711, 18 July 1874).</ab></note>
<note n="5" xml:id="n-5" target="#note-t-5">
<ab>The family of <rs type="pers" key="41">Uncle Arie Carbentus</rs> and <rs type="pers" key="13">Aunt Fie</rs>.</ab></note>
<note n="6" xml:id="n-6" target="#note-t-6">
<ab><rs type="pers" key="707">Jules Michelet</rs>, <rs type="lit" key="11"><hi rend="ital">L’amour</hi></rs>, 1858; cf. <ref target="let027.xml">letter 27</ref>.</ab></note></div></body></text></TEI>
