<?xml version="1.0" encoding="UTF-8"?>
<!-- Last Changed Date: 2018-07-18 12:32:41 +0200 (Wed, 18 Jul 2018) | SVN Revision: 2206 -->
<!--Licensed under Attribution-NonCommercial-ShareAlike 4.0 International (CC BY-NC-SA 4.0)-->
<?xml-model href="https://xmlschema.huygens.knaw.nl/vgodd.rng" type="application/xml" schematypens="http://relaxng.org/ns/structure/1.0"?>
<TEI xmlns:vg="http://www.vangoghletters.org/ns/" xmlns="http://www.tei-c.org/ns/1.0">
<teiHeader xmlns:xsi="http://www.w3.org/2001/XMLSchema-instance"><fileDesc>
<titleStmt>
<title>To Theo van Gogh. Brussels, Monday, 1 November 1880.</title>
<editor>Leo Jansen</editor>
<editor>Hans Luijten</editor>
<editor>Nienke Bakker</editor></titleStmt>
<publicationStmt>
<publisher><name>Huygens Instituut voor Nederlandse Geschiedenis (KNAW)</name><email>info@huygens.knaw.nl</email></publisher>
<publisher>Van Gogh Museum</publisher>
<pubPlace>Amsterdam</pubPlace>
<date type="first" when="2009">2009</date>
<availability status="restricted">
<licence target="http://creativecommons.org/licenses/by-nc-sa/4.0/ https://creativecommons.org/licenses/by-nc-sa/4.0/legalcode">
<p>Attribution-NonCommercial-ShareAlike 4.0 International (CC BY-NC-SA 4.0) </p></licence></availability>
<ptr target="http://vangoghletters.org/orig/let160"/></publicationStmt><sourceDesc><vg:letDesc><vg:letIdentifier>
<idno type="jlb">160</idno>
<idno type="collectedletters">138</idno>
<idno type="brieven1990">159</idno></vg:letIdentifier><vg:letHeading><author>Vincent van Gogh</author><vg:addressee>Theo van Gogh</vg:addressee><vg:placeLet>Brussels</vg:placeLet><vg:dateLet>Monday, 1 November 1880</vg:dateLet></vg:letHeading><vg:letContents>
<p>To Theo van Gogh. Brussels, Monday, 1 November 1880.</p>
<note type="ongoingTopic" n="1">
<p>Van Gogh is drawing from Bargue’s <hi rend="ital">Exercices au fusain</hi> and <hi rend="ital">Cours de dessin</hi> (<ref target="let156.xml">156</ref> and <ref target="let158.xml">158</ref>)</p></note></vg:letContents>
<note type="sourceStatus" xml:id="sourceStatus">
<p>Original manuscript</p></note>
<note type="location" xml:id="location">
<p>Amsterdam, Van Gogh Museum, inv. no. b158 V/1962</p></note>
<note type="date" xml:id="date">
<p>Letter headed: ‘Bruxelles 1 Nov. / 72 Boulev du Midi’.</p></note></vg:letDesc></sourceDesc></fileDesc></teiHeader>
<facsimile xmlns:xsi="http://www.w3.org/2001/XMLSchema-instance">
<surface n="b 0158" xml:id="surf-pb-1r"><graphic mimeType="image/tiff" url="VGM001000168_01.TIF" rend="norend"/><graphic mimeType="image/tiff" url="VGM001000168_01_n.tif" rend="norend"/><graphic mimeType="image/jpeg" url="VGM001000168_01_nt.jpg" height="50px" rend="thumbnail"/><zone xml:id="zone-pb-1r-1">
<graphic mimeType="image/tiff" url="VGM001000168_01_nR.tif" rend="norend"/><graphic mimeType="image/jpeg" url="VGM001000168_01_nRt.jpg" height="50px" rend="thumbnail"/><graphic mimeType="image/png" url="VGM001000168_01_nRf.png" width="380px" rend="facstab"/></zone>
<zone xml:id="zone-pb-1r-4">
<graphic mimeType="image/tiff" url="VGM001000168_01_nL.tif" rend="norend"/><graphic mimeType="image/jpeg" url="VGM001000168_01_nLt.jpg" height="50px" rend="thumbnail"/><graphic mimeType="image/png" url="VGM001000168_01_nLf.png" width="380px" rend="facstab"/></zone>
</surface>
<surface n="b 0158" xml:id="surf-pb-1v"><graphic mimeType="image/tiff" url="VGM001000168_02.TIF" rend="norend"/><graphic mimeType="image/tiff" url="VGM001000168_02_n.tif" rend="norend"/><graphic mimeType="image/jpeg" url="VGM001000168_02_nt.jpg" height="50px" rend="thumbnail"/><zone xml:id="zone-pb-1v-2">
<graphic mimeType="image/tiff" url="VGM001000168_02_nL.tif" rend="norend"/><graphic mimeType="image/jpeg" url="VGM001000168_02_nLt.jpg" height="50px" rend="thumbnail"/><graphic mimeType="image/png" url="VGM001000168_02_nLf.png" width="380px" rend="facstab"/></zone>
<zone xml:id="zone-pb-1v-3">
<graphic mimeType="image/tiff" url="VGM001000168_02_nR.tif" rend="norend"/><graphic mimeType="image/jpeg" url="VGM001000168_02_nRt.jpg" height="50px" rend="thumbnail"/><graphic mimeType="image/png" url="VGM001000168_02_nRf.png" width="380px" rend="facstab"/></zone>
</surface></facsimile><text xmlns:xsi="http://www.w3.org/2001/XMLSchema-instance"><body>
<div type="original">
<pb f="1r" n="1" xml:id="pb-orig-1r-1" facs="#zone-pb-1r-1"/><lb n="1" xml:id="l-1"/>
<ab>Bruxelles 1 Nov.</ab><lb n="2" xml:id="l-2"/>
<ab>72 Boulev<hi rend="ss">d</hi> du Midi</ab>
<vg:whiteline/><lb n="3" xml:id="l-3"/>
<ab>Waarde Theo,</ab><lb n="4" xml:id="l-4"/>
<ab>In antwoord op Uw brief wil ik U een &amp; ander zeggen.</ab><lb n="5" xml:id="l-5"/>
<ab rend="indent">Vooreerst dat ik bij den Hr. Roelofs ben geweest daags na ’t ontvangen <lb n="6" xml:id="l-6"/>van Uw schrijven<anchor n="1" xml:id="note-o-1"/> &amp; die mij gezegd heeft dat zijn meening was dat <lb n="7" xml:id="l-7"/>van nu af aan bij mij hoofdzaak moest worden het teekenen <lb n="8" xml:id="l-8"/>naar de natuur<c type="kk">/</c> n.l. hetzij pleister of model, maar dat <lb n="9" xml:id="l-9"/>niet zonder leiding van den een of ander die ’t goed verstaat. <lb n="10" xml:id="l-10"/>En hij &amp; ook anderen raadden mij zoo ernstig aan althans <lb n="11" xml:id="l-11"/>voor een tijd hier of te Antwerpen of elders waar ik maar <lb n="12" xml:id="l-12"/>kon bepaald aan de teekenakademie te gaan werken <lb n="13" xml:id="l-13"/>dat ik<c type="kk">/</c> hoewel dit mij niet zoo bijzonder aangenaam <lb n="14" xml:id="l-14"/>is<c type="kk">/</c> heb meenen niet anders te moeten doen dan er <lb n="15" xml:id="l-15"/>werk van te maken om aan de bewuste teekenakademie te <lb n="16" xml:id="l-16"/>worden toegelaten. <hi rend="ital">Hier te Brussel is het onderwijs</hi> <lb n="17" xml:id="l-17"/><hi rend="ital">kosteloos</hi><c type="kk">/</c> te Amsterdam b.v. hoor ik kost dat nog weer <lb n="18" xml:id="l-18"/>F<c type="kp">_</c> 100.- gulden s’jaars en kan men werken in een behoorlijk <lb n="19" xml:id="l-19"/>verwarmd &amp; verlicht lokaal hetgeen vooral s’winters <lb n="20" xml:id="l-20"/>wel de aandacht verdient.</ab><lb n="21" xml:id="l-21"/>
<ab rend="indent">Met de voorbeelden van Bargue vlot ik &amp; vordert het<c type="kp">_</c> <lb n="22" xml:id="l-22"/>Buitendien heb ik dezer dagen iets geteekend waar ik <lb n="23" xml:id="l-23"/>wel veel werk aan gehad heb maar dat ik toch blij ben <lb n="24" xml:id="l-24"/>gedaan te hebben<c type="kp">_</c> N.l. heb met de pen een geraamte <lb n="25" xml:id="l-25"/>geteekend &amp; dat nog al groot op 5 bladen papier ingres.</ab>
<vg:whiteline/><lb n="26" xml:id="l-26"/>
    <ab rend="html" html="160_01_ol.html">1 blad het hoofd, geraamte &amp; spieren.</ab><lb n="27" xml:id="l-27"/>
    <ab rend="html" html="160_01_ol.html">1 ,, Romp, geraamte</ab><lb n="28" xml:id="l-28"/>
    <ab rend="html" html="160_01_ol.html">1 ,, hand van voren, <c type="kk">/</c> geraamte &amp; spieren</ab><lb n="29" xml:id="l-29"/>
    <ab rend="html" html="160_01_ol.html">1 ,, ,, van achteren, <c type="kk">/</c> ,, ,,</ab><lb n="30" xml:id="l-30"/>
    <ab rend="html" html="160_01_ol.html">1 ,, bekken &amp; beenen, geraamte.</ab>
<vg:whiteline/><lb n="31" xml:id="l-31"/>
<ab>Nu heb ik dat gedaan naar aanleiding van een <lb n="32" xml:id="l-32"/>leiddraad door Zahn<c type="kk">/</c> <hi rend="ital">Esquisses anatomiques à l’usage</hi> <lb n="33" xml:id="l-33"/><hi rend="ital">des artistes</hi>.<anchor n="2" xml:id="note-o-2"/> En daarin komen nog een aantal andere 
<pb f="1v" n="2" xml:id="pb-orig-1v-2" facs="#zone-pb-1v-2"/><lb n="34" xml:id="l-34"/>afbeeldingen voor die mij voorkomen zeer doeltreffend <lb n="35" xml:id="l-35"/>&amp; duidelijk te zijn<c type="kp">_</c> Van hand<c type="kk">/</c> voet &amp;c<c type="kp">_</c> &amp;c.</ab><lb n="36" xml:id="l-36"/>
<ab rend="indent">En hetgeen ik nu doen ga is de teekening der spieren <lb n="37" xml:id="l-37"/>geheel verder af maken<c type="kk">/</c> n.l. die van romp &amp; beenen die <lb n="38" xml:id="l-38"/>met de reeds gemaakten een geheel van ’t menschelijk <lb n="39" xml:id="l-39"/>ligchaam zullen vormen. <lb n="39a" xml:id="l-39a"/>Dan volgt nog het ligchaam van achteren <lb n="39b" xml:id="l-39b"/>gezien &amp; op zij.</ab><lb n="40" xml:id="l-40"/>
<ab rend="indent">Gij ziet dus dat ik het met eenige energie doorzet, <lb n="41" xml:id="l-41"/>die dingen zijn zoo heel gemakkelijk niet &amp; vragen tijd &amp; <lb n="42" xml:id="l-42"/>bovendien heel wat geduld.</ab><lb n="43" xml:id="l-43"/>
<ab rend="indent">Om aan de teekenakademie te worden toegelaten moet <lb n="44" xml:id="l-44"/>men permissie hebben van den burgemeester &amp; ingeschreven worden<c type="kk">/</c> <lb n="45" xml:id="l-45"/>ik ben in afwachting van het antwoord op mijn aanvraag.<anchor n="3" xml:id="note-o-3"/></ab><lb n="46" xml:id="l-46"/>
<ab rend="indent">Ik weet wel dat hoe zuinig, hoe arm zelfs men <lb n="47" xml:id="l-47"/>leve het te Brussel duurder moet uitkomen dan b.v. te Cuesmes <lb n="48" xml:id="l-48"/>maar ik kan niet zonder eenige leiding er komen, <lb n="49" xml:id="l-49"/>en houd het daarvoor dat mits ik maar hard werk, <lb n="50" xml:id="l-50"/>hetgeen ik ook doe, mogelijk hetzij oom Cent hetzij oom Cor <lb n="51" xml:id="l-51"/>iets zullen doen<c type="kk">/</c> zoo niet tot tegemoetkoming van mij althans <lb n="52" xml:id="l-52"/>tot tegemoetkoming van Pa.</ab><lb n="53" xml:id="l-53"/>
<ab rend="indent">Het is mijn plan hier aan de veeartsenijschool<anchor n="4" xml:id="note-o-4"/> de <lb n="54" xml:id="l-54"/>anatomische afbeeldingen van b.v. paard, koe &amp; schaap <lb n="55" xml:id="l-55"/>magtig te worden en die desgelijks te teekenen als de <lb n="56" xml:id="l-56"/>anatomie van den mensch.</ab><lb n="57" xml:id="l-57"/>
<ab rend="indent">Er zijn wetten van proportie<c type="kk">/</c> van licht &amp; schaduw<c type="kk">/</c> van <lb n="58" xml:id="l-58"/>perspectief, die men <hi rend="ital">weten moet</hi> om zelf iets te kunnen <lb n="59" xml:id="l-59"/>teekenen<c type="kk">/</c> mist men die kennis dan blijft het altijd <lb n="60" xml:id="l-60"/>une lutte stérile en men komt nooit tot <lb n="61" xml:id="l-61"/>enfanter.</ab><lb n="62" xml:id="l-62"/>
<ab rend="indent">Daarom is het dat ik geloof regt door zee gezeild <lb n="63" xml:id="l-63"/>te hebben toen ik nu de zaak alzoo heb opgevat &amp; <lb n="64" xml:id="l-64"/>wil trachten hier dezen winter wat kapitaal van <lb n="65" xml:id="l-65"/>anatomie op te doen<c type="kk">/</c> langer daarmee wachten <lb n="66" xml:id="l-66"/>mag niet &amp; zou bij slot van rekening nog duurder uitkomen <lb n="67" xml:id="l-67"/>want het zou tijdverliezen zijn.</ab>
<pb f="1v" n="3" xml:id="pb-orig-1v-3" facs="#zone-pb-1v-3"/><lb n="68" xml:id="l-68"/>
<ab rend="indent">Ik geloof dit ook Uwe zienswijze zijn zal.</ab><lb n="69" xml:id="l-69"/>
<ab rend="indent">Het teekenen is een harden &amp; moeielijken strijd<c type="kp">_</c> </ab><lb n="70" xml:id="l-70"/>
<ab rend="indent">Kon het zijn dat ik hier eenig vast werk vond<c type="kk">/</c> tant mieux <lb n="71" xml:id="l-71"/>maar ik durf daar nog niet op te rekenen want ik <lb n="72" xml:id="l-72"/>moet eerst nog veel dingen leeren.<anchor n="5" xml:id="note-o-5"/></ab><lb n="73" xml:id="l-73"/>
<ab rend="indent">Ben ook eens bij M<hi rend="ss">r</hi> v<c type="kp">_</c> Rappard geweest die nu woont Rue <lb n="74" xml:id="l-74"/>Traversière 64 en eens met hem gesproken.<anchor n="6" xml:id="note-o-6"/> Hij heeft een goed <lb n="75" xml:id="l-75"/>voorkomen<c type="kk">/</c> heb van zijn werk nog niet anders gezien dan een <lb n="76" xml:id="l-76"/>paar kleine penteekeningen van landschap. Maar hij woont <lb n="77" xml:id="l-77"/>nog al rijk<anchor n="7" xml:id="note-o-7"/> &amp; ik weet niet of hij de persoon is met wien ik b.v. zou <lb n="78" xml:id="l-78"/>kunnen zamenwonen &amp; zamenwerken om finantieele reden. Maar in elk geval <lb n="79" xml:id="l-79"/>ga ik wel eens weer naar hem toe. Maar den indruk dien ik <lb n="80" xml:id="l-80"/>van hem kreeg was dat er wel ernst in hem schijnt te wezen.</ab><lb n="81" xml:id="l-81"/>
<ab rend="indent">Te Cuesmes<c type="kk">/</c> jongen<c type="kk">/</c> had ik het geen maand langer <lb n="82" xml:id="l-82"/>uitgehouden zonder ziek te worden van misère<c type="kp">_</c> Ge moet <lb n="83" xml:id="l-83"/>u niet verbeelden dat ik hier rijk leef want mijn eten <lb n="84" xml:id="l-84"/>bestaat voornamelijk in droog brood &amp; wat aardappelen of <lb n="85" xml:id="l-85"/>kastanjes die de lui aan de hoeken van de straten verkoopen <lb n="86" xml:id="l-86"/>maar door een wat betere kamer &amp; door van tijd tot <lb n="87" xml:id="l-87"/>tijd eens een iets beteren maaltijd te doen in een restaurant <lb n="88" xml:id="l-88"/>als het lijden kan<c type="kk">/</c> zal ik het zeer goed uithouden. Maar <lb n="88a" xml:id="l-88a"/>gedurende bijna 2 jaar heb ik wel een &amp; ander uitgestaan in de Borinage<c type="kk">/</c> dat is geen pleizierreis. <lb n="89" xml:id="l-89"/>Maar wat meer dan 60 frs zal het toch alligt worden <lb n="90" xml:id="l-90"/>&amp; kan werkelijk niet anders. Teekenbehoeften &amp; voorbeelden <lb n="91" xml:id="l-91"/>b.v. voor anatomie<c type="kk">/</c> dat kost alles<anchor n="a" xml:id="note-o-a"/> &amp; dat zijn toch bepaald onmisbare <lb n="92" xml:id="l-92"/>dingen &amp; op deze wijze alleen kan het later rendeeren<c type="kk">/</c> anders kom ik er nooit.</ab><lb n="93" xml:id="l-93"/>
<ab rend="indent">Met veel genoegen las ik dezer dagen een uittreksel uit het <lb n="94" xml:id="l-94"/>werk van Lavater &amp; Gall. Physiognomie &amp; phrénologie. <lb n="95" xml:id="l-95"/>n.l. het karakter zooals dat zich uitdrukt in gelaatstrekken &amp; <lb n="96" xml:id="l-96"/>Schedelvorm.<anchor n="8" xml:id="note-o-8"/></ab><lb n="97" xml:id="l-97"/>
<ab rend="indent">Heb geteekend Les bêcheurs van Millet<anchor n="9" xml:id="note-o-9"/> naar een phot<c type="kp">_</c> van <lb n="98" xml:id="l-98"/>Braun<anchor n="10" xml:id="note-o-10"/> die ik bij Schmidt vond en die hij mij leende met <lb n="99" xml:id="l-99"/>die van L’angélus du soir.<anchor n="11" xml:id="note-o-11"/> Ik stuurde die beide teekeningen <lb n="100" xml:id="l-100"/>aan Pa opdat hij zien zou dat ik wat uitvoer.</ab><lb n="101" xml:id="l-101"/>
<ab rend="indent">Schrijf mij weer eens spoedig. adres <hi rend="ital">72 B<hi rend="ss">d</hi> du Midi</hi><c type="kp">_</c> <lb n="102" xml:id="l-102"/>ik ben hier in een klein logement voor 50 frs per maand <lb n="103" xml:id="l-103"/>en heb dan hier mijn brood &amp; s’morgens<c type="kk">/</c> s’middags &amp; s’avonds <lb n="104" xml:id="l-104"/>een kop koffij<c type="kp">_</c> Dat is niet heel goedkoop maar ’t is hier overal duur.</ab>
<pb f="1r" n="4" xml:id="pb-orig-1r-4" facs="#zone-pb-1r-4"/><lb n="105" xml:id="l-105"/>
<ab rend="indent">De Holbeins uit de Modèles d’après les Maîtres<anchor n="12" xml:id="note-o-12"/> zijn prachtig<c type="kk">/</c> <lb n="106" xml:id="l-106"/>dat merk ik nu<c type="kk">/</c> ze teekenende<c type="kk">/</c> nog veel meer <lb n="107" xml:id="l-107"/>dan vroeger. Maar ze zijn niet makkelijk dat verzeker ik <lb n="108" xml:id="l-108"/>U.</ab><lb n="109" xml:id="l-109"/>
<ab rend="indent">Dat de hr. Schmidt niet oningewikkeld was in <lb n="110" xml:id="l-110"/>een geldkwestie waarin de familie v<c type="kp">_</c> G. niet onbetrokken <lb n="111" xml:id="l-111"/>zou wezen &amp; weshalve hij<c type="kk">/</c> n.l. de Hr. S. niet ongeregtelijk <lb n="112" xml:id="l-112"/>zou vervolgd worden<c type="kk">/</c> daarvan wist geen haar op <lb n="113" xml:id="l-113"/>mijn hoofd iets af toen ik naar hem toeging &amp; <lb n="114" xml:id="l-114"/>heb ik eerst uit uw brief vernomen.<anchor n="13" xml:id="note-o-13"/> Dus heb ik dat <lb n="115" xml:id="l-115"/>niet heel gelukkig getroffen hoewel de Hr S. mij <lb n="116" xml:id="l-116"/>toch vrij cordiaal heeft ontvangen. Maar het nu <lb n="117" xml:id="l-117"/>eenmaal wetende &amp; de zaken alzoo zijnde <lb n="118" xml:id="l-118"/>zal het mogelijk wijs zijn dat ik er niet druk<anchor n="b" xml:id="note-o-b"/> kom<c type="kk">/</c> <lb n="119" xml:id="l-119"/>zonder dat het daarom noodig zij met opzet <lb n="120" xml:id="l-120"/>te mijden hem te ontmoeten.</ab><lb n="121" xml:id="l-121"/>
<ab rend="indent">Ik had U al vroeger geschreven maar had het <lb n="122" xml:id="l-122"/>te druk met mijn geraamte.</ab><lb n="123" xml:id="l-123"/>
<ab rend="indent">Ik geloof gij hoe langer gij er over nadenkt <lb n="124" xml:id="l-124"/>des te meer zult inzien het bepaald noodzakelijke <lb n="125" xml:id="l-125"/>van eene meer artistieke omgeving voor mij<c type="kk">/</c> <lb n="126" xml:id="l-126"/>want hoe zal men teekenen leeren tenzij iemand <lb n="127" xml:id="l-127"/>het U wijze<c type="kp">_</c> Met den besten wil van de wereld <lb n="128" xml:id="l-128"/>komt men er niet zonder ook met artisten die <lb n="129" xml:id="l-129"/>reeds verder zijn in aanraking te zijn &amp; te blijven. <lb n="130" xml:id="l-130"/>Goeden wil baat niet geheel &amp; al zonder ook gelegenheid tot ontwikkeling<c type="kp">_</c> <lb n="131" xml:id="l-131"/>Wat les artistes mediocres aangaat waaronder gij <lb n="132" xml:id="l-132"/>meent ik niet zou willen behooren<c type="kk">/</c> wat zal ik U daarvan zeggen<c type="kp">_</c> <lb n="133" xml:id="l-133"/>Dat hangt er al van af wat men onder médiocre verstaat. <lb n="134" xml:id="l-134"/>Ik zal doen wat ik kan maar médiocre in zijn eenvoudige <lb n="135" xml:id="l-135"/>beteekenis veracht ik geenszins. En zeker komt men <lb n="136" xml:id="l-136"/>niet boven dat peil door te verachten hetgeen médiocre is<c type="kk">/</c> <lb n="137" xml:id="l-137"/>mijns inziens moet men althans aanvangen met wat respect te <lb n="138" xml:id="l-138"/>hebben ook voor médiocre &amp; te weten dat ook dat reeds iets beteekend <lb n="139" xml:id="l-139"/>&amp; men zelfs daartoe niet dan met veel moeite komt. adieu <lb n="140" xml:id="l-140"/>voor heden<c type="kk">/</c> ik druk u de hand in gedachten. Schrijf weer eens spoedig <lb n="141" xml:id="l-141"/>als ge kunt<c type="kp">_</c></ab>
<vg:whiteline/><lb n="141*" xml:id="l-141s"/>
<ab>Vincent</ab>
<vg:whiteline/>
<div type="textualNotes">
</div></div>
<div type="translation">
<pb f="1r" n="1" xml:id="pb-trans-1r-1" facs="#zone-pb-1r-1"/>
<ab>Brussels, 1 Nov.</ab>
<ab>72 blvd du Midi</ab>
<vg:whiteline/>
<ab>My dear Theo,</ab>
<ab>I want to tell you a few things in reply to your letter.</ab>
<ab rend="indent">First of all, that I went to see <rs type="pers" key="1318">Mr Roelofs</rs> the day after I received your letter,<anchor n="1" xml:id="note-t-1"/> and he told me that his opinion was that from now on I should concentrate on drawing from nature, i.e. whether plaster or model, but not without guidance from someone who understands it well. And he, and others too, seriously advised me definitely to go and work at a drawing academy, at least for a while, here or in Antwerp or anywhere I could, so I think I should in fact do something about getting admitted to that drawing academy, although I don’t particularly like the idea. <hi rend="ital">Tuition is free here in Brussels</hi>, I hear that in Amsterdam, for example, it costs 100 guilders a year, and one can work in an adequately heated and lighted room, which is worth thinking about, especially for the winter.</ab>
<ab rend="indent">I’m making headway with the examples of <rs type="pers" key="851">Bargue</rs>, and things are progressing. Moreover, I’ve recently drawn something that was a lot of work but I’m glad to have done it. Made, in fact, a pen drawing of a skeleton, rather large at that, on 5 sheets of Ingres paper.</ab>
<vg:whiteline/>
    <ab rend="html" html="160_01_tr.html">1 sheet the head, skeleton and muscles</ab>
    <ab rend="html" html="160_01_tr.html">1 ,, torso, skeleton</ab>
    <ab rend="html" html="160_01_tr.html">1 ,, hand from the front, skeleton and muscles</ab>
    <ab rend="html" html="160_01_tr.html">1 ,, ,, from the back, ,, ,,</ab>
    <ab rend="html" html="160_01_tr.html">1 ,, pelvis and legs, skeleton.</ab>
<vg:whiteline/>
<ab>I was prompted to do it by a manual written by <rs type="pers" key="1675">Zahn</rs>, <hi rend="ital">Esquisses anatomiques à l’usage des artistes</hi>.<anchor n="2" xml:id="note-t-2"/> And it includes a number of other 
<pb f="1v" n="2" xml:id="pb-trans-1v-2" facs="#zone-pb-1v-2"/> illustrations which seem to me very effective and clear. Of the hand, foot &amp;c. &amp;c.</ab>
<ab rend="indent">And what I’m now going to do is complete the drawing of the muscles, i.e. that of the torso and legs, which will form the whole of the human body with what’s already made. Then there’s still the body seen from the back and from the side.</ab>
<ab rend="indent">So you see that I’m pushing ahead with a vengeance, those things aren’t so very easy, and require time and moreover quite a bit of patience.</ab>
<ab rend="indent">To be admitted to the drawing academy one must have permission from the mayor and be registered. I’m waiting for an answer to my request.<anchor n="3" xml:id="note-t-3"/></ab>
<ab rend="indent">I know, of course, that no matter how frugally, how poorly even, one lives, it will turn out to be more expensive in Brussels than in Cuesmes, for instance, but I shan’t succeed without any guidance, and I think it possible — if I only work hard, which I certainly do — that either <rs type="pers" key="423">Uncle Cent</rs> or <rs type="pers" key="422">Uncle Cor</rs> will do something, if not as a concession to me at least as a concession to <rs type="pers" key="526">Pa</rs>.</ab>
<ab rend="indent">It’s my plan to get hold of the anatomical illustrations of a horse, cow and sheep, for example, from the veterinary school,<anchor n="4" xml:id="note-t-4"/> and to draw them in the same way as the anatomy of a person.</ab>
<ab rend="indent">There are laws of proportion, of light and shadow, of perspective, that one <hi rend="ital">must know</hi> in order to be able to draw anything at all. If one lacks that knowledge, it will always remain a fruitless struggle and one will never give birth to anything.</ab>
<ab rend="indent">That’s why I believe I’m steering a straight course by taking matters in hand in this way, and want to try and acquire a wealth of anatomy here this winter, it won’t do to wait longer and would ultimately prove to be more expensive because it would be a waste of time.
<pb f="1v" n="3" xml:id="pb-trans-1v-3" facs="#zone-pb-1v-3"/></ab>
<ab rend="indent">I believe that this will also be your point of view.</ab>
<ab rend="indent">Drawing is a hard and difficult struggle.</ab>
<ab rend="indent">If I should be able to find some steady work here, all the better, but I don’t dare count on it yet, because I must first learn a great many things.<anchor n="5" xml:id="note-t-5"/></ab>
<ab rend="indent">Also went to see <rs type="pers" key="1306">Mr Van Rappard</rs>, who now lives at rue Traversière 64, and have spoken to him.<anchor n="6" xml:id="note-t-6"/> He has a fine appearance, I’ve not seen anything of his work other than a couple of small pen drawings of landscapes. But he lives rather sumptuously<anchor n="7" xml:id="note-t-7"/> and, for financial reasons, I don’t know whether he’s the person with whom, for instance, I could live and work. But in any case I’ll go and see him again. But the impression I got of him was that there appears to be seriousness in him.</ab>
<ab rend="indent">In Cuesmes, old boy, I couldn’t have stood it a month longer without falling ill with misery. You mustn’t think that I live in luxury here, for my food consists mainly of dry bread and some potatoes or chestnuts which people sell on the street corners, but I’ll manage very well with a slightly better room and by eating a slightly better meal from time to time in a restaurant if that were possible. But for nearly 2 years I endured one thing and another in the Borinage, that’s no pleasure trip. But it will easily amount to something more than 60 francs and really can’t be otherwise. Drawing materials and examples, for instance, for anatomy, it all costs money, and those are certainly essentials, and only in this way can it pay off later, otherwise I’ll never succeed.</ab>
<ab rend="indent">I had great pleasure lately in reading an extract from the work by <rs type="pers" key="489">Lavater</rs> and <rs type="pers" key="384">Gall</rs>. Physiognomie et phrénologie. Namely character as it is expressed in facial characteristics and the shape of the skull.<anchor n="8" xml:id="note-t-8"/></ab>
<ab rend="indent">Drew The diggers by <rs type="pers" key="1226">Millet</rs><anchor n="9" xml:id="note-t-9"/> after a photo by <rs type="pers" key="29">Braun</rs><anchor n="10" xml:id="note-t-10"/> that I found at <rs type="pers" key="624">Schmidt</rs>’s and which he lent me with that of The evening angelus.<anchor n="11" xml:id="note-t-11"/> I sent both those drawings to <rs type="pers" key="526">Pa</rs> so that he could see that I’m doing something.</ab>
<ab rend="indent">Write to me again soon. Address <hi rend="ital">72 blvd du Midi</hi>. I’m staying in a small boarding-house for 50 francs a month and have my bread and a cup of coffee here, morning, afternoon and evening. That isn’t very cheap but it’s expensive everywhere here.
<pb f="1r" n="4" xml:id="pb-trans-1r-4" facs="#zone-pb-1r-4"/></ab>
<ab rend="indent">The <rs type="pers" key="1090">Holbein</rs>s from the Modèles d’apres les maitres<anchor n="12" xml:id="note-t-12"/> are splendid, I notice that now, drawing them, much more than before. But they aren’t easy, I assure you.</ab>
<ab rend="indent">That <rs type="pers" key="624">Mr Schmidt</rs> was entangled in a money matter which would involve the Van Gogh family and for which he, namely Mr S., would be justly prosecuted, I knew not the slightest thing about all that when I went to see him, and I first learned of it from your letter.<anchor n="13" xml:id="note-t-13"/> So that was rather unfortunate, though Mr Schmidt received me quite cordially all the same. Knowing it now, though, and matters being as they are, it would perhaps be wise not to go there often, without it being necessary deliberately to avoid meeting him.</ab>
<ab rend="indent">I would have written to you sooner but was too busy with my skeleton.</ab>
<ab rend="indent">I believe that the longer you think about it the more you’ll see the definite necessity of more artistic surroundings for me, for how is one supposed to learn to draw unless someone shows you? With the best will in the world one cannot succeed without also coming into and remaining in contact with artists who are already further along. Good will is of no avail if there’s absolutely no opportunity for development. As regards mediocre artists, to whose ranks you think I should not want to belong, what shall I say? That depends on what one calls mediocre. I’ll do what I can, but in no way do I despise the mediocre in its simple sense. And one certainly doesn’t rise above that level by despising that which is mediocre, in my opinion one must at least begin by having some respect for the mediocre as well, and by knowing that that, too, already means something and that one doesn’t achieve even that without much effort. Adieu for today, I shake your hand in thought. Write again soon if you can.</ab>
<vg:whiteline/>
<ab>Vincent</ab></div>
<div type="notes">
<note n="1" xml:id="n-1" target="#note-t-1">
<ab>Vincent – evidently following Theo’s advice – had turned to the painter <rs type="pers" key="1318">Willem Roelofs</rs>, who had been active in Brussels since 1848. By now firmly established as a successful artist and senior member of the community, he occupied an influential position in the artistic life of the city and could prove to be an important contact. Cf. De Bodt 1995, pp. 55-56, 100-102.</ab></note>
<note n="2" xml:id="n-2" target="#note-t-2">
    <ab><rs type="pers" key="1675">A. de Zahn</rs> [Albert von Zahn], <rs type="lit" key="249"><hi rend="ital">Esquisses anatomiques à l’usage des artistes pour servir aux études d’après nature et d’après l’antique.</hi></rs> Leipzig (Librairie Arnold) 1865. This book contains 29 illustrations of anatomical models. The ones Van Gogh mentions are ills. <rs type="ill" key="3094">3094</rs>, 
        <rs type="ill" key="3095">3095</rs>, <rs type="ill" key="3096">3096</rs>, 
        <rs type="ill" key="3097">3097</rs> and <rs type="ill" key="3098">3098</rs> respectively. There is a copy in the Rijksmuseum Research Library (shelf mark 808 E 171).</ab> 
 <ab rend="indent">The Paris bookseller Auguste Ghio had a copy of the book for sale for 1 franc in December 1871 (see Adolphe Chenu, <hi rend="ital">Le mémorial de Napoléon <hi rend="sc">iii</hi></hi>. Paris 1872, p. 443). It was reprinted many times and translated. Cf. A. von Zahn, <hi rend="ital">Anatomisches Taschenbüchlein.</hi> 17. Auflage. Leipzig (Max Möhring) n.d. [1946].</ab></note>
<note n="3" xml:id="n-3" target="#note-t-3">
    <ab>From the first week of November 1880 Van Gogh was enrolled as a student at the Koninklijke Academie voor Schone Kunsten (Royal Academy of Fine Arts) at Brussels for the course ‘Dessin d’après l’antique: torse et fragments’ (Drawing from antiquity: torso and fragments), under registration number 8488. See exhib. cat. Brussels 1987, pp. 239-242; and De Bodt 1995, p. 278. Van Gogh’s failure to write anything at all about his experiences at the Academy led Hulsker to doubt whether he actually attended any classes (Hulsker 1990-1, p. 91). He must have done, though, for he took part in a concours on 5 December 1880. See Bart Moens, <hi rend="ital">De kunstenaarsopleiding van Vincent van Gogh in Brussel</hi>. Unpublished bachelor’s thesis, Vrije Universiteit Brussel 2012, pp. 36-47. It emerges from <ref target="let161.xml">letter 161</ref> and others that Van Gogh left the academy shortly afterwards, probably because he finished last in the concours.</ab></note>
<note n="4" xml:id="n-4" target="#note-t-4">
<ab>L’Ecole vétérinaire (veterinary college) near boulevard du Midi where Van Gogh lived. See Baedeker 1885, p. 49.</ab></note>
<note n="5" xml:id="n-5" target="#note-t-5">
<ab>Van Gogh’s goal was to become an illustrator of books or magazines (<ref target="let162.xml">see letters 162</ref> and <ref target="let164.xml">164</ref>).</ab></note>
<note n="6" xml:id="n-6" target="#note-t-6">
<ab>Apparently acting on advice from Theo (as he had done in the case of <rs type="pers" key="1318">Willem Roelofs</rs>), Vincent went to visit <rs type="pers" key="1306">Anthon Gerard Alexander van Rappard</rs>. Theo must have met Van Rappard in Paris when the latter was a pupil (from October 1879) in the studio of <rs type="pers" key="1044">Jean Léon Gérôme</rs>. <rs type="pers" key="524">Mrs van Gogh</rs> wrote on 5 July 1880: ‘Nice that until October you’ll have a good friend in <rs type="pers" key="868">Mr de Bock</rs> and then Rappard’ (FR b2495). After Vincent’s death, Van Rappard recalled that they had met in Brussels at 9 o’clock in the morning in his room. See Pickvance 1992, p. 102.</ab>
<ab rend="indent">The emphasis Van Gogh places on the report that Van Rappard ‘now lives’ at rue Traversière (Dwarsstraat) 64, in the St Joost-ten-Noode district in the east of Brussels, suggests that Theo did not know his current address. Cf. exhib. cat. Amsterdam 1974, pp. 11 (with a different house number), 59 and 68.</ab></note>
<note n="7" xml:id="n-7" target="#note-t-7">
<ab><rs type="pers" key="1306">Van Rappard</rs> was a well-to-do member of the nobility.</ab></note>
<note n="a" xml:id="n-a" target="#note-o-a">
<ab>Read: ‘dat alles kost geld’ (all of that costs money).</ab></note>
<note n="8" xml:id="n-8" target="#note-t-8">
<ab><rs type="pers" key="489">Johann Caspar Lavater</rs> and <rs type="pers" key="384">Franz Joseph Gall</rs> co-authored a textbook on physiognomy. In this popular mixture of physiognomy and phrenology, parallels were drawn between people’s facial features and skull structure and their character or disposition. These theories were summed up in <rs type="pers" key="1713">Alexandre Ysabeau</rs>, <rs type="lit" key="206"><hi rend="ital">Lavater et Gall. Physiognomonie et phrénologie rendues intelligibles pour tout le monde</hi></rs>. Paris 1862. Van Gogh presumably consulted this survey by Ysabeau – he speaks in fact of an ‘extract’ – the title of which he spelled incorrectly.</ab>
<ab rend="indent">He could have discovered this book while reading <rs type="lit" key="224"><hi rend="ital"><rs type="pers" key="1043">Gavarni</rs>, l’homme &amp; l’oeuvre</hi></rs>. He must have become familiar with this work by <rs type="pers" key="617 618">Edmond and Jules De Goncourt</rs> around this time, and they, too, connected the way in which Gavarni depicted the heads of his figures with Gall and Lavater (Goncourt 1873, p. 262). Cf. cat. Amsterdam 1996, pp. 18, 174; <hi rend="ital">The faces of physiognomy. Interdisciplinary approaches to Johann Caspar Lavater</hi>. Ed. E. Shookman. Drawer 1993; Georges Lanteri-Laura, <hi rend="ital">Histoire du phrénologie. L’homme et son cerveau selon F.J. Gall</hi>. Paris 1993.</ab></note>
    <note n="9" xml:id="n-9" target="#note-t-9">
<ab>Two drawn copies after a reproduction of <rs type="pers" key="1226">Millet</rs>’s <hi rend="ital">The diggers</hi> are known from this period: <hi rend="ital">Diggers, after Millet</hi> (<rs type="ill" key="2327">F 829 / JH C.B.</rs>) and (<rs type="ill" key="2328">F 828 / JH Juv. 13</rs>). It is not clear which version Van Gogh is referring to here.</ab></note>
<note n="10" xml:id="n-10" target="#note-t-10">
<ab>Photograph (isograph) of <rs type="pers" key="1226">Jean-François Millet</rs>, <hi rend="ital">The two diggers</hi> (Amsterdam, Van Gogh Museum, t*52). <rs type="ill" key="1899">Ill. 1899</rs>. See exhib. cat. Amsterdam 1988, pp. 11, 30-31, 91-94, cat. nos. 2, 29-30; and exhib. cat. Paris 1998, pp. 142-144, cat. nos. 71-72.</ab>
<ab rend="indent">Braun was a publisher who ran an international business in reproductions after paintings and other photographs. After the death of <rs type="pers" key="29">Adolphe Braun</rs>, the firm was taken over by his son <rs type="pers" key="30">Gaston</rs> and associates. See M. Auer, <hi rend="ital">Encyclopédie internationale des photographes de 1839 à nos jours / Photographers encyclopaedia international 1839 to the present</hi>. 2 vols. Hermance 1985.</ab></note>
    <note n="11" xml:id="n-11" target="#note-t-11">
        <ab>Van Gogh's copy after the photograph, published by <rs type="pers" key="29 30">Braun</rs>, of <rs type="pers" key="1226">Millet</rs>’s <hi rend="ital">The evening angelus</hi> was most likely <hi rend="ital">The angelus, after Millet</hi> (<rs type="ill" key="2329">F 834 / JH Juv. 14</rs>), which was drawn on Ingres paper, according to cat. Otterlo 1970, p. 5.</ab></note>
<note n="12" xml:id="n-12" target="#note-t-12">
<ab>There are three known copies after the <rs type="pers" key="1090">Holbein</rs> illustrations in <rs type="pers" key="851">Bargue</rs>’s <rs type="lit" key="170"><hi rend="ital">Cours de dessin</hi></rs>, two of the <hi rend="ital">Daughter of Jacob Meyer, after Holbein</hi> (<hi rend="ital">Cours de dessin</hi>, pl. 10). <rs type="ill" key="937">Ill. 937</rs>. It is generally assumed that in <ref target="let169.xml">letter 169</ref> Van Gogh is referring to the <hi rend="ital">Daughter of Jacob Meyer, after Holbein</hi> (<rs type="ill" key="2339">F 833 / JH 13</rs>), and that the other copies – <hi rend="ital">Daughter of Jacob Meyer</hi> (<rs type="otherart" key="679">F 847 / JH Juv. 12</rs>) and <hi rend="ital">Figure of a woman, after Holbein</hi> (<rs type="otherart" key="680">F 848 / JH -</rs>) – were done in Brussels; they are dated between October 1880 and April 1881. See De la Faille 1970, pp. 316, 334; Heenk 1995, p. 30; Hulsker 1996, cat. no. 13 and Juv. 12, pp. 14-16, 489. Cf. also <ref target="let159.xml#n-3">letter 159, n. 3.</ref></ab></note>
<note n="13" xml:id="n-13" target="#note-t-13">
<ab>The family correspondence makes no mention whatever of this money matter, which presumably concerned <rs type="pers" key="423">Uncle Vincent</rs> or <rs type="pers" key="422">Uncle Cor van Gogh</rs>, or perhaps the take-over of <rs type="pers" key="399">Uncle Hein</rs>’s Brussels branch.</ab></note>
<note n="b" xml:id="n-b" target="#note-o-b">
<ab>Meaning: ‘vaak’ (often).</ab></note></div></body></text></TEI>
