<?xml version="1.0" encoding="UTF-8"?>
<!-- Last Changed Date: 2018-07-18 12:32:41 +0200 (Wed, 18 Jul 2018) | SVN Revision: 2206 -->
<!--Licensed under Attribution-NonCommercial-ShareAlike 4.0 International (CC BY-NC-SA 4.0)-->
<?xml-model href="https://xmlschema.huygens.knaw.nl/vgodd.rng" type="application/xml" schematypens="http://relaxng.org/ns/structure/1.0"?>
<TEI xmlns:vg="http://www.vangoghletters.org/ns/" xmlns="http://www.tei-c.org/ns/1.0">
<teiHeader xmlns:xsi="http://www.w3.org/2001/XMLSchema-instance"><fileDesc>
<titleStmt>
<title>To Theo van Gogh. Amsterdam, Sunday, 15 July 1877.</title>
<editor>Leo Jansen</editor>
<editor>Hans Luijten</editor>
<editor>Nienke Bakker</editor></titleStmt>
<publicationStmt>
<publisher><name>Huygens Instituut voor Nederlandse Geschiedenis (KNAW)</name><email>info@huygens.knaw.nl</email></publisher>
<publisher>Van Gogh Museum</publisher>
<pubPlace>Amsterdam</pubPlace>
<date type="first" when="2009">2009</date>
<availability status="restricted">
<licence target="http://creativecommons.org/licenses/by-nc-sa/4.0/ https://creativecommons.org/licenses/by-nc-sa/4.0/legalcode">
<p>Attribution-NonCommercial-ShareAlike 4.0 International (CC BY-NC-SA 4.0) </p></licence></availability>
<ptr target="http://vangoghletters.org/orig/let122"/></publicationStmt><sourceDesc><vg:letDesc><vg:letIdentifier>
<idno type="jlb">122</idno>
<idno type="collectedletters">102</idno>
<idno type="brieven1990">122</idno></vg:letIdentifier><vg:letHeading><author>Vincent van Gogh</author><vg:addressee>Theo van Gogh</vg:addressee><vg:placeLet>Amsterdam</vg:placeLet><vg:dateLet>Sunday, 15 July 1877</vg:dateLet></vg:letHeading><vg:letContents>
<p>To Theo van Gogh. Amsterdam, Sunday, 15 July 1877.</p>
<note type="ongoingTopic" n="1">
<p>Anna’s engagement to Joan van Houten <ref target="let121.xml">(121)</ref></p></note></vg:letContents>
<note type="sourceStatus" xml:id="sourceStatus">
<p>Original manuscript</p></note>
<note type="location" xml:id="location">
<p>Amsterdam, Van Gogh Museum, inv. no. b121 V/1962</p></note>
<note type="date" xml:id="date">
<p>Letter headed: ‘Amsterdam Zondag 15 Julij 1877’.</p></note></vg:letDesc></sourceDesc></fileDesc></teiHeader>
<facsimile xmlns:xsi="http://www.w3.org/2001/XMLSchema-instance">
<surface n="b 0121" xml:id="surf-pb-1r"><graphic mimeType="image/tiff" url="VGM001000130_01.TIF" rend="norend"/><zone xml:id="zone-pb-1r-1">
<graphic mimeType="image/tiff" url="VGM001000130_01_n.tif" rend="norend"/><graphic mimeType="image/jpeg" url="VGM001000130_01_nt.jpg" height="50px" rend="thumbnail"/><graphic mimeType="image/png" url="VGM001000130_01_nf.png" width="380px" rend="facstab"/></zone>
</surface>
<surface n="b 0121" xml:id="surf-pb-1v"><graphic mimeType="image/tiff" url="VGM001000130_02.TIF" rend="norend"/><zone xml:id="zone-pb-1v-2">
<graphic mimeType="image/tiff" url="VGM001000130_02_n.tif" rend="norend"/><graphic mimeType="image/jpeg" url="VGM001000130_02_nt.jpg" height="50px" rend="thumbnail"/><graphic mimeType="image/png" url="VGM001000130_02_nf.png" width="380px" rend="facstab"/></zone>
</surface></facsimile><text xmlns:xsi="http://www.w3.org/2001/XMLSchema-instance"><body>
<div type="original">
<pb f="1r" n="1" xml:id="pb-orig-1r-1" facs="#zone-pb-1r-1"/><lb n="1" xml:id="l-1"/>
<ab>Amsterdam Zondag 15 Julij 1877</ab>
<vg:whiteline/><lb n="2" xml:id="l-2"/>
<ab>Waarde Theo,</ab><lb n="3" xml:id="l-3"/>
<ab>Het is mij behoefte om U weder eens te schrijven, Gij laat ook wel weer eens een woordje van <lb n="4" xml:id="l-4"/>U hooren als Gij tijd hebt.─</ab><lb n="5" xml:id="l-5"/>
<ab rend="indent">Dezen morgen ben ik naar de vroegpreek geweest<anchor n="1" xml:id="note-o-1"/> en daar was de tekst <bibleref xmlns="http://www.vangoghletters.org/ns/" book="Eph" chap="5" v="14">Eph. 5:14</bibleref><c type="kk">/</c> <lb n="6" xml:id="l-6"/>Ontwaakt gij die slaapt! en staat op uit de dooden, en Christus zal <lb n="7" xml:id="l-7"/>over U lichten. Toen ik weg ging van hier regende het en ook toen de kerk uitging<c type="kk">/</c> <lb n="8" xml:id="l-8"/>gedurende de preek echter had de zon helder door de ramen geschenen.</ab><lb n="9" xml:id="l-9"/>
<ab rend="indent">Pa had heden te Etten vroegkerk en daarna moest Pa naar Zundert.</ab><lb n="10" xml:id="l-10"/>
<ab rend="indent">Daarna hoorde ik die beste Oom Stricker in de Oude Zijds kapel<anchor n="2" xml:id="note-o-2"/> over <lb n="11" xml:id="l-11"/>de woorden “Wacht u voor den zuurdeessem der Pharizeërs en der Saduceërs”<c type="kk">/</c><anchor n="3" xml:id="note-o-3"/> <lb n="12" xml:id="l-12"/>n.l. waarschuwing tegen het al te veel hechten aan uitwendige vormen <lb n="13" xml:id="l-13"/>en plegtigheden zonder opregt gemeend godsdienstig gevoel des harten en <lb n="14" xml:id="l-14"/>daar tegenover het leven zonder geloof in de dingen die hooger zijn <lb n="15" xml:id="l-15"/>dan die van dit leven.─ Er waren maar zeer weinig menschen in de kerk <lb n="16" xml:id="l-16"/>behalve de weesjongens en weesmeisjes met hunne rood en zwarte <lb n="17" xml:id="l-17"/>kleederen,<anchor n="4" xml:id="note-o-4"/> die vulden echter een groot gedeelte van het oude kerkje<c type="kp">_</c> <lb n="18" xml:id="l-18"/>Als Gij eens weder hier komt hoop ik u daar eens te brengen<c type="kk">/</c> die Oude Zijds <lb n="19" xml:id="l-19"/>kapel staat in eene zeer nauwe straat<c type="kk">/</c> de Zeedijk<c type="kk">/</c> vlak bij het gedeelte van <lb n="20" xml:id="l-20"/>den Buitenkant dat “de oude teertuinen”<anchor n="5" xml:id="note-o-5"/> heet en vlak bij de Warmoesstraat<c type="kp">_</c> <lb n="21" xml:id="l-21"/>Het is daar een zeer aardig gedeelte van de stad en doet aan het hartje <lb n="22" xml:id="l-22"/>van Londen b.v. aan Booksellers Row<anchor n="6" xml:id="note-o-6"/> of zoo denken.─ Moge het in <lb n="23" xml:id="l-23"/>vervolg van tijd ook mij gegeven worden nog eens te spreken zooals ik het <lb n="24" xml:id="l-24"/>van zoo veelen hoorde en elken zondag op nieuw hoor.─ Ik doe <lb n="25" xml:id="l-25"/>mijn best maar om er mij met alle kracht in te werken<c type="kp">_</c></ab><lb n="26" xml:id="l-26"/>
<ab rend="indent">Verl. week was ik een avond bij de oude D<hi rend="ss">s</hi> Meyes en ontmoette daar diens zoon D<hi rend="ss">s</hi> Jeremie <lb n="27" xml:id="l-27"/>Meyes met zijne vrouw<c type="kk">/</c> eene dochter van Professor Tilanus<c type="kk">/</c> en twee zijner <lb n="28" xml:id="l-28"/>zoonen ─ de een op het gymnasium hier en de andere opgeleid wordende <lb n="29" xml:id="l-29"/>voor ingenieur<c type="kp">_</c><anchor n="7" xml:id="note-o-7"/> De laatste heeft geholpen om die kappen hier op de <lb n="30" xml:id="l-30"/>werf (waaronder de schepen worden gebouwd, waar wij dien middag toen <lb n="31" xml:id="l-31"/>Gij hier waart met Oom heen gingen) te bouwen en ook de nieuwe Kattenburger <lb n="32" xml:id="l-32"/>brug.<anchor n="8" xml:id="note-o-8"/> Het was er een aardigen avond en wij spraken over allerlei in het <lb n="33" xml:id="l-33"/>buitenland. Hij is een zeer begaafd man en heeft een schoon talent en <lb n="34" xml:id="l-34"/>een groot geloof, hoorde hem in de Westerkerk.<anchor n="9" xml:id="note-o-9"/> Zag hem van den preek<c type="shy">-</c><lb n="35" xml:id="l-35"/>stoel afkomen en de Kerk doorgaan na de preek en die hooge edele <lb n="36" xml:id="l-36"/>gestalte en dat vermoeide en bleeke gelaat en dat edele hoofd, het haar <lb n="37" xml:id="l-37"/>reeds met grijs doormengd, maakte veel indruk op mij. Zóó, van <lb n="38" xml:id="l-38"/>dat werk vermoeid te zijn, dat is een zegen.─</ab><lb n="39" xml:id="l-39"/>
<ab rend="indent">Vandaag zult Gij misschien wel naar Scheveningen gaan, heb een <lb n="40" xml:id="l-40"/>goeden Zondag<c type="kk">/</c> wat zou ik graag eens op Uw kamertje zijn. Hoorde <lb n="41" xml:id="l-41"/>van t’huis dat Gij waarschijnlijk binnenkort weer eens naar Mauve <lb n="42" xml:id="l-42"/>naar zijn huis in de duinen gaat,<anchor n="10" xml:id="note-o-10"/> en er een nacht zult logeeren, <lb n="43" xml:id="l-43"/>in gedachten zie ik U daar zitten en wat Gij lieden zoo al zult <lb n="44" xml:id="l-44"/>bespreken weet ik ook wel. Mendes had mij verl. week gesproken over <lb n="45" xml:id="l-45"/>een zeer interessant gedeelte van de stad<c type="kk">/</c> namelijk de buitenwijk die <lb n="46" xml:id="l-46"/>zich uitstrekt van de Leidsche poort (dus digt bij het Vondelspark) tot <lb n="47" xml:id="l-47"/>het Station van de Hollandsche spoor.<anchor n="11" xml:id="note-o-11"/> Ben daar gisteren heen geweest<c type="kk">/</c> <lb n="48" xml:id="l-48"/>een gedeelte kende ik reeds, en kent gij geloof ik ook<c type="kk">/</c> n.l. dat bij het 
<pb f="1v" n="2" xml:id="pb-orig-1v-2" facs="#zone-pb-1v-2"/><lb n="49" xml:id="l-49"/>Station. Er zijn zeer veel molens<c type="kk">/</c> houtzagerijen, arbeiderswoningen met <lb n="50" xml:id="l-50"/>tuintjes<c type="kk">/</c> ook oude huizen, van allerlei, en zeer bevolkt en de <lb n="51" xml:id="l-51"/>wijk is doorsneden door allerlei kleine grachten en vaarten vol schuiten <lb n="52" xml:id="l-52"/>en allerlei schilderachtige bruggen, enz. Het moet wel eene <lb n="53" xml:id="l-53"/>heerlijke zaak zijn om dominé in zoo’n wijk te zijn.</ab><lb n="54" xml:id="l-54"/>
<ab rend="indent">Die studie is lastig kerel, maar volharden moet ik en daartoe <lb n="55" xml:id="l-55"/>helpe Hij mij van Wien geschreven staat: Indien iemand van U <lb n="56" xml:id="l-56"/>wijsheid van noode heeft<c type="kk">/</c> dat hij die van God begeere die mildelijk <lb n="57" xml:id="l-57"/>geeft en niet verwijt.<anchor n="12" xml:id="note-o-12"/></ab><lb n="58" xml:id="l-58"/>
<ab rend="indent">Moe schreef in Haar laatsten brief iets over “Anna’s huis”<c type="kk">/</c> dat is een <lb n="59" xml:id="l-59"/>nieuwe uitdrukking die niet kwaad klinkt, zij zal misschien <lb n="60" xml:id="l-60"/>dezer dagen wel zeer gelukkig zijn, moge zij eene goede <lb n="61" xml:id="l-61"/>en onberouwelijke keuze hebben gedaan.<anchor n="13" xml:id="note-o-13"/> Het beste wat wij <lb n="62" xml:id="l-62"/>doen kunnen is geloof ik er maar voorloopig heel blijde om <lb n="63" xml:id="l-63"/>te zijn.─</ab><lb n="64" xml:id="l-64"/>
<ab rend="indent">Mocht Gij dezer dagen bij Mauve en Jet komen groet hen dan <lb n="65" xml:id="l-65"/>hartelijk voor mij en breng er aangename uren door, <lb n="66" xml:id="l-66"/>en zeg de duinen en de zee maar eens voor mij goeden <lb n="67" xml:id="l-67"/>dag. En zeg Mauve de photographie naar zijne teekening<c type="kk">/</c> <lb n="68" xml:id="l-68"/>de ploeg op den akker<c type="kk">/</c><anchor n="14" xml:id="note-o-14"/> op mijn kamertje hangt en mij <lb n="69" xml:id="l-69"/>telkens weer aan hem herinnert.</ab><lb n="70" xml:id="l-70"/>
<ab rend="indent">Leest gij iets moois? Ik zou zoo graag aan het lezen <lb n="71" xml:id="l-71"/>willen gaan van heel veel boeken maar mag niet<c type="kk">/</c> <lb n="72" xml:id="l-72"/>als Gij John Halifax<anchor n="15" xml:id="note-o-15"/> eens kunt krijgen lees het dan nog <lb n="73" xml:id="l-73"/>maar eens, al is het wij het met weemoed lezen, toch, laat <lb n="74" xml:id="l-74"/>ons niet zeggen “dat is niet voor mij” want het is goed te blijven <lb n="75" xml:id="l-75"/>gelooven in alles wat goed en edel is.─ Onlangs is, naar <lb n="76" xml:id="l-76"/>ik hoorde, de man overleden wiens leven en <lb n="77" xml:id="l-77"/>karakter tot het schrijven van dat boek aanleiding gaf, <lb n="78" xml:id="l-78"/>hij heette Harper en was het hoofd van een uitgebreiden boekhandel <lb n="79" xml:id="l-79"/>te Londen.<anchor n="16" xml:id="note-o-16"/> Eens ontmoette ik te Londen op straat de schilder Millais <lb n="80" xml:id="l-80"/>juist nadat ik zoo gelukkig was geweest verscheiden van zijne <lb n="81" xml:id="l-81"/>schilderijen te zien, en die edele figuur deed mij aan John Halifax <lb n="82" xml:id="l-82"/>denken.─<anchor n="17" xml:id="note-o-17"/> Millais schilderde eens De verloren penning, eene jonge <lb n="83" xml:id="l-83"/>vrouw die des morgens vroeg in de schemering naar den penning die <lb n="84" xml:id="l-84"/>zij verloren heeft zoekt (er is eene gravure van<c type="kk">/</c> the lost mite)<anchor n="18" xml:id="note-o-18"/> en niet <lb n="85" xml:id="l-85"/>het minst mooi is in zijn werk een herfstlandschap<c type="kk">/</c> Chill October.─<anchor n="19" xml:id="note-o-19"/></ab><lb n="86" xml:id="l-86"/>
<ab rend="indent">à Dieu, kerel, ontvang in gedachten een hartelijken handdruk en <lb n="87" xml:id="l-87"/>geloof mij<c type="kk">/</c> na groete ook aan Uwe huisgenooten, in haast want ik moet <lb n="88" xml:id="l-88"/>naar de kerk</ab>
<vg:whiteline/><lb n="88*" xml:id="l-88s"/>
<ab>Uw zoo liefh. broer</ab><lb n="89" xml:id="l-89"/>
<ab>Vincent</ab>
<vg:whiteline/>
<div type="textualNotes">
<note target="l-46" n="46">Vondelspark) &lt; Vondelspark</note></div></div>
<div type="translation">
<pb f="1r" n="1" xml:id="pb-trans-1r-1" facs="#zone-pb-1r-1"/>
<ab>Amsterdam, Sunday, 15 July 1877</ab>
<vg:whiteline/>
<ab>My dear Theo,</ab>
<ab>I feel the need to write to you again, let me have a word from you too, if you have time.</ab>
<ab rend="indent">This morning I went to the early sermon,<anchor n="1" xml:id="note-t-1"/> and the text was <bibleref xmlns="http://www.vangoghletters.org/ns/" book="Eph" chap="5" v="14">Eph. 5:14</bibleref>, Awake thou that sleepest, and arise from the dead, and Christ shall give thee light. When I left here it was raining, and also when leaving the church, though during the sermon the sun had been shining brightly through the windows.</ab>
<ab rend="indent"><rs type="pers" key="526">Pa</rs> had to lead the early service today in Etten, and afterwards Pa had to go to Zundert.</ab>
<ab rend="indent">After that I heard dear <rs type="pers" key="318">Uncle Stricker</rs> in the Oudezijdskapel<anchor n="2" xml:id="note-t-2"/> on the words ‘Beware of the leaven of the Pharisees and of the Sadducees’,<anchor n="3" xml:id="note-t-3"/> which is a warning not to become too attached to outward forms and ceremonies without truly sincere religious feeling of the heart, as opposed to a life without belief in the things that are higher than those in this life. There were very few people in the church, apart from the orphan boys and orphan girls with their red and black clothes,<anchor n="4" xml:id="note-t-4"/> who filled a large part of the little old church nonetheless. If you come here again I hope to take you there, that Oudezijdskapel is in a very narrow street, Zeedijk, near the part of Buitenkant called ‘the old tar-yards’<anchor n="5" xml:id="note-t-5"/> and near Warmoesstraat. It’s a very nice part of town and reminds one of the heart of London, like Booksellers’ Row<anchor n="6" xml:id="note-t-6"/> or some such place. May it be granted me in time to speak as I have heard so many do, and hear each Sunday again. I’m doing my best to become skilled at it with all the power in me.</ab>
<ab rend="indent">Last week I spent an evening at the old <rs type="pers" key="571">Rev. Meijjes</rs>’s and met his son there, the <rs type="pers" key="575">Rev. Jeremie Meijjes</rs> with <rs type="pers" key="219">his wife</rs>, a daughter of Professor Tilanus, and two of his sons – one of them attends the gymnasium here and the other is training to be an engineer.<anchor n="7" xml:id="note-t-7"/> The latter helped to build those roofs here at the dockyard (underneath which the ships are built, where we went with <rs type="pers" key="410">Uncle</rs> that afternoon you were here), as well as the new Kattenburg bridge.<anchor n="8" xml:id="note-t-8"/> It was a pleasant evening and we talked about all kinds of foreign matters. He’s a very gifted man and has a pure talent and a great faith, heard him in the Westerkerk.<anchor n="9" xml:id="note-t-9"/> Saw him coming from the pulpit and walking through the church after the sermon, and that tall, noble figure and that tired, pale face and that noble head, the hair already showing some grey, made a great impression on me. To be tired in such a way from that work, that is a blessing.</ab>
<ab rend="indent">Today you’ll perhaps go to Scheveningen, have a good Sunday, how I’d like to visit your little room. Heard from home that you’ll probably go to see <rs type="pers" key="323">Mauve</rs> again soon in his house in the dunes,<anchor n="10" xml:id="note-t-10"/> and will stay overnight, I can imagine you sitting there, and I also know what you’ll discuss. Last week <rs type="pers" key="520">Mendes</rs> told me about a very interesting part of the city, namely the area extending from the Leidsepoort (thus close to Vondelpark) to the Hollandsche Spoor station.<anchor n="11" xml:id="note-t-11"/> Went there yesterday, I knew part of it already, and you do too, I think, namely the part near the 
<pb f="1v" n="2" xml:id="pb-trans-1v-2" facs="#zone-pb-1v-2"/> station. There are a great many mills, saw-mills, workers’ houses with little gardens, old houses too, of all kinds, and very populous, and the area is criss-crossed by all kinds of small canals and waterways full of barges, and all kinds of picturesque bridges and so on. It must certainly be a wonderful thing to be a minister in such a district.</ab>
<ab rend="indent">This study is difficult, old chap, but I must persevere, and to that end may He help me of Whom it is written: If any of you lack wisdom, let him ask of God, that giveth to all men liberally, and upbraideth not.<anchor n="12" xml:id="note-t-12"/></ab>
<ab rend="indent"><rs type="pers" key="524">Ma</rs> wrote in her last letter something about ‘<rs type="pers" key="412">Anna</rs>’s house’, which is a new expression that doesn’t sound bad, she’ll perhaps be very happy one of these days, may she have made a good choice and one not to be repented of.<anchor n="13" xml:id="note-t-13"/> The best we can do for the time being is, I think, simply be very happy about it.</ab>
<ab rend="indent">If you should happen to visit <rs type="pers" key="321 323">Mauve and Jet</rs> one of these days, give them my warm regards and spend some pleasant hours together, and bid good-day to the dunes and the sea for me. And tell Mauve that the photograph of his drawing, the plough in the field,<anchor n="14" xml:id="note-t-14"/> is hanging in my little room and constantly reminds me of him.</ab>
<ab rend="indent">Are you reading something beautiful? I’d like so much to start reading a great many books but may not, if you can get hold of John Halifax<anchor n="15" xml:id="note-t-15"/> do read it again, even though we read it with nostalgia, still, let us not say ‘that is not for me’, because it’s good to go on believing in everything that’s good and noble. I heard that the man whose life and character prompted the book to be written died recently, he was called <rs type="pers" key="1688">Harper</rs> and ran a large bookshop in London.<anchor n="16" xml:id="note-t-16"/> I once met the painter <rs type="pers" key="1227">Millais</rs> on the street in London, just after I had been so happy to see various of his paintings, and that noble figure made me think of John Halifax.<anchor n="17" xml:id="note-t-17"/> Millais once painted The lost penny, a young woman looking in the early morning twilight for the penny she has lost (there’s an engraving of it, the lost mite)<anchor n="18" xml:id="note-t-18"/> and not the least beautiful of his work is an autumn landscape, Chill October.<anchor n="19" xml:id="note-t-19"/></ab>
<ab rend="indent">Adieu, old chap, accept in thought a hearty handshake, and believe me, after giving my regards to your housemates, in haste, because I have to go to church,</ab>
  <vg:whiteline/>
  <ab>Your most loving brother</ab>
<ab>Vincent</ab></div>
<div type="notes">
<note n="1" xml:id="n-1" target="#note-t-1">
<ab>The early sermon at 7 a.m. on 15 July could have been either the one preached by the orthodox minister <rs type="pers" key="1687">Gerrit Jan Vos Adr.zn.</rs> in the Noorderkerk or the sermon preached by <rs type="pers" key="1679">Theodorus Matthijs Looman</rs> in the Zuiderkerk.</ab></note>
<note n="2" xml:id="n-2" target="#note-t-2">
<ab>The Oudezijdskapel (Sint Olofskapel) was situated between Zeedijk and the continuation of Oudezijds Enge Kapelsteeg (now Nieuwebrugsteeg). </ab></note>
<note n="3" xml:id="n-3" target="#note-t-3">
<ab>
  <bibleref xmlns="http://www.vangoghletters.org/ns/" book="Matt" chap="16" v="6">Matt. 16:6</bibleref>.</ab></note>
<note n="4" xml:id="n-4" target="#note-t-4">
<ab>Between 1816 and 1920, orphans were required to wear red and black clothing. See B. de Ridder, ‘De vroegere klederdracht der burgerwezen’, <hi rend="ital">Ons Amsterdam</hi> 17-8 (1965), pp. 244-251.</ab></note>
<note n="5" xml:id="n-5" target="#note-t-5">
<ab>This part of the city, now Prins Hendrikkade 58-87, was named after the tar factories located there until 1644. </ab></note>
<note n="6" xml:id="n-6" target="#note-t-6">
<ab>Booksellers’ Row was the unofficial name of the area around Paternoster Row and Honeywell Street in London (near the Strand), where a large number of booksellers and publishers were concentrated. See H.B. Wheatley, <hi rend="ital">London past and present. Its history, associations, and traditions</hi>. 3 vols. London 1891, vol. 1, p. 222 and vol. 2, p. 228.</ab></note>
<note n="7" xml:id="n-7" target="#note-t-7">
<ab>The Amsterdam minister <rs type="pers" key="575">Jeremias Posthumus Meijjes</rs>, the son of <rs type="pers" key="571">Reinier Posthumus Meijjes</rs>, was married to <rs type="pers" key="219">Jeanne Louise Agathe Tilanus</rs>, the daughter of <rs type="pers" key="220">Christiaan Bernard Tilanus</rs>, a professor of medicine at Amsterdam University. One of the two sons Van Gogh saw must have been <rs type="pers" key="162">Christiaan Bernard</rs>, who did in fact become an architect. The other one (‘attending the gymnasium here’) could have been <rs type="pers" key="163">Reinier</rs> or <rs type="pers" key="164">Willem</rs> or even <rs type="pers" key="165">Leonard</rs>. From <ref target="let136.xml">letter 136</ref> it emerges that in December Reinier was undergoing training in Den Helder.</ab></note>
<note n="8" xml:id="n-8" target="#note-t-8">
<ab>In 1875-1876 what was then the Kattenburgerbrug (1842) was moved to a slightly different location.</ab></note>
<note n="9" xml:id="n-9" target="#note-t-9">
<ab>The Westerkerk is located in Westermarkt, between Prinsengracht and Keizersgracht.</ab></note>
<note n="10" xml:id="n-10" target="#note-t-10">
<ab>Between May and November 1878, <rs type="pers" key="323">Mauve</rs> worked at Kranenburg farm near Loosduinen, where he had a studio built. It is possible that he was already working there in July 1877. See Engel 1967, p. 55. <rs type="pers" key="526">Mr van Gogh</rs> also urged Theo to visit Mauve: ‘I hope that you, too, will go and see Mauve again. I’d find that wonderful’ (FR b2541, 17 July 1877).</ab></note>
<note n="11" xml:id="n-11" target="#note-t-11">
<ab>Van Gogh is referring to the neighbourhood to the west of the town centre, now known as Oud-West. Until 1862 the Leidsepoort, built in 1661-1662, closed off the Leidseplein; the barrier that replaced the gate kept the name Leidsepoort. Vondelpark was opened in 1865, reaching its present size in 1877 by means of an extension designed by L.P. Zocher. </ab></note>
<note n="12" xml:id="n-12" target="#note-t-12">
<ab>
  <bibleref xmlns="http://www.vangoghletters.org/ns/" book="Jas" chap="1" v="5">Jas. 1:5</bibleref>.</ab></note>
<note n="13" xml:id="n-13" target="#note-t-13">
<ab>Cf. <bibleref xmlns="http://www.vangoghletters.org/ns/" book="2 Cor" chap="7" v="10">2 Cor. 7:10</bibleref>.</ab></note>
<note n="14" xml:id="n-14" target="#note-t-14">
<ab>It is not known of which drawing Van Gogh received a photograph; the theme occurs frequently in <rs type="pers" key="323">Mauve</rs>’s work. Van Gogh would return to this subject in <ref target="let357.xml">letter 357</ref>.</ab></note>
<note n="15" xml:id="n-15" target="#note-t-15">
<ab><rs type="pers" key="713">Dinah Maria Mulock Craik</rs>, <rs type="lit" key="74"><hi rend="ital">John Halifax, gentleman</hi></rs> (1856).</ab></note>
  <note n="16" xml:id="n-16" target="#note-t-16">
<ab>On 29 May 1877, <rs type="pers" key="1688">Fletcher Harper</rs> (born in 1806) died in New York. He was the publisher and co-owner of Harper &amp; Brothers, which published such magazines as <hi rend="ital">Harper’s New Monthly Magazine</hi> and <hi rend="ital">Harper’s Weekly</hi>. There is however nothing to prove Van Gogh’s assertion that ‘Harper’ had been the head of a London bookshop or that the character in the novel had been patterned after him. The reason for his assuming so is perhaps the fact that articles commemorating Harper’s life and character appeared on 16 June and 23 June 1877 in <hi rend="ital">Harper’s Weekly</hi>. Moreover, <rs type="pers" key="713">Mulock Craik</rs> wrote the poem ‘In Memoriam’ (published in the <hi rend="ital">Harper’s Weekly</hi> of 7 July 1877), which prompted this editorial note: ‘The following beautiful little poem was written by the author of <rs type="lit" key="74"><hi rend="ital">John Halifax, gentleman</hi></rs>, upon hearing of Mr Harper’s death ... It is a significant tribute from one of the most popular of English authors to an American publisher’. Halifax and Harper are here mentioned together. Cf. also J. Henry Harper, <hi rend="ital">The house of Harper</hi>. New York 1912. Perhaps the name mentioned in the opening line of the novel was also responsible for Van Gogh’s misapprehension: ‘Get out o’ Mr <hi rend="ital">Fletcher</hi>’s road, ye idle, lounging, little –’, even though this refers to Abel Fletcher, the father of the fictional character Phineas Fletcher.</ab></note>
<note n="17" xml:id="n-17" target="#note-t-17">
  <ab>Van Gogh’s association of <rs type="pers" key="1227">John Everett Millais</rs> with John Halifax could have been prompted by the fact that the first inexpensive edition of <rs type="pers" key="713">Mulock Craik</rs>’s <rs type="lit" key="74"><hi rend="ital">John Halifax</hi></rs> contained a steel engraving after this artist. See Mitchell 1983, p. 50.</ab></note>
<note n="18" xml:id="n-18" target="#note-t-18">
  <ab><rs type="pers" key="1227">John Everett Millais</rs>, <hi rend="ital">The parable of the lost piece of money</hi> (now Lost), a depiction based on <bibleref xmlns="http://www.vangoghletters.org/ns/" book="Luke" chap="15" v="9">Luke 15:9</bibleref>. Millais ‘adopted his series of drawings for illustrations to the Dalziel Brother’s <hi rend="ital">The parables of Our Lord</hi> into one of his most dramatic paintings, <hi rend="ital">The parable of the lost piece of money</hi>, which [Henry] Graves published as a fine mixed-method engraving by <rs type="pers" key="1595">William Henry Simmons</rs>’, 1863 (London, British Museum). <rs type="ill" key="1838">Ill 1838</rs>. See Engen 1995, pp. 63, 122. Millais also painted <hi rend="ital">A widow’s mite</hi>, 1870 (Birmingham, Birmingham Museums and Art Gallery), but the etching made after it by Charles Albert  Waltner dates from 1880 and could therefore not be the one referred to here.</ab></note>
<note n="19" xml:id="n-19" target="#note-t-19">
<ab><rs type="pers" key="1227">John Everett Millais</rs>, <hi rend="ital">Chill October</hi>, 1870 (private collection). <rs type="ill" key="1839">Ill. 1839</rs>. Van Gogh could have seen the painting on 24 April 1875 at the Samuel Mendel sale at Christie’s in London. See exhib. cat. Nottingham 1974, p. 19; exhib. cat. London<hi rend="ital"> </hi>1992, p. 136, cat. no. 75.</ab></note></div></body></text></TEI>
