<?xml version="1.0" encoding="UTF-8"?>
<!-- Last Changed Date: 2018-07-18 12:32:41 +0200 (Wed, 18 Jul 2018) | SVN Revision: 2206 -->
<!--Licensed under Attribution-NonCommercial-ShareAlike 4.0 International (CC BY-NC-SA 4.0)-->
<?xml-model href="https://xmlschema.huygens.knaw.nl/vgodd.rng" type="application/xml" schematypens="http://relaxng.org/ns/structure/1.0"?>
<TEI xmlns:vg="http://www.vangoghletters.org/ns/" xmlns="http://www.tei-c.org/ns/1.0">
<teiHeader xmlns:xsi="http://www.w3.org/2001/XMLSchema-instance"><fileDesc>
<titleStmt>
<title>To Theo van Gogh. Dordrecht, Friday, 23 March 1877.</title>
<editor>Leo Jansen</editor>
<editor>Hans Luijten</editor>
<editor>Nienke Bakker</editor></titleStmt>
<publicationStmt>
<publisher><name>Huygens Instituut voor Nederlandse Geschiedenis (KNAW)</name><email>info@huygens.knaw.nl</email></publisher>
<publisher>Van Gogh Museum</publisher>
<pubPlace>Amsterdam</pubPlace>
<date type="first" when="2009">2009</date>
<availability status="restricted">
<licence target="http://creativecommons.org/licenses/by-nc-sa/4.0/ https://creativecommons.org/licenses/by-nc-sa/4.0/legalcode">
<p>Attribution-NonCommercial-ShareAlike 4.0 International (CC BY-NC-SA 4.0) </p></licence></availability>
<ptr target="http://vangoghletters.org/orig/let109"/></publicationStmt><sourceDesc><vg:letDesc><vg:letIdentifier>
<idno type="jlb">109</idno>
<idno type="collectedletters">89</idno>
<idno type="brieven1990">109</idno></vg:letIdentifier><vg:letHeading><author>Vincent van Gogh</author><vg:addressee>Theo van Gogh</vg:addressee><vg:placeLet>Dordrecht</vg:placeLet><vg:dateLet>Friday, 23 March 1877</vg:dateLet></vg:letHeading><vg:letContents>
<p>To Theo van Gogh. Dordrecht, Friday, 23 March 1877.</p>
<note type="ongoingTopic" n="1">
<p>Theo’s sales trip <ref target="let107.xml">(107)</ref></p></note>
<note type="ongoingTopic" n="2">
<p>Vincent’s plans to become a clergyman <ref target="let106.xml">(106)</ref></p></note>
<note type="ongoingTopic" n="3">
<p>Theo’s infatuation <ref target="let103.xml">(103)</ref></p></note></vg:letContents>
<note type="sourceStatus" xml:id="sourceStatus">
<p>Original manuscript</p></note>
<note type="location" xml:id="location">
<p>Amsterdam, Van Gogh Museum, inv. no. b107 V/1962</p></note>
<note type="date" xml:id="date">
<p>Letter headed: ‘Dordrecht 23 Maart 1877’. The date is somewhat in doubt, however, because it could be read as ‘22’. One argument for the later date is the fact that the letter Van Gogh says he has sent to his parents <ref target="#l-20">(l. 20)</ref> had not yet arrived in Etten when Mrs van Gogh wrote on 24 March to Theo (FR b2518). The rapidity of the postal service in those days would have ensured that a letter of 22 March would normally have arrived by the 24th.</p></note></vg:letDesc></sourceDesc></fileDesc></teiHeader>
<facsimile xmlns:xsi="http://www.w3.org/2001/XMLSchema-instance">
<surface n="b 0107" xml:id="surf-pb-1r"><graphic mimeType="image/tiff" url="VGM001000116_01.TIF" rend="norend"/><graphic mimeType="image/tiff" url="VGM001000116_01_n.tif" rend="norend"/><graphic mimeType="image/jpeg" url="VGM001000116_01_nt.jpg" height="50px" rend="thumbnail"/><zone xml:id="zone-pb-1r-1">
<graphic mimeType="image/tiff" url="VGM001000116_01_nR.tif" rend="norend"/><graphic mimeType="image/jpeg" url="VGM001000116_01_nRt.jpg" height="50px" rend="thumbnail"/><graphic mimeType="image/png" url="VGM001000116_01_nRf.png" width="380px" rend="facstab"/></zone>
<zone xml:id="zone-pb-1r-4">
<graphic mimeType="image/tiff" url="VGM001000116_01_nL.tif" rend="norend"/><graphic mimeType="image/jpeg" url="VGM001000116_01_nLt.jpg" height="50px" rend="thumbnail"/><graphic mimeType="image/png" url="VGM001000116_01_nLf.png" width="380px" rend="facstab"/></zone>
</surface>
<surface n="b 0107" xml:id="surf-pb-1v"><graphic mimeType="image/tiff" url="VGM001000116_02.TIF" rend="norend"/><graphic mimeType="image/tiff" url="VGM001000116_02_n.tif" rend="norend"/><graphic mimeType="image/jpeg" url="VGM001000116_02_nt.jpg" height="50px" rend="thumbnail"/><zone xml:id="zone-pb-1v-2">
<graphic mimeType="image/tiff" url="VGM001000116_02_nL.tif" rend="norend"/><graphic mimeType="image/jpeg" url="VGM001000116_02_nLt.jpg" height="50px" rend="thumbnail"/><graphic mimeType="image/png" url="VGM001000116_02_nLf.png" width="380px" rend="facstab"/></zone>
<zone xml:id="zone-pb-1v-3">
<graphic mimeType="image/tiff" url="VGM001000116_02_nR.tif" rend="norend"/><graphic mimeType="image/jpeg" url="VGM001000116_02_nRt.jpg" height="50px" rend="thumbnail"/><graphic mimeType="image/png" url="VGM001000116_02_nRf.png" width="380px" rend="facstab"/></zone>
</surface></facsimile><text xmlns:xsi="http://www.w3.org/2001/XMLSchema-instance"><body>
<div type="original">
<pb f="1r" n="1" xml:id="pb-orig-1r-1" facs="#zone-pb-1r-1"/><lb n="1" xml:id="l-1"/>
<ab>Dordrecht 23<anchor n="1" xml:id="note-o-1"/> Maart 1877</ab>
<vg:whiteline/><lb n="2" xml:id="l-2"/>
<ab>Waarde Theo, </ab><lb n="3" xml:id="l-3"/><ab>Wil zorgen Gij op Uwe reis nog een brief ontvangt, wat <lb n="4" xml:id="l-4"/>hadden wij een goeden dag zamen in Amsterdam,<anchor n="2" xml:id="note-o-2"/> bleef den trein <lb n="5" xml:id="l-5"/>waarmede Gij zijt vertrokken nog nakijken, zoolang die in het <lb n="6" xml:id="l-6"/>gezigt was, wij zijn toch al zulke oude vrienden, wat hebben <lb n="7" xml:id="l-7"/>wij al lang zamen gewandeld van af de zwarte akkers <lb n="8" xml:id="l-8"/>met het jonge groene koren te Zundert waar wij om dezen tijd <lb n="9" xml:id="l-9"/>van ’t jaar met Pa den leeuwrik hoorden.–</ab><lb n="10" xml:id="l-10"/>
<ab rend="indent">s’Morgens<anchor n="3" xml:id="note-o-3"/> ben ik met Oom Cor naar Oom Stricker gegaan <lb n="11" xml:id="l-11"/>en daar een lang gesprek gehad over het U bekende onderwerp<c type="kk">/</c><anchor n="4" xml:id="note-o-4"/> <lb n="12" xml:id="l-12"/>s’avonds half 7 bragt Oom Cor mij naar het station, het was <lb n="13" xml:id="l-13"/>een mooien avond en in alles was zooveel dat scheen te <lb n="14" xml:id="l-14"/>spreken, het weer was stil en er was een weinig damp in de <lb n="15" xml:id="l-15"/>straten zooals dat te London meestal het geval is<c type="kp">_</c> Oom had <lb n="16" xml:id="l-16"/>s’morgens tandpijn maar gelukkig hield het niet aan, wij <lb n="17" xml:id="l-17"/>gingen nog naar de bloemmarkt<anchor n="5" xml:id="note-o-5"/> ook<c type="kk">/</c> het is wel goed om van <lb n="18" xml:id="l-18"/>bloemen te houden en van mastegroen<anchor n="a" xml:id="note-o-a"/> en klimop en heggen <lb n="19" xml:id="l-19"/>van meidoorn, die zijn van ’t begin af voor onze oogen ge<c type="shy">-</c><lb n="20" xml:id="l-20"/>weest. Schreef nog naar huis hoe wij het te Amsterdam <lb n="21" xml:id="l-21"/>gehad hadden<anchor n="6" xml:id="note-o-6"/> en wat wij bespraken. Hier komende vond <lb n="22" xml:id="l-22"/>ik bij Rijken een brief van Huis<c type="kp">_</c> Pa mogt ll. Zondag niet <lb n="23" xml:id="l-23"/>preeken en D<hi rend="ss">s</hi> Kam nam de beurt voor Hem waar<anchor n="7" xml:id="note-o-7"/> – ik weet <lb n="24" xml:id="l-24"/>Zijn hart brandende in Hem is<anchor n="8" xml:id="note-o-8"/> of er ook iets mogt gebeuren <lb n="25" xml:id="l-25"/>zoodat ik mij niet alleen bijna maar ook geheellijk<anchor n="9" xml:id="note-o-9"/> eraan <lb n="26" xml:id="l-26"/>kon overgeven Hem te volgen, altijd heeft Pa er mij op aangezien,<anchor n="10" xml:id="note-o-10"/> <lb n="27" xml:id="l-27"/>och! mogt het tot stand komen en er zegen op rusten<c type="kp">_</c></ab>
<pb f="1v" n="2" xml:id="pb-orig-1v-2" facs="#zone-pb-1v-2"/><lb n="28" xml:id="l-28"/>
<ab rend="indent">De plaat die Gij mij gegeven hebt “Hemel en aarde zullen <lb n="29" xml:id="l-29"/>voorbijgaan maar Mijne woorden zullen geenszins voorbij gaan”<anchor n="11" xml:id="note-o-11"/> en <lb n="30" xml:id="l-30"/>het portret van D<hi rend="ss">s</hi> Heldring<anchor n="12" xml:id="note-o-12"/> hangen reeds op mijn kamertje<c type="kk">/</c> o, ik ben <lb n="31" xml:id="l-31"/>er zoo blij mede, zij geven mij hoop.– Schrijf zoo maar eens <lb n="32" xml:id="l-32"/>met U over wat ik van plan ben, zoo doende wordt mijne gedachte <lb n="33" xml:id="l-33"/>mij duidelijk en bevestigd. Vooreerst denk ik aan het woord <lb n="34" xml:id="l-34"/>“het is mijn deel om Uw woord te bewaren”,<anchor n="13" xml:id="note-o-13"/> heb zulk eene be<c type="shy">-</c><lb n="35" xml:id="l-35"/>geerte mij eigen te maken den schat van het woord van den <lb n="36" xml:id="l-36"/>Bijbel, al die oude verhalen grondig en met liefde te kennen<c type="kk">/</c> <lb n="37" xml:id="l-37"/>vooral te kennen wat wij weten van Christus.– Er is in onze <lb n="38" xml:id="l-38"/>familie die wel eene Christenfamilie is in den vollen zin van het <lb n="39" xml:id="l-39"/>woord, altijd, zoover men zien kan van geslachte tot geslachte<anchor n="14" xml:id="note-o-14"/> <lb n="40" xml:id="l-40"/>iemand geweest die Evangeliedienaar was<c type="kp">_</c>– Waarom zou die <lb n="41" xml:id="l-41"/>stem ook nog niet in dit en in volgende geslachten worden gehoord<c type="kp">_</c> <lb n="42" xml:id="l-42"/>Waarom zou niet ook nu een lid van die familie zich tot <lb n="43" xml:id="l-43"/>die bediening geroepen gevoelen en met eenigen grond mogen <lb n="44" xml:id="l-44"/>meenen hij zich mag en moet verklaren en zoeken naar de <lb n="45" xml:id="l-45"/>middelen om tot dat doel te geraken. Het is mijne bede en innig <lb n="46" xml:id="l-46"/>verlangen, dat den geest van mijn Vader en Grootvader ook op <lb n="47" xml:id="l-47"/>mij moge rusten, en het mij moge gegeven worden te zijn een <lb n="48" xml:id="l-48"/>Christen en een Christen werkman,<anchor n="15" xml:id="note-o-15"/> dat mijn leven moge gelijken <lb n="49" xml:id="l-49"/>hoe meer hoe liever, want zie<c type="kk">/</c> die oude wijn is goed en ik begeer <lb n="50" xml:id="l-50"/>geen nieuwe,<anchor n="16" xml:id="note-o-16"/> op dat van Hen die ik daar noem<c type="kp">_</c> Hun God zij <lb n="51" xml:id="l-51"/>mijn God en hun volk mijn volk,<anchor n="17" xml:id="note-o-17"/> dat dit mijn deel moge zijn: Christus <lb n="52" xml:id="l-52"/>te leeren kennen<anchor n="18" xml:id="note-o-18"/> in Zijne volle waarde en te worden gedrongen door 
<pb f="1v" n="3" xml:id="pb-orig-1v-3" facs="#zone-pb-1v-3"/><lb n="53" xml:id="l-53"/>Zijne liefde.<anchor n="19" xml:id="note-o-19"/> Wat die Liefde is<c type="kk">/</c> het is zoo schoon gezegd in dat <lb n="54" xml:id="l-54"/>woord “Als droevig zijnde maar altijd blijde”,<anchor n="20" xml:id="note-o-20"/> en in 1 Cor<c type="kp">_</c> XIII<c type="kk">/</c> zij <lb n="55" xml:id="l-55"/>bedekt alle dingen<c type="kk">/</c> zij gelooft alle dingen<c type="kk">/</c> zij hoopt alle <lb n="56" xml:id="l-56"/>dingen<c type="kk">/</c> zij verdraagt alle dingen<c type="kk">/</c> zij vergaat nimmermeer.<anchor n="21" xml:id="note-o-21"/> <lb n="57" xml:id="l-57"/>Het is heden in mijn hart<c type="kk">/</c> dat woord van de Emmausgangers <lb n="57a" xml:id="l-57a"/>toen het avond geworden was en de zon was ondergegaan<c type="kk">/</c> <lb n="58" xml:id="l-58"/>“en zij drongen Hem<c type="kk">/</c> zeggende ‘Blijf bij ons’”<c type="kp">_</c><anchor n="22" xml:id="note-o-22"/></ab><lb n="59" xml:id="l-59"/>
<ab rend="indent">Het is ook U lief<c type="kk">/</c> dat “droevig maar altijd blijde”<c type="kk">/</c> houd het in <lb n="60" xml:id="l-60"/>gedachten want het is een goed woord en een goeden dekmantel <lb n="61" xml:id="l-61"/>in den storm van het leven, houd het in gedachten in deze dagen <lb n="62" xml:id="l-62"/>nu Gij pas zoo veel hebt ondervonden. En wees voorzichtig <lb n="63" xml:id="l-63"/>want al hebt Gij geen kleine zaak ondervonden toch is er als <lb n="64" xml:id="l-64"/>ik wel zie nog iets grooters in de toekomst en zult ook Gij nog <lb n="65" xml:id="l-65"/>indachtig worden aan het woord des Heeren:<anchor n="23" xml:id="note-o-23"/> Ik heb U liefgehad <lb n="66" xml:id="l-66"/>
met eene eeuwige Liefde,<anchor n="24" xml:id="note-o-24"/> Ik zal u troosten als een wien zijne <lb n="67" xml:id="l-67"/>Moeder vertroost.<anchor n="25" xml:id="note-o-25"/> Ik zal u een anderen Trooster zenden, <lb n="68" xml:id="l-68"/>namelijk den Geest der waarheid,<anchor n="26" xml:id="note-o-26"/> Ik zal een nieuw verbond <lb n="69" xml:id="l-69"/>met u maken,<anchor n="27" xml:id="note-o-27"/> scheid u af, raak niet aan hetgeen onrein is,<anchor n="28" xml:id="note-o-28"/> en <lb n="70" xml:id="l-70"/>Ik zal U tot een God zijn en gij zult Mij tot een volk zijn,<anchor n="29" xml:id="note-o-29"/> Ik <lb n="71" xml:id="l-71"/>zal u tot een Vader zijn en gij zult Mij tot zonen en dochteren <lb n="72" xml:id="l-72"/>zijn.<anchor n="30" xml:id="note-o-30"/> <hi rend="ital">Haat</hi> de zonde en de plaatsen waar zij huist en nader <lb n="73" xml:id="l-73"/>niet<c type="kk">/</c><anchor n="31" xml:id="note-o-31"/> zoo ligt trekt zij aan door een valschen schijn van iets groots <lb n="74" xml:id="l-74"/>te zijn en doet nog wat de booze deed aan Christus toen hij <lb n="75" xml:id="l-75"/>Hem toonde alle koninkrijken der wereld en hunne heerlijkheid <lb n="76" xml:id="l-76"/>en zeide “al deze dingen zal ik U geven als Gij nederknielende <lb n="77" xml:id="l-77"/>mij wilt aanbidden”.<anchor n="32" xml:id="note-o-32"/> Daar is iets beters dan de heerlijkheid der <lb n="78" xml:id="l-78"/>dingen van de wereld<c type="kk">/</c><anchor n="33" xml:id="note-o-33"/> dat is het gevoel wanneer ons hart brandende is 
<pb f="1r" n="4" xml:id="pb-orig-1r-4" facs="#zone-pb-1r-4"/><lb n="79" xml:id="l-79"/>in ons bij het hooren van Zijn woord<c type="kk">/</c><anchor n="34" xml:id="note-o-34"/> dat is het geloof in God, de <lb n="80" xml:id="l-80"/>Liefde voor Christus<c type="kk">/</c> het geloof in onsterfelijkheid<c type="kk">/</c> in een leven <lb n="81" xml:id="l-81"/>na dit leven. Houd wat Gij hebt.–<anchor n="35" xml:id="note-o-35"/> Theo, jongen, broeder dien <lb n="82" xml:id="l-82"/>ik liefheb, ik heb zoo’n groot verlangen naar die zaak die Gij <lb n="83" xml:id="l-83"/>kent, maar hoe kom ik er nog! Zou zoo wenschen kunnen <lb n="84" xml:id="l-84"/>ik reeds achter mij had, evenals Pa<c type="kk">/</c> veel en moeielijk werk van <lb n="85" xml:id="l-85"/>een Christen werkman en Evangeliedienaar en zaaier des woords<c type="kp">_</c><anchor n="36" xml:id="note-o-36"/> <lb n="86" xml:id="l-86"/>Zie<c type="kk">/</c> Pa kan zijne Godsdienstoefeningen en Bijbellezingen en bezoeken <lb n="87" xml:id="l-87"/>bij zieken en armen en zijne geschreven preeken tellen bij duizenden <lb n="88" xml:id="l-88"/>en nog ziet Hij niet om maar gaat door goed doende.<anchor n="37" xml:id="note-o-37"/> Sla ook <lb n="89" xml:id="l-89"/>Gij Uw oog eens naar boven<anchor n="38" xml:id="note-o-38"/> voor mij en wensch dat het mij <lb n="90" xml:id="l-90"/>gegeven moge worden, gelijk ik dat nu doe voor U, Hij geve U de <lb n="91" xml:id="l-91"/>begeerten Uws harten,<anchor n="39" xml:id="note-o-39"/> Hij die ons beter kent dan wij ons zelven kennen <lb n="92" xml:id="l-92"/>en Hij geve U boven bidden en boven denken,<anchor n="40" xml:id="note-o-40"/> want Zijne wegen <lb n="93" xml:id="l-93"/>zijn hooger dan onze wegen en Zijne gedachten hooger dan onze <lb n="94" xml:id="l-94"/>gedachten<c type="kk">/</c><anchor n="41" xml:id="note-o-41"/> zoo hoog de Hemel is boven de aarde.<anchor n="42" xml:id="note-o-42"/> En met U blijve <lb n="95" xml:id="l-95"/>de gedachte aan Christus als een Trooster en die aan God als een <lb n="96" xml:id="l-96"/>hoog vertrek.–<anchor n="43" xml:id="note-o-43"/></ab><lb n="97" xml:id="l-97"/>
<ab rend="indent">Heb het goed op Uwe reis; schrijf eens spoedig, en ontvang een hand<c type="shy">-</c><lb n="98" xml:id="l-98"/>druk in gedachten, à Dieu, en geloof mij steeds </ab>
<vg:whiteline/><lb n="99" xml:id="l-99"/>
<ab>Uw liefh. broer</ab><lb n="100" xml:id="l-100"/><ab>Vincent</ab>
<vg:whiteline/><lb n="101" xml:id="l-101"/>
<ab>Moge Pa spoedig beter worden, tracht met Paschen <lb n="102" xml:id="l-102"/>te Etten te zijn, als wij weer zamen zijn zal het <lb n="103" xml:id="l-103"/>wel weer goed zijn.–</ab><lb n="104" xml:id="l-104"/>
<ab rend="indent">Met veel dingen in het ver<c type="shy">-</c><lb n="105" xml:id="l-105"/>leden<c type="kk">/</c> ook met wat Gij hebt ondervonden kan <lb n="106" xml:id="l-106"/>het zijn “gij zult het weervinden na <lb n="107" xml:id="l-107"/>vele dagen”.<anchor n="44" xml:id="note-o-44"/></ab>
<vg:whiteline/>
<div type="textualNotes">
<note target="l-1" n="1">23 &lt; <hi rend="ital">It is possible that Van Gogh wrote </hi>‘22’.</note>
<note target="l-29" n="29">gaan” &lt; gaan</note>
<note target="l-34" n="34">bewaren”, &lt; bewaren,</note>
<note target="l-51" n="51">Christus &lt; Chritus</note>
<note target="l-54" n="54">blijde”, &lt; blijde,</note>
<note target="l-59" n="59">“droevig &lt; droevig</note>
<note target="l-77" n="77">aanbidden”. &lt; aanbidden.</note>
<note target="l-107" n="107">dagen”. &lt; dagen.</note></div></div>
<div type="translation">
<pb f="1r" n="1" xml:id="pb-trans-1r-1" facs="#zone-pb-1r-1"/>
<ab>Dordrecht, 23<anchor n="1" xml:id="note-t-1"/> March 1877</ab>
<vg:whiteline/>
<ab>My dear Theo,</ab>
<ab>Want to make sure you receive a letter on your trip. What a good day we spent together in Amsterdam,<anchor n="2" xml:id="note-t-2"/> I stood there watching the train you left in as long as it was still in sight. We’re such old friends, aren’t we? How long we’ve walked together, starting in the black fields with the young green wheat at Zundert, where we heard the lark at this time of year with <rs type="pers" key="526">Pa</rs>.</ab>
<ab rend="indent">In the morning<anchor n="3" xml:id="note-t-3"/> I went with <rs type="pers" key="422">Uncle Cor</rs> to see <rs type="pers" key="318">Uncle Stricker</rs>, where we had a long talk about you-know-what.<anchor n="4" xml:id="note-t-4"/> In the evening at half past six Uncle Cor brought me to the station, it was a beautiful evening and in everything there was so much that seemed to speak, the weather was still and there was a bit of mist in the streets, as is usually the case in London. Uncle had toothache that morning, but fortunately it didn’t last, we went to the flower market<anchor n="5" xml:id="note-t-5"/> too, it’s good to love flowers and pine branches and ivy and hedges of hawthorn, we have seen them from the very beginning. Wrote home about how we had spent our time in Amsterdam and what we talked about.<anchor n="6" xml:id="note-t-6"/> Arriving here I found a letter from home at <rs type="pers" key="633 634">Rijken</rs>’s. <rs type="pers" key="526">Pa</rs> was unable to preach last Sunday and the <rs type="pers" key="477">Rev. Kam</rs> stood in for him<anchor n="7" xml:id="note-t-7"/> – I know that his heart is burning within him<anchor n="8" xml:id="note-t-8"/> that something might happen so that I could give myself over not only almost but altogether<anchor n="9" xml:id="note-t-9"/> to following Him, Pa always hoped I would do so,<anchor n="10" xml:id="note-t-10"/> oh! may it come to pass, and may there be a blessing on it. 
<pb f="1v" n="2" xml:id="pb-trans-1v-2" facs="#zone-pb-1v-2"/></ab>
<ab rend="indent">The print that you gave me of ‘Heaven and earth shall pass away, but My words shall not pass away’<anchor n="11" xml:id="note-t-11"/> and the portrait of the <rs type="pers" key="456">Rev. Heldring</rs><anchor n="12" xml:id="note-t-12"/> are already hanging in my room, oh, I’m so glad to have them, they give me hope. Am writing to you offhand about my plans; my idea becomes clear and firm by doing so. For the time being I’m thinking of the words ‘it is my portion to keep Thy word’,<anchor n="13" xml:id="note-t-13"/> have such a desire to familiarize myself with the treasure of biblical scripture, to know all those old stories thoroughly and lovingly, especially to learn what we know about Christ. In our family, which is indeed a Christian family in the full sense of the word, there has always been a minister of the gospel as far back as one can see, from generation to generation.<anchor n="14" xml:id="note-t-14"/> Why should that voice not be heard in this and in following generations? Why should a member of that family not now feel himself called to that office and think, with some reason, that he can and must declare himself and seek the means to achieve that goal? It is my prayer and deepest desire that the spirit of my <rs type="pers" key="526">Father</rs> and <rs type="pers" key="398">Grandfather</rs> may rest upon me, and that it may be given me to be a Christian and a Christian labourer,<anchor n="15" xml:id="note-t-15"/> that my life may resemble that of them whom I name – the more, the better – for behold, that old wine is good and I desire not the new.<anchor n="16" xml:id="note-t-16"/> Their God shall be my God, and their people my people,<anchor n="17" xml:id="note-t-17"/> that this may be my portion: to know Christ in His full worth<anchor n="18" xml:id="note-t-18"/> and to be constrained by 
<pb f="1v" n="3" xml:id="pb-trans-1v-3" facs="#zone-pb-1v-3"/> His love.<anchor n="19" xml:id="note-t-19"/> What that Love is, is so beautifully said in the words ‘as sorrowful, yet alway rejoicing’,<anchor n="20" xml:id="note-t-20"/> and in 1 Cor. XIII, it beareth all things, believeth all things, hopeth all things, endureth all things, it never faileth.<anchor n="21" xml:id="note-t-21"/> It is in my heart today, those words of the pilgrims going to Emmaus when evening was come and the sun had gone down, ‘But they constrained Him, saying, Abide with us’.<anchor n="22" xml:id="note-t-22"/></ab>
<ab rend="indent">You like it too, that ‘sorrowful, yet alway rejoicing’, keep it in mind, because they are good words and a good cloak in the storm of life, keep it in mind at this time, now that you’ve experienced so much lately. And be careful, because even though it’s no small thing that you’ve experienced, yet, if I see rightly, there is something greater in store, and you too will remember the words of the Lord:<anchor n="23" xml:id="note-t-23"/> I have loved thee with an everlasting Love,<anchor n="24" xml:id="note-t-24"/> I will comfort you as one whom his mother comforteth.<anchor n="25" xml:id="note-t-25"/> I shall send you another Comforter, even the Spirit of truth,<anchor n="26" xml:id="note-t-26"/> I will make a new covenant with you,<anchor n="27" xml:id="note-t-27"/> be separate, and touch not the unclean thing,<anchor n="28" xml:id="note-t-28"/> I will be your God, and you shall be My people,<anchor n="29" xml:id="note-t-29"/> I will be a Father unto you, and you shall be My sons and daughters.<anchor n="30" xml:id="note-t-30"/> <hi rend="ital">Hate</hi> sin and the places where it resides, and come not nigh,<anchor n="31" xml:id="note-t-31"/> it attracts so easily with a false appearance of being something great, and does what the devil did to Christ when he showed Him all the kingdoms of the earth and their glory and said, ‘All these things will I give Thee, if Thou wilt kneel down and worship me’.<anchor n="32" xml:id="note-t-32"/> There is something better than the glory of worldly things:<anchor n="33" xml:id="note-t-33"/> it is the feeling we get when our heart burns 
<pb f="1r" n="4" xml:id="pb-trans-1r-4" facs="#zone-pb-1r-4"/> within us upon hearing His word,<anchor n="34" xml:id="note-t-34"/> it is faith in God, the Love of Christ, faith in immortality, in a life after this life. Hold fast to what you have.<anchor n="35" xml:id="note-t-35"/> Theo, old boy, brother whom I love, I have such a great longing for that thing which you know of, but how shall I ever get it? How I wish that I, like Pa, had already done a lot of the difficult work of a Christian labourer and minister of the gospel and sower of the word.<anchor n="36" xml:id="note-t-36"/> You see, Pa can count his services and Bible readings and visits to the sick and the poor and his written sermons by the thousands, and still he doesn’t look back but goes on doing good.<anchor n="37" xml:id="note-t-37"/> Lift up your eyes<anchor n="38" xml:id="note-t-38"/> for me and pray that it may be given to me, just as I now do for you, may He give you the desires of thine heart,<anchor n="39" xml:id="note-t-39"/> He who knows us better than we know ourselves and who is able to do above all that we ask or think,<anchor n="40" xml:id="note-t-40"/> for His ways are higher than our ways and His thoughts are higher than our thoughts,<anchor n="41" xml:id="note-t-41"/> as high as the Heaven is above the earth.<anchor n="42" xml:id="note-t-42"/> And may you continue to think of Christ as a Comforter and God as a refuge.<anchor n="43" xml:id="note-t-43"/></ab>
<ab rend="indent">I wish you well on your trip; write soon, and accept a handshake in thought, adieu, and believe me ever</ab>
<vg:whiteline/>
<ab>Your loving brother</ab>
<ab>Vincent</ab>
<vg:whiteline/>
<ab>May <rs type="pers" key="526">Pa</rs> get better soon, try to be in Etten at Easter, things will be all fine once more when we’re together again.</ab>
<ab rend="indent">With many things in the past, also with what you’ve experienced, it could be that ‘thou shalt find it after many days’.<anchor n="44" xml:id="note-t-44"/></ab></div>
<div type="notes">
<note n="1" xml:id="n-1" target="#note-t-1">
<ab>It is possible that Van Gogh wrote ‘22’ instead of ‘23’ (see also <hi rend="ital">Date</hi>).</ab></note>
<note n="2" xml:id="n-2" target="#note-t-2">
<ab>Van Gogh had visited Amsterdam on 18-19 March 1877.</ab></note>
<note n="3" xml:id="n-3" target="#note-t-3">
<ab>This must have been Monday, 19 March, the morning after Theo’s visit.</ab></note>
<note n="4" xml:id="n-4" target="#note-t-4">
<ab>Van Gogh had meanwhile decided that he wanted to be a clergyman, and possibilities were being investigated with regard to the preparation necessary for the study of theology.</ab></note>
<note n="5" xml:id="n-5" target="#note-t-5">
<ab>The flower market on Singel between Koningsplein and Muntplein. </ab></note>
<note n="a" xml:id="n-a" target="#note-o-a">
<ab>Meaning: ‘dennetakken’ (branches of pine).</ab></note>
<note n="6" xml:id="n-6" target="#note-t-6">
<ab>Cf. <rs type="pers" key="526">Mr van Gogh</rs>’s remark in a letter to Theo: ‘Vincent told us that you had a good day in Amsterdam last Sunday’; and again later in the letter: ‘Vincent wrote with pleasure about your being together’, and went on immediately to say: ‘he still seems to be thinking about becoming a clergyman. But will he manage it? Is he capable of 7 years of continuous study of languages etc.? I’d rather that he simply wanted to remain in his present position. It does worry us’ (FR b2517, 24 March 1877).</ab></note>
<note n="7" xml:id="n-7" target="#note-t-7">
<ab><rs type="pers" key="526">Mr van Gogh</rs> was ill, and the doctor had advised him not to preach (FR b2514). The <rs type="pers" key="477">Rev. Jan Gerrit Kam</rs>, for whom Mr van Gogh acted as substitute in  Leur, stood in for Mr van Gogh in Etten. From the family correspondence it appears that he did this often.</ab></note>
<note n="8" xml:id="n-8" target="#note-t-8">
<ab>
  <bibleref xmlns="http://www.vangoghletters.org/ns/" book="Luke" chap="24" v="32">Luke 24:32</bibleref>.</ab></note>
<note n="9" xml:id="n-9" target="#note-t-9">
<ab>
  <bibleref xmlns="http://www.vangoghletters.org/ns/" book="Acts" chap="26" v="29">Acts 26:29</bibleref>.</ab></note>
<note n="10" xml:id="n-10" target="#note-t-10">
<ab>Evidently <rs type="pers" key="526">Mr van Gogh</rs> had expected his eldest son to carry on the tradition of having a clergyman in the family.</ab></note>
<note n="11" xml:id="n-11" target="#note-t-11">
<ab>
  <bibleref xmlns="http://www.vangoghletters.org/ns/" book="Matt" chap="24" v="35">Matt. 24:35</bibleref>, <bibleref xmlns="http://www.vangoghletters.org/ns/" book="Mark" chap="13" v="31">Mark 13:31</bibleref> and <bibleref xmlns="http://www.vangoghletters.org/ns/" book="Luke" chap="21" v="33">Luke 21:33</bibleref>. This text could have been inscribed on the print Theo had sent; cf. the biblical passages on the <rs type="pers" key="1339">Scheffer</rs> prints (<ref target="let085.xml#n-7">letter 85, n. 7</ref>). It is also possible, however, that Van Gogh wrote the text on the print himself, as he was in the habit of doing (cf., for instance, <ref target="let112.xml#l-35">letter 112, l. 35</ref>).</ab></note>
<note n="12" xml:id="n-12" target="#note-t-12">
<ab>The <rs type="pers" key="456">Rev. Ottho Gerhard Heldring</rs>, a well-known preacher, founded several charitable institutions and also published devotional works. At least eight portraits of him are known, including a painting by <rs type="pers" key="763">August Allebé</rs> of 1877 and an engraving after this canvas made by <rs type="pers" key="1371 1372">Smeeton-Tilly</rs>, which appeared in the <hi rend="ital">Nederlandsche Almanak</hi> of 1877 (The Hague, Iconographic Bureau).</ab></note>
<note n="13" xml:id="n-13" target="#note-t-13">
<ab>Cf. <bibleref xmlns="http://www.vangoghletters.org/ns/" book="Rhy. ps" chap="119" v="29">Rhy. ps. 119:29</bibleref>.</ab></note>
<note n="14" xml:id="n-14" target="#note-t-14">
<ab>Biblical, but especially frequent in the Old Testament.</ab></note>
<note n="15" xml:id="n-15" target="#note-t-15">
<ab>Owing to the brochure <rs type="lit" key="125"><hi rend="ital">De christen-werkman als zendeling</hi></rs> (The Christian workman as a missionary) (1847) by the above-mentioned <rs type="pers" key="456">O.G. Heldring</rs>, the ‘Christian Workman’ had become a well-known concept. The Missionary Idea had arisen from the ambition to give the poor in the Dutch East Indies a better future. The Groningen theologians (to whose numbers <rs type="pers" key="526">Mr van Gogh</rs> belonged) were active in the Nederlands Zendelinggenootschap (Dutch Missionary Society). See Hommo Reenders, <hi rend="ital">Alternatieve zending. Ottho Gerhard Heldring (1804-1876) en de verbreiding van het christendom in Nederlands-Indië</hi>. Dissertation Kampen. Kampen 1991, esp. pp. 103 ff. In the sermon Van Gogh had delivered in England (<ref target="let096.xml">see letter 96</ref>), he had translated this concept literally as ‘Christian workman’.</ab></note>
<note n="16" xml:id="n-16" target="#note-t-16">
<ab>Possibly an allusion to <bibleref xmlns="http://www.vangoghletters.org/ns/" book="Matt" chap="9" v="17">Matt. 9:17</bibleref>.</ab></note>
<note n="17" xml:id="n-17" target="#note-t-17">
<ab>
  <bibleref xmlns="http://www.vangoghletters.org/ns/" book="Ruth" chap="1" v="16">Ruth 1:16</bibleref>.</ab></note>
<note n="18" xml:id="n-18" target="#note-t-18">
<ab>Cf. <bibleref xmlns="http://www.vangoghletters.org/ns/" book="Phil" chap="3" v="10">Phil. 3:10</bibleref>. </ab></note>
<note n="19" xml:id="n-19" target="#note-t-19">
<ab>
  <bibleref xmlns="http://www.vangoghletters.org/ns/" book="2 Cor" chap="5" v="14">2 Cor. 5:14</bibleref>.</ab></note>
<note n="20" xml:id="n-20" target="#note-t-20">
<ab>
  <bibleref xmlns="http://www.vangoghletters.org/ns/" book="2 Cor" chap="6" v="10">2 Cor. 6:10</bibleref>.</ab></note>
<note n="21" xml:id="n-21" target="#note-t-21">
<ab>
  <bibleref xmlns="http://www.vangoghletters.org/ns/" book="1 Cor" chap="13" vr="7-8">1 Cor. 13:7-8</bibleref>.</ab></note>
<note n="22" xml:id="n-22" target="#note-t-22">
<ab>
  <bibleref xmlns="http://www.vangoghletters.org/ns/" book="Luke" chap="24" v="29">Luke 24:29</bibleref>.</ab></note>
<note n="23" xml:id="n-23" target="#note-t-23">
<ab>Cf. <bibleref xmlns="http://www.vangoghletters.org/ns/" book="Luke" chap="24" v="8">Luke 24:8</bibleref>.</ab></note>
<note n="24" xml:id="n-24" target="#note-t-24">
<ab>
  <bibleref xmlns="http://www.vangoghletters.org/ns/" book="Jer" chap="31" v="3">Jer. 31:3</bibleref>.</ab></note>
<note n="25" xml:id="n-25" target="#note-t-25">
<ab>Cf. <bibleref xmlns="http://www.vangoghletters.org/ns/" book="Isa" chap="66" v="13">Isa. 66:13</bibleref>.</ab></note>
<note n="26" xml:id="n-26" target="#note-t-26">
<ab>
  <bibleref xmlns="http://www.vangoghletters.org/ns/" book="John" chap="14" vr="16-17">John 14:16-17</bibleref> and <bibleref xmlns="http://www.vangoghletters.org/ns/" book="John" chap="15" v="26">John 15:26</bibleref>.</ab></note>
<note n="27" xml:id="n-27" target="#note-t-27">
<ab>
  <bibleref xmlns="http://www.vangoghletters.org/ns/" book="Jer" chap="31" v="31">Jer. 31:31</bibleref>.</ab></note>
<note n="28" xml:id="n-28" target="#note-t-28">
<ab>
  <bibleref xmlns="http://www.vangoghletters.org/ns/" book="2 Cor" chap="6" v="17">2 Cor. 6:17</bibleref>.</ab></note>
<note n="29" xml:id="n-29" target="#note-t-29">
<ab>Cf. <bibleref xmlns="http://www.vangoghletters.org/ns/" book="Jer" chap="31" v="33">Jer. 31:33</bibleref>.</ab></note>
<note n="30" xml:id="n-30" target="#note-t-30">
<ab>
  <bibleref xmlns="http://www.vangoghletters.org/ns/" book="2 Cor" chap="6" v="18">2 Cor. 6:18</bibleref>.</ab></note>
<note n="31" xml:id="n-31" target="#note-t-31">
<ab>
  <bibleref xmlns="http://www.vangoghletters.org/ns/" book="Prov" chap="5" v="8">Prov. 5:8</bibleref>.</ab></note>
<note n="32" xml:id="n-32" target="#note-t-32">
<ab>
  <bibleref xmlns="http://www.vangoghletters.org/ns/" book="Matt" chap="4" vr="8-9">Matt. 4:8-9</bibleref>.</ab></note>
<note n="33" xml:id="n-33" target="#note-t-33">
<ab>Cf. <bibleref xmlns="http://www.vangoghletters.org/ns/" book="1 John" chap="2" vr="16-17">1 John 2:16-17</bibleref>. Van Gogh always writes ‘heerlijkheid’ (glory) where John wrote ‘begeerlijkheid’ (lust).</ab></note>
<note n="34" xml:id="n-34" target="#note-t-34">
<ab>Cf. <bibleref xmlns="http://www.vangoghletters.org/ns/" book="Luke" chap="24" v="32">Luke 24:32</bibleref>.</ab></note>
<note n="35" xml:id="n-35" target="#note-t-35">
<ab>Cf. <bibleref xmlns="http://www.vangoghletters.org/ns/" book="Rev" chap="2" v="25">Rev. 2:25</bibleref>.</ab></note>
<note n="36" xml:id="n-36" target="#note-t-36">
<ab>Cf. <bibleref xmlns="http://www.vangoghletters.org/ns/" book="Mark" chap="4" v="14">Mark 4:14</bibleref>.</ab></note>
<note n="37" xml:id="n-37" target="#note-t-37">
<ab>Cf. the saying ‘Doe wel en zie niet om’ (Do well and don’t look back); cf. <bibleref xmlns="http://www.vangoghletters.org/ns/" book="Luke" chap="9" v="62">Luke 9:62</bibleref>.</ab></note>
<note n="38" xml:id="n-38" target="#note-t-38">
<ab>
  <bibleref xmlns="http://www.vangoghletters.org/ns/" book="Rhy. ps" chap="42" v="3">Rhy. ps. 42:3</bibleref>, <bibleref xmlns="http://www.vangoghletters.org/ns/" book="Rhy. ps" chap="42" v="7">Rhy. ps. 42:7</bibleref> and <bibleref xmlns="http://www.vangoghletters.org/ns/" book="Rhy. ps" chap="139" v="7">Rhy. ps. 139:7</bibleref>.</ab></note>
<note n="39" xml:id="n-39" target="#note-t-39">
<ab>
  <bibleref xmlns="http://www.vangoghletters.org/ns/" book="Ps" chap="37" v="4">Ps. 37:4</bibleref>.</ab></note>
<note n="40" xml:id="n-40" target="#note-t-40">
<ab>
  <bibleref xmlns="http://www.vangoghletters.org/ns/" book="Hymn" chap="36" v="2">Hymn 36:2</bibleref> and <bibleref xmlns="http://www.vangoghletters.org/ns/" book="Eph" chap="3" v="20">Eph. 3:20</bibleref>.</ab></note>
<note n="41" xml:id="n-41" target="#note-t-41">
<ab>Cf. <bibleref xmlns="http://www.vangoghletters.org/ns/" book="Isa" chap="55" vr="8-9">Isa. 55:8-9</bibleref>.</ab></note>
<note n="42" xml:id="n-42" target="#note-t-42">
<ab>Cf. <bibleref xmlns="http://www.vangoghletters.org/ns/" book="Ps" chap="103" v="11">Ps. 103:11</bibleref>.</ab></note>
<note n="43" xml:id="n-43" target="#note-t-43">
<ab>
  <bibleref xmlns="http://www.vangoghletters.org/ns/" book="Ps" chap="9" v="10">Ps. 9:10</bibleref> (in <hi rend="ital">KJ</hi> <bibleref xmlns="http://www.vangoghletters.org/ns/" book="Ps" chap="9" v="9">Ps. 9:9</bibleref>).</ab></note>
<note n="44" xml:id="n-44" target="#note-t-44">
<ab>
  <bibleref xmlns="http://www.vangoghletters.org/ns/" book="Eccl" chap="11" v="1">Eccl. 11:1</bibleref>.</ab></note></div></body></text></TEI>
