<?xml version="1.0" encoding="UTF-8"?>
<!-- Last Changed Date: 2018-07-18 12:32:41 +0200 (Wed, 18 Jul 2018) | SVN Revision: 2206 -->
<!--Licensed under Attribution-NonCommercial-ShareAlike 4.0 International (CC BY-NC-SA 4.0)-->
<?xml-model href="https://xmlschema.huygens.knaw.nl/vgodd.rng" type="application/xml" schematypens="http://relaxng.org/ns/structure/1.0"?>
<TEI xmlns:vg="http://www.vangoghletters.org/ns/" xmlns="http://www.tei-c.org/ns/1.0">
<teiHeader xmlns:xsi="http://www.w3.org/2001/XMLSchema-instance"><fileDesc>
<titleStmt>
<title>To Theo van Gogh. Amsterdam, Monday, 9 July 1877.</title>
<editor>Leo Jansen</editor>
<editor>Hans Luijten</editor>
<editor>Nienke Bakker</editor></titleStmt>
<publicationStmt>
<publisher><name>Huygens Instituut voor Nederlandse Geschiedenis (KNAW)</name><email>info@huygens.knaw.nl</email></publisher>
<publisher>Van Gogh Museum</publisher>
<pubPlace>Amsterdam</pubPlace>
<date type="first" when="2009">2009</date>
<availability status="restricted">
<licence target="http://creativecommons.org/licenses/by-nc-sa/4.0/ https://creativecommons.org/licenses/by-nc-sa/4.0/legalcode">
<p>Attribution-NonCommercial-ShareAlike 4.0 International (CC BY-NC-SA 4.0) </p></licence></availability>
<ptr target="http://vangoghletters.org/orig/let121"/></publicationStmt><sourceDesc><vg:letDesc><vg:letIdentifier>
<idno type="jlb">121</idno>
<idno type="collectedletters">101a</idno>
<idno type="brieven1990">121</idno></vg:letIdentifier><vg:letHeading><author>Vincent van Gogh</author><vg:addressee>Theo van Gogh</vg:addressee><vg:placeLet>Amsterdam</vg:placeLet><vg:dateLet>Monday, 9 July 1877</vg:dateLet></vg:letHeading><vg:letContents>
<p>To Theo van Gogh. Amsterdam, Monday, 9 July 1877.</p></vg:letContents>
<note type="sourceStatus" xml:id="sourceStatus">
<p>Original manuscript</p></note>
<note type="location" xml:id="location">
<p>Amsterdam, Van Gogh Museum, inv. no. b120 V/1962</p></note>
<note type="date" xml:id="date">
<p>Letter headed: ‘Amsterdam 9 Julij 1877’.</p></note></vg:letDesc></sourceDesc></fileDesc></teiHeader>
<facsimile xmlns:xsi="http://www.w3.org/2001/XMLSchema-instance">
<surface n="b 0120" xml:id="surf-pb-1r"><graphic mimeType="image/tiff" url="VGM001000129_01.TIF" rend="norend"/><zone xml:id="zone-pb-1r-1">
<graphic mimeType="image/tiff" url="VGM001000129_01_n.tif" rend="norend"/><graphic mimeType="image/jpeg" url="VGM001000129_01_nt.jpg" height="50px" rend="thumbnail"/><graphic mimeType="image/png" url="VGM001000129_01_nf.png" width="380px" rend="facstab"/></zone>
</surface>
<surface n="b 0120" xml:id="surf-pb-1v"><graphic mimeType="image/tiff" url="VGM001000129_02.TIF" rend="norend"/><zone xml:id="zone-pb-1v-2">
<graphic mimeType="image/tiff" url="VGM001000129_02_n.tif" rend="norend"/><graphic mimeType="image/jpeg" url="VGM001000129_02_nt.jpg" height="50px" rend="thumbnail"/><graphic mimeType="image/png" url="VGM001000129_02_nf.png" width="380px" rend="facstab"/></zone>
</surface></facsimile><text xmlns:xsi="http://www.w3.org/2001/XMLSchema-instance"><body>
<div type="original">
<pb f="1r" n="1" xml:id="pb-orig-1r-1" facs="#zone-pb-1r-1"/><lb n="1" xml:id="l-1"/>
<ab>Amsterdam 9 Julij 1877</ab>
<vg:whiteline/><lb n="2" xml:id="l-2"/>
<ab>Waarde Theo,</ab><lb n="3" xml:id="l-3"/>
<ab>Wat zegt gij wel van Anna, mij heeft het verrast, en het schijnt ernst <lb n="4" xml:id="l-4"/>te zijn ook en zal, zou men zoo zeggen, zeker wel doorgaan.─<anchor n="1" xml:id="note-o-1"/> <lb n="5" xml:id="l-5"/>Het kan goed zijn. De moeielijkheden verbonden aan het <lb n="6" xml:id="l-6"/>bekleeden van eene ondergeschikte betrekking, vooral wanneer <lb n="7" xml:id="l-7"/>men gedurende langeren tijd daarin volhardt, zooals zij dat toch <lb n="8" xml:id="l-8"/>gedurende jaren in alle eer en deugd heeft gedaan, zijn <lb n="9" xml:id="l-9"/>zeer groot en worden soms een zwaren strijd<c type="kk">/</c> en het <lb n="10" xml:id="l-10"/>schijnbaar gemakkelijke uiterst moeielijk.─</ab><lb n="11" xml:id="l-11"/>
<ab rend="indent">Het heeft veel poezie toch en zulke jaren zijn een schat die niet ligt ontvalt, en wanneer men, voor het eerst vooral, <lb n="12" xml:id="l-12"/>zich zelven verloochent en vernedert<c type="kk">/</c> heeft men een heer<c type="shy">-</c><lb n="13" xml:id="l-13"/>lijk gevoel van vrede van binnen, maar ik zou het mij <lb n="14" xml:id="l-14"/>zeer goed kunnen begrijpen als het zoo was dat de <lb n="15" xml:id="l-15"/>toekomst ook voor haar soms duister werd ─ het kan <lb n="16" xml:id="l-16"/>verstandig van haar zijn dat zij, wat Haar aangaat reeds tot dezen <lb n="17" xml:id="l-17"/>stap besloten is.─ En ook houd ik het er voor Zij opregte <lb n="18" xml:id="l-18"/>liefde voor hem gevoelt, dat geloof en vertrouw ik zeker en <lb n="19" xml:id="l-19"/>vast, anders zou het zoo ver niet zijn gekomen.─ En <lb n="20" xml:id="l-20"/>daarom hoop ik van harte Zij niet zal worden teleurgesteld <lb n="21" xml:id="l-21"/>maar dat dit onder Gods leiding den weg tot haar <lb n="22" xml:id="l-22"/>blijvend geluk zal zijn. De Heer geve Haar dat zij ruste <lb n="23" xml:id="l-23"/>vinde, die beste zuster, en zegene Haar, en geve haar <lb n="23a" xml:id="l-23a"/>goede dingen in Haar leven.─ <lb n="24" xml:id="l-24"/>Ook U wensch ik met deze zaak geluk<c type="kk">/</c> gelijk ik het ook <lb n="25" xml:id="l-25"/>Anna en Pa en Moe deed.─</ab><lb n="26" xml:id="l-26"/>
<ab rend="indent">Hoe gaat het U kerel, reeds vroeger had ik U willen <lb n="27" xml:id="l-27"/>schrijven en Uw laatsten brief beantwoorden, ik heb veel <lb n="28" xml:id="l-28"/>te doen en ’t is geen gemakkelijk werk<c type="kp">_</c></ab>
<pb f="1v" n="2" xml:id="pb-orig-1v-2" facs="#zone-pb-1v-2"/><lb n="29" xml:id="l-29"/>
<ab rend="indent">Dan ga ik veel naar de kerk, er zijn mooie oude kerken hier <lb n="30" xml:id="l-30"/>en uitmuntende predikers, Oom Stricker hoor ik dikwijls <lb n="31" xml:id="l-31"/>en wat Hij zegt is zeer goed en Hij spreekt met veel warmte <lb n="32" xml:id="l-32"/>en gevoel.─ D<hi rend="ss">s</hi> Laurillard hoorde ik driemaal, die <lb n="33" xml:id="l-33"/>zou U ook bevallen, want Hij schildert als het ware, <lb n="34" xml:id="l-34"/>en zijn werk is te gelijk hooge en edele kunst, Hij heeft <lb n="35" xml:id="l-35"/>het gevoel van een kunstenaar in den waren zin van <lb n="36" xml:id="l-36"/>het woord, zoo als een Anderssen dat had als hij b.v. <lb n="37" xml:id="l-37"/>zegt:</ab>
<vg:whiteline/><lb n="37*" xml:id="l-37s"/>
<ab>Elke avond kwam de maan, en fluistrend sprak ze mij</ab><lb n="38" xml:id="l-38"/>
<ab>Van wat ze in den stillen stillen nacht</ab><lb n="39" xml:id="l-39"/>
<ab>Gezien heeft van heur hooge hemelwacht;</ab><lb n="40" xml:id="l-40"/>
<ab>Zij wie eeuwen heugt ─ zij wandelde daarheen</ab><lb n="41" xml:id="l-41"/>
<ab>Hoog boven ’t schuim des zondvloeds, en bescheen</ab><lb n="42" xml:id="l-42"/>
<ab>De vlottende ark met zachten zilvergloed,</ab><lb n="43" xml:id="l-43"/>
<ab>Gelijk zij nu mijn eenzaam venster doet</ab><lb n="44" xml:id="l-44"/>
<ab>En ook, toen Israel met vochtig oog</ab><lb n="45" xml:id="l-45"/>
<ab>Bij Babylon’s rivieren nederboog</ab><lb n="46" xml:id="l-46"/>
<ab>Bestraalde zij met droeve tinteling</ab><lb n="47" xml:id="l-47"/>
<ab>De ontsnaarde harp, die aan de wilgen hing.─<anchor n="2" xml:id="note-o-2"/></ab>
<vg:whiteline/><lb n="48" xml:id="l-48"/>
<ab>De maan schijnt ook nu nog en de zon en de Avondster, dat is <lb n="49" xml:id="l-49"/>gelukkig, en die spreken nog dikwijls van de Liefde Gods <lb n="50" xml:id="l-50"/>en doen denken aan het woord<c type="kk">/</c> Ziet Ik ben met U alle <lb n="51" xml:id="l-51"/>dagen tot aan de voleinding der wereld.─<anchor n="3" xml:id="note-o-3"/></ab><lb n="52" xml:id="l-52"/>
<ab rend="indent">Ben bezig een uittreksel te maken van de geschiedenis van <lb n="53" xml:id="l-53"/>de kerkhervorming,<anchor n="4" xml:id="note-o-4"/> er is veel opwekkends en aantrekkelijks <lb n="54" xml:id="l-54"/>in de geschiedenis van die dagen.─</ab><lb n="55" xml:id="l-55"/>
<ab rend="indent">De zaal in het Trippenhuis waar de Staalmeesters van <lb n="56" xml:id="l-56"/>Rembrandt hangen is weer open, gisteren, uit de kerk komende <lb n="57" xml:id="l-57"/>liep ik er even heen, vlak naast de Rembrandt hangt dat <lb n="58" xml:id="l-58"/>bewuste portret door van der Helst.─<anchor n="5" xml:id="note-o-5"/></ab><lb n="59" xml:id="l-59"/>
<ab rend="indent">à Dieu Theo, een hartelijken handdruk in gedachten, heb <lb n="60" xml:id="l-60"/>het zoo goed mogelijk en geloof dikwijls aan U denkt</ab>
<vg:whiteline/><lb n="61" xml:id="l-61"/>
<ab>Uw zoo liefh. broer</ab><lb n="62" xml:id="l-62"/>
<ab>Vincent</ab>
<vg:whiteline/><lb n="63" xml:id="l-63"/>
<ab>Hierbij nog eene kleine bijdrage voor Uw plakboek<c type="kk">/</c><anchor n="6" xml:id="note-o-6"/> <lb n="64" xml:id="l-64"/>gaat dat vooruit? Groet Uwe huisgenooten en als den <lb n="65" xml:id="l-65"/>een of ander soms naar mij mocht vragen.─</ab>
<vg:whiteline/></div>
<div type="translation">
<pb f="1r" n="1" xml:id="pb-trans-1r-1" facs="#zone-pb-1r-1"/>
<ab>Amsterdam, 9 July 1877</ab>
<vg:whiteline/>
<ab>My dear Theo,</ab>
<ab>Well, what do you say about <rs type="pers" key="412">Anna</rs>? It surprised me, and it seems to be serious too, and will certainly take place, one would venture to say.<anchor n="1" xml:id="note-t-1"/> It could be good. The difficulties of holding a subordinate position, especially when one perseveres in it for a longer period, as she has in fact done for years in all honour and virtue, are very great and sometimes become a hard struggle, and the seemingly easy becomes extremely difficult.</ab>
<ab rend="indent">There’s nevertheless much poetry in it, and such years are a treasure not easily lost, and when one denies and humbles oneself, especially the first time, one has a wonderful feeling of inner peace, but I would understand very well if the future was sometimes dark for her too – it might be sensible of her, for her part, to have already decided to take this step. And I also maintain that she truly loves him, I believe that and trust in it absolutely, otherwise things wouldn’t have gone this far. And so I sincerely hope that she won’t be disappointed but that this, with God’s guidance, will be the path to her lasting happiness. May the Lord grant that she find peace, that dear sister, and bless her, and give her good things in life. On this occasion I congratulate you, too, as I have <rs type="pers" key="412">Anna</rs> and <rs type="pers" key="524 526">Pa and Ma</rs>.</ab>
  <ab rend="indent">How are you, old chap? I had wanted to write to you earlier and answer your last letter. I have a lot to do and the work isn’t easy.
<pb f="1v" n="2" xml:id="pb-trans-1v-2" facs="#zone-pb-1v-2"/></ab>
<ab rend="indent">Then again, I go to church a lot, there are beautiful old churches here, and outstanding preachers, I often hear <rs type="pers" key="318">Uncle Stricker</rs>, and what he says is very good, and he speaks with much warmth and feeling. I’ve heard the <rs type="pers" key="53">Rev. Laurillard</rs> three times, you would like him too, because he paints, as it were, and his work is at once lofty and noble art. He has the feeling of an artist in the true sense of the word, as someone like <rs type="pers" key="512">Andersen</rs> had when he says, for example:</ab>
<vg:whiteline/>
<ab>Every evening came the moon and whispered in my ear,</ab>
<ab>Telling of the quiet night and what its eye</ab>
<ab>Had lit on from its watch-post in the sky.</ab>
<ab>It who knows centuries – through ages did it roam,</ab>
<ab>Casting, high above the Flood and crest of foam,</ab>
<ab>On the floating ark a soft silver glow,</ab>
<ab>Just as it now lights my lonely window</ab>
<ab>Then, too, when the folk of Israel knelt down</ab>
<ab>To weep by the waters of Babylon</ab>
<ab>It illumined with sad twinkling down below</ab>
<ab>The unstrung harp, hanging on the willow.<anchor n="2" xml:id="note-t-2"/></ab>
<vg:whiteline/>
<ab>The moon still shines now, and the sun and the evening star, which is fortunate, and they often speak of God’s Love and call to mind the words, lo, I am with you alway, even unto the end of the world.<anchor n="3" xml:id="note-t-3"/></ab>
<ab rend="indent">Am busy making a summary of the history of the Reformation,<anchor n="4" xml:id="note-t-4"/> there’s much that is stimulating and appealing in the history of those days.</ab>
<ab rend="indent">The room in the Trippenhuis where <rs type="pers" key="1295">Rembrandt</rs>’s Syndics are hanging is open again; coming from church yesterday I walked over there for a while, hanging right next to the Rembrandt is that portrait by <rs type="pers" key="1086">Van der Helst</rs>.<anchor n="5" xml:id="note-t-5"/></ab>
<ab rend="indent">Adieu, Theo, a hearty handshake in thought, I wish you the very best, and believe that often thinking of you is</ab>
<vg:whiteline/>
<ab>Your most loving brother</ab>
<ab>Vincent</ab>
<vg:whiteline/>
<ab>Herewith a small contribution for your scrapbook,<anchor n="6" xml:id="note-t-6"/> is it coming along? Give my regards to your housemates and if someone or other should ask after me.</ab></div>
<div type="notes">
<note n="1" xml:id="n-1" target="#note-t-1">
<ab>Vincent’s sister <rs type="pers" key="412">Anna</rs> had received a proposal of marriage from <rs type="pers" key="413">Joan Marius van Houten</rs>, the son of the family in Hengelo for whom she worked as a lady companion. Van Houten, a ‘calmly cordial, reliable boy’, according to <rs type="pers" key="526">Mr van Gogh</rs>, was a manufacturer of shell lime and a member of the firm of Van Houten &amp; Ledeboer, lime-burners at Leiderdorp (<hi rend="ital">Nederland’s patriciaat</hi> 44 (1958), p. 138 and FR b2538, 1 July 1877, Mr van Gogh to Theo (quotation)). Joan had been courting Anna since 20 May, and their courtship surprised not only Vincent but also <rs type="pers" key="524">Mrs van Gogh</rs>: ‘They’ve known each other since Whitsun, and he’s been here a lot. You can imagine how it surprised us’ (FR b2539, to Theo, 2 July 1877). Their engagement was announced on 9 July, and Mr van Gogh wrote to Theo that Vincent was also pleased about it (FR b2540). Vincent’s prediction came true: the marriage was solemnized on 22 August 1878.</ab></note>
<note n="2" xml:id="n-2" target="#note-t-2">
<ab><rs type="pers" key="512">Hans Christian Andersen</rs>, <rs type="lit" key="63"><hi rend="ital">Vertellingen van de maan</hi></rs> (What the moon saw). Van Gogh owned the edition <rs type="lit" key="63"><hi rend="ital">Andersen’s prentenboek zonder prenten: Vertellingen van de maan</hi></rs>. Translated by<rs type="pers" key="681"> J.J.L. ten Kate</rs>. 4th ed. Leiden 1870; <ref target="let068.xml">see letter 68</ref>. The passage quoted, which was taken from the introduction, varies somewhat from the original (pp. 3-4). In the poetry album made for <rs type="pers" key="1202">Matthijs Maris</rs> – probably compiled between May 1875 and March 1876 – Van Gogh copied a number of pages from Ten Kate’s translation. See Pabst 1988, pp. 55-58.</ab></note>
<note n="3" xml:id="n-3" target="#note-t-3">
<ab>
  <bibleref xmlns="http://www.vangoghletters.org/ns/" book="Matt" chap="28" v="20">Matt. 28:20</bibleref>.</ab></note>
<note n="4" xml:id="n-4" target="#note-t-4">
<ab>Various books and textbooks on the history of the Reformation were in circulation, among them several whose titles included <hi rend="ital">De geschiedenis van de kerkhervorming</hi> (The history of the Reformation), such as those by Bernhard ter Haar, Henricus Jacobus Hofstede, Evert Jan Diest, Jacob Gijsbert de Hoop Scheffer and F. Naef (translated from the French by J.W.Ph. Feith), so that it is possible that Van Gogh was speaking here of a specific book.</ab></note>
<note n="5" xml:id="n-5" target="#note-t-5">
<ab><rs type="pers" key="1295">Rembrandt</rs>, <hi rend="ital">Syndics of the the Amsterdam Drapers’ Guild </hi>(Amsterdam, Rijksmuseum). <rs type="ill" key="1835">Ill 1835</rs>. As emerges from a drawing made of the Syndics Room by <rs type="pers" key="902">Henri de Braekeleer</rs> in 1883, the painting <hi rend="ital"> Aert van Nes</hi> by <rs type="pers" key="1086">Bartholomeus van der Helst</rs> hung to the left of Rembrandt’s <hi rend="ital">Syndics</hi>, to the right of which hung its pendant, the <hi rend="ital">Geertruida den Dubbelde</hi>, Van Nes’s wife; both portraits date from 1668 (Amsterdam, Rijksmuseum). <rs type="ill" key="1836">Ill 1836</rs> and <rs type="ill" key="1837">Ill. 1837</rs>. See <hi rend="ital">Honderd jaar Rijksmuseum</hi> 1985, p. 13.</ab></note>
<note n="6" xml:id="n-6" target="#note-t-6">
<ab>Regarding Theo’s scrapbooks, <ref target="let111.xml#n-3">see letter 111, n. 3.</ref></ab></note></div></body></text></TEI>
