<?xml version="1.0" encoding="UTF-8"?>
<!-- Last Changed Date: 2018-07-18 12:32:41 +0200 (Wed, 18 Jul 2018) | SVN Revision: 2206 -->
<!--Licensed under Attribution-NonCommercial-ShareAlike 4.0 International (CC BY-NC-SA 4.0)-->
<?xml-model href="https://xmlschema.huygens.knaw.nl/vgodd.rng" type="application/xml" schematypens="http://relaxng.org/ns/structure/1.0"?>
<TEI xmlns:vg="http://www.vangoghletters.org/ns/" xmlns="http://www.tei-c.org/ns/1.0">
<teiHeader xmlns:xsi="http://www.w3.org/2001/XMLSchema-instance"><fileDesc>
<titleStmt>
<title>To Theo van Gogh. Etten, Wednesday, 23 November 1881.</title>
<editor>Leo Jansen</editor>
<editor>Hans Luijten</editor>
<editor>Nienke Bakker</editor></titleStmt>
<publicationStmt>
<publisher><name>Huygens Instituut voor Nederlandse Geschiedenis (KNAW)</name><email>info@huygens.knaw.nl</email></publisher>
<publisher>Van Gogh Museum</publisher>
<pubPlace>Amsterdam</pubPlace>
<date type="first" when="2009">2009</date>
<availability status="restricted">
<licence target="http://creativecommons.org/licenses/by-nc-sa/4.0/ https://creativecommons.org/licenses/by-nc-sa/4.0/legalcode">
<p>Attribution-NonCommercial-ShareAlike 4.0 International (CC BY-NC-SA 4.0) </p></licence></availability>
<ptr target="http://vangoghletters.org/orig/let189"/></publicationStmt><sourceDesc><vg:letDesc><vg:letIdentifier>
<idno type="jlb">189</idno>
<idno type="collectedletters">161</idno>
<idno type="brieven1990">187</idno></vg:letIdentifier><vg:letHeading><author>Vincent van Gogh</author><vg:addressee>Theo van Gogh</vg:addressee><vg:placeLet>Etten</vg:placeLet><vg:dateLet>Wednesday, 23 November 1881</vg:dateLet></vg:letHeading><vg:letContents>
<p>To Theo van Gogh. Etten, Wednesday, 23 November 1881.</p>
<note type="ongoingTopic" n="1">
<p>Van Gogh’s love for Kee Vos <ref target="let179.xml">(179)</ref></p></note></vg:letContents>
<note type="sourceStatus" xml:id="sourceStatus">
<p>Original manuscript</p></note>
<note type="location" xml:id="location">
<p>Amsterdam, Van Gogh Museum, inv. nos. b181 a-c V/1962</p></note>
<note type="date" xml:id="date">
<p>Letter headed: ‘Etten 23 Nov. 1881’.</p></note></vg:letDesc></sourceDesc></fileDesc></teiHeader>
<facsimile xmlns:xsi="http://www.w3.org/2001/XMLSchema-instance">
<surface n="b 0181 a" xml:id="surf-pb-1r"><graphic mimeType="image/tiff" url="VGM001000201_01.TIF" rend="norend"/><graphic mimeType="image/tiff" url="VGM001000201_01_n.tif" rend="norend"/><graphic mimeType="image/jpeg" url="VGM001000201_01_nt.jpg" height="50px" rend="thumbnail"/><zone xml:id="zone-pb-1r-1">
<graphic mimeType="image/tiff" url="VGM001000201_01_nR.tif" rend="norend"/><graphic mimeType="image/jpeg" url="VGM001000201_01_nRt.jpg" height="50px" rend="thumbnail"/><graphic mimeType="image/png" url="VGM001000201_01_nRf.png" width="380px" rend="facstab"/></zone>
<zone xml:id="zone-pb-1r-4">
<graphic mimeType="image/tiff" url="VGM001000201_01_nL.tif" rend="norend"/><graphic mimeType="image/jpeg" url="VGM001000201_01_nLt.jpg" height="50px" rend="thumbnail"/><graphic mimeType="image/png" url="VGM001000201_01_nLf.png" width="380px" rend="facstab"/></zone>
</surface>
<surface n="b 0181 a" xml:id="surf-pb-1v"><graphic mimeType="image/tiff" url="VGM001000201_02.TIF" rend="norend"/><graphic mimeType="image/tiff" url="VGM001000201_02_n.tif" rend="norend"/><graphic mimeType="image/jpeg" url="VGM001000201_02_nt.jpg" height="50px" rend="thumbnail"/><zone xml:id="zone-pb-1v-2">
<graphic mimeType="image/tiff" url="VGM001000201_02_nL.tif" rend="norend"/><graphic mimeType="image/jpeg" url="VGM001000201_02_nLt.jpg" height="50px" rend="thumbnail"/><graphic mimeType="image/png" url="VGM001000201_02_nLf.png" width="380px" rend="facstab"/></zone>
<zone xml:id="zone-pb-1v-3">
<graphic mimeType="image/tiff" url="VGM001000201_02_nR.tif" rend="norend"/><graphic mimeType="image/jpeg" url="VGM001000201_02_nRt.jpg" height="50px" rend="thumbnail"/><graphic mimeType="image/png" url="VGM001000201_02_nRf.png" width="380px" rend="facstab"/></zone>
</surface>
<surface n="b 0181 b" xml:id="surf-pb-2r"><graphic mimeType="image/tiff" url="VGM001000202_01.TIF" rend="norend"/><graphic mimeType="image/tiff" url="VGM001000202_01_n.tif" rend="norend"/><graphic mimeType="image/jpeg" url="VGM001000202_01_nt.jpg" height="50px" rend="thumbnail"/><zone xml:id="zone-pb-2r-5">
<graphic mimeType="image/tiff" url="VGM001000202_01_nR.tif" rend="norend"/><graphic mimeType="image/jpeg" url="VGM001000202_01_nRt.jpg" height="50px" rend="thumbnail"/><graphic mimeType="image/png" url="VGM001000202_01_nRf.png" width="380px" rend="facstab"/></zone>
<zone xml:id="zone-pb-2r-8">
<graphic mimeType="image/tiff" url="VGM001000202_01_nL.tif" rend="norend"/><graphic mimeType="image/jpeg" url="VGM001000202_01_nLt.jpg" height="50px" rend="thumbnail"/><graphic mimeType="image/png" url="VGM001000202_01_nLf.png" width="380px" rend="facstab"/></zone>
</surface>
<surface n="b 0181 b" xml:id="surf-pb-2v"><graphic mimeType="image/tiff" url="VGM001000202_02.TIF" rend="norend"/><graphic mimeType="image/tiff" url="VGM001000202_02_n.tif" rend="norend"/><graphic mimeType="image/jpeg" url="VGM001000202_02_nt.jpg" height="50px" rend="thumbnail"/><zone xml:id="zone-pb-2v-6">
<graphic mimeType="image/tiff" url="VGM001000202_02_nL.tif" rend="norend"/><graphic mimeType="image/jpeg" url="VGM001000202_02_nLt.jpg" height="50px" rend="thumbnail"/><graphic mimeType="image/png" url="VGM001000202_02_nLf.png" width="380px" rend="facstab"/></zone>
<zone xml:id="zone-pb-2v-7">
<graphic mimeType="image/tiff" url="VGM001000202_02_nR.tif" rend="norend"/><graphic mimeType="image/jpeg" url="VGM001000202_02_nRt.jpg" height="50px" rend="thumbnail"/><graphic mimeType="image/png" url="VGM001000202_02_nRf.png" width="380px" rend="facstab"/></zone>
</surface>
<surface n="b 0181 c" xml:id="surf-pb-3r"><graphic mimeType="image/tiff" url="VGM001000203_01.TIF" rend="norend"/><graphic mimeType="image/tiff" url="VGM001000203_01_n.tif" rend="norend"/><graphic mimeType="image/jpeg" url="VGM001000203_01_nt.jpg" height="50px" rend="thumbnail"/><zone xml:id="zone-pb-3r-9">
<graphic mimeType="image/tiff" url="VGM001000203_01_nR.tif" rend="norend"/><graphic mimeType="image/jpeg" url="VGM001000203_01_nRt.jpg" height="50px" rend="thumbnail"/><graphic mimeType="image/png" url="VGM001000203_01_nRf.png" width="380px" rend="facstab"/></zone>
<zone xml:id="zone-pb-3r-12">
<graphic mimeType="image/tiff" url="VGM001000203_01_nL.tif" rend="norend"/><graphic mimeType="image/jpeg" url="VGM001000203_01_nLt.jpg" height="50px" rend="thumbnail"/><graphic mimeType="image/png" url="VGM001000203_01_nLf.png" width="380px" rend="facstab"/></zone>
</surface>
<surface n="b 0181 c" xml:id="surf-pb-3v"><graphic mimeType="image/tiff" url="VGM001000203_02.TIF" rend="norend"/><graphic mimeType="image/tiff" url="VGM001000203_02_n.tif" rend="norend"/><graphic mimeType="image/jpeg" url="VGM001000203_02_nt.jpg" height="50px" rend="thumbnail"/><zone xml:id="zone-pb-3v-10">
<graphic mimeType="image/tiff" url="VGM001000203_02_nL.tif" rend="norend"/><graphic mimeType="image/jpeg" url="VGM001000203_02_nLt.jpg" height="50px" rend="thumbnail"/><graphic mimeType="image/png" url="VGM001000203_02_nLf.png" width="380px" rend="facstab"/></zone>
<zone xml:id="zone-pb-3v-11">
<graphic mimeType="image/tiff" url="VGM001000203_02_nR.tif" rend="norend"/><graphic mimeType="image/jpeg" url="VGM001000203_02_nRt.jpg" height="50px" rend="thumbnail"/><graphic mimeType="image/png" url="VGM001000203_02_nRf.png" width="380px" rend="facstab"/></zone>
</surface></facsimile><text xmlns:xsi="http://www.w3.org/2001/XMLSchema-instance"><body>
<div type="original">
<pb f="1r" n="1" xml:id="pb-orig-1r-1" facs="#zone-pb-1r-1"/><lb n="1" xml:id="l-1"/>
<ab>Etten 23 Nov. 1881.</ab>
<vg:whiteline/><lb n="2" xml:id="l-2"/>
<ab>Beste broer,</ab><lb n="3" xml:id="l-3"/>
<ab>Regt blijde ben ik dat gij eens hebt geschreven aan <lb n="4" xml:id="l-4"/>Pa en Moe over een en ander. Mij dunkt dat <lb n="5" xml:id="l-5"/>kan niet anders dan goed werken – vooral <lb n="6" xml:id="l-6"/>langzamerhand. <hi rend="ital">Gij</hi> zult wel begrijpen dat ik <lb n="7" xml:id="l-7"/>de man niet ben om moedwillig Pa en Moe met een of ander <lb n="8" xml:id="l-8"/>te grieven<c type="kp">_</c> Wanneer ik iets doen moet wat zij niet goed <lb n="9" xml:id="l-9"/>vinden en dat dikwijls à tort hen grieft dan heb ik daar <lb n="10" xml:id="l-10"/>zelf veel leed van.</ab><lb n="11" xml:id="l-11"/>
<ab rend="indent">Meen echter niet dat de deplorabele scène van onlangs iets was <lb n="12" xml:id="l-12"/>dat alléén drift ten grond had. Helaas<c type="kk">/</c> reeds toen ik verklaarde <lb n="13" xml:id="l-13"/>niet te zullen door studeeren te Amsterdam en later toen <lb n="14" xml:id="l-14"/>ik in de Borinage zijnde weigerde te doen ’t geen de <lb n="15" xml:id="l-15"/>predikanten aldaar verlangden<c type="kk">/</c><anchor n="1" xml:id="note-o-1"/> ook toen reeds zeide Pa iets <lb n="16" xml:id="l-16"/>dergelijks. Er is dus wel degelijk een langdurig en diepgeworteld <lb n="17" xml:id="l-17"/>misverstand tusschen Pa en mij<c type="kp">_</c> En dat ook niet <hi rend="ital">geheel</hi> <lb n="18" xml:id="l-18"/>kan worden gedempt geloof ik. Maar wel kunnen <lb n="19" xml:id="l-19"/>wij van weerskanten elkander respecteeren<c type="kk">/</c> ook <lb n="20" xml:id="l-20"/>bij bepaald uiteenloopende<c type="kk">/</c> ja menigmaal tegenstrijdige <lb n="21" xml:id="l-21"/>gevoelens, omdat wij in zoo veel dingen buiten dien het eigentlijk eens zijn.</ab><lb n="22" xml:id="l-22"/>
<ab rend="indent">Was Pa ’t geen Hij vroeger was<c type="kk">/</c> ik geloof we zouden beter <lb n="23" xml:id="l-23"/>opschieten met elkaar maar er is in de laatste jaren iets <lb n="24" xml:id="l-24"/>veranderd in Pa, geloof ik, niet tot zijn voordeel.</ab><lb n="25" xml:id="l-25"/>
<ab rend="indent">Hoe langer hoe meer verdiept hij zich in kleinigheden en neemt ze zwaar op <lb n="26" xml:id="l-26"/>en ziet veel groote dingen over ’t hoofd of acht ze te ligt. <lb n="27" xml:id="l-27"/>En dit heeft bepaald ook eene physieke oorzaak mijns <lb n="28" xml:id="l-28"/>inziens. Maar ’t geen me pleizier doet<c type="kk">/</c> juist misschien <lb n="29" xml:id="l-29"/>doordat ik wel eens zelfs ruw en hard gesproken <lb n="30" xml:id="l-30"/>heb tot Pa<c type="kk">/</c> is er iets wakker geworden in hem. Van den zomer was <lb n="31" xml:id="l-31"/>Hij in een soort “laisser aller” stemming en waren ook de <lb n="32" xml:id="l-32"/>preeken bitter bitter slap. Nu beginnen de preeken weer <lb n="33" xml:id="l-33"/>wat op te leven en er komt meer expressie in ofschoon ’k ’t er <lb n="34" xml:id="l-34"/>volstrekt niet altijd mee eens ben hoor! maar ik wil maar <lb n="35" xml:id="l-35"/>zeggen<c type="kk">/</c> misschien kan ’t geen kwaad dat ik soms eens <lb n="36" xml:id="l-36"/>aanmerking gemaakt heb. Ik houd het er voor dat als Pa <lb n="37" xml:id="l-37"/>mijn eigentlijke bedoeling begreep<c type="kk">/</c> ik dikwijls soms Pa van <lb n="38" xml:id="l-38"/>eenig nut kon zijn<c type="kk">/</c> zelfs bij zijn preeken omdat ik soms een <lb n="39" xml:id="l-39"/>heel ander oog op een tekst heb. Doch Pa houdt mijn zienswijs <lb n="40" xml:id="l-40"/>voor contrabande en slaat ze systematisch in den wind.</ab>
<pb f="1v" n="2" xml:id="pb-orig-1v-2" facs="#zone-pb-1v-2"/><lb n="41" xml:id="l-41"/>
<ab rend="indent">Maar ik ben daarom geen vijand van Pa<c type="kk">/</c> dat zij verre. <lb n="42" xml:id="l-42"/>Noch beschouw ik ook Pa als een vijand van mij <lb n="43" xml:id="l-43"/>maar als een vriend die nog meer mijn vriend wezen kan <lb n="44" xml:id="l-44"/>evenwel als hij minder bevreesd was dat ik hem “besmetten” zou <lb n="45" xml:id="l-45"/>met fransche “dwalingen”(?).</ab><lb n="46" xml:id="l-46"/>
<ab rend="indent">Nu, ik zal U met betrekking tot “het onderhavige geval”<c type="kk">/</c> <lb n="47" xml:id="l-47"/>zoo noemt J<c type="kp">_</c>P.S. het voorgevallene tusschen Kee Vos en mij<c type="kk">/</c> <lb n="48" xml:id="l-48"/>nog zeggen dat ik eene attaque gewaagd heb op voornoemden <lb n="49" xml:id="l-49"/>Heer J.P.S. Door middel van een aangeteekenden brief<c type="kk">/</c> <lb n="50" xml:id="l-50"/>ik vrees “onaangeteekende” brieven troffen geen doel. <lb n="51" xml:id="l-51"/>Maar dezen zal hij wel moeten lezen en ik heb daarin <lb n="52" xml:id="l-52"/>getracht ZEd. opmerkzaam te maken op verscheiden zaken die <lb n="53" xml:id="l-53"/>vrees ik hem eenigzins door ’t hoofd gingen en die hij zich <lb n="54" xml:id="l-54"/>niet wilde aantrekken. Het is een “onpolitieken”, zeer <lb n="55" xml:id="l-55"/>gewaagden, brief maar die<c type="kk">/</c> dit houd ik voor zeker<c type="kk">/</c> <lb n="56" xml:id="l-56"/>althans eene impressie zal maken op ZEd. <lb n="57" xml:id="l-57"/>Misschien echter aanvankelijk zeker “stopwoordje” <lb n="58" xml:id="l-58"/>dat ZEd<c type="kp">_</c> zeker niet in eene preek zou bezigen<c type="kk">/</c> <lb n="59" xml:id="l-59"/>ten gevolge zal hebben. Doch ook dan in dat ergste geval geloof ik <lb n="60" xml:id="l-60"/>dat de reactie wanneer mijne woorden wat <lb n="61" xml:id="l-61"/>in hem bezonken zullen wezen<c type="kk">/</c> zijn zal: er is <lb n="62" xml:id="l-62"/>waarheid in ’t geen ge zegt en ’t was niet overbodig <lb n="63" xml:id="l-63"/>mij op dit &amp; dat opmerkzaam te maken.</ab><lb n="64" xml:id="l-64"/>
<ab rend="indent">Ik ben echter verbazend in spanning en ik houd mij gereed <lb n="65" xml:id="l-65"/>om zelf naar Amsterdam te gaan doch daar de reis <lb n="66" xml:id="l-66"/>duur is mag ik mijn kruid<anchor n="a" xml:id="note-o-a"/> niet verspillen en de reis <lb n="67" xml:id="l-67"/>naar Amsterdam is mijn reserve als mijn brief niet raakt. <lb n="68" xml:id="l-68"/>Weet gij wel dat J.P.S. een werkelijk zeer knap man is en <lb n="69" xml:id="l-69"/>eigentlijk een artist. Zijne boeken zijn zeer goed en <lb n="70" xml:id="l-70"/>getuigen van diep gevoel.<anchor n="2" xml:id="note-o-2"/> Ik las dezen zomer nog een <lb n="71" xml:id="l-71"/>werkje dat hij pas heeft uitgegeven over “de kleine profeten”<anchor n="3" xml:id="note-o-3"/> <lb n="72" xml:id="l-72"/>en een paar andere betrekkelijk weinig gelezen boeken uit den <lb n="73" xml:id="l-73"/>Bijbel.<anchor n="4" xml:id="note-o-4"/> Ik heb wel degelijk hoop dat als de tijd er eens <lb n="74" xml:id="l-74"/>over heen gegaan is er meer sympathie tusschen ZEd<c type="kp">_</c> en mij <lb n="75" xml:id="l-75"/>zal komen dan tot heden ’t geval is. Ik wil hem niet <lb n="76" xml:id="l-76"/>“verslaan” maar zoek hem te winnen<c type="kp">_</c></ab><lb n="77" xml:id="l-77"/>
<ab rend="indent">Den brief dien ik een paar maande geleden van hem ontving <lb n="78" xml:id="l-78"/>was niet onsympathiek of in drift geschreven<c type="kk">/</c> <lb n="79" xml:id="l-79"/>alleen zeer beslist was zijn woord “’t neen is decisief”<c type="kp">_</c> 
<pb f="1v" n="3" xml:id="pb-orig-1v-3" facs="#zone-pb-1v-3"/><lb n="80" xml:id="l-80"/>Er stond ook in dat ZEd<c type="kp">_</c> dacht dat door den tijd er eene <lb n="81" xml:id="l-81"/>genegenheid tusschen haar en mij zou kunnen ontstaan <lb n="82" xml:id="l-82"/>als die van broeder en zuster.</ab><lb n="83" xml:id="l-83"/>
<ab rend="indent">Dat acht ik echter even onwaarschijnlijk als dat ik door <lb n="84" xml:id="l-84"/>den tijd met mijn lief zusje Willemien in ’t huwelijk <lb n="85" xml:id="l-85"/>zal treden.–</ab><lb n="86" xml:id="l-86"/>
<ab rend="indent">Eerst toen ik ondanks dien brief van ZEd<c type="kp">_</c> toch voortging <lb n="87" xml:id="l-87"/>met te spreken tot Kee Vos meende hij een spaak in ’t wiel <lb n="88" xml:id="l-88"/>te moeten steken door intermediair van Prinsenhage.<anchor n="5" xml:id="note-o-5"/> <lb n="89" xml:id="l-89"/>Welke spaak geen steek hield. Niet die hefboom <lb n="90" xml:id="l-90"/>was geschikt om mij er mee van den grond te ligten. <lb n="91" xml:id="l-91"/>Als ik er op uit was om J.P.S. te “verslaan” en te <lb n="92" xml:id="l-92"/>vernietigen of ZEd<c type="kp">_</c> eene poets te bakken of te verneuken dan <lb n="93" xml:id="l-93"/>zou mij dat voorzeker slecht bekomen en ware mijne <lb n="94" xml:id="l-94"/>dwaling fataal. Doch nu is ’t een heel andere affaire <lb n="95" xml:id="l-95"/>en het wapen waarmee ik vecht is “<hi rend="ital">la Raison</hi>”<c type="kp">_</c> <lb n="96" xml:id="l-96"/>A-propos! ge moet mij toch ook weer eens spoedig iets <lb n="97" xml:id="l-97"/>laten hooren. Ik heb nog zoo dikwijls aan Monsieur X <lb n="98" xml:id="l-98"/>gedacht over wien ik U schreef<c type="kk">/</c><anchor n="6" xml:id="note-o-6"/> ofschoon gij hem <lb n="99" xml:id="l-99"/>waarschijnlijk niet kent.</ab><lb n="100" xml:id="l-100"/>
<ab rend="indent">Wanneer gij meenen zoudt dat ik insinueeren wilde <lb n="101" xml:id="l-101"/>dat een mensch zijne passies, gesteld die waren <lb n="102" xml:id="l-102"/>ambitie in affaires en finantieele zaken, moest <lb n="103" xml:id="l-103"/>kortwieken<c type="kk">/</c> temperen of geheel intrekken dan <lb n="104" xml:id="l-104"/>zoudt ge U toch vergissen. Integendeel die <lb n="105" xml:id="l-105"/>passies moeten alleen meer en beter soort <lb n="106" xml:id="l-106"/>van vrucht dragen. Zij moeten niet er op verminderen <lb n="107" xml:id="l-107"/>doch gecontrebalanceerd worden door Liefde. <lb n="108" xml:id="l-108"/>Mits dat contrepoids Liefde maar zóó sterk <lb n="109" xml:id="l-109"/>zij dat de schaal – hoe zwaar ook den kant <lb n="110" xml:id="l-110"/>der affaires zij en weet het wel<c type="kk">/</c> ik wil die niet minder <lb n="111" xml:id="l-111"/>gewigtig maken! doe er zelfs gerust nog wat bij! – mits, zeg ik, de balans toch maar <lb n="112" xml:id="l-112"/>doorsla aan de zijde Aimer encore!<anchor n="7" xml:id="note-o-7"/></ab><lb n="113" xml:id="l-113"/>
<ab rend="indent">“Geldzucht” is een erg leelijk woord maar die duivel Avarice <lb n="114" xml:id="l-114"/>laat niemand met rust en ’t zou me zeer verwonderen <lb n="115" xml:id="l-115"/>indien hij U of mij niet soms zeer getempteerd had<c type="kk">/</c> zoo zelfs <lb n="116" xml:id="l-116"/>dat wij er momenteel naar overhelden om te zeggen: ’t geld is de baas<c type="kk">/</c> <lb n="117" xml:id="l-117"/>’t geld kan alles<c type="kk">/</c> ’t geld is N<hi rend="ss">0</hi> 1. Niet dat gij of ik ons effectief <lb n="118" xml:id="l-118"/>buigen voor dien “Monsieur Mammon”<anchor n="8" xml:id="note-o-8"/> en hem dienen maar wel dat hij <lb n="119" xml:id="l-119"/>’t U en mij soms verbazend lastig maakt. Mij door misère <lb n="120" xml:id="l-120"/>gedurende menig jaar<c type="kk">/</c> U door een groot salaris. Die twee dingen <lb n="121" xml:id="l-121"/>hebben dit met elkaar gemeen dat het temptaties zijn om te buigen voor de magt van ’t geld.</ab>
<pb f="1r" n="4" xml:id="pb-orig-1r-4" facs="#zone-pb-1r-4"/><lb n="122" xml:id="l-122"/>
<ab>Zwakker of sterker in de respectieve temptaties noch gij noch ik, vertrouw <lb n="123" xml:id="l-123"/>ik, zijn er voor bestemd om radicaal de prooi te worden van <lb n="124" xml:id="l-124"/>den geldduivel. Maar zal hij in ’t geheel geen vat op ons hebben?</ab><lb n="125" xml:id="l-125"/>
<ab rend="indent">Nu mag dien geldduivel <hi rend="ital">U</hi> de poets niet bakken<c type="kk">/</c> dat <lb n="126" xml:id="l-126"/>gij meenen zoudt dat het zonde was om veel geld <lb n="127" xml:id="l-127"/>te verdienen en mij mag die geldduivel de poets niet <lb n="128" xml:id="l-128"/>bakken dat ik zou meenen er iets verdienstelijks was in <lb n="129" xml:id="l-129"/>mijn misère<c type="kp">_</c> Neen<c type="kk">/</c> ’t is waarachtig geen verdienste <lb n="130" xml:id="l-130"/>om zoo onhandig te zijn in ’t geld verdienen als ik <lb n="131" xml:id="l-131"/>en dat moet ik veranderen en om dat te veranderen <lb n="132" xml:id="l-132"/>zult gij me nog menige nuttige wenk geven hoop ik. <lb n="133" xml:id="l-133"/>Maar wel degelijk is ’t mijn meening dat uwe <lb n="134" xml:id="l-134"/>attentie, en wel uw beste<c type="kk">/</c> uw meest geconcentreerde attentie<c type="kk">/</c> <lb n="135" xml:id="l-135"/>moet gevestigd zijn in dezen tijd op de ontwikkeling van <lb n="136" xml:id="l-136"/>eene nog niet ten volle in U ontwaakte levenskracht: <lb n="137" xml:id="l-137"/>Liefde.– Uwe beste krachten moeten gaan naar <lb n="138" xml:id="l-138"/>dien vleugel die ’t zwakst<c type="kk">/</c> ’t minst ontwikkeld is bij U. <lb n="139" xml:id="l-139"/>Want werkelijk<c type="kk">/</c> Zij is van alle magten de magtigste<c type="kk">/</c> <lb n="140" xml:id="l-140"/>zij maakt ons slechts schijnbaar afhankelijk – de <lb n="141" xml:id="l-141"/>waarheid is<c type="kk">/</c> er is geen waarachtige onafhankelijkheid<c type="kk">/</c> <lb n="142" xml:id="l-142"/>geen ware vrijheid, geen onwrikbare zelfstandigheid, <lb n="143" xml:id="l-143"/>dan door haar. Zonder haar vallen we vroeger <lb n="144" xml:id="l-144"/>of later. Met haar winnen we het in ’t einde.</ab><lb n="145" xml:id="l-145"/>
<ab rend="indent"><hi rend="ital">Zij</hi> maakt onze talenten<c type="kk">/</c> ook dat talent van affaires doen <lb n="146" xml:id="l-146"/>en helder inzigt hebben in finantieele zaken<c type="kk">/</c> vruchtbaar <lb n="147" xml:id="l-147"/>en in een woord<c type="kk">/</c> de liefde is onze regtvaardiging <lb n="148" xml:id="l-148"/>voor God<c type="kp">_</c> Onze groote afdoende regtvaardiging <lb n="149" xml:id="l-149"/>want eerst door haar<c type="kk">/</c> door de liefde<c type="kk">/</c> zeg ik<c type="kk">/</c> wordt <lb n="150" xml:id="l-150"/>ons pligtsgevoel duidelijk en ons <lb n="151" xml:id="l-151"/>werk ons klaar<c type="kk">/</c> en door lief te hebben en de <lb n="152" xml:id="l-152"/>pligten van de liefde te vervullen doen we <lb n="153" xml:id="l-153"/>Gods wil en vinden we dien vrede met God die <lb n="154" xml:id="l-154"/>ons geweten gerust maakt. Strijden tegen God <lb n="155" xml:id="l-155"/>dat doen we wanneer we doorgaan in die woestijn <lb n="156" xml:id="l-156"/>alwaar de grond is als van ijzer en de hemel <lb n="157" xml:id="l-157"/>boven ons als van koper.<anchor n="9" xml:id="note-o-9"/> Maar ’t staat niet voor <lb n="158" xml:id="l-158"/>niets in den Bijbel<c type="kk">/</c> “de liefde zal menigte van zonden <lb n="159" xml:id="l-159"/>bedekken”<c type="kk">/</c><anchor n="10" xml:id="note-o-10"/> en verder<c type="kk">/</c> Bij U o God is <hi rend="ital">genade</hi> opdat <lb n="160" xml:id="l-160"/>Gij gevreesd wordt.<anchor n="11" xml:id="note-o-11"/> Dat zijn woorden die steek houden <lb n="161" xml:id="l-161"/>in de werkelijkheid en opgaan.</ab>
<pb f="2r" n="5" xml:id="pb-orig-2r-5" facs="#zone-pb-2r-5"/><lb n="162" xml:id="l-162"/>
<ab rend="indent">Nu geloof ik evenwel dat <hi rend="ital">gij</hi> veel meer zult hebben aan het <lb n="163" xml:id="l-163"/>op nieuw lezen van Michelet dan aan den Bijbel. En mij aangaande<c type="kk">/</c> <lb n="164" xml:id="l-164"/>ik zou voor niets ter wereld Michelet willen missen.</ab><lb n="165" xml:id="l-165"/>
<ab rend="indent">Den Bijbel toch is wel eeuwig en onvergankelijk doch <lb n="166" xml:id="l-166"/>Michelet geeft zulke verbazend praktische en duidelijke wenken<c type="kk">/</c> <lb n="167" xml:id="l-167"/>op staanden voet toepasselijk op dit snelle gejaagde <lb n="168" xml:id="l-168"/>moderne leven waarin gij en ik ons bevinden<c type="kk">/</c> dat hij ons spoedig <lb n="168a" xml:id="l-168a"/>vorderingen doet maken, en wij hem niet missen kunnen.</ab><lb n="169" xml:id="l-169"/>
<ab rend="indent">En den Bijbel bestaat uit lagen en er is vooruitgang in<c type="kp">_</c> <lb n="170" xml:id="l-170"/>Verschil tusschen Mozes en Noach b.v. aan den eenen kant <lb n="171" xml:id="l-171"/>en Jezus en Paulus aan den anderen kant en mijns inziens zijn Stowe en Michelet <lb n="171a" xml:id="l-171a"/>eene <hi rend="ital">voortzetting</hi> van ’t Evangelie<c type="kk">/</c> niet <hi rend="ital">eene repetitie</hi><c type="kp">_</c></ab><lb n="172" xml:id="l-172"/>
<ab rend="indent">Neem nu Michelet en Beecher Stowe<c type="kk">/</c> die <lb n="173" xml:id="l-173"/>zeggen niet<c type="kk">/</c> ’t Evangelie deugt niet meer<c type="kk">/</c> maar <lb n="174" xml:id="l-174"/>zij brengen ons aan ’t verstand hoe het toepasselijk <lb n="175" xml:id="l-175"/>is in dezen onzen tijd<c type="kk">/</c> in dit ons leven<c type="kk">/</c> voor U b.v. en <lb n="176" xml:id="l-176"/>voor mij b.v. om maar iemand te noemen.</ab><lb n="177" xml:id="l-177"/>
<ab rend="indent">Michelet zegt zelfs dingen volkomen en hardop die ’t Evangelie <lb n="178" xml:id="l-178"/>slechts als in kiem ons toefluistert<c type="kk">/</c> en Stowe eigentlijk ook gaat even <lb n="178a" xml:id="l-178a"/>ver als Michelet<c type="kp">_</c><anchor n="12" xml:id="note-o-12"/> <lb n="179" xml:id="l-179"/>Het moet U geen verwondering baren dat op ’t gevaar <lb n="180" xml:id="l-180"/>af van door U voor een dweeper te worden aangezien<c type="kk">/</c> <lb n="181" xml:id="l-181"/>ik U zeg dat ik het voor bepaald noodig houd <lb n="182" xml:id="l-182"/>in God te gelooven om te kunnen lief hebben. <lb n="183" xml:id="l-183"/>In God gelooven daar bedoel ik mee <lb n="184" xml:id="l-184"/>(niet dat ge gelooven zoudt al de preekjes der predikanten <lb n="185" xml:id="l-185"/>en de redenaties en jesuitismes der bégueules<c type="kk">/</c> dévotes<c type="kk">/</c> <lb n="186" xml:id="l-186"/>collet montées<c type="kk">/</c> dat zij verre)<c type="kk">/</c> in God gelooven daar bedoel <lb n="187" xml:id="l-187"/>ik mee gevoelen dat er een God bestaat<c type="kk">/</c> <lb n="188" xml:id="l-188"/>niet een dooden of opgezetten God (empaillé) maar een <lb n="189" xml:id="l-189"/>levenden die met onweerstaanbare magt ons dringt <lb n="190" xml:id="l-190"/>den kant uit van Aimer encore. Voilà ma <lb n="191" xml:id="l-191"/>pensée. Bewijs voor Zijne presentie – de werkelijkheid <lb n="192" xml:id="l-192"/>der liefde. Bewijs voor de werkelijkheid van <lb n="193" xml:id="l-193"/>het gevoel van die groote kracht der liefde in ons <lb n="194" xml:id="l-194"/>binnenste – ’t bestaan van God. Omdat er een God <lb n="195" xml:id="l-195"/>is is er liefde<c type="kk">/</c> omdat er liefde is is er een God.<anchor n="13" xml:id="note-o-13"/> <lb n="196" xml:id="l-196"/>Ofschoon dit schijnen moge eene redenatie die in <lb n="197" xml:id="l-197"/>een kringetje rond draait gaat ze toch op omdat “dat <lb n="198" xml:id="l-198"/>kringetje” eigentlijk alle dingen bevat en men<c type="kk">/</c> zelfs al zou <lb n="199" xml:id="l-199"/>men het willen<c type="kk">/</c> niet kan verhinderen dat men ook zelf in dat kringetje zich bevindt<c type="kp">_</c></ab>
<pb f="2v" n="6" xml:id="pb-orig-2v-6" facs="#zone-pb-2v-6"/><lb n="200" xml:id="l-200"/>
<ab rend="indent">Nu hebt <hi rend="ital">gij</hi> vroeger evenals ik ook reeds eens of <lb n="201" xml:id="l-201"/>meermalen Michelet gelezen. Maar neem nu de <lb n="202" xml:id="l-202"/>proef eens en herlees! Dan is er onderscheid in <lb n="203" xml:id="l-203"/>’t resultaat geloof ik<c type="kp">_</c> Want toen twijfelden <lb n="204" xml:id="l-204"/>zoowel gij als ik ook en nu gelooven we.</ab><lb n="205" xml:id="l-205"/>
<ab rend="indent">Toen waren we nog niet rijp voor de praktijk<c type="kk">/</c> nu <lb n="206" xml:id="l-206"/>zijn we in elk geval veel rijper dan toen.</ab><lb n="207" xml:id="l-207"/>
<ab rend="indent">Toen begrepen we<c type="kk">/</c> nu begrijpen we echter beter <lb n="208" xml:id="l-208"/>en meer.</ab><lb n="209" xml:id="l-209"/>
<ab rend="indent">Toen redeneerden we, l’amour a quelque chose <lb n="210" xml:id="l-210"/>de bon au fond<c type="kk">/</c><anchor n="14" xml:id="note-o-14"/> nu redeneeren we<c type="kk">/</c> <lb n="211" xml:id="l-211"/>L’amour est le fond qui est bon.–</ab><lb n="212" xml:id="l-212"/>
<ab rend="indent">Toen dachten we<c type="kk">/</c> “<hi rend="ital">nous</hi> aimerons”<c type="kk">/</c> <lb n="213" xml:id="l-213"/>nu is het geworden of wordende<c type="kk">/</c> “<hi rend="ital">nous</hi> aimons”<c type="kp">_</c> </ab><lb n="214" xml:id="l-214"/>
<ab rend="indent">Wie zijn echter die “onderhavige” “<hi rend="ital">nous</hi>”<c type="kp">_</c> <lb n="215" xml:id="l-215"/>Och die kent ge toch niet, ’k bedoel eigentlijk <lb n="216" xml:id="l-216"/>Monsieur X en ik<c type="kk">/</c> maar wat weet gij van <lb n="217" xml:id="l-217"/>Monsieur X.– Monsieur X is zeker iemand <lb n="218" xml:id="l-218"/>die, denk ik<c type="kk">/</c> maar een gewrocht van mijne <lb n="219" xml:id="l-219"/>verbeelding is, of ik heb hem misschien maar uit <lb n="220" xml:id="l-220"/>mijn duim gezogen.</ab><lb n="221" xml:id="l-221"/>
<ab rend="indent">Maar niet Monsieur X doch U aangaande zeg <lb n="222" xml:id="l-222"/>ik intusschen dat als gij de boeken van Michelet <lb n="223" xml:id="l-223"/>nog eens serieus herleest er waarschijnlijk <lb n="224" xml:id="l-224"/>een soort van revolution of réformation intérieure <lb n="225" xml:id="l-225"/>in U zal beginnen die nog erg ver zal <lb n="226" xml:id="l-226"/>voortgaan in de toekomst en die onberouwelijk<anchor n="15" xml:id="note-o-15"/> is, en U <lb n="227" xml:id="l-227"/>in dat zelfde land van belofte en vrede<anchor n="16" xml:id="note-o-16"/> zal <lb n="228" xml:id="l-228"/>brengen werwaarts ook Monsieur X<c type="kk">/</c> die vermaarde woestijnreiziger! (selon <lb n="229" xml:id="l-229"/>ce que je me suis laissé dire) op marsch is.–</ab>
<pb f="2v" n="7" xml:id="pb-orig-2v-7" facs="#zone-pb-2v-7"/><lb n="230" xml:id="l-230"/>
<ab rend="indent">’t Is zoo zonderling dat ik zoo ten eenenmale in <lb n="231" xml:id="l-231"/>’t duister verkeer omtrent de dingen die te Amsterdam <lb n="232" xml:id="l-232"/>geschieden. Ik bedoel dat ik daaromtrent niets <lb n="233" xml:id="l-233"/>weet dan ’t geen ik <hi rend="ital">voel</hi>. Hoe kan men nu <lb n="234" xml:id="l-234"/>iets voelen in de verte<c type="kp">_</c>– Ja daar kan ik U geen <lb n="235" xml:id="l-235"/>explicatie van geven maar word gij maar eens <lb n="236" xml:id="l-236"/>verliefd en dan hoort ge misschien ook stemmen in <lb n="237" xml:id="l-237"/>de verte en ziet kleine dingen waaruit ge groote vermoed<c type="kk">/</c> derwijze als men <lb n="237a" xml:id="l-237a"/>’t vuur vermoedt door den rook<c type="kp">_</c></ab><lb n="238" xml:id="l-238"/>
<ab rend="indent">Gelukkig is het stil zacht weer<c type="kk">/</c> dat heeft <lb n="239" xml:id="l-239"/>eene heilzame influentie op de menschen. Ware <lb n="240" xml:id="l-240"/>’t bar koud en noordewind<c type="kk">/</c> mijn “onderhavig <lb n="241" xml:id="l-241"/>geval” stond veel slechter.</ab><lb n="242" xml:id="l-242"/>
<ab rend="indent">Intusschen nadert het groote feest van Oom &amp; Tante Stricker<c type="kp">_</c><anchor n="17" xml:id="note-o-17"/> <lb n="243" xml:id="l-243"/>Pa en Moe zijn voornemens er heen te gaan. Ik ben erg blij gij <lb n="244" xml:id="l-244"/>vóór dien eens aan hen hebt geschreven want <lb n="245" xml:id="l-245"/>ik zou liever niet hebben dat zij hun “gewetensovertuiging” <lb n="246" xml:id="l-246"/>omtrent de ontijdigheid en onkieschheid mijner liefde aldaar <lb n="247" xml:id="l-247"/>op de proppen bragten. Pa en Moe vonden ’t erg hard <lb n="248" xml:id="l-248"/>van me dat ik daar tegen op kwam doch weten misschien <lb n="249" xml:id="l-249"/>weinig dat ook anderen letten op hunne woorden en achter <lb n="250" xml:id="l-250"/>hun rug wel eens nog minder ombarmhartig<anchor n="c" xml:id="note-o-c"/> over hen wordt <lb n="251" xml:id="l-251"/>geoordeeld dan door mij terwijl zij er bij tegenwoordig zijn. <lb n="252" xml:id="l-252"/>En J.P.S. zelf<c type="kk">/</c> ofschoon waarachtig niet lieftallig jegens <lb n="253" xml:id="l-253"/>mij op dit onderhavig moment<c type="kk">/</c> zou sommige dingen in zijn <lb n="254" xml:id="l-254"/>oor knoopen en revanche nemen ook &amp; comme de juste! <lb n="255" xml:id="l-255"/>Gesteld een vader hoort: “uwe dochter wordt ‘op <lb n="256" xml:id="l-256"/>onkiesche wijze’(?) bemind”!<c type="kk">/</c> moet zoo iemand niet <lb n="257" xml:id="l-257"/>razend worden! Of<c type="kk">/</c> indien hij niet razend wordt<c type="kk">/</c> <lb n="258" xml:id="l-258"/>zal hij niet zachtjes denken “o IMPIES! o, imbéciles!” <lb n="259" xml:id="l-259"/>En zie<c type="kk">/</c> dit vertrouw ik van J.P.S.<c type="kk">/</c> dat hij dat laatste <lb n="260" xml:id="l-260"/>doen zou zelfs in geval dat hij 10 maal meer <lb n="261" xml:id="l-261"/>verbolgen op mij ware dan nu ’t geval is.</ab><lb n="262" xml:id="l-262"/>
<ab rend="indent">Maar ’t is zonderling<c type="kk">/</c> Pa en Moe zijn somwijlen <lb n="263" xml:id="l-263"/>stekeblind voor “vormen” ofschoon zij mij <lb n="264" xml:id="l-264"/>altijd mijn gebrek aan “vormen en beleefdheid” <lb n="265" xml:id="l-265"/>onder den neus wrijven.</ab>
<pb f="2r" n="8" xml:id="pb-orig-2r-8" facs="#zone-pb-2r-8"/><lb n="271" xml:id="l-271"/>
<ab rend="indent">Pa waarschuwde mij zeggende: Pas op met J<c type="kp">_</c>P.S. <lb n="272" xml:id="l-272"/>want hij is een man die vreeselijk hecht aan “vormen”<c type="kp">_</c> <lb n="273" xml:id="l-273"/>Wel<c type="kk">/</c> ik glimlachte bij me zelven over deze waarschuwing<c type="kk">/</c> <lb n="274" xml:id="l-274"/>denkende<c type="kk">/</c> Ge weet weinig dat bij zeker gesprek <lb n="275" xml:id="l-275"/>tusschen U zelf en J<c type="kp">_</c>P.S. dezen zomer<c type="kk">/</c> gij bij hem te kort schoot in <lb n="276" xml:id="l-276"/>vormen! J.P.S. had n.l. eene discussie met Pa over zeker <lb n="277" xml:id="l-277"/>theologisch onderwerp en J<c type="kp">_</c>P.S. zette Pa vast maar gaf hem tegelijk <lb n="278" xml:id="l-278"/>eene gelegenheid om zijne stelling te sauveeren<anchor n="d" xml:id="note-o-d"/> doch Pa stond stijf op <lb n="279" xml:id="l-279"/>zijn stuk en “negeerde” zijn vastgezet zijn<c type="kk">/</c> ’t welk toch eene <lb n="280" xml:id="l-280"/>daadzaak was en J.P.S. zweeg ten laatste, ofschoon hij de heele <lb n="281" xml:id="l-281"/>discussie zóó had willen leiden dat Pa een degelijker bewijs voor zijne <lb n="282" xml:id="l-282"/>stelling hadde gekregen dan zijn eigen inzigt dat geen steek hield<c type="kk">/</c> gelijk J<c type="kp">_</c>P.S. bewees <lb n="283" xml:id="l-283"/>door hem vast te zetten. Was Pa attenter geweest<c type="kk">/</c> hij had gemerkt <lb n="284" xml:id="l-284"/>dat wel verre van ’t oneens te zijn met Pa<c type="kk">/</c> J.P.S. vaster stond <lb n="285" xml:id="l-285"/>op dat punt dan Pa zelf, en aan Pa wilde toonen dat de zaak op beter <lb n="286" xml:id="l-286"/>gronden kon verdedigd worden dan de door Pa aangevoerden<c type="kp">_</c></ab><lb n="287" xml:id="l-287"/>
<ab rend="indent">Ik sprak er met een woord over dat ik ’t niet onmogelijk achtte <lb n="288" xml:id="l-288"/>dat de finantieele zaken van J<c type="kp">_</c>P.S<c type="kp">_</c> wrak zouden staan.<anchor n="e" xml:id="note-o-e"/> Maar met <lb n="289" xml:id="l-289"/>zulken als hij is ’t al eenigzins zoo als met de familie Hamman<anchor n="18" xml:id="note-o-18"/> b.v.<c type="kk">/</c> <lb n="290" xml:id="l-290"/>zulke families <hi rend="ital">staan vast al staan ze wrak</hi>. Ik houd <lb n="291" xml:id="l-291"/>het zelfs daarvoor dat J.P.S. er veel beter aan toe zou zijn als <lb n="292" xml:id="l-292"/>hij zich wat bekrimpen moest dan wannneer hij zoo kon blijven <lb n="293" xml:id="l-293"/>voortgaan. Ik zeg “zoo kon blijven voortgaan” omdat ik me <lb n="294" xml:id="l-294"/>heb laten zeggen dat hij zijn huishouden op een wat grooter voet <lb n="295" xml:id="l-295"/>had ingerigt maar omdat ik in een paar jaar niet bij ZEd<c type="kp">_</c> <lb n="296" xml:id="l-296"/>geweest ben kan ik moeielijk daarover oordeelen en weet niet wat er van aan is. Is ’t echter <lb n="297" xml:id="l-297"/>zoo (en ik acht het niet onmogelijk dat niet J<c type="kp">_</c>P.S. zelf uit eigen <lb n="298" xml:id="l-298"/>beweging, maar misschien door zaniken van Zijne vrouw of ZOONS <lb n="299" xml:id="l-299"/>er toe zou zijn overgegaan om op grooter voet te leven)<c type="kk">/</c> is ’t echter <lb n="300" xml:id="l-300"/>zoo, zeg ik, dat hij wat te veel hooi op zijn vork genomen heeft <lb n="301" xml:id="l-301"/>of wat te veel zeil bijgezet, in elk geval hij zal <lb n="302" xml:id="l-302"/>zich knap sauveeren! Quand bien même!</ab><lb n="303" xml:id="l-303"/>
<ab rend="indent">En – en – bovendien is ’t zeer wel mogelijk dat als hij <lb n="304" xml:id="l-304"/>gespeculeerd heeft<c type="kk">/</c> hij ’t met succes zal blijken gedaan te <lb n="305" xml:id="l-305"/>hebben. Intusschen is ’t vermetel(?)<c type="kk">/</c> onpolitiek van mij <lb n="306" xml:id="l-306"/>dat ik juist in mijn aangeteekenden brief<c type="kk">/</c> behalve over nog meer heel andere dingen<c type="kk">/</c> zelfs <lb n="307" xml:id="l-307"/>met een woord die teere kwestie zelf heb behandeld, <lb n="308" xml:id="l-308"/>en Z.Ed. zoo ongeveer<c type="kk">/</c> niet in de zelfde woorden echter<c type="kk">/</c> gezegd: men beweerde dat ge bij Uwe dochter wildet <lb n="309" xml:id="l-309"/>aandringen dat ze eene rijke partij zou accepteeren om de <lb n="310" xml:id="l-310"/>toekomst van haar kind te sauveeren doch ’t wil er bij mij niet <lb n="311" xml:id="l-311"/>in dat gij de man zoudt zijn om effectief zoo’n jesuitenstreek <lb n="312" xml:id="l-312"/>te doen en ik heb het dus niet geloofd tenzij voor een <lb n="313" xml:id="l-313"/>schaduw van een oogwenk.– Vergeef me die schaduw van <lb n="314" xml:id="l-314"/>een oogwenk.– Het was wel schijnbaar vermetel en onpolitiek van mij zelf daar <lb n="315" xml:id="l-315"/>in te grijpen maar <lb n="316" xml:id="l-316"/>in der daad ware er geloof ik schuldige vermetelheid en schuldige politiek <lb n="317" xml:id="l-317"/>geweest in ’t blaauw blaauw laten en ’t Gods water maar over Gods akker laten <lb n="318" xml:id="l-318"/>loopen<anchor n="19" xml:id="note-o-19"/> in dezen. Als ik niet sprak<c type="kk">/</c> zeker zouden daarom anderen niet stilzitten om ZEd<c type="kp">_</c> werkelijk jesuitenstreeken <lb n="319" xml:id="l-319"/>in ’t hoofd te praten dus kon een harde waarheid geen kwaad <lb n="320" xml:id="l-320"/>als contrepoids.</ab><lb n="321" xml:id="l-321"/>
<ab rend="indent">Hopende eerlang weer eens een woordje van U te ontvangen<c type="kk">/</c> geloof me<c type="kk">/</c> met een handdruk</ab>
<vg:whiteline/><lb n="321*" xml:id="l-321s"/>
<ab>t. à. t.</ab><lb n="322" xml:id="l-322"/>
<ab>Vincent</ab>
<vg:whiteline/><lb n="266" xml:id="l-266"/>
<ab>Ik heb eens een teekening aan Mauve gestuurd, een spitter op ’t aardappelveld<c type="kk">/</c><anchor n="20" xml:id="note-o-20"/> om daardoor hem eens een <lb n="267" xml:id="l-267"/>teeken van leven te geven. ’k Wou hij maar spoedig kwam. Zoodra hij mijn studies eens zal gezien <lb n="268" xml:id="l-268"/>hebben zend ik er U weer een paar. Als gij wilt dat ik U zoo dikwijls of zoo lang niet schrijven <lb n="269" xml:id="l-269"/>zal<c type="kk">/</c> zeg dan maar Stop! doch van zelf komt er misschien een andere Stop! n.l. dat al den tijd <lb n="270" xml:id="l-270"/>die me voor correspondentie overblijft aan <hi rend="ital">haar</hi> moet gewijd worden. Deze erge lange brieven zullen niet <hi rend="ital">altijd</hi> blijven voortgaan.</ab>
<vg:whiteline/>
<pb f="3r" n="9" xml:id="pb-orig-3r-9" facs="#zone-pb-3r-9"/><lb n="323" xml:id="l-323"/>
<ab>Gij moet wel weten dat ik mijn best doe <lb n="324" xml:id="l-324"/>om heel wat dingen in me zelf te veranderen. <lb n="325" xml:id="l-325"/>Bepaaldelijk ook den slechten toestand van <lb n="326" xml:id="l-326"/>mijn finanties en verder ook geloof ik dat <lb n="327" xml:id="l-327"/>’t geen kwaad kan als ik eens wat meer onder de <lb n="328" xml:id="l-328"/>menschen kom.</ab><lb n="329" xml:id="l-329"/>
<ab rend="indent">Nu is zeker ’t beste middel &amp; ’t meest solidene <lb n="330" xml:id="l-330"/>om er finantieel boven op te komen dat ik <lb n="331" xml:id="l-331"/>hard werk. Travaillez<c type="kk">/</c> prenez de la peine<c type="kp">_</c> <lb n="332" xml:id="l-332"/>C’est le fonds qui manque le moins.–<anchor n="21" xml:id="note-o-21"/> <lb n="333" xml:id="l-333"/>Maar dat is op zichzelf niet genoeg, of liever <lb n="334" xml:id="l-334"/>er zijn nog andere dingen waarmee ik werken <lb n="335" xml:id="l-335"/>moet. ’t Kan misschien geen kwaad dat ik <lb n="336" xml:id="l-336"/>lang “onder den grond” als ’t ware geleefd <lb n="337" xml:id="l-337"/>heb. Dat ik ben een “who has been <hi rend="ital">down</hi>”<c type="kp">_</c> <lb n="338" xml:id="l-338"/>Doch nu behoef ik niet terug te gaan naar <lb n="339" xml:id="l-339"/>den afgrond en meen ik wel te doen <lb n="340" xml:id="l-340"/><hi rend="ital">alle</hi> melankolie te laten varen en <lb n="341" xml:id="l-341"/>’t leven wat breeder en vroolijker op te vatten op den beganen grond. <lb n="342" xml:id="l-342"/>en oude relaties weer voor zoo ver mogelijk <lb n="343" xml:id="l-343"/>te vernieuwen en nieuwe aan te knoopen.</ab><lb n="344" xml:id="l-344"/>
<ab rend="indent">Ik zal mijn hoofd wel eens stooten hier of daar<c type="kk">/</c> <lb n="345" xml:id="l-345"/>que soit, maar ik wou toch wel eens doorzetten en <lb n="346" xml:id="l-346"/>kijken of we er niet radicaal bovenop kunnen worstelen. <lb n="347" xml:id="l-347"/>Ik heb er al dikwijls over gedacht of ’t goed zou zijn <lb n="348" xml:id="l-348"/>en of ’t mogelijk zou zijn om voor een tijd naar s’Hage <lb n="349" xml:id="l-349"/>te gaan. Het arbeidsveld hier en de Brabandsche <lb n="350" xml:id="l-350"/>typen als mijn eigentlijk werk beschouwende<c type="kp">_</c> <lb n="351" xml:id="l-351"/>Dat moet <lb n="352" xml:id="l-352"/>ik quand bien même vasthouden en <lb n="353" xml:id="l-353"/>nog jaren lang kan ik hier stof vinden <lb n="354" xml:id="l-354"/>nu ik t’eens zoo wat heb leeren kennen.</ab>
<pb f="3v" n="10" xml:id="pb-orig-3v-10" facs="#zone-pb-3v-10"/><lb n="355" xml:id="l-355"/>
<ab rend="indent">Maar het hier bij de Brabantsche typen blijven hoeft <lb n="356" xml:id="l-356"/>niet weg te nemen dat ik elders relaties <lb n="357" xml:id="l-357"/>zoek aan te knoopen en zelfs voor tijd en wijle elders <lb n="358" xml:id="l-358"/>zou vertoeven.</ab><lb n="359" xml:id="l-359"/>
<ab rend="indent">Dat doen toch alle schilders en teekenaars.</ab><lb n="360" xml:id="l-360"/>
<ab rend="indent">Weet ge wat ik maar wou? Dat Kee Vos maar <lb n="361" xml:id="l-361"/>betere dingen begon te vertellen dan neen <lb n="362" xml:id="l-362"/>nooit nimmer. Dan was ’t mogelijk <lb n="363" xml:id="l-363"/>een plan de campagne voor eene artistieke <lb n="364" xml:id="l-364"/>expeditie te maken<c type="kp">_</c> Doch nu moet ik <lb n="365" xml:id="l-365"/>primo tegen “jesuitismes” te velde trekken en daar veel zenuwkracht aan spendeeren <lb n="366" xml:id="l-366"/>(niet tegen Kee Vos hoor! daar beware <lb n="367" xml:id="l-367"/>mij den hemel voor<c type="kk">/</c> om ooit oorlog tegen <lb n="368" xml:id="l-368"/><hi rend="ital">haar</hi> te voeren – nous sommes à mille lieux <lb n="369" xml:id="l-369"/>de là!)<anchor n="22" xml:id="note-o-22"/> en secundo ik kan geen tweede <lb n="370" xml:id="l-370"/>campagne beginnen voor “<hi rend="ital">de onderhavige</hi>” <lb n="371" xml:id="l-371"/>tot eene conclusie gekomen is.</ab><lb n="372" xml:id="l-372"/>
  <ab rend="indent">Zou Kee Vos ’t wel weten en J.P.S. dat <lb n="373" xml:id="l-373"/>ze zonder zulks te bedoelen <hi rend="ital">me zoo</hi> <lb n="374" xml:id="l-374"/><hi rend="ital">verbazend contrecarreeren</hi>.<anchor n="f" xml:id="note-o-f"/><hi rend="sc"> Enfin<c type="kp">_</c> <lb n="375" xml:id="l-375"/>Ze moet het later goedmaken</hi>!!! <lb n="376" xml:id="l-376"/><hi rend="ital">Dat wil zeggen dat ik er op reken</hi> <lb n="377" xml:id="l-377"/><hi rend="ital">dat ze menige artistieke campagne</hi> <lb n="378" xml:id="l-378"/><hi rend="ital">zal meemaken</hi>, begrijpt ge! En die campagnes <lb n="379" xml:id="l-379"/>zal doen reusseeren<anchor n="g" xml:id="g"/> ook!</ab><lb n="380" xml:id="l-380"/>
<ab rend="indent">Eéne kleine wraakoefening behoud ik me echter vóór: ik zou ’t zoo <lb n="381" xml:id="l-381"/>aardig vinden als J.P.S. zelf een paar onderhavige luidjes moest <lb n="382" xml:id="l-382"/>trouwen van wie hij zoo erg bepaald gezegd had dat ze in de toekomst <lb n="383" xml:id="l-383"/>op zijn hoogst “broertje en zusje” zouden spelen.</ab><lb n="384" xml:id="l-384"/>
<ab rend="indent">Doch ik vrees ik ben druk bezig beerenhuiden te verkoopen die <lb n="385" xml:id="l-385"/>tot heden toebehooren aan beeren die nog niet geschoten zijn door mij<c type="kp">_</c> 
<pb f="3v" n="11" xml:id="pb-orig-3v-11" facs="#zone-pb-3v-11"/><lb n="386" xml:id="l-386"/>Evenwel met nog één beerenhuid wil ik speculeeren.<anchor n="23" xml:id="note-o-23"/></ab><lb n="387" xml:id="l-387"/>
  <ab rend="indent">Pa zeide onlangs “uit gewetensovertuiging heb ik nooit twee menschen willen influenceeren <lb n="388" xml:id="l-388"/>om elkaar te trouwen”; nu<c type="kk">/</c> mij aangaande<c type="kk">/</c> mijn geweten <lb n="389" xml:id="l-389"/>zegt me lijnregt ’t tegenovergestelde. “Wie niet met mij <lb n="390" xml:id="l-390"/>vergadert die verstrooit” zou Michelet zeggen.<anchor n="24" xml:id="note-o-24"/> <lb n="391" xml:id="l-391"/>Michelet heeft zoo’n gewetensbezwaar als Pa niet gehad <lb n="392" xml:id="l-392"/>gelukkig<c type="kk">/</c> anders waren zijne boeken niet in de <lb n="393" xml:id="l-393"/>wereld. <lb n="393a" xml:id="l-393a"/>En wat is Pa’s groote fout<c type="kp">_</c>– Juist <hi rend="ital">die</hi> “gewetensovertuiging”<c type="kp">_</c> <lb n="393"/>En ik beloof uit dankbaarheid aan <lb n="394" xml:id="l-394"/>Michelet dat als ik vooral later meer dan nu onder artisten kom die <lb n="395" xml:id="l-395"/>er zoo dikwijls “om heen draaijen”<c type="kk">/</c> ik zal doen wat ik <lb n="396" xml:id="l-396"/>kan om hen aan ’t verstand te brengen dat ze moeten <lb n="397" xml:id="l-397"/>liefhebben<c type="kk">/</c> ééne en die voor altijd. Tot geruststelling van “kunsthandelaars” <lb n="398" xml:id="l-398"/>die meenen mogten dat “een huishouden” meer kost dan <lb n="399" xml:id="l-399"/>“geen huishouden” voeg ik er bij dat een getrouwd artist met zijn vrouw <lb n="400" xml:id="l-400"/>minder verteerd en productiever is dan een ongetrouwd met zijn maitresse.<anchor n="25" xml:id="note-o-25"/> <lb n="401" xml:id="l-401"/><hi rend="ital">Vader Millet!</hi> zou die grooter uitgaven gehad hebben <lb n="402" xml:id="l-402"/>dan zooveel italiaanen &amp; spanjaarden die<lb n="403" xml:id="l-403"/>
“in de woestijn leven waar de hemel is van koper en den <lb n="404" xml:id="l-404"/>grond van ijzer is”.<anchor n="26" xml:id="note-o-26"/> Is eene vrouw duurder dan eene <lb n="405" xml:id="l-405"/>maîtresse. De maitressen betaalt ge toch wel<c type="kk">/</c> <lb n="406" xml:id="l-406"/>heeren kunstkoopers<c type="kk">/</c> en ces dames lagchen U achter <lb n="407" xml:id="l-407"/>Uw rug uit. Qui est ce qui vous tire des carottes<c type="kk">/</c> Messieurs <lb n="408" xml:id="l-408"/>Goupil &amp; C<hi rend="ss">ie</hi>? Les femmes comme il <hi rend="ital">en</hi> faut of <lb n="409" xml:id="l-409"/>les femmes comme il faut?<anchor n="27" xml:id="note-o-27"/></ab><lb n="410" xml:id="l-410"/>
<ab rend="indent">Ofschoon ik telkens nieuwe desolaties heb gehad met <lb n="411" xml:id="l-411"/>het neen nooit nimmer zoo keer ik er telkens met <lb n="412" xml:id="l-412"/>meer liefde tot terug. En ik heb er reeds veel meer <lb n="413" xml:id="l-413"/>goede dingen door ondervonden dan desolaties, ofschoon <lb n="414" xml:id="l-414"/>de desolaties werkelijk soms serieus waren<c type="kk">/</c> om er niet <lb n="415" xml:id="l-415"/>meer van te zeggen.</ab><lb n="416" xml:id="l-416"/>
<ab rend="indent">On est sûr de périr à part<c type="kk">/</c> on ne se sauve <lb n="417" xml:id="l-417"/>qu’ensemble<c type="kk">/</c><anchor n="28" xml:id="note-o-28"/> ziedaar een van die dingen die Michelet <lb n="418" xml:id="l-418"/>zoo eenvoudig zeggen kan. Soms schijnt het als of hij <lb n="419" xml:id="l-419"/>zich bedroog doch later zegt men hij had toch gelijk.</ab><lb n="420" xml:id="l-420"/>
<ab rend="indent">Het is ook op de boeken van Michelet zelf toepasselijk<c type="kk">/</c> <lb n="421" xml:id="l-421"/>il faut les avoir aimé<c type="kk">/</c> puis desaimé<c type="kk">/</c> puis aimé encore.<anchor n="29" xml:id="note-o-29"/> 
<pb f="3r" n="12" xml:id="pb-orig-3r-12" facs="#zone-pb-3r-12"/><lb n="422" xml:id="l-422"/>Zou dit zachte weder zacht genoeg zijn om een dezer <lb n="423" xml:id="l-423"/>dagen het “neen nooit nimmer” te ontdooien.</ab><lb n="424" xml:id="l-424"/>
<ab rend="indent">Het weer is zoo erg stil en zacht soms en zou dat geen invloed <lb n="425" xml:id="l-425"/>hebben? Zou ik op of kort na “het groote feest” er uit <lb n="426" xml:id="l-426"/>geknikkerd worden? A Dieu ne plaise!</ab><lb n="427" xml:id="l-427"/>
<ab rend="indent">Zou dat Trojaansche paard in den vorm van een <lb n="428" xml:id="l-428"/>aangeteekenden brief binnen de wallen van Troje zijn gehaald door <lb n="428a" xml:id="l-428a"/>de Trojanen<c type="kp">_</c><anchor n="30" xml:id="note-o-30"/> <lb n="429" xml:id="l-429"/>En indien ja, zullen de in dat paard verborgen Grieken<c type="kk">/</c> dat wil zeggen <lb n="430" xml:id="l-430"/>de in dien brief geschreven dingen<c type="kk">/</c> de vesting bemagtigen. <lb n="431" xml:id="l-431"/>Ja<c type="kk">/</c> daar omtrent ben ik verbazend in spanning.</ab><lb n="432" xml:id="l-432"/>
<ab rend="indent">Dit althans zal den Heer J<c type="kp">_</c>P<c type="kp">_</c>S<c type="kp">_</c> duidelijk worden hedenavond<c type="kk">/</c> dat <lb n="433" xml:id="l-433"/>hij zich eenigermate misrekende toen hij aanvankelijk dezen <lb n="434" xml:id="l-434"/>zomer meende met eene ligte sentimenteele passie te doen te <lb n="435" xml:id="l-435"/>hebben die wel zou versterven en doodbloeden!</ab><lb n="436" xml:id="l-436"/>
<ab rend="indent">Dat hebben er meer gedacht behalve J<c type="kp">_</c>P<c type="kp">_</c>S<c type="kp">_</c>, dat hebben <lb n="437" xml:id="l-437"/>ze te Prinsenhage gedacht<c type="kk">/</c> vooral Tante Cornelie.</ab><lb n="438" xml:id="l-438"/>
<ab rend="indent">’t Was curieus om HEd<c type="kp">_</c> te zien opkijken toen ik in antwoord <lb n="439" xml:id="l-439"/>op hun verzoek om mijn correspondentie met Kee Vos en J<c type="kp">_</c>P<c type="kp">_</c>S<c type="kp">_</c> te <lb n="440" xml:id="l-440"/>staken hun een &amp; ander mede deelde omtrent mijne opvatting <lb n="441" xml:id="l-441"/>van “’t onderhavige geval”. Zij vond mijn “unresignation” <lb n="442" xml:id="l-442"/>zeer goddeloos, hoor! Vooral toen ik zeide dat ik geloofde <lb n="443" xml:id="l-443"/>dat de resignatie meestal iets erg onchristelijks was en dat noch Jezus <lb n="444" xml:id="l-444"/>noch Paulus ons daarvan ’t exempel gegeven hadden! <lb n="445" xml:id="l-445"/>En ik was ten eenemale uit de gratie<c type="kk">/</c> ik vrees eens en <lb n="446" xml:id="l-446"/>voor altijd want Tante Cornelie scheen er haar hart op gezet <lb n="447" xml:id="l-447"/>te hebben dat ik een van de volgende drie dingen zou doen: <lb n="448" xml:id="l-448"/>1<hi rend="ss">o</hi> mij “demoraliseeren”<c type="kk">/</c> 2<hi rend="ss">o</hi> gek worden of dood gaan <lb n="449" xml:id="l-449"/>van desperatie<c type="kk">/</c> 3<hi rend="ss">o</hi> “intusschen” een ander meisje zoeken<c type="kp">_</c> <lb n="450" xml:id="l-450"/>Nu had ik in geen van die drie dingen trek<c type="kk">/</c> voor alle drie <lb n="451" xml:id="l-451"/>even weinig inclinatie en ik proposeerde dus een vierde<c type="kk">/</c> <lb n="452" xml:id="l-452"/>nl. “’t neen nooit nimmer ontdooien”<c type="kp">_</c> Maar “dat vierde” <lb n="453" xml:id="l-453"/>stond waarschijnlijk niet in de religieuse systeemen <lb n="454" xml:id="l-454"/>van die WelEerw<c type="kp">_</c> ZeerGel<c type="kp">_</c> Heeren welke HEdes biechtvaders en <lb n="455" xml:id="l-455"/>spiritueele schaapherders zijn. Zeg Theo<c type="kk">/</c> zou <lb n="456" xml:id="l-456"/>Tante Cornelie eigentlijk niet veel beter zijn zonder <lb n="457" xml:id="l-457"/>spiritueele schaapherders dan met.</ab><lb n="458" xml:id="l-458"/>
<ab rend="indent">“’t <hi rend="ital">verloren schaap</hi>” is God liever dan 99 schapen die zoo <lb n="459" xml:id="l-459"/>spiritueel zijn dat ze altijd in de klaverwei blijven <lb n="460" xml:id="l-460"/>en nimmer met de woestijn kennis maken.–<anchor n="31" xml:id="note-o-31"/></ab><lb n="461" xml:id="l-461"/>
<ab rend="indent">J’ai vu, moi, <hi rend="ital">mon enfant</hi>, au désert<c type="kk">/</c> seule et errante et désolée <lb n="462" xml:id="l-462"/>et j’ai couru après elle – les autres – qu’est ce que ça me fait! <lb n="463" xml:id="l-463"/>Elle d’abord, elle et non point “les autres”, “les autres” <lb n="464" xml:id="l-464"/>en sortiront fort bien sans moi<c type="kk">/</c> du reste<c type="kk">/</c> il y en aura toujours pour <lb n="465" xml:id="l-465"/>“les autres”, il n’y en a pas toujours qui la comprennent, <hi rend="ital">elle</hi>! <lb n="466" xml:id="l-466"/>En Gij Theo<c type="kk">/</c> voor <hi rend="ital">welk</hi> <hi rend="ital">schaap</hi> laat <hi rend="ital">gij</hi> “LES AUTRES” loopen? à Dieu<c type="kp">_</c></ab>
<vg:whiteline/><lb n="467" xml:id="l-467"/>
<ab>t. à. t.</ab><lb n="468" xml:id="l-468"/>
<ab>Vincent.</ab>
<vg:whiteline/>
<div type="textualNotes">
<note target="l-159" n="159">bedekken”<c type="kk">/</c> &lt; bedekken</note>
<note target="l-191" n="191">presentie – &lt; presentie</note>
<note target="l-258" n="258">imbéciles!” &lt; imbéciles!</note>
<note target="l-388" n="388">trouwen”; &lt; trouwen”</note></div></div>
<div type="translation">
<pb f="1r" n="1" xml:id="pb-trans-1r-1" facs="#zone-pb-1r-1"/>
<ab>Etten, 23 Nov. 1881.</ab>
<vg:whiteline/>
<ab>Dear brother,</ab>
<ab>I’m very glad that you wrote to <rs type="pers" key="526 524">Pa and Ma</rs> about this and that. It seems to me that it can’t help but do some good – especially in the long run. <hi rend="ital">You</hi> surely know that I’m not the sort of person to do anything intentionally to hurt Pa and Ma. When I have to do something they disapprove of, which often grieves them, wrongly, I suffer a lot as well.</ab>
<ab rend="indent">Don’t think, though, that the deplorable scene that took place recently was caused solely by anger. Sadly, when I made it clear that I wouldn’t go on studying in Amsterdam and later, in the Borinage, when I refused to do what the ministers there wanted,<anchor n="1" xml:id="note-t-1"/> even then <rs type="pers" key="526">Pa</rs> said something similar. So there really is a long-standing and deep-rooted misunderstanding between Pa and me, which cannot be <hi rend="ital">completely</hi> erased, I think. But we can show mutual respect for each other, even with regard to certain differing – frequently even contradictory – feelings, because apart from those we actually agree about so many things.</ab>
<ab rend="indent">If <rs type="pers" key="526">Pa</rs> were the man he used to be, I believe we’d get along better, but something has changed in Pa in recent years, I believe, not to his advantage.</ab>
<ab rend="indent">He’s increasingly wrapped up in trifling matters and takes them hard, and overlooks many important things or takes them too lightly. And this definitely has a physical cause, in my opinion. But what pleases me is that, perhaps precisely because at times I’ve even spoken roughly and harshly to <rs type="pers" key="526">Pa</rs>, something has awakened in him. This summer he was in a kind of ‘live and let live’ mood, and his sermons were also terribly, terribly weak. Now his sermons are getting a bit livelier and there’s more feeling in them, though I don’t always agree with them by any means! But I only want to say, perhaps it did no harm, my making the occasional remark. I think that if Pa were to understand my true meaning I could often be of some use to him, even with his sermons, because I sometimes have a completely different view of a text. But Pa considers my viewpoint inadmissible and rejects it outright. 
<pb f="1v" n="2" xml:id="pb-trans-1v-2" facs="#zone-pb-1v-2"/></ab>
<ab rend="indent">But this doesn’t make me <rs type="pers" key="526">Pa</rs>’s enemy, God forbid. Nor do I view Pa as my enemy but as a friend who could, however, be more of a friend if he weren’t so afraid that I would ‘infect’ him with French ‘fallacies’ (?).</ab>
<ab rend="indent">Well, with respect to ‘the case in question’, as <rs type="pers" key="318">J.P.S.</rs> calls what happened between <rs type="pers" key="776">Kee Vos</rs> and me, I’ll tell you that I’ve ventured an attack on the aforementioned Mr J.P.S. By means of a registered letter, for I fear that ‘unregistered’ letters would fail to hit the mark. But he’ll have to read this one, in which I’ve tried to draw His Hon.’s attention to various matters which I’m afraid had slipped his mind to some extent and which he didn’t want to take seriously. It’s an ‘impolitic’, very daring letter, but one which will – of this I’m certain – at least make an impression on His Hon. Perhaps resulting at first, however, in a certain ‘expletive’ that His Hon. certainly wouldn’t use in a sermon. But even then, in the worst case, I think that his reaction, when my words have finally sunk in, will be: there’s truth in what you say and it wasn’t uncalled-for to draw my attention to this and that.</ab>
<ab rend="indent">I am, however, extremely anxious and am ready to go to Amsterdam myself, but because the journey is expensive I can’t waste my ammunition, and the journey to Amsterdam is my fall-back if my letter has no effect. Rest assured that <rs type="pers" key="318">J.P.S.</rs> is really a very clever man, and actually an artist. His books are very good and testify to deep feeling.<anchor n="2" xml:id="note-t-2"/> This summer I read a short work he’s just published on ‘the minor prophets’<anchor n="3" xml:id="note-t-3"/> and a couple of other relatively little-read books of the Bible.<anchor n="4" xml:id="note-t-4"/> I have great hope that as time passes there will be more sympathy between His Hon. and me than there has been up to now. I don’t want to ‘defeat’ him but win him over.</ab>
<ab rend="indent">The letter I got from him a couple of months ago wasn’t unsympathetic or written in anger, only his words ‘the no is decisive’ were very definite. 
<pb f="1v" n="3" xml:id="pb-trans-1v-3" facs="#zone-pb-1v-3"/> It also said that His Hon. thought that in time affection could grow between her and me as between brother and sister.</ab>
<ab rend="indent">However, I consider that just as unlikely as my ending up marrying my dear sister <rs type="pers" key="407">Willemien</rs>.</ab>
  <ab rend="indent">Only when I continued to address <rs type="pers" key="776">Kee Vos</rs> despite that letter from His Hon. did he think it necessary to put a spoke in my wheel through the intermediary of Princenhage.<anchor n="5" xml:id="note-t-5"/> Which spoke had no effect. That lever wasn’t enough to make me budge. If I were bent on ‘defeating’ and destroying <rs type="pers" key="318">J.P.S.</rs> or playing a mean trick on His Hon. or deceiving him, I’d certainly regret it and my mistake would be fatal. But now it’s an entirely different matter, and the weapon I’m fighting with is ‘<hi rend="ital">Reason</hi>’. By the way! you must let me hear from you again. I’ve thought so often of Mister X, about whom I wrote to you,<anchor n="6" xml:id="note-t-6"/> though you probably don’t know him.</ab>
<ab rend="indent">If you thought I meant to suggest that a man should curtail, temper or completely suspend his passions, supposing they were ambitions in business affairs and financial matters, then you would be mistaken. On the contrary, those passions must only bear more and better fruit. They mustn’t be diminished but rather counterbalanced by Love. Provided that counterweight, Love, be <hi rend="ital">so</hi> strong that the scale – no matter how heavy the side of business affairs, and I assure you, I don’t want to make them less weighty! you may even add some if you like! – provided, I say, that the scale be tipped to the side of ‘Love on’!<anchor n="7" xml:id="note-t-7"/></ab>
<ab rend="indent">‘Greed’ is a very ugly word, but that devil Avarice leaves no one in peace, and it would surprise me very much if you or I hadn’t sometimes been tempted by him, so much so that we were momentarily inclined to say: money is the master, money can do anything, money is No. 1. Not that you or I actually bow down to that ‘Mister Mammon’<anchor n="8" xml:id="note-t-8"/> and serve him, but he does make it amazingly difficult for you and me at times. Me through poverty lasting many years, you through a high salary. Those two things have this in common, that they are temptations to bow to the power of money. 
<pb f="1r" n="4" xml:id="pb-trans-1r-4" facs="#zone-pb-1r-4"/> Weaker or stronger in our respective temptations, neither you nor I are, I trust, destined utterly to fall prey to the money devil. But will he have no hold on us at all? </ab>
<ab rend="indent">Well, that money devil shouldn’t play a mean trick on <hi rend="ital">you</hi>, that you might think it a shame to earn a lot of money, and the money devil shouldn’t play a mean trick on me, that I might think my poverty commendable. No, there’s truly no merit in being as incapable of earning money as I am, and I must change that, and in order to change that you’ll give me many useful tips, I hope. But I seriously think that your attention, meaning your best, your most concentrated attention, should be focused at this time on the development of a vital force not yet fully awakened in you: Love. Your best efforts must be directed at that wing which is the weakest, the least developed in you. For truly, it is of all powers the most powerful, it makes us only seem to be dependent – the truth is, there is no true liberty, no true freedom, no irrefutable independence, than through it. Without it, sooner or later we fall. With it, we win in the end.</ab>
<ab rend="indent"><hi rend="ital">It</hi> makes our talents fertile, also that talent for doing business and having a clear understanding of financial matters, and, in a word, love is our justification before God. Our great, sufficient justification, for only through it, through love, I say, does our sense of duty become plain and our work clear, and by loving and by fulfilling the obligations of love we do God’s will and find that peace with God that eases our conscience. Fighting against God – we do that when we continue to wander in the desert where the earth is as iron and the sky above us as brass.<anchor n="9" xml:id="note-t-9"/> But not for nothing is it written in the Bible that ‘charity shall cover the multitude of sins’,<anchor n="10" xml:id="note-t-10"/> and also, But there is <hi rend="ital">mercy</hi> with Thee, O Lord, that Thou mayest be feared.<anchor n="11" xml:id="note-t-11"/> Those are words that hold water in reality and are true. 
<pb f="2r" n="5" xml:id="pb-trans-2r-5" facs="#zone-pb-2r-5"/></ab>
<ab rend="indent">Well, I nevertheless believe that <hi rend="ital">you</hi> will benefit much more from re-reading <rs type="pers" key="707">Michelet</rs> than from the Bible. And as far as I’m concerned, I wouldn’t do without Michelet for anything in the world.</ab>
<ab rend="indent">All the same, the Bible is eternal and everlasting, but Michelet gives such extremely practical and clear suggestions, immediately applicable to this fast-paced, hectic modern life in which you and I find ourselves, that he makes us progress quickly, and we can’t do without him.</ab>
<ab rend="indent">And the Bible consists of layers and there’s progression in it. For example, the difference between Moses and Noah on the one hand and Jesus and Paul on the other, and in my opinion <rs type="pers" key="1465">Stowe</rs> and <rs type="pers" key="707">Michelet</rs> are a <hi rend="ital">continuation</hi> of the gospel, not <hi rend="ital">a repetition</hi>.</ab>
<ab rend="indent">Take <rs type="pers" key="707">Michelet</rs> and <rs type="pers" key="1465">Beecher Stowe</rs>, they don’t say, the gospel is no longer valid, but they help us to understand how applicable it is in this day and age, in this life of ours, for you, for instance, and for me, for instance, to mention someone.</ab><ab rend="indent"> <rs type="pers" key="707">Michelet</rs> even says things completely and aloud which the gospel merely whispers to us germinally, and <rs type="pers" key="1465">Stowe</rs> actually goes as far as Michelet.<anchor n="12" xml:id="note-t-12"/> It should come as no surprise if I tell you, at the risk of your thinking me a fanatic, that I consider it absolutely essential to believe in God in order to be able to love. To believe in God – by that I mean (not that you should believe all those petty sermons of the ministers and the arguments and Jesuitry of the prudish, the sanctimonious, the strait-laced, far from it) — to believe in God, by that I mean feeling that there is a God, not a dead or stuffed God,<anchor n="b" xml:id="note-t-b"/> but a living one who pushes us with irresistible force in the direction of ‘Love on’. That’s what I think. Proof of His presence – the reality of love. Proof of the reality of the feeling of that great power of love deep within us – the existence of God. Because there is a God there is love; because there is love there is a God.<anchor n="13" xml:id="note-t-13"/> Although this may seem like an argument that goes round in a circle, nevertheless it’s true, because ‘that circle’ actually contains all things, and one can’t help, even if one wanted to, being in that circle oneself. 
<pb f="2v" n="6" xml:id="pb-trans-2v-6" facs="#zone-pb-2v-6"/></ab>
<ab rend="indent">Now <hi rend="ital">you</hi>, and I too, have already read <rs type="pers" key="707">Michelet</rs> once or several times. But now try and read him again! The result will be different, I think. Because then both you and I doubted and now we believe.</ab>
<ab rend="indent">Then we weren’t yet ready for the experience, now, at any rate, we’re much more ready than we were.</ab>
<ab rend="indent">Then we understood; now, though, we understand better and more.</ab>
<ab rend="indent">Then we reasoned, love is something fundamentally good,<anchor n="14" xml:id="note-t-14"/> now we reason, Love is the foundation that is good.</ab>
<ab rend="indent">Then we thought, ‘<hi rend="ital">we</hi> shall love’, now it has become or is becoming, ‘<hi rend="ital">we</hi> love’.</ab>
<ab rend="indent">Who, though, are that ‘<hi rend="ital">we</hi>’ ‘in question’? Oh, you don’t know them, I mean in fact Mister X and me, but what do you know of Mister X? Mister X is certainly someone who is, I think, only a figment of my imagination, or else I made him up.</ab>
<ab rend="indent">But concerning not Mister X but you, I meanwhile say that if you re-read <rs type="pers" key="707">Michelet</rs>’s books again seriously, a kind of inner revolution or reformation will start to take place in you, which will continue for a very long time into the future and which is without repentance,<anchor n="15" xml:id="note-t-15"/> and which will bring you to that same land of promise and peace<anchor n="16" xml:id="note-t-16"/> whither Mister X, that renowned desert traveller! (according to what I’ve heard), is also going. 
<pb f="2v" n="7" xml:id="pb-trans-2v-7" facs="#zone-pb-2v-7"/></ab>
<ab rend="indent">It’s so strange that I’m so totally in the dark about what’s happening in Amsterdam. I mean that I know nothing about it other than what I <hi rend="ital">feel</hi>. How can one feel something in the distance? Well, I can’t give you an explanation, but just fall in love sometime and perhaps you’ll also hear voices in the distance and see small things you imagine to be large, in the same way one assumes there is fire because of the smoke.</ab>
<ab rend="indent">Fortunately, it’s calm, mild weather, which has a wholesome influence on people. If it were bitterly cold with a north wind, my ‘case in question’ would be much worse.</ab>
<ab rend="indent">Meanwhile <rs type="pers" key="317 318">Uncle and Aunt Stricker</rs>’s big celebration is approaching.<anchor n="17" xml:id="note-t-17"/> <rs type="pers" key="524 526">Pa and Ma</rs> intend to go to it. I’m very glad that you’ve written to them beforehand, because I’d prefer that their ‘moral conviction’ regarding the untimeliness and indelicacy of my love not be brought up there. Pa and Ma found it very harsh of me to go against it, but perhaps they little know that others also heed what they say, and that behind their back they are sometimes judged less cruelly than by me when they’re present. And J.P.S. himself, although truly not charming towards me at the moment, might get something into his head and take revenge and rightly so! Supposing a father hears: ‘your daughter is loved “in an indelicate way” (?)’!, wouldn’t such a person become furious! Or, if he doesn’t become furious, wouldn’t he think to himself ‘O you ungodly people! O, idiots!’ And you see, I trust that J.P.S. would do the latter, even if he were 10 times angrier with me than is now the case.</ab>
<ab rend="indent">But it’s strange, <rs type="pers" key="514 526">Pa and Ma</rs> are sometimes stone-blind to ‘manners’, even though they’re always blaming me for my lack of ‘manners and courtesy’. 
<pb f="2r" n="8" xml:id="pb-trans-2r-8" facs="#zone-pb-2r-8"/></ab>
<ab rend="indent"><rs type="pers" key="526">Pa</rs> warned me, saying: Be careful with<rs type="pers" key="318"> J.P.S.,</rs> because he’s a man who attaches great importance to ‘conventions’. Well, I smiled to myself at this warning, thinking, You little know that during a certain conversation between you and J.P.S. this summer you failed to observe the conventions! It so happened that J.P.S. was discussing a certain theological subject with Pa, and J.P.S. cornered Pa but at the same time gave him an opportunity to defend his proposition, but Pa stuck to his guns and ‘ignored’ being cornered, which was indeed a fact, and at last J.P.S. fell silent, even though he had wanted to steer the whole discussion in a direction that would have given Pa more thorough proof of his proposition than his own opinion, which didn’t hold water, as J.P.S. had proved by cornering him. If Pa had been more alert he would have noticed that, far from disagreeing with Pa, J.P.S. stood firmer on that point than Pa himself did, and wanted to demonstrate to Pa that the matter could be defended with better arguments than those Pa had put forward.</ab>
<ab rend="indent">I mentioned briefly that I thought it not impossible that <rs type="pers" key="318">J.P.S.</rs>’s financial situation might be shaky. But people like him are a little like the <rs type="pers" key="348">Hamman</rs> family,<anchor n="18" xml:id="note-t-18"/> for example. Such families <hi rend="ital">stand firm even when they’re shaky</hi>. I even think that J.P.S. would be much better off if he had to cut back a bit than if he could go on in the same way. I say ‘go on in the same way’ because I’ve been told that he’d set up his household in a somewhat grander style, but because I haven’t been to see His Hon. for a couple of years it’s difficult for me to judge, and I don’t know if there’s any truth in it. It is however true (and I think it not impossible that it wasn’t J.P.S.’s own idea but perhaps due to nagging on the part of his wife or SONS that he started to live in a grander style), it’s true though, I say, that he’s been a bit too ambitious or has been carrying too much sail, in any case he’ll cleverly save himself! No matter what!</ab>
<ab rend="indent">And – and – it’s also quite possible that if he’s been speculating, he will prove to have done so successfully. Meanwhile was it rash(?), impolitic of me even to have touched briefly upon that delicate subject – as well as other, very different things — in my registered letter, and to have more or less said to His Hon., though not in the same words: it was said that you wanted to urge your daughter to make a rich match to safeguard the future of her child, but I can’t believe that you’re the kind of man who would actually play such a Jesuitical trick, and so I didn’t believe it except only for the blink of an eye. Forgive me for that blink of an eye. Apparently it was rash and impolitic of me to intervene, but it would, I believe, have been blameworthy rashness and a blameworthy policy if I had simply let matters rest and allowed things to take their course.<anchor n="19" xml:id="note-t-19"/> If I hadn’t spoken, it would certainly not have prevented others from putting other truly Jesuitical tricks into His Hon.’s head, so the bitter truth could do no harm as a counterbalance.</ab>
<ab rend="indent">Hoping to receive a few words from you before long, believe me, with a handshake</ab>
<vg:whiteline/>
<ab>Ever yours,</ab>
<ab>Vincent</ab>
<vg:whiteline/>
<ab>I’ve sent a drawing to <rs type="pers" key="323">Mauve</rs>, a digger in a potato field,<anchor n="20" xml:id="note-t-20"/> to give him some sign of life. I wish he would come soon. As soon as he’s seen my studies I’ll send you a few more. If you prefer that I don’t write to you so often or so much, just say Stop! But perhaps another Stop! will come of its own accord, namely that all the time left to me for correspondence will have to be devoted to <hi rend="ital">her</hi>. These extremely long letters won’t go on <hi rend="ital">forever</hi>.</ab><vg:whiteline/>
<pb f="3r" n="9" xml:id="pb-trans-3r-9" facs="#zone-pb-3r-9"/>
<ab>You must understand that I’m doing my best to change many things about myself. Specifically the sad state of my financial affairs, and I also think it would do me no harm to spend more time with people.</ab>
<ab rend="indent">Well, the best and most reliable means of improving my financial situation is certainly to work hard. Work, take pains. That’s the resource that fails the least.<anchor n="21" xml:id="note-t-21"/> But that isn’t enough in itself, or rather, there are other things I must deal with. Perhaps it’s no bad thing that I lived so long ‘underground’, as it were. That I’m one ‘who has been <hi rend="ital">down</hi>’. But now I don’t need to return to the abyss and would do well, I think, to fling <hi rend="ital">all</hi> melancholy to the winds and to live life a bit more freely and cheerfully on the ground floor. And to revive old relationships as much as possible and to begin new ones.</ab>
<ab rend="indent">I’ll bump my head here and there, so be it, but I’d really like to try and persevere and see whether we can’t fight our way up completely. I’ve often thought about whether it would be good and whether it would be possible to go to The Hague for a while. Viewing my field of work here and the Brabant types as my true work. I must hold fast to that no matter what, for I’ll be able to find subjects here for years, now that I’ve got to know it a little. 
<pb f="3v" n="10" xml:id="pb-trans-3v-10" facs="#zone-pb-3v-10"/></ab>
<ab rend="indent">But staying here with the Brabant types needn’t prevent me from seeking to form relationships elsewhere, or even from living elsewhere for a while.</ab>
<ab rend="indent">All painters and draughtsmen do that, don’t they?</ab>
<ab rend="indent">Do you know what I’d like? That <rs type="pers" key="776">Kee Vos</rs> would start saying better things than no, nay, never. Then it would be possible to make a campaign plan for an artistic expedition. First, though, I have to take up arms against ‘Jesuitry’ and expend a great deal of mental effort (not against Kee Vos, you understand! heaven protect me from ever having to wage war against <hi rend="ital">her</hi> – we’re a thousand miles from that!)<anchor n="22" xml:id="note-t-22"/> and, second, I can’t start a new campaign before ‘<hi rend="ital">the one in question</hi>’ has come to a conclusion.</ab>
<ab rend="indent">Does <rs type="pers" key="776">Kee Vos</rs> know, and <rs type="pers" key="318">J.P.S.</rs>, that without intending to, they are <hi rend="ital">crossing me in the extreme</hi>? <hi rend="sc">Anyway, they’ll have to make amends later</hi>!!! <hi rend="ital">Which is to say that I’m counting on their accompanying me on many an artistic campaign</hi>, do you understand! And those campaigns will succeed, I’m sure!</ab>
<ab rend="indent">However, I’ll reserve one small exercise in revenge for later: I’d think it so nice if <rs type="pers" key="318">J.P.S.</rs> himself had to marry the pair in question of whom he’d so explicitly said that in future they would be at most ‘brother and sister’ to one another.</ab>
<ab rend="indent">But I’m afraid I’m busy selling bearskins that still belong to bears I haven’t yet shot. 
<pb f="3v" n="11" xml:id="pb-trans-3v-11" facs="#zone-pb-3v-11"/> Still, I’d like to speculate about one more bearskin.<anchor n="23" xml:id="note-t-23"/></ab>
  <ab rend="indent"><rs type="pers" key="526">Pa</rs> said recently, ‘Out of moral conviction I’ve never wanted to influence two people to marry each other’; well, as far as I’m concerned, my conscience tells me exactly the opposite. ‘He that gathereth not with Me scattereth’, as <rs type="pers" key="707">Michelet</rs> would say.<anchor n="24" xml:id="note-t-24"/> Fortunately, Michelet didn’t have Pa’s scruples, otherwise his books wouldn’t exist. And what is Pa’s big mistake? Precisely <hi rend="ital">that</hi> ‘moral conviction’. And out of gratitude to Michelet I promise that if later on I come into more contact than I do now with artists who so often ‘beat about the bush’, I’ll do what I can to make them understand that they must love, one alone and that one forever. To reassure ‘art dealers’ who might think that ‘one household’ costs more than ‘no household’, I hasten to add that a married artist and his wife spend less and are more productive than an unmarried one and his mistress.<anchor n="25" xml:id="note-t-25"/> <hi rend="ital">Père <rs type="pers" key="1226">Millet</rs>!</hi> Would he have had greater expenses than so many Italians and Spaniards who ‘live in the desert where the sky is of brass and the earth of iron’?<anchor n="26" xml:id="note-t-26"/> Is a wife more expensive than a mistress? You pay the mistresses anyway, gentlemen art buyers, and those ladies laugh at you behind your back. Who is it who’s cheating you, Messrs Goupil &amp; Cie? The immoral women or the chaste women?<anchor n="27" xml:id="note-t-27"/></ab>
<ab rend="indent">Although I’ve always had one sorrow after another with the no, nay, never, I keep going back with more love each time. And I’ve already experienced many more good things than sorrows, although the sorrows really were sometimes serious, to say no more about them.</ab>
<ab rend="indent">One is certain of sinking separately, only together can one be saved,<anchor n="28" xml:id="note-t-28"/> behold one of the things <rs type="pers" key="707">Michelet</rs> can say so simply. Sometimes it seems he was deceiving himself, but later one said he was right after all.</ab>
<ab rend="indent">It’s also applicable to Michelet’s own books, one has to have loved, then fallen out of love, then love again.<anchor n="29" xml:id="note-t-29"/> 
<pb f="3r" n="12" xml:id="pb-trans-3r-12" facs="#zone-pb-3r-12"/> Will this mild weather be mild enough to thaw the ‘no, nay, never’ one of these days?</ab>
<ab rend="indent">The weather is so very calm and mild sometimes, won’t that have an influence? Will I be chucked out during or shortly after ‘the big celebration’? God forbid!</ab>
<ab rend="indent">Will the Trojans have let that Trojan horse in the form of a registered letter inside the walls of Troy?<anchor n="30" xml:id="note-t-30"/> And if so, will the Greeks hidden in that horse, meaning the things written in that letter, overpower the fortress? Yes, I’m extremely anxious to know.</ab>
<ab rend="indent">This much, at least, will become clear to Mr <rs type="pers" key="318">J.P.S.</rs> this evening, that he miscalculated this summer to some extent, thinking at first that he was dealing with a slight, sentimental passion that would wither and bleed to death!</ab>
<ab rend="indent">Others besides J.P.S. thought so too; they thought so at Princenhage, especially <rs type="pers" key="853">Aunt Cornelie</rs>.</ab>
  <ab rend="indent">It was strange to see Her Hon.’s surprise when, in reply to their request to stop corresponding with <rs type="pers" key="776">Kee Vos</rs> and <rs type="pers" key="318">J.P.S.</rs>, I told them a thing or two about my view of ‘the case in question’. She found my ‘unresignation’ extremely wicked! Especially when I said that I believed that resignation was mostly something very unchristian and that neither Jesus nor Paul had given us an example of it! And I fell completely from grace, once and for all I’m afraid, because <rs type="pers" key="853">Aunt Cornelie</rs> appeared to have set her heart on my doing one of the following three things: first ‘demoralizing’ myself, second going mad or dying of despair, third ‘meanwhile’ looking for another lass. Well, none of those three things appealed to me, I had equally little inclination for all three, and so I proposed a fourth, namely ‘to thaw the no, nay, never’. But ‘that fourth’ was probably not part of the religious systems of those Rev. Drs who are Her Hon.’s confessors and spiritual shepherds. Tell me, Theo, wouldn’t Aunt Cornelie actually be much better off without spiritual shepherds than with them?</ab>
<ab rend="indent">‘The <hi rend="ital">lost sheep</hi>’ is dearer to God than 99 sheep that are so spiritual they always stay in the field of clover and never become familiar with the desert.<anchor n="31" xml:id="note-t-31"/></ab>
<ab rend="indent">I myself saw <hi rend="ital">my child</hi> in the desert, alone and wandering and desolate, and I ran after her – the others – what do I care about them! She first, she and not ‘the others’ at all, ‘the others’ can get along very well without me, for that matter there will always be enough for ‘the others’, but there aren’t always people who understand <hi rend="ital">her</hi>! And you, Theo, for <hi rend="ital">which sheep</hi> will <hi rend="ital">you</hi> let ‘THE OTHERS’ go? Adieu.</ab>
<vg:whiteline/>
<ab>Ever yours,</ab>
<ab>Vincent.</ab></div>
<div type="notes">
<note n="1" xml:id="n-1" target="#note-t-1">
<ab>With regard to Van Gogh’s problems in the Borinage, <ref target="let153.xml#n-4">see letter 153, n. 4</ref>.</ab></note>
<note n="a" xml:id="n-a" target="#note-o-a">
<ab>Read: ‘kruit’ (ammunition).</ab></note>
<note n="2" xml:id="n-2" target="#note-t-2">
<ab>A bibliography of the writings of <rs type="pers" key="318">J.P. Stricker</rs> appeared in Berlage 1887, pp. 35-36; see also <hi rend="ital">BLGNP</hi>, vol. 1, p. 364. He also made contributions to various issues of <hi rend="ital">Het Morgenlicht: Stichtelijk Dagboek voor het Christelijk Gezin</hi> (from 1866) and <hi rend="ital">Bijbelsch Dagboek, of Godsdienstige Overdenkingen</hi>, the sequel of <hi rend="ital">Godsdienstig Dagboek, of Stichtelijke Overdenkingen op Elken Dag des Jaars</hi> (from 1858).</ab></note>
<note n="3" xml:id="n-3" target="#note-t-3">
<ab><rs type="pers" key="318">J.P. Stricker</rs>, <rs type="lit" key="232"><hi rend="ital">De schriftelijke nalatenschap der oud-Israëlitische profeten, wijzen en dichters</hi></rs>. Amsterdam 1880 (Volksbibliotheek, published on behalf of the ‘Vereeniging tot handhaving en voortplanting van het liberale beginsel’ (Association for the maintenance and propagation of the principle of liberalism). See <hi rend="ital">Brinkman </hi>1882-1891; Powers Erickson 1998, p. 64 (n. 7), and Greer 1997, p. 42.</ab></note>
<note n="4" xml:id="n-4" target="#note-t-4">
<ab>Examples of this are: ‘De profetie van Habakuk. (Eene bijdrage tot regte waardering van de profetische schriften des Ouden Verbonds)’, published in <hi rend="ital">Maandschrift voor den Beschaafden Stand ter Bevordering van Bijbelkennis en Christelijk Leven</hi>. Amsterdam 1856, pp. 257-281; and ‘De profetie van Nahum’ in <hi rend="ital">Maandschrift voor Christenen, ter Bevordering van Bijbelkennis en Godsdienstig Leven</hi>. Amsterdam 1861, pp. 699-732. Evidently the last essay was also published separately (see Berlage 1887, p. 35).</ab>
<ab rend="indent"><rs type="pers" key="318">Stricker</rs> wanted to make these books of the Bible – which were less well known and not yet available in modern translations – accessible to the faithful, in the hope of arousing their interest and appreciation. He sketches the historical background of the prophets and the biblical texts, giving a summary and analysis of their prophecies and emphasizing their poetical qualities.</ab></note>
<note n="5" xml:id="n-5" target="#note-t-5">
<ab><rs type="pers" key="423 853">Uncle Vincent and Aunt Cornelie</rs>, who lived in Princenhage.</ab></note>
<note n="6" xml:id="n-6" target="#note-t-6">
<ab>For Monsieur X, <ref target="let187.xml">see letter 187</ref>.</ab></note>
<note n="7" xml:id="n-7" target="#note-t-7">
  <ab>Regarding this pronouncement, taken from <rs type="pers" key="707">Michelet</rs>’s <rs type="lit" key="11"><hi rend="ital">L’amour</hi></rs> and <rs type="lit" key="12"><hi rend="ital">La femme</hi></rs>, <ref target="let180.xml#n-2">see letter 180, n. 2.</ref></ab></note>
<note n="8" xml:id="n-8" target="#note-t-8">
<ab>Mammon is the personification of riches as an evil spirit; cf. <bibleref xmlns="http://www.vangoghletters.org/ns/" book="Matt" chap="6" v="24">Matt. 6:24</bibleref>.</ab></note>
<note n="9" xml:id="n-9" target="#note-t-9">
<ab>
  <bibleref xmlns="http://www.vangoghletters.org/ns/" book="Deut" chap="28" v="23">Deut. 28:23</bibleref>.</ab></note>
<note n="10" xml:id="n-10" target="#note-t-10">
<ab>
  <bibleref xmlns="http://www.vangoghletters.org/ns/" book="1 Pet" chap="4" v="8">1 Pet. 4:8</bibleref>.</ab></note>
<note n="11" xml:id="n-11" target="#note-t-11">
<ab>Cf. <bibleref xmlns="http://www.vangoghletters.org/ns/" book="Ps" chap="130" v="4">Ps. 130:4</bibleref>; Van Gogh wrote ‘genade’ (mercy) instead of ‘vergeving’ (forgiveness).</ab></note>
<note n="12" xml:id="n-12" target="#note-t-12">
  <ab>In this context see <rs type="pers" key="707">Michelet</rs>, who says in his ‘Introduction’ to <rs type="lit" key="11"><hi rend="ital">L’amour</hi></rs>: ‘The greatest success of the day is that of a book by a woman, Mrs <rs type="pers" key="1465">Stowe</rs>’s novel, which has been translated into every language and is read all over the world, and has become the gospel of freedom for a race’ (Le plus grand succès du temps est celui d’un livre de femme, le roman de madame Stowe, traduit dans toutes les langues, et lu par toute la terre, devenu pour une race l’évangile de la liberté) (Michelet, <hi rend="ital">L’amour</hi>, p. 19).</ab></note><note n="b" xml:id="n-b" target="#note-t-b"><ab><hi rend="ital">stuffed God</hi>: Van Gogh added the French ‘(empaillé)’, which also means ‘stuffed’.</ab></note>
<note n="13" xml:id="n-13" target="#note-t-13">
<ab>Cf. <bibleref xmlns="http://www.vangoghletters.org/ns/" book="1 John" chap="4" vr="7-16">1 John 4:7-16</bibleref>.</ab></note>
<note n="14" xml:id="n-14" target="#note-t-14">
<ab>A reference to <ref target="let183.xml">letters 183</ref> and <ref target="let187.xml">187</ref>.</ab></note>
<note n="15" xml:id="n-15" target="#note-t-15">
<ab>For ‘onberouwelijk’ (unrepentant), cf. <bibleref xmlns="http://www.vangoghletters.org/ns/" book="Rom" chap="11" v="29">Rom. 11:29</bibleref> (‘without repentance’).</ab></note>
<note n="16" xml:id="n-16" target="#note-t-16">
<ab>Cf. <bibleref xmlns="http://www.vangoghletters.org/ns/" book="Heb" chap="11" v="9">Heb. 11:9</bibleref> and <bibleref xmlns="http://www.vangoghletters.org/ns/" book="Jer" chap="12" v="5">Jer. 12:5</bibleref>.</ab></note>
<note n="17" xml:id="n-17" target="#note-t-17">
<ab>On 7 December <rs type="pers" key="317 318">the Strickers</rs> would celebrate their 40th anniversary.</ab></note>
<note n="c" xml:id="n-c" target="#note-o-c">
<ab>Read: ‘onbarmhartig’ (mercilessly, here ‘cruelly’).</ab></note>
<note n="d" xml:id="n-d" target="#note-o-d">
<ab>Meaning: guard, save, salvage (here ‘defend’).</ab></note>
<note n="e" xml:id="n-e" target="#note-o-e">
<ab>Meaning: ‘slecht’ (bad, in this context ‘shaky’).</ab></note>
<note n="18" xml:id="n-18" target="#note-t-18">
<ab>This refers to the family of <rs type="pers" key="348">Edouard Jean Conrad Hamman</rs>, who lived in Paris. Vincent visited them in 1875 and Theo paid them a visit in the summer of 1878; the brothers had been encouraged to do this by their <rs type="pers" key="524 526">parents</rs> and <rs type="pers" key="423">Uncle Vincent</rs> (FR b982; b984; b990 and b5342). See also <ref target="let041.xml#n-10">letter 41, n. 10.</ref></ab></note>
<note n="19" xml:id="n-19" target="#note-t-19">
<ab>A saying that means ‘leaving matters to take their own course’, ‘going on as though nothing had happened’.</ab></note>
<note n="20" xml:id="n-20" target="#note-t-20">
<ab>This probably refers to a recent drawing of a digger, possibly <hi rend="ital">Digger</hi> (<rs type="ill" key="2347">F 866 / JH 54</rs>); cf. also the digger mentioned in <ref target="let187.xml">letter 187</ref>.</ab></note>
<note n="21" xml:id="n-21" target="#note-t-21">
<ab>Taken from <rs type="pers" key="602">Jean de la Fontaine</rs>, <rs type="lit" key="120"><hi rend="ital">Fables</hi></rs>; <ref target="let127.xml#n-20">see letter 127, n. 20.</ref></ab></note>
<note n="22" xml:id="n-22" target="#note-t-22">
<ab>A saying. Van Gogh wrote ‘lieux’ (places) but meant ‘lieues’ (leagues, here ‘miles’).</ab></note>
<note n="f" xml:id="n-f" target="#note-o-f">
<ab>Meaning: ‘tegenwerken’ (thwart, hinder, cross).</ab></note>
<note n="g" xml:id="n-g" target="#note-o-g">
<ab>Meaning: ‘slagen’ (succeed).</ab></note>
<note n="23" xml:id="n-23" target="#note-t-23">
<ab>A saying that means ‘One shouldn’t sell the bearskin before shooting the bear’ (Don’t count your chickens before they hatch).</ab></note>
<note n="24" xml:id="n-24" target="#note-t-24">
<ab>
  <bibleref xmlns="http://www.vangoghletters.org/ns/" book="Luke" chap="11" v="23">Luke 11:23</bibleref> and <bibleref xmlns="http://www.vangoghletters.org/ns/" book="Matt" chap="12" v="30">Matt. 12:30</bibleref>. <rs type="pers" key="707">Michelet</rs> does not quote these biblical passages literally; Van Gogh means that in such books as <rs type="lit" key="11"><hi rend="ital">L’amour</hi></rs> and <rs type="lit" key="12"><hi rend="ital">La femme</hi></rs> Michelet – in contrast to <rs type="pers" key="526">Mr van Gogh</rs> – argues in favour of uniting lovers.</ab></note>
<note n="25" xml:id="n-25" target="#note-t-25">
<ab>In his ‘Introduction’ to <rs type="lit" key="11"><hi rend="ital">L’amour</hi></rs> <rs type="pers" key="707">Michelet</rs> says: ‘<hi rend="ital">Two people spend less than one</hi>. I see many a bachelor who remains such from a dread of the expenses of marriage, but spends infinitely more.’ (<hi rend="ital">Deux personnes dépensent moins qu’une</hi>. Je vois force célibataires qui restent tels par l’effroi des dépenses du mariage, mais dépensent infiniment plus.) And he goes on to say: ‘These “marriages of a moment”, that are women’s wretchedness, are not for that reason the less dearly beloved by men’ (Ces mariages d’un moment, qui sont la misère de la femme, n’en sont pas moins très-chers pour l’homme) (Michelet, <hi rend="ital">L’amour</hi>, pp. 39-40).</ab></note>
<note n="26" xml:id="n-26" target="#note-t-26">
<ab>
  <bibleref xmlns="http://www.vangoghletters.org/ns/" book="Deut" chap="28" v="23">Deut. 28:23</bibleref>.</ab></note>
<note n="27" xml:id="n-27" target="#note-t-27">
<ab>Van Gogh plays on words in the French.</ab></note>
<note n="28" xml:id="n-28" target="#note-t-28">
<ab>Taken from <rs type="pers" key="707">Michelet</rs>’s <rs type="lit" key="12"><hi rend="ital">La femme</hi></rs> (Michelet 1863, p. 67). Van Gogh quotes this sentence again in <ref target="let225.xml">letters 225</ref> and <ref target="let245.xml">245</ref>.</ab></note>
<note n="29" xml:id="n-29" target="#note-t-29">
<ab>Taken from Michelet’s <rs type="lit" key="11"><hi rend="ital">L’amour</hi></rs>; <ref target="let180.xml#n-2">see letter 180, n. 2.</ref></ab></note>
<note n="30" xml:id="n-30" target="#note-t-30">
<ab>A reference to the ‘Trojan horse’, by means of which the Greeks were able to conquer Troy after a 10-year siege (as described in <rs type="pers" key="655">Homer</rs>’s <hi rend="ital">Iliad</hi>).</ab></note>
<note n="31" xml:id="n-31" target="#note-t-31">
<ab>
  <bibleref xmlns="http://www.vangoghletters.org/ns/" book="Luke" chap="15" vr="4-7">Luke 15:4-7</bibleref>.</ab></note></div></body></text></TEI>
