<?xml version="1.0" encoding="UTF-8"?>
<!-- Last Changed Date: 2018-07-18 12:32:41 +0200 (Wed, 18 Jul 2018) | SVN Revision: 2206 -->
<!--Licensed under Attribution-NonCommercial-ShareAlike 4.0 International (CC BY-NC-SA 4.0)-->
<?xml-model href="https://xmlschema.huygens.knaw.nl/vgodd.rng" type="application/xml" schematypens="http://relaxng.org/ns/structure/1.0"?>
<TEI xmlns:vg="http://www.vangoghletters.org/ns/" xmlns="http://www.tei-c.org/ns/1.0">
<teiHeader xmlns:xsi="http://www.w3.org/2001/XMLSchema-instance"><fileDesc>
<titleStmt>
<title>To Cornelis Marinus van Gogh. Dordrecht, Thursday, 8 March 1877.</title>
<editor>Leo Jansen</editor>
<editor>Hans Luijten</editor>
<editor>Nienke Bakker</editor></titleStmt>
<publicationStmt>
<publisher><name>Huygens Instituut voor Nederlandse Geschiedenis (KNAW)</name><email>info@huygens.knaw.nl</email></publisher>
<publisher>Van Gogh Museum</publisher>
<pubPlace>Amsterdam</pubPlace>
<date type="first" when="2009">2009</date>
<availability status="restricted">
<licence target="http://creativecommons.org/licenses/by-nc-sa/4.0/ https://creativecommons.org/licenses/by-nc-sa/4.0/legalcode">
<p>Attribution-NonCommercial-ShareAlike 4.0 International (CC BY-NC-SA 4.0) </p></licence></availability>
<ptr target="http://vangoghletters.org/orig/let107"/></publicationStmt><sourceDesc><vg:letDesc><vg:letIdentifier>
<idno type="jlb">107</idno>
<idno type="collectedletters">87a</idno>
<idno type="brieven1990">107</idno></vg:letIdentifier><vg:letHeading><author>Vincent van Gogh</author><vg:addressee>Cornelis Marinus van Gogh</vg:addressee><vg:placeLet>Dordrecht</vg:placeLet><vg:dateLet>Thursday, 8 March 1877</vg:dateLet></vg:letHeading><vg:letContents>
<p>To Cornelis Marinus van Gogh. Dordrecht, Thursday, 8 March 1877.</p></vg:letContents>
<note type="sourceStatus" xml:id="sourceStatus">
<p>Original manuscript</p></note>
<note type="location" xml:id="location">
<p>Amsterdam, Van Gogh Museum, inv. no. b105 V/1962</p></note>
<note type="date" xml:id="date">
<p>Letter headed: ‘Dordrecht 8 Maart 1877’.</p></note>
<note type="additionalDetail" xml:id="additionalDetail">
<p>Because this letter comes from Theo’s estate, it is doubtful whether it was ever forwarded to Uncle Cor. It is possible that Theo already had an appointment with Uncle Cor, which would have made Vincent’s letter unnecessary.</p></note></vg:letDesc></sourceDesc></fileDesc></teiHeader>
<facsimile xmlns:xsi="http://www.w3.org/2001/XMLSchema-instance">
<surface n="b 0105" xml:id="surf-pb-1r"><graphic mimeType="image/tiff" url="VGM001000114_01.TIF" rend="norend"/><graphic mimeType="image/tiff" url="VGM001000114_01_n.tif" rend="norend"/><graphic mimeType="image/jpeg" url="VGM001000114_01_nt.jpg" height="50px" rend="thumbnail"/><zone xml:id="zone-pb-1r-1">
<graphic mimeType="image/tiff" url="VGM001000114_01_nR.tif" rend="norend"/><graphic mimeType="image/jpeg" url="VGM001000114_01_nRt.jpg" height="50px" rend="thumbnail"/><graphic mimeType="image/png" url="VGM001000114_01_nRf.png" width="380px" rend="facstab"/></zone>
</surface>
<surface n="b 0105" xml:id="surf-pb-1v"><graphic mimeType="image/tiff" url="VGM001000114_02.TIF" rend="norend"/><graphic mimeType="image/tiff" url="VGM001000114_02_n.tif" rend="norend"/><graphic mimeType="image/jpeg" url="VGM001000114_02_nt.jpg" height="50px" rend="thumbnail"/><zone xml:id="zone-pb-1v-2">
<graphic mimeType="image/tiff" url="VGM001000114_02_nL.tif" rend="norend"/><graphic mimeType="image/jpeg" url="VGM001000114_02_nLt.jpg" height="50px" rend="thumbnail"/><graphic mimeType="image/png" url="VGM001000114_02_nLf.png" width="380px" rend="facstab"/></zone>
</surface></facsimile><text xmlns:xsi="http://www.w3.org/2001/XMLSchema-instance"><body>
<div type="original">
<pb f="1r" n="1" xml:id="pb-orig-1r-1" facs="#zone-pb-1r-1"/><lb n="1" xml:id="l-1"/>
<ab>Dordrecht 8 Maart 1877</ab>
<vg:whiteline/><lb n="2" xml:id="l-2"/>
<ab>Waarde Oom,</ab><lb n="3" xml:id="l-3"/>
<ab>Toen Pa onlangs hier was<anchor n="1" xml:id="note-o-1"/> deelde Hij mij mede dat U <lb n="4" xml:id="l-4"/>gevraagd had of Theo en ik eens een dag bij U zouden <lb n="5" xml:id="l-5"/>kunnen komen.–</ab><lb n="6" xml:id="l-6"/>
<ab rend="indent">Niet weinig verlang ik er naar om U en Tante eens <lb n="7" xml:id="l-7"/>weder te zien en te spreken en wilde U daarom vragen <lb n="8" xml:id="l-8"/>of het U zou gelegen komen als Theo en ik aanst. Zondag <lb n="9" xml:id="l-9"/>met den eersten trein uit s’Hage gingen om tot s’middags <lb n="10" xml:id="l-10"/>of s’avonds bij U te blijven.–</ab><lb n="11" xml:id="l-11"/>
<ab rend="indent">Theo moet spoedig op reis<anchor n="2" xml:id="note-o-2"/> en als wij het nu niet doen <lb n="12" xml:id="l-12"/>komt er misschien in lang niet van.</ab><lb n="13" xml:id="l-13"/>
<ab rend="indent">Het was een heerlijken dag laatst toen Pa hier was<c type="kk">/</c> <lb n="14" xml:id="l-14"/>wij hebben zamen gewandeld en zijn nog op het <lb n="15" xml:id="l-15"/>museum geweest om de schilderijen van Scheffer te zien<c type="kp">_</c> <lb n="16" xml:id="l-16"/>Het gaat mij hier goed, er is in ’t begin van ’t jaar veel <lb n="17" xml:id="l-17"/>werk aan den winkel zoodat ik er s’avonds tot 12 of <lb n="18" xml:id="l-18"/>1 uur ben.–</ab><lb n="19" xml:id="l-19"/>
<ab rend="indent">Het is mij goed weer in Holland te zijn, alleen was het <lb n="20" xml:id="l-20"/>werk ginder<anchor n="3" xml:id="note-o-3"/> met al de moeite en innige teleurstelling er aan <lb n="21" xml:id="l-21"/>verbonden mij lief en is dat nog – en ben ik door de <lb n="22" xml:id="l-22"/>teleurstelling en voor ditmaal betrekkelijke mislukking innig <lb n="23" xml:id="l-23"/>aan verbonden.–</ab>
<pb f="1v" n="2" xml:id="pb-orig-1v-2" facs="#zone-pb-1v-2"/><lb n="24" xml:id="l-24"/>
<ab rend="indent">Het is heerlijk dat Anna ook weer dadelijk eene <lb n="25" xml:id="l-25"/>betrekking heeft gevonden, ik hoop maar zij het er goed <lb n="26" xml:id="l-26"/>zal treffen.<anchor n="4" xml:id="note-o-4"/></ab><lb n="27" xml:id="l-27"/>
<ab rend="indent">In geval U goed vindt dat Theo en ik aanst. Zondag <lb n="28" xml:id="l-28"/>komen<c type="kk">/</c> schrijf dan s.v<c type="kp">_</c>p. nog aan een van ons een <lb n="29" xml:id="l-29"/>briefkaart en geloof mij intusschen na hartelijke <lb n="30" xml:id="l-30"/>groete aan U en Tante</ab><vg:whiteline/> <lb n="31" xml:id="l-31"/>
<ab>Uw liefh. neef</ab><lb n="32" xml:id="l-32"/>
<ab>Vincent</ab> <lb n="33" xml:id="l-33"/><vg:whiteline/>
<ab>Reeds vroeger zou ik U hierover hebben geschreven indien niet Pa eerst <lb n="34" xml:id="l-34"/>gisteren mij gevraagd had aanst<c type="kp">_</c> Zondag te gaan.–<anchor n="5" xml:id="note-o-5"/></ab>
<vg:whiteline/></div>
<div type="translation">
<pb f="1r" n="1" xml:id="pb-trans-1r-1" facs="#zone-pb-1r-1"/>
<ab>Dordrecht, 8 March 1877</ab>
<vg:whiteline/>
<ab>My dear <rs type="pers" key="422">Uncle</rs>,</ab>
<ab>When <rs type="pers" key="526">Pa</rs> was here recently<anchor n="1" xml:id="note-t-1"/> he told me that you had asked whether Theo and I could come and see you some day.</ab>
<ab rend="indent">I long so much to see and talk to you and <rs type="pers" key="74">Aunt</rs> again, and so I’d like to ask if it would be convenient for you if Theo and I came next Sunday with the first train from The Hague, and stayed with you until the afternoon or evening.</ab>
<ab rend="indent">Theo has to go on a trip soon,<anchor n="2" xml:id="note-t-2"/> and if we don’t do it now it may not be possible for a long time.</ab>
<ab rend="indent">It was a wonderful day when <rs type="pers" key="526">Pa</rs> was here recently; we took a walk together and also went to the museum to see the paintings by <rs type="pers" key="1339">Scheffer</rs>. I’m doing well here, at the beginning of the year there’s a lot of work in the shop, so I’m there until 12 or 1 o’clock at night.</ab>
<ab rend="indent">I’m happy to be back in Holland, only I loved the work over there<anchor n="3" xml:id="note-t-3"/> – even with all the trouble and deep disappointment connected with it – and continue to do so, and the disappointment and, for once, relative failure make me deeply attached to it.
<pb f="1v" n="2" xml:id="pb-trans-1v-2" facs="#zone-pb-1v-2"/></ab>
<ab rend="indent">It’s wonderful that <rs type="pers" key="412">Anna</rs> has found another situation straightaway; I only hope it will be to her liking.<anchor n="4" xml:id="note-t-4"/></ab>
<ab rend="indent">If it’s all right with you that Theo and I come next Sunday, please write a postcard to one of us, and believe me meanwhile, after warm regards to <rs type="pers" key="422 74">you and Aunt</rs></ab>
    <vg:whiteline/>
<ab>Your loving nephew</ab>
<ab>Vincent</ab>
<vg:whiteline/>
<ab>I would have written to you about this earlier if <rs type="pers" key="526">Pa</rs> hadn’t asked me only yesterday to go next Sunday.<anchor n="5" xml:id="note-t-5"/></ab></div>
<div type="notes">
<note n="1" xml:id="n-1" target="#note-t-1">
<ab><rs type="pers" key="526">Mr van Gogh</rs> had visited Vincent in Dordrecht on Friday, 16 February. On 19 February he wrote to Theo: ‘Last Friday I arrived home safely and found everyone well. From 2-6 o’clock I was with Vincent. He was already waiting for me at the railway station, and he was given time off for as long as I was there. Again I received a very favourable impression of <rs type="pers" key="306">Mr Braat</rs>. He is certainly an upright and amiable man. Together we visited <rs type="pers" key="474">Rev. Keller van Hoorn</rs>, who received us so charmingly. Then we went to his lodging-house for a little while. We also saw the museum with paintings by <rs type="pers" key="1339">Ary Scheffer</rs>, extremely beautiful. Then we walked for a bit – and ate together, steak and potatoes and a glass of beer for 1.90 guilders for two, it was really good there. Dordrecht is positively beautiful. You must also go there some time, for I fear that Vincent does not have enough money at present to go and visit you. You could do it sometime on a Sunday. But then you should write to him in advance. Then you and he would have a pleasant day. I did my best to press some money into Vincent’s hand – but he won’t have anything to do with it. He had to pay 9 guilders to have his trunk sent from England, so he won’t have anything left over for a while. He really is such a good fellow, I enjoyed his company, and at the museum he was really in his element’ (FR b2507).</ab></note>
<note n="2" xml:id="n-2" target="#note-t-2">
<ab>This refers to the sales trip intended to promote Goupil’s new prints and editions (the so-called <hi rend="ital">nouveautés</hi>).</ab></note>
<note n="3" xml:id="n-3" target="#note-t-3">
<ab>In Isleworth.</ab></note>
<note n="4" xml:id="n-4" target="#note-t-4">
<ab><rs type="pers" key="412">Anna</rs> was to become a companion to the <rs type="pers" key="413">Van Houten</rs> family in Hengelo in the province of Overijssel in the east of the Netherlands. She hoped to start work on 1 March (FR b2504 and b2505), but this was postponed until 6 April; <ref target="let110.xml#n-3">see letter 110, n. 3.</ref></ab></note>
<note n="5" xml:id="n-5" target="#note-t-5">
<ab>This visit was to take place a week later, on Sunday, 18 March; cf. <ref target="let108.xml#n-1">letter 108, n. 1,</ref> and FR b2514 and b2518.</ab></note></div></body></text></TEI>
