<?xml version="1.0" encoding="UTF-8"?>
<!-- Last Changed Date: 2018-07-18 12:32:41 +0200 (Wed, 18 Jul 2018) | SVN Revision: 2206 -->
<!--Licensed under Attribution-NonCommercial-ShareAlike 4.0 International (CC BY-NC-SA 4.0)-->
<?xml-model href="https://xmlschema.huygens.knaw.nl/vgodd.rng" type="application/xml" schematypens="http://relaxng.org/ns/structure/1.0"?>
<TEI xmlns:vg="http://www.vangoghletters.org/ns/" xmlns="http://www.tei-c.org/ns/1.0">
<teiHeader xmlns:xsi="http://www.w3.org/2001/XMLSchema-instance"><fileDesc>
<titleStmt>
<title>To Theo van Gogh. The Hague, Thursday, 29 December 1881.</title>
<editor>Leo Jansen</editor>
<editor>Hans Luijten</editor>
<editor>Nienke Bakker</editor></titleStmt>
<publicationStmt>
<publisher><name>Huygens Instituut voor Nederlandse Geschiedenis (KNAW)</name><email>info@huygens.knaw.nl</email></publisher>
<publisher>Van Gogh Museum</publisher>
<pubPlace>Amsterdam</pubPlace>
<date type="first" when="2009">2009</date>
<availability status="restricted">
<licence target="http://creativecommons.org/licenses/by-nc-sa/4.0/ https://creativecommons.org/licenses/by-nc-sa/4.0/legalcode">
<p>Attribution-NonCommercial-ShareAlike 4.0 International (CC BY-NC-SA 4.0) </p></licence></availability>
<ptr target="http://vangoghletters.org/orig/let194"/></publicationStmt><sourceDesc><vg:letDesc><vg:letIdentifier>
<idno type="jlb">194</idno>
<idno type="collectedletters">166</idno>
<idno type="brieven1990">194</idno></vg:letIdentifier><vg:letHeading><author>Vincent van Gogh</author><vg:addressee>Theo van Gogh</vg:addressee><vg:placeLet>The Hague</vg:placeLet><vg:dateLet>Thursday, 29 December 1881</vg:dateLet></vg:letHeading><vg:letContents>
<p>To Theo van Gogh. The Hague, Thursday, 29 December 1881.</p>
<note type="ongoingTopic" n="1">
<p>Van Gogh’s love for Kee Vos <ref target="let179.xml">(179)</ref></p></note>
<note type="ongoingTopic" n="2">
<p>Mauve gives Van Gogh advice (<ref target="let192.xml">192</ref>)</p></note></vg:letContents>
<note type="sourceStatus" xml:id="sourceStatus">
<p>Original manuscript</p></note>
<note type="location" xml:id="location">
<p>Amsterdam, Van Gogh Museum, inv. no. b187 V/1962</p></note>
<note type="date" xml:id="date">
<p>Letter headed: ‘Donderdag avond’. The letter was written on a Thursday between Vincent’s departure from Etten on 25 December 1881 <ref target="#l-11">(l. 11)</ref> and his move into a new studio on 1 January <ref target="#l-75">(l. 75)</ref>, i.e. Thursday, 29 December 1881.</p></note></vg:letDesc></sourceDesc></fileDesc></teiHeader>
<facsimile xmlns:xsi="http://www.w3.org/2001/XMLSchema-instance">
<surface n="b 0187" xml:id="surf-pb-1r"><graphic mimeType="image/tiff" url="VGM001000212_01.TIF" rend="norend"/><graphic mimeType="image/tiff" url="VGM001000212_01_n.tif" rend="norend"/><graphic mimeType="image/jpeg" url="VGM001000212_01_nt.jpg" height="50px" rend="thumbnail"/><zone xml:id="zone-pb-1r-1">
<graphic mimeType="image/tiff" url="VGM001000212_01_nR.tif" rend="norend"/><graphic mimeType="image/jpeg" url="VGM001000212_01_nRt.jpg" height="50px" rend="thumbnail"/><graphic mimeType="image/png" url="VGM001000212_01_nRf.png" width="380px" rend="facstab"/></zone>
<zone xml:id="zone-pb-1r-4">
<graphic mimeType="image/tiff" url="VGM001000212_01_nL.tif" rend="norend"/><graphic mimeType="image/jpeg" url="VGM001000212_01_nLt.jpg" height="50px" rend="thumbnail"/><graphic mimeType="image/png" url="VGM001000212_01_nLf.png" width="380px" rend="facstab"/></zone>
</surface>
<surface n="b 0187" xml:id="surf-pb-1v"><graphic mimeType="image/tiff" url="VGM001000212_02.TIF" rend="norend"/><graphic mimeType="image/tiff" url="VGM001000212_02_n.tif" rend="norend"/><graphic mimeType="image/jpeg" url="VGM001000212_02_nt.jpg" height="50px" rend="thumbnail"/><zone xml:id="zone-pb-1v-2">
<graphic mimeType="image/tiff" url="VGM001000212_02_nL.tif" rend="norend"/><graphic mimeType="image/jpeg" url="VGM001000212_02_nLt.jpg" height="50px" rend="thumbnail"/><graphic mimeType="image/png" url="VGM001000212_02_nLf.png" width="380px" rend="facstab"/></zone>
<zone xml:id="zone-pb-1v-3">
<graphic mimeType="image/tiff" url="VGM001000212_02_nR.tif" rend="norend"/><graphic mimeType="image/jpeg" url="VGM001000212_02_nRt.jpg" height="50px" rend="thumbnail"/><graphic mimeType="image/png" url="VGM001000212_02_nRf.png" width="380px" rend="facstab"/></zone>
</surface></facsimile><text xmlns:xsi="http://www.w3.org/2001/XMLSchema-instance"><body>
<div type="original">
<pb f="1r" n="1" xml:id="pb-orig-1r-1" facs="#zone-pb-1r-1"/><lb n="1" xml:id="l-1"/>
<ab>den Haag Donderdag<lb n="2" xml:id="l-2"/> avond</ab>
<vg:whiteline/><lb n="3" xml:id="l-3"/>
<ab>Waarde Theo,</ab><lb n="4" xml:id="l-4"/>
<ab>Ontvang mijn dank voor Uw brief &amp; het ingeslotene<c type="kp">_</c> <lb n="5" xml:id="l-5"/>Ik was te Etten terug toen ik Uw brief ontving<c type="kk">/</c> zooals <lb n="6" xml:id="l-6"/>ik U schreef volgens overleg met Mauve. Maar nu ziet <lb n="7" xml:id="l-7"/>ge<c type="kk">/</c> ben ik toch weer te s’Hage terug.</ab><lb n="8" xml:id="l-8"/>
<ab rend="indent">Op kerstmis had ik nog al een heftige scène met Pa <lb n="9" xml:id="l-9"/>en het liep zoo hoog dat Pa zei ’t beter was ik t’huis maar <lb n="10" xml:id="l-10"/>zou verlaten. Nu, het werd zoo gedecideerd gezegd <lb n="11" xml:id="l-11"/>dat ik nog denzelfden dag werkelijk vertrok.</ab><lb n="12" xml:id="l-12"/>
<ab rend="indent">Het kwam eigentlijk aan door dat ik niet naar de kerk <lb n="13" xml:id="l-13"/>ging en ook zeide dat als het naar de kerk gaan <lb n="14" xml:id="l-14"/>iets gedwongens was &amp; ik naar de kerk <hi rend="ital">moest</hi><c type="kk">/</c> ik er <lb n="15" xml:id="l-15"/>zeer zeker zelfs nooit meer uit beleefdheid zou <lb n="16" xml:id="l-16"/>heengaan zooals ik dezen heelen tijd dat ik te Etten <lb n="17" xml:id="l-17"/>was vrij geregeld deed. Maar ach, eigentlijk zit <lb n="18" xml:id="l-18"/>er veel meer achter, o.a. de heele geschiedenis van <lb n="19" xml:id="l-19"/>’tgeen dezen zomer voorviel tusschen mij en K.V.</ab><lb n="20" xml:id="l-20"/>
<ab rend="indent">Ik was zoo driftig als ik me niet herinner ooit in <lb n="21" xml:id="l-21"/>mijn leven geweest te zijn, en ik heb ronduit <lb n="22" xml:id="l-22"/>tegen Pa gezegd dat ik het heele systeem van die <lb n="23" xml:id="l-23"/>godsdienst afschuwelijk vond en juist omdat gedurende <lb n="24" xml:id="l-24"/>een miserabelen tijd van mijn leven ik mij te veel in <lb n="25" xml:id="l-25"/>die dingen verdiept<anchor n="1" xml:id="note-o-1"/> heb er niets meer mee wil <lb n="26" xml:id="l-26"/>te maken hebben en mij er voor wachten moet als <lb n="27" xml:id="l-27"/>voor iets fataals.–</ab><lb n="28" xml:id="l-28"/>
<ab rend="indent">Ben ik <hi rend="ital">te</hi> driftig<c type="kk">/</c> <hi rend="ital">te</hi> heftig geweest – het zij zoo<c type="kk">/</c> <lb n="29" xml:id="l-29"/>maar al ware dat eens het geval dan is ’t nu <lb n="30" xml:id="l-30"/>meteen voor goed uit ook.</ab><lb n="31" xml:id="l-31"/>
<ab rend="indent">Ik ging naar M. terug en zei<c type="kk">/</c> hoor eens M.<c type="kk">/</c> te <lb n="32" xml:id="l-32"/>Etten kan ’t niet gaan en ik moet ergens anders<c type="kk">/</c> <lb n="33" xml:id="l-33"/>liefst hier gaan wonen.</ab><lb n="34" xml:id="l-34"/>
<ab rend="indent">Nu<c type="kk">/</c> M. zei<c type="kk">/</c> dan maar hier. En dus ik heb <lb n="35" xml:id="l-35"/>hier een atelier gehuurd<c type="kk">/</c> n.l. een kamer en alkoof <lb n="36" xml:id="l-36"/>die er voor geschikt te maken zijn. goedkoop genoeg<c type="kk">/</c> <lb n="37" xml:id="l-37"/>even buiten de stad op den Schenkweg, een minuut of <lb n="38" xml:id="l-38"/>10 achter M.<anchor n="2" xml:id="note-o-2"/></ab>
<pb f="1v" n="2" xml:id="pb-orig-1v-2" facs="#zone-pb-1v-2"/><lb n="39" xml:id="l-39"/>
<ab rend="indent">Pa zei me, als ik geld noodig had wilde hij desnoods <lb n="40" xml:id="l-40"/>’t mij voorschieten maar dat kan nu niet meer<c type="kk">/</c> <lb n="41" xml:id="l-41"/>ik moet geheel &amp; al onafhankelijk blijven van Pa. <lb n="42" xml:id="l-42"/>Hoe? ik weet het nog niet maar M. wil me <lb n="43" xml:id="l-43"/>wat helpen desnoods en ik hoop &amp; vertrouw gij<c type="kk">/</c> en <lb n="44" xml:id="l-44"/>natuurlijk ik zal werken &amp; mij moeite geven zooveel <lb n="45" xml:id="l-45"/>ik kan om wat te verdienen.</ab><lb n="46" xml:id="l-46"/>
<ab rend="indent">Ik zit er nu en we zijn eenmaal in het <lb n="47" xml:id="l-47"/>schuitje<c type="kp">_</c>– Op een ongemakkelijk moment, <lb n="48" xml:id="l-48"/>maar qu’y faire.–</ab><lb n="49" xml:id="l-49"/>
<ab rend="indent">Ik moet wat eenvoudige meubels hebben, <lb n="50" xml:id="l-50"/>en bovendien al mijn uitgaven voor teeken- &amp; schilder<c type="shy">-</c><lb n="51" xml:id="l-51"/>behoeften worden er niet minder op.</ab><lb n="52" xml:id="l-52"/>
<ab rend="indent">Ook moet ik probeeren me wat beter te kleeden. <lb n="53" xml:id="l-53"/>’t Is gewaagd en eene kwestie van erop of <lb n="54" xml:id="l-54"/>er onder. Maar ’t moest er toch ééns toe <lb n="55" xml:id="l-55"/>komen dat ik me installeerde<c type="kk">/</c> dus wat wil ik<c type="kk">/</c> <lb n="56" xml:id="l-56"/>het is nu sneller gegaan dan ik verwacht had.–</ab><lb n="57" xml:id="l-57"/>
<ab rend="indent">Wat betreft de verhouding tusschen Pa en Moe en mij<c type="kk">/</c> dat <lb n="58" xml:id="l-58"/>zal zich zoo heel spoedig niet redresseeren. Het <lb n="59" xml:id="l-59"/>verschil van denk- en zienswijs is al te groot.–</ab><lb n="60" xml:id="l-60"/>
<ab rend="indent">En ofschoon ik in drift gesproken heb zoo heb ik toch <lb n="61" xml:id="l-61"/>de dingen gezegd zooals ik ze ook in bedaarder <lb n="62" xml:id="l-62"/>stemming opvat. Ik neem het dus ook niet <lb n="63" xml:id="l-63"/>terug wat ik gezegd heb en enfin<c type="kk">/</c> Pa heeft dat <lb n="64" xml:id="l-64"/>nu eens ronduit gehoord. Ware ik bedaarder geweest<c type="kk">/</c> <lb n="65" xml:id="l-65"/>ik zou het in andere<c type="kk">/</c> minder hoog opgevoerde <lb n="66" xml:id="l-66"/>kleuren gezegd hebben maar in den grond zou ik toch <lb n="67" xml:id="l-67"/>hetzelfde hebben gedacht.</ab><lb n="68" xml:id="l-68"/>
<ab rend="indent">En ik hoop dat het toch in elk geval tot iets <lb n="69" xml:id="l-69"/>goeds zal leiden. Ik moet een kwaden tijd door <lb n="70" xml:id="l-70"/>en het water komt hoog<c type="kk">/</c> misschien tot aan de <lb n="71" xml:id="l-71"/>lippen en misschien nog hooger<c type="kk">/</c> wat weet <lb n="72" xml:id="l-72"/>ik daar vooruit van. Maar ik zal mijn strijd <lb n="73" xml:id="l-73"/>strijden &amp; mijn leven duur verkoopen &amp; probeeren <lb n="74" xml:id="l-74"/>’t te winnen en er boven op te komen.–</ab>
<pb f="1v" n="3" xml:id="pb-orig-1v-3" facs="#zone-pb-1v-3"/><lb n="75" xml:id="l-75"/>
<ab rend="indent">Tegen 1 Januarij betrek ik het atelier. Ik zal <lb n="76" xml:id="l-76"/>wat betreft meubels het aller eenvoudigste nemen<c type="kk">/</c> <lb n="77" xml:id="l-77"/>een houten tafel<c type="kk">/</c> een paar stoelen.</ab><lb n="78" xml:id="l-78"/>
<ab rend="indent">Voor bed zou ik tevreden zijn met een wollen deken <lb n="79" xml:id="l-79"/>en den grond. Maar M. wil dat ik toch een <lb n="80" xml:id="l-80"/>bed zal nemen &amp; wil ’t me desnoods voorschieten. <lb n="81" xml:id="l-81"/>Bij ’t opmaken van de rekening over de frs 100 kwam <lb n="82" xml:id="l-82"/>’t uit dat er nog geld over was ofschoon ik dus <lb n="83" xml:id="l-83"/>toch tweemaal op reis geweest ben dezen zomer er van<c type="kk">/</c> en <lb n="84" xml:id="l-84"/>eens<c type="kk">/</c> nu de laatste keer<c type="kk">/</c> voor zoo’n langen tijd. <lb n="85" xml:id="l-85"/>Het is waar dat ik t’huis heb medegegeten &amp; ge<c type="shy">-</c><lb n="86" xml:id="l-86"/>logeerd maar Pa heeft dat zelf gezegd in der <lb n="87" xml:id="l-87"/>tijd dat hij er dat voor over had.</ab><lb n="88" xml:id="l-88"/>
<ab rend="indent">Gij begrijpt ik zit nu verbazend in de zorg <lb n="89" xml:id="l-89"/>en voorzie veel tobberij. Maar ’t is me toch een <lb n="90" xml:id="l-90"/>rust dat ik zòò ver gegaan ben dat ik niet <lb n="91" xml:id="l-91"/>meer terug <hi rend="ital">kan</hi> en dat ofschoon de weg <lb n="92" xml:id="l-92"/>moeielijk te bewandelen is<c type="kk">/</c> mijn weg nu duidelijk <lb n="93" xml:id="l-93"/>genoeg zich afteekent<c type="kp">_</c></ab><lb n="94" xml:id="l-94"/>
<ab rend="indent">Het spreekt van zelf dat ik U vraag<c type="kk">/</c> Theo als <lb n="95" xml:id="l-95"/>gij het kunt doen stuur mij dan nu en dan <lb n="96" xml:id="l-96"/>wat gij kunt zonder U zelven in de penarie <lb n="97" xml:id="l-97"/>te helpen. En – in de gegevenen<c type="kk">/</c> stuur <lb n="98" xml:id="l-98"/>’t liever aan mij dan dat ge ’t aan anderen <lb n="99" xml:id="l-99"/>zoudt geven. Want als het mogelijk is moeten <lb n="100" xml:id="l-100"/>we Mauve er niet in mengen wat ’t finantieele <lb n="101" xml:id="l-101"/>aangaat. Het is al onwaardeerbaar veel <lb n="102" xml:id="l-102"/>waard dat hij mij op artistiek gebied met zijn <lb n="103" xml:id="l-103"/>raad &amp; daad bijstaat. Hij staat er echter op <lb n="104" xml:id="l-104"/>ik moet b.v. een bed &amp; een paar meubels nemen <lb n="105" xml:id="l-105"/>&amp; zegt<c type="kk">/</c> ik zal ’t je voorschieten des noods. Want <lb n="106" xml:id="l-106"/>volgens hem moet ik <hi rend="ital">quand même</hi> toch ook goed <lb n="107" xml:id="l-107"/>voor den dag komen wat kleeren betreft en <lb n="108" xml:id="l-108"/>het niet zoeken in al te veel zich bekrimpen.</ab>
<pb f="1r" n="4" xml:id="pb-orig-1r-4" facs="#zone-pb-1r-4"/><lb n="109" xml:id="l-109"/>
<ab rend="indent">Ik schrijf U spoedig wel meer. <hi rend="ital">Ik wil</hi> <lb n="110" xml:id="l-110"/><hi rend="ital">het niet als een ongeluk beschouwen</hi> dat het zoo <lb n="111" xml:id="l-111"/>geloopen is<c type="kk">/</c> integendeel<c type="kk">/</c> ondanks allerlei emotie <lb n="112" xml:id="l-112"/>voel ik toch een zekere kalmte.</ab><lb n="113" xml:id="l-113"/>
<ab rend="indent"><hi rend="ital">There is safety in the midst of danger</hi>.–<anchor n="3" xml:id="note-o-3"/> <lb n="114" xml:id="l-114"/>Wat zou het leven zijn als we niet wat durfden <lb n="115" xml:id="l-115"/>aanpakken.</ab><lb n="116" xml:id="l-116"/>
<ab rend="indent">Ik heb overal rondgeloopen om dat atelier te vinden <lb n="117" xml:id="l-117"/>zoowel in stad als op Scheveningen.</ab><lb n="118" xml:id="l-118"/>
<ab rend="indent">Scheveningen is horrible duur. Dit atelier kost <lb n="119" xml:id="l-119"/>maar f<c type="kp">_</c> 7.- per maand maar de meubels <lb n="120" xml:id="l-120"/>maken het moeielijk. Toch<c type="kk">/</c> heeft men een eigen <lb n="121" xml:id="l-121"/>gedoente dan loopt dat ook niet meer weg, en <lb n="122" xml:id="l-122"/>heeft men meer vastigheid onder de voeten.</ab><lb n="123" xml:id="l-123"/>
<ab rend="indent">Het licht is van ’t zuiden zoo ongeveer maar het <lb n="124" xml:id="l-124"/>raam is groot en hoog<anchor n="4" xml:id="note-o-4"/> en ik heb hoop het er over <lb n="125" xml:id="l-125"/>eenigen tijd wat aardig zal uitzien.</ab><lb n="126" xml:id="l-126"/>
<ab rend="indent">Ge kunt denken dat ik mij zeer geanimeerd gevoel<c type="kp">_</c> <lb n="127" xml:id="l-127"/>Hoe zal het over een jaar zijn met mijn werk? <lb n="128" xml:id="l-128"/>Kon ik maar uitdrukken wat ik voel – nu<c type="kk">/</c> Mauve <lb n="129" xml:id="l-129"/>begrijpt daar alles van en hij wil me zooveel <lb n="130" xml:id="l-130"/>technische wenken geven als hij kan – ’tgeen <lb n="131" xml:id="l-131"/>waarvan mijn hoofd &amp; hart vol is dat moet er <lb n="132" xml:id="l-132"/>uit komen in teekeningen of schilderijen.</ab><lb n="133" xml:id="l-133"/>
<ab rend="indent">Mauve zelf is druk bezig aan een groot Schij <lb n="134" xml:id="l-134"/>van een pink die met paarden tegen de duinen <lb n="135" xml:id="l-135"/>opgesleept wordt.<anchor n="5" xml:id="note-o-5"/> Ik vind het heerlijk te s’Hage <lb n="136" xml:id="l-136"/>te zijn en ik vind hier zoo oneindig veel <lb n="137" xml:id="l-137"/>moois en ik moet daarvan iets zoeken weer te geven.</ab><lb n="138" xml:id="l-138"/>
<ab rend="indent">à Dieu kerel<c type="kk">/</c> ontvang een handdruk <lb n="139" xml:id="l-139"/>in gedachten en schrijf spoedig, geloof me</ab>
<vg:whiteline/><lb n="140" xml:id="l-140"/>
<ab>t. à. t.</ab><lb n="141" xml:id="l-141"/>
<ab>Vincent</ab>
<vg:whiteline/><lb n="142" xml:id="l-142"/>
<ab>Veel groeten van M. en Jet.</ab>
<vg:whiteline/><lb n="143" xml:id="l-143"/>
<ab>Ik heb nog een beetje geld maar hoe lang zal ik <lb n="144" xml:id="l-144"/>er mee kunnen rondkomen. Tot 1 Januarij <lb n="145" xml:id="l-145"/>moet ik in ’t logement blijven.</ab>
<vg:whiteline/><lb n="146" xml:id="l-146"/>
<ab>Adresseer Uw brieven maar adres A. Mauve. Uileboomen 198. ik kom daar <lb n="147" xml:id="l-147"/>toch bijna dagelijks.</ab>
<vg:whiteline/>
<div type="textualNotes">
<note target="l-50" n="50">teeken- &lt; teeken</note>
<note target="l-59" n="59">denk- &lt; denk</note>
<note target="l-65" n="65">zou &lt; had</note></div></div>
<div type="translation">
<pb f="1r" n="1" xml:id="pb-trans-1r-1" facs="#zone-pb-1r-1"/>
<ab>The Hague, Thursday evening</ab>
<vg:whiteline/>
<ab>My dear Theo,</ab>
<ab>Accept my thanks for your letter and the enclosure. When I received your letter I was back in Etten, following <rs type="pers" key="323">Mauve</rs>’s advice, as I wrote to you. But now, as you see, I’m back in The Hague again.</ab>
<ab rend="indent">At Christmas I had a rather violent argument with <rs type="pers" key="526">Pa</rs>, and feelings ran so high that Pa said it would be better if I left home. Well, it was said so decidedly that I actually left the same day.</ab>
<ab rend="indent">Things actually came to a head because I didn’t go to church, and also said that if going to church was something forced and I <hi rend="ital">had</hi> to go to church, I’d most certainly never go again, not even out of politeness, as I’ve been doing fairly regularly the whole time I’ve been in Etten. But oh, there’s actually much more to it, including the whole story of what happened this summer between me and <rs type="pers" key="776">K.V.</rs></ab>
<ab rend="indent">I was angrier than I ever remember being in my whole life, and I told <rs type="pers" key="526">Pa</rs> plainly that I found the whole system of that religion loathsome, and precisely because I dwelled on those things too much during a miserable time in my life<anchor n="1" xml:id="note-t-1"/> I don’t want anything more to do with it, and have to guard against it as against something fatal.</ab>
<ab rend="indent">Was I <hi rend="ital">too</hi> angry, <hi rend="ital">too</hi> violent? – so be it, but even supposing that to be the case, then at least now it’s over and done with.</ab>
<ab rend="indent">I went back to <rs type="pers" key="323">M.</rs> and said, listen M., I can’t stay in Etten and I have to go and live somewhere else, preferably here.</ab>
<ab rend="indent">Well, <rs type="pers" key="323">M.</rs> said, stay here then. And so I’ve rented a studio here, namely a room and alcove which can be made suitable. Inexpensive enough, just outside town in Schenkweg, about 10 minutes from M.<anchor n="2" xml:id="note-t-2"/> 
<pb f="1v" n="2" xml:id="pb-trans-1v-2" facs="#zone-pb-1v-2"/></ab>
<ab rend="indent"><rs type="pers" key="526">Pa</rs> told me that if I needed money he would lend it to me if necessary, but now that’s impossible, I must remain completely independent of Pa. How? I don’t know yet, but <rs type="pers" key="323">M.</rs> is willing to help me if necessary, and you too, I hope and trust, and of course I’ll work and do my utmost to earn a little.</ab>
<ab rend="indent">I’m here now, and the fact is there’s no turning back. At an inconvenient time, but what’s to be done?</ab>
<ab rend="indent">I must have some simple furniture, and my expenses for drawing and painting materials aren’t getting any lower.</ab>
<ab rend="indent">I also have to try and dress better. It’s a daring move, and a question of sink or swim. But some day I’d have  set up house on my own, so what else can I do? Now things have gone faster than I expected.</ab>
<ab rend="indent">As far as the relations between <rs type="pers" key="524 526">Pa and Ma</rs> and me are concerned, they can’t be put to rights so very quickly. The difference in our mentality and outlook on life is simply too great.</ab>
<ab rend="indent">And although I spoke in anger, I said things that I also think when I’m in a calmer mood. So I don’t take back what I said, and anyway <rs type="pers" key="526">Pa</rs> has now heard it plainly. If I’d been calmer, I’d have said it in other, less extreme colours, but basically I’d have thought the same.</ab>
<ab rend="indent">And I hope that in any case it will lead to something good. I must endure bad times and the waters will rise, possibly as high as the lips and possibly even higher, how can I know beforehand? But I’ll fight my fight and sell my life dearly and try to win and pull through. 
<pb f="1v" n="3" xml:id="pb-trans-1v-3" facs="#zone-pb-1v-3"/></ab>
<ab rend="indent">I’ll be moving into the studio around 1 January. Regarding furniture, I’ll take the very simplest, a wooden table, a couple of chairs.</ab>
<ab rend="indent">For a bed, I’d be content with a woollen blanket and the floor. But <rs type="pers" key="323">M.</rs> wants me to buy a bed and will lend me the money if necessary. When drawing up an account of the 100 francs, there turned out to be money left over, even though I made two journeys this summer, and once, the last time, for such a long time. It’s true that I ate and slept at home, but <rs type="pers" key="526">Pa</rs> himself said at the time that he could spare it.</ab>
<ab rend="indent">You understand that I’m now extremely worried, and foresee much toil and tribulation. But still it’s a relief to me that I’ve gone so far that I <hi rend="ital">can no longer</hi> go back, and that even though the path is difficult, my path is now clear enough.</ab>
<ab rend="indent">It goes without saying that I’m asking you, Theo, if you can do it, to send me now and then what you can without going short yourself. And – in the circumstances, send it to me rather than giving it to others. Because if possible we shouldn’t get <rs type="pers" key="323">Mauve</rs> mixed up in this, as far as financial matters are concerned. It’s already of inestimable value that he helps me artistically in word and deed. He insists, however, that I buy a bed, for instance, and a couple of pieces of furniture, and says, I’ll lend it to you if necessary. Because according to him I must, <hi rend="ital">no matter what</hi>, appear presentable as regards my clothing, and not try to scrimp and save. 
<pb f="1r" n="4" xml:id="pb-trans-1r-4" facs="#zone-pb-1r-4"/></ab>
<ab rend="indent">I’ll write to you again soon. <hi rend="ital">I don’t want to consider it a misfortune</hi> that it’s turned out this way, on the contrary, despite all the emotion I feel a certain calm.</ab>
<ab rend="indent"><hi rend="ital">There is safety in the midst of danger</hi>.<anchor n="3" xml:id="note-t-3"/> What would life be if we didn’t dare to take things in hand?</ab>
<ab rend="indent">I ran around everywhere to find that studio, both in the city and in Scheveningen.</ab>
<ab rend="indent">Scheveningen is terribly expensive. This studio costs only 7 guilders a month, but the furniture makes it difficult. Still, if one has one’s own things, they won’t disappear, and one has surer ground beneath one’s feet.</ab>
<ab rend="indent">The light comes from the south, more or less, but the window is large and high,<anchor n="4" xml:id="note-t-4"/> and I have hopes that it will look nice after a time.</ab>
<ab rend="indent">You can imagine how stimulated I feel. What will my work be like in a year? If only I could express what I feel – well, <rs type="pers" key="323">Mauve</rs> understands all this and wants to give me as many technical tips as he can – what fills my head and heart must be expressed in drawings or paintings.</ab>
<ab rend="indent"><rs type="pers" key="323">Mauve</rs> himself is very busy with a large painting of a pink against the dunes being hauled by horses.<anchor n="5" xml:id="note-t-5"/> I think it’s wonderful to be in The Hague, and I find no end of beautiful things and I must try and depict some of them.</ab>
<ab rend="indent">Adieu, old chap, accept a handshake in thought and write soon, believe me</ab>
<vg:whiteline/>
<ab>Ever yours,</ab>
<ab>Vincent</ab>
<vg:whiteline/>
<ab>Many regards from <rs type="pers" key="321 323">M. and Jet</rs>.</ab>
    <vg:whiteline/>
<ab>I still have a bit of money, but how long will I be able to get by on it? I have to stay at the boarding-house until 1 January.</ab>
<vg:whiteline/>
<ab>Just address your letters to the address<rs type="pers" key="323"> A. Mauve</rs>. Uilebomen 198, since I go there almost every day.</ab></div>
<div type="notes">
<note n="1" xml:id="n-1" target="#note-t-1">
<ab>Van Gogh means the time he spent in Dordrecht, Amsterdam and the Borinage (from early 1877 until about August 1880, when he decided to become an artist).</ab></note>
<note n="2" xml:id="n-2" target="#note-t-2">
<ab>In fact the flat was located in a small street off Schenkweg, though it was considered part of the same street. The house number was 138 (from 1884 number 9). The owner of the house was <rs type="pers" key="63">Adrianus Johannes van der Drift</rs>. Van Gogh made a drawing of the group of houses to which his flat belonged: <hi rend="ital">Houses on Schenkweg</hi> (<rs type="otherart" key="685">F 915 / JH 122</rs>). See exhib. cat. The Hague 1990, pp. 17-19, and Visser 1973, pp. 23-24. Visser suggests, incidentally, that Van Gogh sublet his room from another (unknown) tenant.</ab></note>
<note n="3" xml:id="n-3" target="#note-t-3">
<ab>Regarding this saying, <ref target="let182.xml#n-7">see letter 182, n. 7.</ref></ab></note>
<note n="4" xml:id="n-4" target="#note-t-4">
<ab>Artists prefer a north-facing studio because the northern light is the most constant in quantity and colour.</ab></note>
<note n="5" xml:id="n-5" target="#note-t-5">
<ab><rs type="pers" key="323">Anton Mauve</rs>, <hi rend="ital">Fishing boat on the beach</hi>, 1882 (The Hague, Gemeentemuseum). <rs type="ill" key="239">Ill. 239</rs>. The canvas, measuring 115 x 172 cm, was shown at the 1882 Salon, which opened on 1 May 1882. Its title was <hi rend="ital">Sur la plage à Scheveningue </hi>(On the beach at Scheveningen). See exhib. cat. Paris 1882, p. 157, cat. no. 1811.</ab></note></div></body></text></TEI>
