<?xml version="1.0" encoding="UTF-8"?>
<!-- Last Changed Date: 2018-07-18 12:32:41 +0200 (Wed, 18 Jul 2018) | SVN Revision: 2206 -->
<!--Licensed under Attribution-NonCommercial-ShareAlike 4.0 International (CC BY-NC-SA 4.0)-->
<?xml-model href="https://xmlschema.huygens.knaw.nl/vgodd.rng" type="application/xml" schematypens="http://relaxng.org/ns/structure/1.0"?>
<TEI xmlns:vg="http://www.vangoghletters.org/ns/" xmlns="http://www.tei-c.org/ns/1.0">
<teiHeader xmlns:xsi="http://www.w3.org/2001/XMLSchema-instance"><fileDesc>
<titleStmt>
<title>To Theo van Gogh. Amsterdam, Sunday, 9 December 1877.</title>
<editor>Leo Jansen</editor>
<editor>Hans Luijten</editor>
<editor>Nienke Bakker</editor></titleStmt>
<publicationStmt>
<publisher><name>Huygens Instituut voor Nederlandse Geschiedenis (KNAW)</name><email>info@huygens.knaw.nl</email></publisher>
<publisher>Van Gogh Museum</publisher>
<pubPlace>Amsterdam</pubPlace>
<date type="first" when="2009">2009</date>
<availability status="restricted">
<licence target="http://creativecommons.org/licenses/by-nc-sa/4.0/ https://creativecommons.org/licenses/by-nc-sa/4.0/legalcode">
<p>Attribution-NonCommercial-ShareAlike 4.0 International (CC BY-NC-SA 4.0) </p></licence></availability>
<ptr target="http://vangoghletters.org/orig/let137"/></publicationStmt><sourceDesc><vg:letDesc><vg:letIdentifier>
<idno type="jlb">137</idno>
<idno type="collectedletters">116</idno>
<idno type="brieven1990">136</idno></vg:letIdentifier><vg:letHeading><author>Vincent van Gogh</author><vg:addressee>Theo van Gogh</vg:addressee><vg:placeLet>Amsterdam</vg:placeLet><vg:dateLet>Sunday, 9 December 1877</vg:dateLet></vg:letHeading><vg:letContents>
<p>To Theo van Gogh. Amsterdam, Sunday, 9 December 1877.</p></vg:letContents>
<note type="sourceStatus" xml:id="sourceStatus">
<p>Original manuscript</p></note>
<note type="location" xml:id="location">
<p>Amsterdam, Van Gogh Museum, inv. no. b135 V/1962</p></note>
<note type="date" xml:id="date">
<p>Letter headed: ‘Amsterdam 9 Dec. 1877’.</p></note></vg:letDesc></sourceDesc></fileDesc></teiHeader>
<facsimile xmlns:xsi="http://www.w3.org/2001/XMLSchema-instance">
<surface n="b 0135" xml:id="surf-pb-1r"><graphic mimeType="image/tiff" url="VGM001000143_01.TIF" rend="norend"/><graphic mimeType="image/tiff" url="VGM001000143_01_n.tif" rend="norend"/><graphic mimeType="image/jpeg" url="VGM001000143_01_nt.jpg" height="50px" rend="thumbnail"/><zone xml:id="zone-pb-1r-1">
<graphic mimeType="image/tiff" url="VGM001000143_01_nR.tif" rend="norend"/><graphic mimeType="image/jpeg" url="VGM001000143_01_nRt.jpg" height="50px" rend="thumbnail"/><graphic mimeType="image/png" url="VGM001000143_01_nRf.png" width="380px" rend="facstab"/></zone>
</surface>
<surface n="b 0135" xml:id="surf-pb-1v"><graphic mimeType="image/tiff" url="VGM001000143_02.TIF" rend="norend"/><graphic mimeType="image/tiff" url="VGM001000143_02_n.tif" rend="norend"/><graphic mimeType="image/jpeg" url="VGM001000143_02_nt.jpg" height="50px" rend="thumbnail"/><zone xml:id="zone-pb-1v-2">
<graphic mimeType="image/tiff" url="VGM001000143_02_nL.tif" rend="norend"/><graphic mimeType="image/jpeg" url="VGM001000143_02_nLt.jpg" height="50px" rend="thumbnail"/><graphic mimeType="image/png" url="VGM001000143_02_nLf.png" width="380px" rend="facstab"/></zone>
<zone xml:id="zone-pb-1v-3">
<graphic mimeType="image/tiff" url="VGM001000143_02_nR.tif" rend="norend"/><graphic mimeType="image/jpeg" url="VGM001000143_02_nRt.jpg" height="50px" rend="thumbnail"/><graphic mimeType="image/png" url="VGM001000143_02_nRf.png" width="380px" rend="facstab"/></zone>
</surface></facsimile><text xmlns:xsi="http://www.w3.org/2001/XMLSchema-instance"><body>
<div type="original">
<pb f="1r" n="1" xml:id="pb-orig-1r-1" facs="#zone-pb-1r-1"/><lb n="1" xml:id="l-1"/>
<ab>Amsterdam 9 Dec. 1877</ab>
<vg:whiteline/><lb n="2" xml:id="l-2"/>
<ab>Waarde Theo,</ab><lb n="3" xml:id="l-3"/>
<ab>Het is mij behoefte niet lang te wachten met U te schrijven, en wel vooreerst omdat <lb n="4" xml:id="l-4"/>ik U moet bedanken voor drie dingen. Vooreerst voor Uw besten brief van 4 zijdjes<c type="kk">/</c> <lb n="5" xml:id="l-5"/>daarmede hebt Gij mij het meeste genoegen gedaan want het doet iemand goed <lb n="6" xml:id="l-6"/>te gevoelen dat er nog een broer van hem op de wereld wandelt en leeft, als men <lb n="7" xml:id="l-7"/>om veel dingen moet denken en veel te doen heeft dan krijgt men soms zoo’n gevoel<c type="kk">/</c> <lb n="8" xml:id="l-8"/>waar ben ik<c type="kk">/</c> wat doe ik<c type="kk">/</c> waar ga ik heen ─ en men begint te duizelen,─ maar dan <lb n="9" xml:id="l-9"/>zoo’n welbekende stem of liever een welbekend schrift<c type="kk">/</c> dat maakt dat men <lb n="10" xml:id="l-10"/>als het ware weer vasten grond onder de voeten voelt.</ab><lb n="11" xml:id="l-11"/>
<ab rend="indent">Dan moet ik U bedanken voor eene aflevering van de Galerie Contemporaine <lb n="12" xml:id="l-12"/>over Ed. Frère<c type="kp">_</c><anchor n="1" xml:id="note-o-1"/> Die is zeer interressant en ik ben blij wat van hem te hebben. <lb n="13" xml:id="l-13"/>en ook dank ik U voor de 10 postzegels, het is waarlijk te veel en Gij hadt <lb n="14" xml:id="l-14"/>zooveel niet moeten doen.─ Een hartelijken handdruk voor alles.</ab><lb n="15" xml:id="l-15"/>
<ab rend="indent">Nu heb ik U nog het een en ander over S<hi rend="ss">t</hi> Niklaas<anchor n="2" xml:id="note-o-2"/> te vertellen; ik ontving een goeden <lb n="16" xml:id="l-16"/>brief uit Etten en daarin gesloten een couponnetje voor een paar handschoenen.</ab><lb n="17" xml:id="l-17"/>
<ab rend="indent">Daarvan was ik echter nog voorzien dus kocht ik er iets anders voor<c type="kk">/</c> n.l. weer een kaart <lb n="18" xml:id="l-18"/>van Stieler<c type="kk">/</c> n.l. Schotland afzonderlijk.<anchor n="3" xml:id="note-o-3"/> Op ’t oogenblik kan ik ze los krijgen bij <lb n="19" xml:id="l-19"/>Seyffardt,<anchor n="4" xml:id="note-o-4"/> maar die gelegenheid zal er ligt<anchor n="a" xml:id="note-o-a"/> niet altijd zijn. Die kaart heb ik geteekend <lb n="20" xml:id="l-20"/>en heb ze dus dubbel. en daar ik wel een Christmas present wilde geven aan Harry <lb n="21" xml:id="l-21"/>Gladwell zoo hoop ik ze U te sturen voor hem, om in te sluiten als er eene kist <lb n="22" xml:id="l-22"/>naar Parijs gaat.─ <hi rend="sc">Men moet het huis op eene rots bouwen</hi>,<anchor n="5" xml:id="note-o-5"/> Schotland<c type="kk">/</c> <lb n="23" xml:id="l-23"/>Normandie en Bretagne zijn toch nog al rotsachtig, zie die groote kaart v. Schotland <lb n="24" xml:id="l-24"/>maar eens aan als Gij die zult ontvangen.─ Als ik het werk van studeeren vergelijk <lb n="25" xml:id="l-25"/>bij het bouwen van een huis en deze maanden als het fondament daarvan <lb n="26" xml:id="l-26"/>dan liggen er dus rotsen als grondslag.</ab><lb n="27" xml:id="l-27"/>
<ab rend="indent">Maar dit alles tusschen twee haakjes, en nu verder over den bewusten avond. Van <lb n="28" xml:id="l-28"/>Oom Cor ontving ik Bossuet<c type="kk">/</c> Oraisons funèbres<anchor n="6" xml:id="note-o-6"/> in zeer goede en prettige <lb n="29" xml:id="l-29"/>handige uitgaaf, zeer kompleet<c type="kk">/</c> er staat o.a<c type="kp">_</c> de schoone preek over Paulus <lb n="30" xml:id="l-30"/>in over den tekst “Als ik zwak ben dan ben ik magtig”.<anchor n="7" xml:id="note-o-7"/> Het is een edel boek<c type="kk">/</c> <lb n="31" xml:id="l-31"/>met Kerstmis zult Gij het zien, ik ben er zoo blij mee geweest dat ik tot heden <lb n="32" xml:id="l-32"/>toe er mee in den zak heb geloopen, het wordt echter tijd ik daarmee ophoud want <lb n="33" xml:id="l-33"/>er mogt eens iets aankomen.<anchor n="8" xml:id="note-o-8"/> Van Mendes kreeg ik de werken van Claudius<c type="kk">/</c> ook <lb n="34" xml:id="l-34"/>een goed en degelijk boek,<anchor n="9" xml:id="note-o-9"/> had hem gestuurd Thomae Kempensis de Imitatione Christi <lb n="35" xml:id="l-35"/>en daar voorin geschreven<c type="kk">/</c> In Hem is geen Jood noch Griek noch dienstknecht noch <lb n="36" xml:id="l-36"/>vrije noch man noch vrouw maar Christus is alles en in allen.<anchor n="10" xml:id="note-o-10"/> Van Oom Stricker <lb n="37" xml:id="l-37"/>een kistje cegaren, Gij weet wat ik daarmee deed, zij zijn bij Roos altijd zoo vriendelijk <lb n="38" xml:id="l-38"/>en reeds had ik verzonnen of ik niets had om te sturen toen dat kistje cegaren mij <lb n="39" xml:id="l-39"/>uit den brand hielp.─ En s’avonds vond ik van Oom Jan een letter<anchor n="11" xml:id="note-o-11"/> op mijne <lb n="40" xml:id="l-40"/>tafel liggen. Ben toen ook nog even bij Vos en Kee geweest waar ook Oom en Tante Stricker <lb n="41" xml:id="l-41"/>waren<c type="kk">/</c> kon er echter niet blijven daar ik van 8-10 les had van Texeira. <lb n="42" xml:id="l-42"/>Oom Jan was den avond bij Oom Cor.─</ab>
<pb f="1v" n="2" xml:id="pb-orig-1v-2" facs="#zone-pb-1v-2"/><lb n="43" xml:id="l-43"/>
<ab rend="indent">Was dezen morgen bij Oom Stricker te kerk<c type="kk">/</c> n.l. in de Eilandskerk,<anchor n="12" xml:id="note-o-12"/> daar was <lb n="44" xml:id="l-44"/>Oom Cor ook<c type="kp">_</c> De tekst was “bij Uw licht zien wij het licht”.─<anchor n="13" xml:id="note-o-13"/></ab><lb n="45" xml:id="l-45"/>
<ab rend="indent">Naar die Eilandskerk is altijd eene prettige wandeling<c type="kp">_</c> Van middag wandelde ik ook <lb n="46" xml:id="l-46"/>nog eens om het Engelsche kerkje heen met die bewuste kaarten van die rotsachtige landen <lb n="47" xml:id="l-47"/>omdat ik een gevoel had dat zij met dat kerkje in verband stonden.</ab><lb n="48" xml:id="l-48"/>
<ab rend="indent">“De Kerke Gods staat op een rots”<c type="kk">/</c><anchor n="14" xml:id="note-o-14"/> dat was een woord uit het gezang dezen morgen en <lb n="49" xml:id="l-49"/>zoo schilderde Ruysdael het ook<anchor n="15" xml:id="note-o-15"/> en Millet in het schilderij op den Luxembourg.<anchor n="16" xml:id="note-o-16"/></ab><lb n="50" xml:id="l-50"/>
<ab rend="indent">’t Is een goed plan van U om op de kaart van Bretagne die namen enz<c type="kp">_</c> te schrijven<c type="kp">_</c> <lb n="51" xml:id="l-51"/>Breng ze met Kersmis mede<c type="kk">/</c> Gij weet ik dat op die ik teekende ook deed<c type="kk">/</c> dan <lb n="52" xml:id="l-52"/>kunnen wij vergelijken. Doe het vooral want dat is goed.</ab><lb n="53" xml:id="l-53"/>
<ab rend="indent">Gij spreekt er over dat ik nog eens te s’Hage zou komen in het naar Etten gaan<c type="kk">/</c> <lb n="54" xml:id="l-54"/>daar zou ik wel lust in hebben, zou er gelegenheid zijn om bij Roos een nacht te <lb n="55" xml:id="l-55"/>logeeren? Is dat zoo dan hoeft Gij het <hi rend="ital">niet</hi> te schrijven<c type="kk">/</c> dan reken ik er op dat dat <lb n="56" xml:id="l-56"/>desnoods zou kunnen.─ Gaarne zou ik Uw kamertje nog eens weer zien en <lb n="57" xml:id="l-57"/>de boom met klimop, ik hoop het zal kunnen gebeuren en ik vroeg genoeg van hier <lb n="58" xml:id="l-58"/>zal kunnen gaan.</ab><lb n="59" xml:id="l-59"/>
<ab rend="indent">Hoezeer ik naar Kerstmis verlang<c type="kk">/</c> ik kan het U niet zeggen. En mogt het eens zijn <lb n="60" xml:id="l-60"/>dat Pa tevreden was over wat ik heb gedaan.</ab><lb n="61" xml:id="l-61"/>
<ab rend="indent">’t Was zulk heerlijk weer vandaag en zoo mooi tusschen die doornheggen bij <lb n="62" xml:id="l-62"/>het kerkje toen de avond begon te vallen.</ab><lb n="63" xml:id="l-63"/>
<ab rend="indent">Heb deze week of liever verl. week met Mendes een gesprek gehad over <lb n="64" xml:id="l-64"/>“Zoo wie niet haat ook zelfs zijn eigen leven die kan Mijn discipel niet zijn”<c type="kp">_</c><anchor n="17" xml:id="note-o-17"/> <lb n="65" xml:id="l-65"/>Hij beweerde dat die uitdrukking te sterk was maar ik hield staande dat <lb n="66" xml:id="l-66"/>het de eenvoudige waarheid was en zegt dat ook Thomas à Kempis niet: <lb n="67" xml:id="l-67"/>als hij spreekt over zich zelven te kennen en zich zelven te verachten<c type="kp">_</c><anchor n="18" xml:id="note-o-18"/></ab><lb n="68" xml:id="l-68"/>
<ab rend="indent">Als wij zien naar anderen die meer gedaan hebben en beter zijn dan wij dan <lb n="69" xml:id="l-69"/>komen wij er spoedig genoeg toe om ons eigen leven te haten omdat het niet <lb n="70" xml:id="l-70"/>zoo goed is als dat van anderen.─<anchor n="19" xml:id="note-o-19"/> Zie een man als Thomas à Kempis maar <lb n="71" xml:id="l-71"/>aan die dat boekske schrijft door de liefde van Christus gedrongen,<anchor n="20" xml:id="note-o-20"/> zoo opregt <lb n="72" xml:id="l-72"/>en eenvoudig en waar als niet velen hetzij voor of na hem dat hebben gehad. Of <lb n="73" xml:id="l-73"/>op ander gebied<c type="kk">/</c> zie het werk van een Millet maar eens of dat van een <lb n="74" xml:id="l-74"/>Stieler of Les grands Chênes van Jules Dupré.─<anchor n="21" xml:id="note-o-21"/> Die hebben het gedaan: “laat uw licht schijnen voor de menschen <lb n="75" xml:id="l-75"/>opdat zij Uwe goede werken zien mogen en Uw Vader die in de Hemelen is <lb n="76" xml:id="l-76"/>verheerlijken”<c type="kk">/</c><anchor n="22" xml:id="note-o-22"/> en zulk een man is Pa ook; en al wat wij doen kunnen<c type="kk">/</c> <lb n="77" xml:id="l-77"/>zie<c type="kk">/</c> het beste is het oog te houden op zulken en te zoeken of ook wij misschien <lb n="78" xml:id="l-78"/>iets vinden mogten.<anchor n="23" xml:id="note-o-23"/> En te gelooven dat waar is wat Pa zeide<c type="kk">/</c> dat als iemand <lb n="79" xml:id="l-79"/>vraagt “Heer ik zou zoo graag ernstig zijn”<c type="kk">/</c><anchor n="24" xml:id="note-o-24"/> dat door God wordt gehoord en ook <lb n="80" xml:id="l-80"/>verhoord.</ab><lb n="81" xml:id="l-81"/>
<ab rend="indent">Heb een goeden zondag vandaag<c type="kk">/</c> wat was ik graag bij U, Oom Jan is <lb n="82" xml:id="l-82"/>naar Haarlem dus ben ik alleen van avond, maar heb nog zooveel te doen als <lb n="83" xml:id="l-83"/>ik maar kan. Gij hebt mij toch zooveel pleizier gedaan met dat blad over Ed<c type="kp">_</c> Frère<c type="kp">_</c> <lb n="84" xml:id="l-84"/>Eens heb ik hem zelf gezien bij Goupil, hij heeft iets zeer eenvoudigs. “Enfin il vainquit” <lb n="85" xml:id="l-85"/>staat er in zijne levensbeschrijving<c type="kk">/</c><anchor n="25" xml:id="note-o-25"/> zoo moge het ook met ons eenmaal zijn ─ dat <lb n="86" xml:id="l-86"/>kan gebeuren en het is goed om te zeggen<c type="kk">/</c> ik wanhoop nooit.<anchor n="26" xml:id="note-o-26"/></ab><lb n="87" xml:id="l-87"/>
<ab rend="indent">Een mensch krijgt <hi rend="ital">het</hi> niet op eens en de meesten dergenen die iets zeer goeds zijn geworden <lb n="88" xml:id="l-88"/>zijn door een langen moeielijken tijd van voorbereiding heengegaan die de <lb n="89" xml:id="l-89"/>rotssteen was waarop hun huis was gegrondvest.<anchor n="27" xml:id="note-o-27"/></ab><lb n="90" xml:id="l-90"/>
<ab rend="indent">Van nature is een mensch slecht,<anchor n="28" xml:id="note-o-28"/> op zijn best een dief ─ maar ─ hij kan onder Gods <lb n="91" xml:id="l-91"/>leiding en zegen tot iets van hooger waarde<anchor n="29" xml:id="note-o-29"/> worden, zoo kwam er voor Paulus 
<pb f="1v" n="3" xml:id="pb-orig-1v-3" facs="#zone-pb-1v-3"/><lb n="92" xml:id="l-92"/>een dag waarop Hij met vrijmoedigheid en vertrouwen kon zeggen tot Herodes<c type="kk">/</c> ik wenschte wel van <lb n="93" xml:id="l-93"/>God dat niet alleen gij maar ook allen die mij heden hooren zoodanigen werden <lb n="94" xml:id="l-94"/>als ik ben<c type="kk">/</c> uitgenomen deze banden.<anchor n="30" xml:id="note-o-30"/></ab><lb n="95" xml:id="l-95"/>
<ab rend="indent">Dank voor wat Gij schrijft aangaande de lithographiën<c type="kp">_</c><anchor n="31" xml:id="note-o-31"/> Nog iets ─ Gij stuurdet <lb n="96" xml:id="l-96"/>ook 2 paar Christus Consolator en pend<hi rend="ss">t.</hi><c type="kk">/</c><anchor n="32" xml:id="note-o-32"/> daar was ik zeer blij mede<c type="kp">_</c></ab><lb n="97" xml:id="l-97"/>
<ab rend="indent">Het zou geen kwaad kunnen als Gij die kaart van Schotland ook hadt, dan hebt Gij <lb n="98" xml:id="l-98"/>drie stuks uit dien atlas en het spreekwoord zegt: alle goede dingen bestaan in drieen<c type="kp">_</c> <lb n="99" xml:id="l-99"/>Reken er dus op dat Gij die er nog bij krijgt en koop haar in geen geval zelf<c type="kk">/</c> <lb n="100" xml:id="l-100"/>had U eerst deze willen sturen die nu naar Gladwell gaat maar ik acht het <lb n="101" xml:id="l-101"/>pligt te zorgen hij nu en dan eens iets van mij verneemt; ik hoop hij met de kersdagen <lb n="102" xml:id="l-102"/>naar Lewisham zal kunnen gaan. Gij kent dat sch<hi rend="ss">ij</hi> van Cuyp hier op het museum<c type="kk">/</c> <lb n="103" xml:id="l-103"/>eene oud Hollandsche familie<c type="kk">/</c><anchor n="33" xml:id="note-o-33"/> toen hij dat zag bleef hij er lang naar staan kijken <lb n="104" xml:id="l-104"/>en sprak toen van “the house built on the rock”<anchor n="34" xml:id="note-o-34"/> en van zijn ’thuis te Lewisham. <lb n="105" xml:id="l-105"/>Ook ik heb mijne herinneringen aan dat huis van zijn Vader en zal het niet ligt vergeten<c type="kp">_</c> <lb n="106" xml:id="l-106"/>Daar onder dat dak woont veel en sterke en groote Liefde<anchor n="35" xml:id="note-o-35"/> en het vuur daarvan <lb n="107" xml:id="l-107"/>is ook in hem nog<c type="kk">/</c> het is niet gestorven maar het slaapt.<anchor n="36" xml:id="note-o-36"/></ab><lb n="108" xml:id="l-108"/>
<ab rend="indent">Nu ik moet mij haasten want ik moet aan mijn werk. Naar alle waar<c type="shy">-</c><lb n="109" xml:id="l-109"/>schijnlijkheid kom ik dus in de volgende week een dag te s’Hage<c type="kk">/</c> b.v. Donder<c type="shy">-</c><lb n="110" xml:id="l-110"/>dag, mogelijk ook later<c type="kk">/</c> ik moet zien hoe het met het werk het best uitkomt. Van <lb n="111" xml:id="l-111"/>s’Hage hoop ik naar Dordt te gaan en als het zoo kon dat Gij nog Zaturdag <lb n="112" xml:id="l-112"/>avond kondt vertrekken dan vonden wij elkaar aan het station te Dordt.</ab><lb n="113" xml:id="l-113"/>
<ab rend="indent">Dan zou ik dus zelfs twee nachten bij Roos logeeren, als ik toch naar s’Hage ga</ab><lb n="114" xml:id="l-114"/>
<ab>kan het geen kwaad er wat langer te blijven en den een en ander nog eens <lb n="115" xml:id="l-115"/>op te zoeken.</ab><lb n="116" xml:id="l-116"/>
<ab rend="indent">Jammer aan den eenen kant dat Mauve gaat verhuizen,<anchor n="37" xml:id="note-o-37"/> ik hoop dat <lb n="117" xml:id="l-117"/>wij er zamen nog eens heen zullen gaan zoo als dien avond ll. voorjaar<c type="kk">/</c><anchor n="38" xml:id="note-o-38"/> <lb n="118" xml:id="l-118"/>toen was het toch aardig.</ab><lb n="119" xml:id="l-119"/>
<ab rend="indent">Zorg Gij nu zij bij Roos geen moeite doen, kan ik er niet logeeren dan weet Gij <lb n="120" xml:id="l-120"/>dat wel zonder het hen te vragen en kunt het schrijven en dan reken ik erop<c type="kk">/</c> <lb n="121" xml:id="l-121"/>kan het wel<c type="kk">/</c> zeg het hun dan pas den dag van te voren.</ab><lb n="122" xml:id="l-122"/>
<ab rend="indent">Heb het zoo goed mogelijk en zegen bij uw werk. Gij zult het druk hebben, maar <lb n="123" xml:id="l-123"/>eigentlijk moet men voor drukte en moeite en al dergelijke dingen meer dan <lb n="124" xml:id="l-124"/>voor iets anders dankbaar zijn want juist door daarin langdurig te worden <lb n="125" xml:id="l-125"/>geoefend, komt men tot ontwikkeling. Hartelijk hoop ik Gij Zaturdag zult <lb n="126" xml:id="l-126"/>kunnen gaan, want thuis zouden zij wel willen wij den Zondag voor Kerstmis te Etten konden zijn<c type="kp">_</c> <lb n="127" xml:id="l-127"/>Tot ziens dus, hoor ik niets naders van U dan kom ik Donderdag <lb n="128" xml:id="l-128"/>of Vrijdag 20 of 21 December.</ab><lb n="129" xml:id="l-129"/>
<ab rend="indent">Dat blad uit de Cours de dessin Bargue<c type="kk">/</c> Anne de Bretagne<c type="kk">/</c><anchor n="39" xml:id="note-o-39"/> heb ik maar weer <lb n="130" xml:id="l-130"/>opgehangen, ja een mensch is van nature slecht en op zijn best een dief, maar in den <lb n="131" xml:id="l-131"/>strijd van het leven kan hij worden een wezen van hooger waarde; een wezen van <lb n="132" xml:id="l-132"/>hooger waarde, dat woord kwam mij in de gedachten toen ik lang had staan kijken <lb n="134" xml:id="l-134"/>naar de uitdrukking op het gezigt van dat Koningskind Anne de Bretagne<c type="kk">/</c> die <lb n="135" xml:id="l-135"/>uitdrukking waarom zij ook doet denken aan het woord “one of Sorrows and acquainted <lb n="136" xml:id="l-136"/>with grief;<anchor n="40" xml:id="note-o-40"/> sorrowful yet always rejoicing”.─<anchor n="41" xml:id="note-o-41"/></ab><lb n="137" xml:id="l-137"/>
<ab rend="indent">à Dieu<c type="kk">/</c> groet Uwe huisgenooten voor mij en geloof mij</ab>
<vg:whiteline/><lb n="138" xml:id="l-138"/>
<ab>uw zoo liefh<c type="kp">_</c> broer</ab><lb n="139" xml:id="l-139"/>
<ab>Vincent</ab>
<vg:whiteline/>
<div type="textualNotes">
<note target="l-74" n="74">gedaan: &lt; gedaan</note>
<note target="l-76" n="76">verheerlijken” &lt; verheerlijken</note>
<note target="l-76" n="76">ook; &lt; ook</note>
<note target="l-78" targetEnd="l-79" n="78-79">dat als iemand vraagt “Heer &lt; “dat als iemand vraagt Heer</note>
<note target="l-119" n="119">dan weet &lt; dat weet</note>
<note target="l-135" n="135">zij ook doet &lt; doet zij ook</note>
<note target="l-136" n="136">rejoicing”.─ &lt; rejoicing.─</note></div></div>
<div type="translation">
<pb f="1r" n="1" xml:id="pb-trans-1r-1" facs="#zone-pb-1r-1"/>
<ab>Amsterdam, 9 Dec. 1877</ab>
<vg:whiteline/>
<ab>My dear Theo,</ab>
<ab>I feel the need to write to you without waiting too long, the reason being first of all that I must thank you for three things. First of all, for your excellent four-page letter, with which you gave me the greatest pleasure, because it does one good to feel that a brother of his also walks and lives on earth, when one has a lot of things to think about and a lot to do, one sometimes gets the feeling, where am I? what am I doing? where am I going? — and one starts to grow dizzy — but then such a familiar voice, or rather familiar handwriting, makes one feel firm ground beneath one’s feet again, as it were.</ab>
<ab rend="indent">Then I must thank you for an issue of the Galerie Contemporaine about <rs type="pers" key="1023">E. Frère</rs>.<anchor n="1" xml:id="note-t-1"/> It’s very interesting and I’m happy to have something by him. And I also thank you for the 10 postage stamps, it really is too much and you shouldn’t have done so much. A hearty handshake for everything.</ab>
<ab rend="indent">Now I have a few things to tell you about St Nicholas;<anchor n="2" xml:id="note-t-2"/> I received a good letter from Etten with a money order for a pair of gloves enclosed.</ab>
<ab rend="indent">I already had some, however, so I bought something else with the money, namely another map by <rs type="pers" key="1374">Stieler</rs>, namely Scotland alone.<anchor n="3" xml:id="note-t-3"/> At present I can get them singly at <rs type="pers" key="701">Seyffardt</rs>’s,<anchor n="4" xml:id="note-t-4"/> but there probably won’t always be that opportunity. I’ve drawn that map and so have it double, and because I did want to give <rs type="pers" key="394">Harry Gladwell</rs> a Christmas present I hope to send it to you for him, to enclose when a crate goes to Paris. <hi rend="sc">one must build one’s house upon a rock</hi>,<anchor n="5" xml:id="note-t-5"/> Scotland, Normandy and Brittany are really rather rocky, just take a look at that large map of Scotland when you get it. If I compare the work of studying to the building of a house, and these months to its foundation, then rocks accordingly lie at its base.</ab>
<ab rend="indent">But all of this by the by, now more about the evening in question. From <rs type="pers" key="422">Uncle Cor</rs> I received <rs type="pers" key="542">Bossuet</rs>, Oraisons funèbres,<anchor n="6" xml:id="note-t-6"/> in a very good and handy edition, very complete, it includes, among other things, the fine sermon about Paul on the text ‘for when I am weak, then am I strong’.<anchor n="7" xml:id="note-t-7"/> It’s a noble book, you’ll see it at Christmas, I was so happy with it that until today I’ve been carrying it around in my pocket, though it’s time I stopped that because something might happen to it.<anchor n="8" xml:id="note-t-8"/> From <rs type="pers" key="520">Mendes</rs> I received the works of Claudius, also a good, solid book;<anchor n="9" xml:id="note-t-9"/> I had sent him <rs type="pers" key="679">Thomae Kempensis</rs> de imitatione Christi and written in the front, There is neither Jew nor Greek in Him, neither bond nor free, neither male nor female: but Christ is all, and in all.<anchor n="10" xml:id="note-t-10"/> From <rs type="pers" key="318">Uncle Stricker</rs> a box of cigars, you know what I did with them, they’re always so friendly at the <rs type="pers" key="642 643">Rooses</rs>’ and I’d already been wondering if I had anything to send when that box of cigars arrived as a godsend. And in the evening I found a letter<anchor n="11" xml:id="note-t-11"/> from <rs type="pers" key="410">Uncle Jan</rs> lying on my table. Was then briefly at <rs type="pers" key="806">Vos</rs> and <rs type="pers" key="776">Kee</rs>’s, where Uncle and <rs type="pers" key="317">Aunt Stricker</rs> were as well, but couldn’t stay because I had a lesson from 8-10 with <rs type="pers" key="786">Teixeira</rs>. Uncle Jan spent the evening at Uncle Cor’s.
<pb f="1v" n="2" xml:id="pb-trans-1v-2" facs="#zone-pb-1v-2"/></ab>
<ab rend="indent">Was at <rs type="pers" key="317 318">Uncle Stricker’s</rs> service this morning, i.e. in the Eilandskerk,<anchor n="12" xml:id="note-t-12"/> <rs type="pers" key="422">Uncle Cor</rs> was there too. The text was ‘by Thy light shall we see light’.<anchor n="13" xml:id="note-t-13"/></ab><ab rend="indent"> It’s always a nice walk to that Eilandskerk. This afternoon I took another walk around the little English church with those maps of those rocky countries, because I had a feeling that they were connected with that little church.</ab>
<ab rend="indent">‘The Church of God stands on a rock’,<anchor n="14" xml:id="note-t-14"/> those words were in this morning’s hymn, and that’s how <rs type="pers" key="1333">Ruisdael</rs> painted it too,<anchor n="15" xml:id="note-t-15"/> and <rs type="pers" key="1226">Millet</rs> in the painting in the Luxembourg.<anchor n="16" xml:id="note-t-16"/></ab>
<ab rend="indent">It’s a good plan of yours to write those names etc. on the map of Brittany. Bring it along at Christmas, you know that I did that on the one I drew, then we can compare them. Be sure and do it, for that is good.</ab>
<ab rend="indent">You talk about my coming to The Hague again on my way to Etten, I should really like to, would it be possible to stay a night at <rs type="pers" key="642 643">the Rooses</rs>’? If so, then you do <hi rend="ital">not</hi> have to write, then I’ll count on it being possible if necessary. I should like to see your room again and the tree with ivy, I hope that will be possible and that I can leave here early enough.</ab>
<ab rend="indent">I can’t tell you how much I long for Christmas. And may <rs type="pers" key="526">Pa</rs> be satisfied with what I’ve done.</ab>
<ab rend="indent">It was such wonderful weather today, and so beautiful among those thorn-hedges by the little church when night began to fall.</ab>
<ab rend="indent">Had a talk with <rs type="pers" key="520">Mendes</rs> this week, or rather last week, about ‘He who hate not, even his own life also, he cannot be my disciple’.<anchor n="17" xml:id="note-t-17"/> He declared that expression too strong, but I maintained that it was the simple truth, and doesn’t <rs type="pers" key="679">Thomas a Kempis</rs> say it when he talks about knowing oneself and despising oneself?<anchor n="18" xml:id="note-t-18"/></ab>
<ab rend="indent">If we look at others who have done more and are better than we are, then soon enough we come to hate our own life because it’s not as good as that of others.<anchor n="19" xml:id="note-t-19"/> Just look at a man like <rs type="pers" key="679">Thomas a Kempis</rs>, constrained by the love of Christ<anchor n="20" xml:id="note-t-20"/> to write that little book, sincere and simple and true as few others were, either before or since. Or in another sphere, just take a look at the work of a <rs type="pers" key="1226">Millet</rs> or that of a <rs type="pers" key="1374">Stieler</rs> or The large oaks by <rs type="pers" key="986">Jules Dupré</rs>.<anchor n="21" xml:id="note-t-21"/> They did it: ‘let your light shine before men, that they may see your good works, and glorify your Father which is in heaven’,<anchor n="22" xml:id="note-t-22"/> and <rs type="pers" key="526">Pa</rs> is such a man too; and however much we can do, you see, the best thing is to keep our sights on such people and to seek whether we too may perhaps find something.<anchor n="23" xml:id="note-t-23"/> And to believe that it’s true what <rs type="pers" key="526">Pa</rs> said, that if someone asks ‘Lord, I should so much like to be earnest’, that it will be heard and granted by God.<anchor n="24" xml:id="note-t-24"/></ab>
<ab rend="indent">Have a good Sunday today, how I’d like to be with you, <rs type="pers" key="410">Uncle Jan</rs> has gone to Haarlem so I’m alone this evening, but still have to do as much as I possibly can. You have really given me such pleasure with that magazine on <rs type="pers" key="1023">E. Frère</rs>. I once saw him myself at Goupil’s, he has something very unpretentious about him. ‘At last, he triumphed’ it says in his biography,<anchor n="25" xml:id="note-t-25"/> may it be so with us one day — that can happen and it is good to say: I never despair.<anchor n="26" xml:id="note-t-26"/></ab>
<ab rend="indent">A person doesn’t get <hi rend="ital">it</hi> all at once, and most of those who have become something very good have gone through a long, difficult period of preparation that was the rock upon which their house was founded.<anchor n="27" xml:id="note-t-27"/></ab>
<ab rend="indent">Man is depraved by nature,<anchor n="28" xml:id="note-t-28"/> at best a thief — but — with God’s guidance and blessing he can become something of higher worth,<anchor n="29" xml:id="note-t-29"/> as there came for Paul 
<pb f="1v" n="3" xml:id="pb-trans-1v-3" facs="#zone-pb-1v-3"/> a day on which he could say with frankness and trust to Herod, I would to God, that not only thou, but also all that hear me this day, were such as I am, except these bonds.<anchor n="30" xml:id="note-t-30"/></ab>
<ab rend="indent">Thanks for what you write about the lithographs.<anchor n="31" xml:id="note-t-31"/> Something else — you also sent 2 pairs of Christus Consolator and pendant,<anchor n="32" xml:id="note-t-32"/> I was very glad to get them.</ab>
  <ab rend="indent">It could do no harm if you also had that map of Scotland, then you would have three things from that atlas, and the proverb says: all good things come in threes. So count on getting that one too, and by no means buy it yourself, had first wanted to send you this one that is now going to <rs type="pers" key="394">Gladwell</rs>, but I consider it my duty to let him hear from me now and again. I hope he’ll be able to go to Lewisham at Christmas. You know that painting by <rs type="pers" key="1654">Cuyp</rs> in the museum here, an old Dutch family,<anchor n="33" xml:id="note-t-33"/> when he saw that he stood looking at it for a long time and then spoke of ‘the house built on the rock’<anchor n="34" xml:id="note-t-34"/> and of his home in Lewisham. I, too, have memories of <rs type="pers" key="396">his father</rs>’s house and will not easily forget it. Much and strong and great love<anchor n="35" xml:id="note-t-35"/> lives there under that roof, and its fire is in him still, it is not dead, but sleepeth.<anchor n="36" xml:id="note-t-36"/></ab>
<ab rend="indent">Now I have to hurry, for I have to get to work. So in all likelihood I’ll be coming to The Hague next week for a day, Thursday say, possibly later, I have to see how it fits in best with my work. From The Hague I hope to go to Dordrecht, and if it turns out that you can leave Saturday evening, we’ll meet each other at the station in Dordrecht.</ab>
<ab rend="indent">In that case I would even spend two nights at <rs type="pers" key="642 643">the Rooses</rs>’, if I’m going to The Hague anyway, it can’t hurt to stay a bit longer and call on some people.</ab>
<ab rend="indent">A pity, in a way, that <rs type="pers" key="323">Mauve</rs> is going to move,<anchor n="37" xml:id="note-t-37"/> I hope that we’ll go there again together, like that evening last spring,<anchor n="38" xml:id="note-t-38"/> it was really pleasant then.</ab>
<ab>Now make sure they don’t go to any trouble at <rs type="pers" key="642 643">the Rooses</rs>’. If I can’t stay there you’ll know it without asking them and can write to me, and I’ll take it into account; if I can, tell them only the day before.</ab>
<ab rend="indent">I wish you the very best and blessings in your work. You’ll be busy, but actually one should be grateful for pressure and effort and all suchlike things more than for anything else, for it is only by long training in that that one develops. I sincerely hope that you’ll be able to leave Saturday, because at home they’d surely like us to be in Etten the Sunday before Christmas. So goodbye for now, if I hear nothing more from you I’ll come on Thursday or Friday, 20 or 21 December.</ab>
<ab rend="indent">I finally decided to hang up that page again from <rs type="pers" key="851">Bargue</rs>’s Cours de dessin, Anne of Brittany,<anchor n="39" xml:id="note-t-39"/> yes, man is depraved by nature and at best a thief, but in the battle of life he can become a being of higher worth; a being of higher worth, those words sprang to mind when I had been looking for a long time at the expression on the face of that beautiful woman Anne of Brittany, the expression which explains why she also recalls the words ‘one of Sorrows and acquainted with grief;<anchor n="40" xml:id="note-t-40"/> sorrowful yet always rejoicing’.<anchor n="41" xml:id="note-t-41"/></ab>
<ab rend="indent">Adieu, give my regards to your housemates, and believe me</ab>
<vg:whiteline/>
<ab>Your most loving brother</ab>
<ab>Vincent</ab></div>
<div type="notes">
<note n="1" xml:id="n-1" target="#note-t-1">
<ab>The <hi rend="ital">Galerie Contemporaine, Littéraire, Artistique</hi>, published by Goupil &amp; Cie, appeared from 1876 in Paris. Each issue dealt with the life and work of one writer, painter or sculptor, and included a photograph of an art work or a facsimile of a manuscript. The issue on <rs type="pers" key="1023">Frère</rs> contained a portrait and an article by Flor O’Squarr (the pseudonym of Oscar Charles Flor), ‘Édouard Frère, né a Paris en 1819’. The reverent biography stresses Frère’s perseverance in pursuing success and his choice of subject matter: domestic scenes, plain and simple. See <hi rend="ital">Galerie Contemporaine, Littéraire, Artistique</hi> 1 (1876), 2nd series. Peintres &amp; Sculpteurs (unpaginated).</ab></note>
<note n="2" xml:id="n-2" target="#note-t-2">
<ab>Regarding the feast of St Nicholas, <ref target="let059.xml#n-1">see letter 59, n. 1.</ref></ab></note>
<note n="3" xml:id="n-3" target="#note-t-3">
  <ab>For <rs type="pers" key="1374">Stieler</rs>, <ref target="let134.xml#n-6">see letter 134, n. 6</ref> and <ref target="let135.xml#n-10">letter 135, notes 10</ref>-<ref target="let135.xml#n-15">15.</ref></ab></note>
<note n="4" xml:id="n-4" target="#note-t-4">
<ab>The bookshop of <rs type="pers" key="701">Julius Lodewijk Willem Seyffardt</rs> at Damrak 99 specialized in atlases, guidebooks and maps. See Kruseman 1886, pp. 688-691 and Groot and De Vries 1990, pp. 75-76.</ab></note>
<note n="a" xml:id="n-a" target="#note-o-a">
<ab>Read: ‘Allicht’ (of course, most likely).</ab></note>
<note n="5" xml:id="n-5" target="#note-t-5">
<ab>Cf. <bibleref xmlns="http://www.vangoghletters.org/ns/" book="Matt" chap="7" v="24">Matt. 7:24</bibleref>; <bibleref xmlns="http://www.vangoghletters.org/ns/" book="hymn" chap="242" v="2">hymn 242:2</bibleref> and <bibleref xmlns="http://www.vangoghletters.org/ns/" book="hymn" chap="243" v="2">hymn 243:2</bibleref>.</ab></note>
<note n="6" xml:id="n-6" target="#note-t-6">
<ab>For <rs type="pers" key="542">J.B. Bossuet</rs>, <rs type="lit" key="72"><hi rend="ital">Oraisons funèbres</hi></rs>, <ref target="let085.xml#n-18">see letter 85, n. 18.</ref></ab></note>
<note n="7" xml:id="n-7" target="#note-t-7">
<ab>
  <bibleref xmlns="http://www.vangoghletters.org/ns/" book="2 Cor" chap="12" v="10">2 Cor. 12:10</bibleref>.</ab></note>
<note n="8" xml:id="n-8" target="#note-t-8">
<ab>Numerous editions of <rs type="pers" key="542">Bossuet</rs>’s work were available, which makes it difficult to say which edition <rs type="pers" key="422">Uncle Cor</rs> gave Vincent; one of the editions containing the sermon on Paul is <hi rend="ital"><rs type="lit" key="72">Les oraisons funèbres de Bossuet</rs>, suivies du sermon pour la profession de Mme de la Vallière, du panégyrique de St. Paul et du sermon de la vocation des gentils; avec des notices par Poujoulot. Gravures à l’eau-forte par V. Foulquier</hi>. Tours 1869.</ab></note>
<note n="9" xml:id="n-9" target="#note-t-9">
<ab>It is not known which book by <rs type="pers" key="574">Claudius</rs> – who was popular in Protestant circles – Van Gogh is referring to here. Many editions – selected works as well as his complete oeuvre – were available in German. If Van Gogh had in fact been given a Dutch edition, one possibility is Matthias Claudius, <rs type="lit" key="122"><hi rend="ital">De Wandsbecker bode</hi></rs>. Prose. Translated from the German by I.C. van Deventer. 2 vols. Haarlem 1853. A less comprehensive but more deluxe edition is <hi rend="ital">Gedachten van Matthias Claudius</hi>. Compiled from his works by J. Immerzeel Jr. Amsterdam 1836.</ab></note>
<note n="10" xml:id="n-10" target="#note-t-10">
<ab>
  <bibleref xmlns="http://www.vangoghletters.org/ns/" book="Gal" chap="3" v="28">Gal. 3:28</bibleref>. Van Gogh undoubtedly chose this text because of the Jewish descent of <rs type="pers" key="520">Mendes da Costa</rs>, who said of Van Gogh in his recollections: ‘From those days [meaning when Van Gogh was employed in the art trade] he still had some prints, small lithographs after paintings and suchlike. Time and again he brought me one of them, but always completely spoiled by his having scribbled the margins completely full of quotations, which had something or other to do with the subject, from <rs type="pers" key="679">Thomas a Kempis</rs> and the Bible. Once he even gave me a copy of De imitatione Christi, but not at all with the unspoken objective of converting me; he only wanted to show me the human side of it.’ Originally appearing in <hi rend="ital">Het Handelsblad</hi> of 2 December 1910; quoted from <hi rend="ital">Verzamelde brieven</hi> 1973, vol. 1, p. 171.</ab></note>
<note n="11" xml:id="n-11" target="#note-t-11">
<ab>A traditional confectionery eaten at the feast of St Nicholas, consisting of puff pastry with an almond-paste filling, baked in the shape of a letter.</ab></note>
<note n="12" xml:id="n-12" target="#note-t-12">
<ab><rs type="pers" key="318">J.P. Stricker</rs> conducted the 10 a.m. service in the Eilandskerk.</ab></note>
<note n="13" xml:id="n-13" target="#note-t-13">
<ab>
  <bibleref xmlns="http://www.vangoghletters.org/ns/" book="Ps" chap="36" v="10">Ps. 36:10</bibleref> (in <hi rend="ital">KJ</hi> <bibleref xmlns="http://www.vangoghletters.org/ns/" book="Ps" chap="36" v="9">Ps. 36:9</bibleref>).</ab></note>
<note n="14" xml:id="n-14" target="#note-t-14">
<ab>
  <bibleref xmlns="http://www.vangoghletters.org/ns/" book="Hymn" chap="243" v="2">Hymn 243:2</bibleref>.</ab></note>
<note n="15" xml:id="n-15" target="#note-t-15">
<ab>One of <rs type="pers" key="1333">Jacob van Ruisdael</rs>’s paintings in which the Church of St Bavo features prominently is the <rs type="ill" key="1671"><hi rend="ital">View of Haarlem with bleaching grounds</hi></rs>; <ref target="let037.xml#n-3">see letter 37, n. 3.</ref></ab></note>
<note n="16" xml:id="n-16" target="#note-t-16">
<ab>For <rs type="pers" key="1226">Jean-François Millet</rs>, <rs type="ill" key="1723"><hi rend="ital">The church of Gréville</hi></rs>, <ref target="let036.xml#n-9">see letter 36, n. 9.</ref></ab></note>
<note n="17" xml:id="n-17" target="#note-t-17">
<ab>
  <bibleref xmlns="http://www.vangoghletters.org/ns/" book="Luke" chap="14" v="26">Luke 14:26</bibleref>.</ab></note>
<note n="18" xml:id="n-18" target="#note-t-18">

  <ab>In book <hi rend="sc">iv</hi>, chapter 8 of <rs type="lit" key="35"><hi rend="ital">De navolging van Christus</hi></rs>, <rs type="pers" key="679">Thomas a Kempis</rs> quoted <bibleref xmlns="http://www.vangoghletters.org/ns/" book="Luke" chap="14" v="33">Luke 14:33</bibleref>: ‘he... that forsaketh not all that he hath, he cannot be my disciple’. The sentence preceding the quotation says: ‘For this is why so few become enlightened and inwardly free, because they cannot manage perfect self-abnegation’ (Thomas a Kempis 1986, p. 143). See also the previously quoted passages from the end of book 1, chapter 2 in <ref target="let135.xml#n-22">letter 135, notes 22</ref>-<ref target="let135.xml#n-23">23.</ref></ab></note>

 
<note n="19" xml:id="n-19" target="#note-t-19">

<ab>Van Gogh probably got this idea from <rs type="pers" key="679">Thomas a Kempis</rs>, <rs type="lit" key="35"><hi rend="ital">De navolging van Christus</hi></rs>, book <hi rend="sc">1</hi>, chapter 18, in which the pious deeds of the holy fathers, who ‘hated their souls’ during their lifetimes, are contrasted with how little ordinary people generally accomplish.</ab></note>

 
<note n="20" xml:id="n-20" target="#note-t-20">
<ab>
  <bibleref xmlns="http://www.vangoghletters.org/ns/" book="2 Cor" chap="5" v="14">2 Cor. 5:14</bibleref>.</ab></note>
<note n="21" xml:id="n-21" target="#note-t-21">
<ab><rs type="pers" key="986">Jules Dupré</rs>, <hi rend="ital">Les grands chênes </hi>(The large oaks), 1844 (present whereabouts unknown). Known from a lithograph by <rs type="pers" key="1033">Louis-François Français</rs>, published in <hi rend="ital">Les artistes anciens et modernes</hi>. <rs type="ill" key="78">Ill. 78</rs> Louis Marvy also made an etching after it. See Aubrun 1974, p. 91, cat. no. 162.</ab></note>
<note n="22" xml:id="n-22" target="#note-t-22">
<ab>
  <bibleref xmlns="http://www.vangoghletters.org/ns/" book="Matt" chap="5" v="16">Matt. 5:16</bibleref>.</ab></note>
<note n="23" xml:id="n-23" target="#note-t-23">
<ab>Cf. <bibleref xmlns="http://www.vangoghletters.org/ns/" book="Matt" chap="7" v="7">Matt. 7:7</bibleref> and <bibleref xmlns="http://www.vangoghletters.org/ns/" book="Luke" chap="11" v="9">Luke 11:9</bibleref>.</ab></note>
<note n="24" xml:id="n-24" target="#note-t-24">
<ab>Regarding this expression, cf. <ref target="let112.xml#n-17">letter 112, n. 17.</ref></ab></note>
<note n="25" xml:id="n-25" target="#note-t-25">
<ab>The article ‘Édouard Frère, né a Paris en 1819’ (<ref target="#n-1">see n. 1</ref> above) tells how <rs type="pers" key="1023">Frère</rs> tried in vain for six years to be admitted to the Salon: ‘Finally he won, and in 1848 he exhibited seven small canvases.’</ab></note>
<note n="26" xml:id="n-26" target="#note-t-26">
<ab>This expression of <rs type="pers" key="526">Mr van Gogh</rs>, which Vincent quotes frequently, could have been derived from <bibleref xmlns="http://www.vangoghletters.org/ns/" book="hymn" chap="56" v="1">hymn 56:1</bibleref> and <bibleref xmlns="http://www.vangoghletters.org/ns/" book="hymn" chap="56" v="9">hymn 56:9</bibleref>.</ab></note>
<note n="27" xml:id="n-27" target="#note-t-27">
<ab>
  <bibleref xmlns="http://www.vangoghletters.org/ns/" book="Matt" chap="7" v="25">Matt. 7:25</bibleref>.</ab></note>
<note n="28" xml:id="n-28" target="#note-t-28">
<ab>Cf. <rs type="lit" key="183">The Heidelberg Catechism</rs>, Lord’s Day 3, Question 7. The whole sentence – ‘Man is depraved by nature, at best a thief’ – seems to be a quotation, especially since it is repeated in its entirety at the end of the letter.</ab></note>
<note n="29" xml:id="n-29" target="#note-t-29">
<ab>Cf. <bibleref xmlns="http://www.vangoghletters.org/ns/" book="hymn" chap="32" v="1">hymn 32:1</bibleref> and <bibleref xmlns="http://www.vangoghletters.org/ns/" book="hymn" chap="181" v="1">hymn 181:1</bibleref>.</ab></note>
<note n="30" xml:id="n-30" target="#note-t-30">
<ab>
  <bibleref xmlns="http://www.vangoghletters.org/ns/" book="Acts" chap="26" v="29">Acts 26:29</bibleref>.</ab></note>
<note n="31" xml:id="n-31" target="#note-t-31">
<ab>This refers to several prints which Van Gogh asked about in <ref target="let135.xml">letter 135</ref>.</ab></note>
<note n="32" xml:id="n-32" target="#note-t-32">
<ab>For the prints after <rs type="pers" key="1339">Ary Scheffer</rs>’s <rs type="ill" key="1771"><hi rend="ital">Christus Consolator</hi></rs> and <rs type="ill" key="1772"><hi rend="ital">Christus Remunerator</hi></rs>, <ref target="let085.xml#n-7">see letter 85, n. 7.</ref> Van Gogh asked about them in <ref target="let135.xml">letter 135</ref>.</ab></note>
<note n="33" xml:id="n-33" target="#note-t-33">
<ab>Since Van Gogh’s mention of ‘the museum’ means the Trippenhuis, he must be referring here to <hi rend="ital">The Meebeeck Cruywagen family</hi>, then attributed to <rs type="pers" key="1654">Jacob Gerritsz. Cuyp</rs> but now considered to be the work of <rs type="pers" key="1727">Jacob van Loo</rs> (Amsterdam, Rijksmuseum). <rs type="ill" key="37">Ill. 37</rs>.</ab></note>
<note n="34" xml:id="n-34" target="#note-t-34">
<ab>Cf. <bibleref xmlns="http://www.vangoghletters.org/ns/" book="Matt" chap="7" v="24">Matt. 7:24</bibleref>; <bibleref xmlns="http://www.vangoghletters.org/ns/" book="hymn" chap="242" v="2">hymn 242:2</bibleref> and <bibleref xmlns="http://www.vangoghletters.org/ns/" book="hymn" chap="243" v="2">hymn 243:2</bibleref>.</ab></note>
<note n="35" xml:id="n-35" target="#note-t-35">
<ab>Biblical; cf., for instance, <bibleref xmlns="http://www.vangoghletters.org/ns/" book="Eph" chap="2" v="4">Eph. 2:4</bibleref>.</ab></note>
<note n="36" xml:id="n-36" target="#note-t-36">
<ab>
  <bibleref xmlns="http://www.vangoghletters.org/ns/" book="Matt" chap="9" v="24">Matt. 9:24</bibleref>.</ab></note>
<note n="37" xml:id="n-37" target="#note-t-37">
<ab>As it turned out, <rs type="pers" key="323">Mauve</rs> did not move house (FR b960).</ab></note>
<note n="38" xml:id="n-38" target="#note-t-38">
<ab>The brothers’ visit to <rs type="pers" key="323">Anton Mauve</rs> must have taken place during Vincent’s stay in The Hague in the second week of May 1877; cf. <ref target="let114.xml#n-42">letter 114, n. 42.</ref></ab></note>
<note n="39" xml:id="n-39" target="#note-t-39">
  <ab>For <rs type="pers" key="851">Bargue</rs>’s <rs type="ill" key="527"><hi rend="ital">Anne of Brittany</hi></rs> from <hi rend="ital"><rs type="lit" key="170">Cours de dessin</rs></hi>, <ref target="let136.xml#n-22">see letter 136, n. 22.</ref></ab></note>
<note n="40" xml:id="n-40" target="#note-t-40">
<ab>
  <bibleref xmlns="http://www.vangoghletters.org/ns/" book="Isa" chap="53" v="3">Isa. 53:3</bibleref>.</ab></note>
<note n="41" xml:id="n-41" target="#note-t-41">
<ab>
  <bibleref xmlns="http://www.vangoghletters.org/ns/" book="2 Cor" chap="6" v="10">2 Cor. 6:10</bibleref>. Vincent writes ‘always’ instead of ‘alway’.</ab></note></div></body></text></TEI>
