<?xml version="1.0" encoding="UTF-8"?>
<!-- Last Changed Date: 2018-07-18 12:32:41 +0200 (Wed, 18 Jul 2018) | SVN Revision: 2206 -->
<!--Licensed under Attribution-NonCommercial-ShareAlike 4.0 International (CC BY-NC-SA 4.0)-->
<?xml-model href="https://xmlschema.huygens.knaw.nl/vgodd.rng" type="application/xml" schematypens="http://relaxng.org/ns/structure/1.0"?>
<TEI xmlns:vg="http://www.vangoghletters.org/ns/" xmlns="http://www.tei-c.org/ns/1.0">
<teiHeader xmlns:xsi="http://www.w3.org/2001/XMLSchema-instance"><fileDesc>
<titleStmt>
<title>To Theo van Gogh. Etten, Thursday, 3 November 1881.</title>
<editor>Leo Jansen</editor>
<editor>Hans Luijten</editor>
<editor>Nienke Bakker</editor></titleStmt>
<publicationStmt>
<publisher><name>Huygens Instituut voor Nederlandse Geschiedenis (KNAW)</name><email>info@huygens.knaw.nl</email></publisher>
<publisher>Van Gogh Museum</publisher>
<pubPlace>Amsterdam</pubPlace>
<date type="first" when="2009">2009</date>
<availability status="restricted">
<licence target="http://creativecommons.org/licenses/by-nc-sa/4.0/ https://creativecommons.org/licenses/by-nc-sa/4.0/legalcode">
<p>Attribution-NonCommercial-ShareAlike 4.0 International (CC BY-NC-SA 4.0) </p></licence></availability>
<ptr target="http://vangoghletters.org/orig/let179"/></publicationStmt><sourceDesc><vg:letDesc><vg:letIdentifier>
<idno type="jlb">179</idno>
<idno type="collectedletters">153</idno>
<idno type="brieven1990">177</idno></vg:letIdentifier><vg:letHeading><author>Vincent van Gogh</author><vg:addressee>Theo van Gogh</vg:addressee><vg:placeLet>Etten</vg:placeLet><vg:dateLet>Thursday, 3 November 1881</vg:dateLet></vg:letHeading><vg:letContents>
<p>To Theo van Gogh. Etten, Thursday, 3 November 1881.</p>
<note type="ongoingTopic" n="1">
<p>Van Rappard’s visit to Etten <ref target="let178.xml">(178)</ref></p></note></vg:letContents>
<note type="sourceStatus" xml:id="sourceStatus">
<p>Original manuscript</p></note>
<note type="location" xml:id="location">
<p>Amsterdam, Van Gogh Museum, inv. no. b173 V/1962</p></note>
<note type="date" xml:id="date">
<p>Letter headed: ‘Etten 3/9 1881’. Van Gogh used the Latin word for nine to indicate the month: ‘novem’; cf. <ref target="let157.xml">letter 157</ref>, <hi rend="ital">Date</hi>. </p></note></vg:letDesc></sourceDesc></fileDesc></teiHeader>
<facsimile xmlns:xsi="http://www.w3.org/2001/XMLSchema-instance">
<surface n="b 0173" xml:id="surf-pb-1r"><graphic mimeType="image/tiff" url="VGM001000185_01.TIF" rend="norend"/><graphic mimeType="image/tiff" url="VGM001000185_01_n.tif" rend="norend"/><graphic mimeType="image/jpeg" url="VGM001000185_01_nt.jpg" height="50px" rend="thumbnail"/><zone xml:id="zone-pb-1r-1">
<graphic mimeType="image/tiff" url="VGM001000185_01_nR.tif" rend="norend"/><graphic mimeType="image/jpeg" url="VGM001000185_01_nRt.jpg" height="50px" rend="thumbnail"/><graphic mimeType="image/png" url="VGM001000185_01_nRf.png" width="380px" rend="facstab"/></zone>
<zone xml:id="zone-pb-1r-4">
<graphic mimeType="image/tiff" url="VGM001000185_01_nL.tif" rend="norend"/><graphic mimeType="image/jpeg" url="VGM001000185_01_nLt.jpg" height="50px" rend="thumbnail"/><graphic mimeType="image/png" url="VGM001000185_01_nLf.png" width="380px" rend="facstab"/></zone>
</surface>
<surface n="b 0173" xml:id="surf-pb-1v"><graphic mimeType="image/tiff" url="VGM001000185_02.TIF" rend="norend"/><graphic mimeType="image/tiff" url="VGM001000185_02_n.tif" rend="norend"/><graphic mimeType="image/jpeg" url="VGM001000185_02_nt.jpg" height="50px" rend="thumbnail"/><zone xml:id="zone-pb-1v-2">
<graphic mimeType="image/tiff" url="VGM001000185_02_nL.tif" rend="norend"/><graphic mimeType="image/jpeg" url="VGM001000185_02_nLt.jpg" height="50px" rend="thumbnail"/><graphic mimeType="image/png" url="VGM001000185_02_nLf.png" width="380px" rend="facstab"/></zone>
<zone xml:id="zone-pb-1v-3">
<graphic mimeType="image/tiff" url="VGM001000185_02_nR.tif" rend="norend"/><graphic mimeType="image/jpeg" url="VGM001000185_02_nRt.jpg" height="50px" rend="thumbnail"/><graphic mimeType="image/png" url="VGM001000185_02_nRf.png" width="380px" rend="facstab"/></zone>
</surface></facsimile><text xmlns:xsi="http://www.w3.org/2001/XMLSchema-instance"><body>
<div type="original">
<pb f="1r" n="1" xml:id="pb-orig-1r-1" facs="#zone-pb-1r-1"/><lb n="1" xml:id="l-1"/>
<ab>Etten 3/9 1881</ab>
<vg:whiteline/><lb n="2" xml:id="l-2"/>
<ab>Waarde Theo,</ab><lb n="3" xml:id="l-3"/>
<ab>Er ligt me iets op ’t hart dat ik U vertellen wil. Misschien <lb n="4" xml:id="l-4"/>weet ge er reeds iets van &amp; vertel ik U geen nieuws.</ab><lb n="5" xml:id="l-5"/>
<ab rend="indent">Ik wilde U zeggen dat ik dezen zomer zooveel ben gaan <lb n="6" xml:id="l-6"/>houden van Kee Vos dat ik er geen andere <lb n="7" xml:id="l-7"/>woorden voor kon vinden dan “’t is net of Kee Vos mijn <lb n="8" xml:id="l-8"/>naaste is en ik de naaste van Kee Vos”. en ─ die woorden <lb n="9" xml:id="l-9"/>heb ik tot haar gezegd. Doch toen ik haar dit zeide <lb n="10" xml:id="l-10"/>antwoordde zij mij dat haar verleden en haar toekomst <lb n="11" xml:id="l-11"/>voor haar een bleven en zij dus nooit mijne gevoelens <lb n="12" xml:id="l-12"/>kon beantwoorden.<anchor n="1" xml:id="note-o-1"/></ab><lb n="13" xml:id="l-13"/>
<ab rend="indent">Toen was ik in een geduchten tweestrijd wat te doen, <lb n="14" xml:id="l-14"/>mij te resigneeren tot dat nooit neen nimmer <lb n="15" xml:id="l-15"/>of ─ nog niet de zaak voor beslist &amp; geeindigd te <lb n="16" xml:id="l-16"/>houden en nog wat goeden moed te houden en <lb n="17" xml:id="l-17"/>’t nog niet op te geven.</ab><lb n="18" xml:id="l-18"/>
<ab rend="indent">’t Laatste koos ik.─ En tot heden heb ik <lb n="19" xml:id="l-19"/>geen berouw van die opvatting hoewel ik nog <lb n="20" xml:id="l-20"/>altijd sta voor dat nooit neen nimmer.</ab><lb n="21" xml:id="l-21"/>
<ab rend="indent">Natuurlijk heb ik sedert heel wat “petites misères <lb n="22" xml:id="l-22"/>de la vie humaine”<anchor n="2" xml:id="note-o-2"/> ondervonden, die, <lb n="23" xml:id="l-23"/>als ze in een boek geschreven waren, mogelijk zouden <lb n="24" xml:id="l-24"/>kunnen dienen om den een of ander te amuseeren <lb n="25" xml:id="l-25"/>doch als men ze zelf beleeft zeker geen aangename <lb n="26" xml:id="l-26"/>gewaarwordingen kunnen geacht worden te wezen. <lb n="27" xml:id="l-27"/>Evenwel tot op heden ben ik blij dat ik ’t resignatie- of <lb n="28" xml:id="l-28"/>“how <hi rend="ital">not</hi> to do it” systeem<anchor n="3" xml:id="note-o-3"/> maar overliet voor wie er <lb n="29" xml:id="l-29"/>trek in hebben &amp; mij aangaande nog wat moed vatte. <lb n="30" xml:id="l-30"/>Ge begrijpt dat ’t in een geval als dit ’t verbazend <lb n="31" xml:id="l-31"/>moeielijk is te weten wat men doen kan<c type="kk">/</c> doen <lb n="32" xml:id="l-32"/>mag &amp; doen moet. Doch “al dwalende vinden <lb n="33" xml:id="l-33"/>we ’t spoor”<anchor n="4" xml:id="note-o-4"/> &amp; niet al stilzittende.</ab>
<pb f="1v" n="2" xml:id="pb-orig-1v-2" facs="#zone-pb-1v-2"/><lb n="34" xml:id="l-34"/>
<ab rend="indent">Een der redenen waarom ik U tot heden er niet over <lb n="35" xml:id="l-35"/>schreef is dat de positie waarin ik mij bevond zoo vaag &amp; ongedecideerd was <lb n="36" xml:id="l-36"/>dat ik die U niet kon uitleggen.</ab><lb n="37" xml:id="l-37"/>
<ab rend="indent">Nu evenwel zijn we zoo ver dat ik er over heb <lb n="38" xml:id="l-38"/>gesproken ─ behalve tot haar zelve ─ tot Pa en Moe<c type="kk">/</c> tot <lb n="39" xml:id="l-39"/>Oom &amp; Tante Stricker<anchor n="5" xml:id="note-o-5"/> &amp; tot Oom &amp; tante te Prinsenhage.<anchor n="6" xml:id="note-o-6"/> <lb n="40" xml:id="l-40"/>De eenige die<c type="kk">/</c> doch dat zeer officieus en in ’t apart<c type="kk">/</c><anchor n="a" xml:id="note-o-a"/><lb n="41" xml:id="l-41"/> mij gezegd heeft dat er werkelijk indien <lb n="42" xml:id="l-42"/>ik hard werkte &amp; voorspoed had kans voor mij <lb n="43" xml:id="l-43"/>was<c type="kk">/</c> is iemand van wien ik ’t volstrekt niet wachtte,<anchor n="b" xml:id="note-o-b"/> <lb n="44" xml:id="l-44"/>Oom Cent. Deze had schik in de manier waarop <lb n="45" xml:id="l-45"/>ik ’t nooit neen nimmer van Kee opvatte<c type="kk">/</c> namelijk <lb n="46" xml:id="l-46"/>het niet zwaar tillende maar dat ik er zoowat <lb n="47" xml:id="l-47"/>gekheid mee maakte<c type="kk">/</c> b.v<c type="kp">_</c>: geef toch geen koren <lb n="48" xml:id="l-48"/>op den molen van nooit neen nimmer die Kee <lb n="49" xml:id="l-49"/>Vos er op na houdt, ik wensch haar alles goeds <lb n="50" xml:id="l-50"/>toe behalve alleen dat ik hoop dat voornoemde <lb n="51" xml:id="l-51"/>korenmolen failliet zal gaan. Evenzoo <lb n="52" xml:id="l-52"/>trok ik ’t mij niet erg aan toen Oom Stricker er <lb n="53" xml:id="l-53"/>van sprak dat er gevaar was ik “vriendschappelijke <lb n="54" xml:id="l-54"/>verhoudingen &amp; oude banden zoude verbreken”<c type="kk">/</c> <lb n="55" xml:id="l-55"/>ik zei daarop dat mijns inziens ’t onderhavige <lb n="56" xml:id="l-56"/>geval wel verre van oude banden te verbreken <lb n="57" xml:id="l-57"/>de oude banden waar ze reparatie noodig hadden <lb n="58" xml:id="l-58"/>kon vernieuwen. Enfin en zoo hoop ik te <lb n="59" xml:id="l-59"/>blijven doen en zwaarmoedigheid &amp; zwaartillendheid <lb n="60" xml:id="l-60"/>verre van mij te doen. Intusschen hard werkende <lb n="61" xml:id="l-61"/>en sedert ik haar ontmoet heb vlot mijn werk veel beter.</ab><lb n="62" xml:id="l-62"/>
<ab rend="indent">Ik zeide dat nu de positie zich zoo wat decideerd.<anchor n="c" xml:id="note-o-c"/></ab><lb n="62a" xml:id="l-62a"/>
<ab>1<hi rend="ss">o</hi> Kee zegt nooit neen nimmer en verder <lb n="63" xml:id="l-63"/>geloof ik dat ik enorm veel moeite zal hebben <lb n="64" xml:id="l-64"/>met de oudere personen die de zaak reeds nu <lb n="65" xml:id="l-65"/>voor beslist &amp; geeindigd houden en mij zullen <lb n="66" xml:id="l-66"/>trachten te dwingen er van af te zien. <lb n="67" xml:id="l-67"/>Vooralsnog evenwel geloof ik zij zeer zacht te werk 
<pb f="1v" n="3" xml:id="pb-orig-1v-3" facs="#zone-pb-1v-3"/><lb n="73" xml:id="l-73"/>zullen gaan<c type="kk">/</c> mij aan ’t lijntje houden en met <lb n="74" xml:id="l-74"/>een kluitje in ’t riet sturen totdat het groote <lb n="75" xml:id="l-75"/>feest van Oom &amp; Tante Stricker (in December)<anchor n="7" xml:id="note-o-7"/> voorbij <lb n="76" xml:id="l-76"/>zal zijn. Want men wil opspraak vermijden. <lb n="77" xml:id="l-77"/>Daarna echter vrees ik er maatregelen genomen <lb n="78" xml:id="l-78"/>zullen worden om mij er uit te knikkeren<c type="kp">_</c></ab><lb n="79" xml:id="l-79"/>
<ab rend="indent">Vergeef me deze wat harde termen die ik gebruik <lb n="80" xml:id="l-80"/>om U de positie duidelijk te maken; ik geef toe <lb n="81" xml:id="l-81"/>dat de kleuren wat hard zijn &amp; de lijnen wat sterk <lb n="82" xml:id="l-82"/>getrokken maar ’t zal U toch een duidelijker inzigt in de <lb n="83" xml:id="l-83"/>zaak geven dan wanneer ik er om heen praatte. <lb n="84" xml:id="l-84"/>Verdenk mij dus niet van gebrek aan achting jegens <lb n="85" xml:id="l-85"/>die Oudere personen.</ab><lb n="86" xml:id="l-86"/>
<ab rend="indent">Alleen geloof ik dat zij er bepaald <hi rend="ital">tegen</hi> zijn &amp; <lb n="87" xml:id="l-87"/>wil U dit doen zien. Zij zullen trachten te zorgen <lb n="88" xml:id="l-88"/>dat Kee &amp; ik elkaar noch zullen kunnen zien noch <lb n="89" xml:id="l-89"/>spreken noch schrijven<c type="kk">/</c> juist omdat zij zeer wel <lb n="90" xml:id="l-90"/>begrijpen dat indien we elkaar zagen<c type="kk">/</c> spraken <lb n="91" xml:id="l-91"/>of schreven er kans was op gedachten verandering van <lb n="92" xml:id="l-92"/>Kee. Kee zelf meent nooit van gedachten <lb n="93" xml:id="l-93"/>te veranderen &amp; de oudere personen trachten mij te <lb n="94" xml:id="l-94"/>overtuigen zij niet veranderen kan doch hebben toch <lb n="95" xml:id="l-95"/>vrees voor die verandering.</ab><lb n="96" xml:id="l-96"/>
<ab rend="indent">De oudere personen toch zullen omtrent deze zaak <lb n="97" xml:id="l-97"/>van gedachten veranderen niet dan wanneer Kee <lb n="98" xml:id="l-98"/>van gezindheid veranderd doch dan wanneer <lb n="99" xml:id="l-99"/>ik iemand zal geworden zijn die op zijn minst <lb n="100" xml:id="l-100"/>f 1000 per jaar verdien.─ Nog eens, vergeef <lb n="101" xml:id="l-101"/>de harde contours waarmee ik de dingen afteeken. <lb n="102" xml:id="l-102"/>Indien ik weinig sympathie vinde bij de ouderen <lb n="103" xml:id="l-103"/>zoo geloof ik dat sommige jongeren zich mijne <lb n="104" xml:id="l-104"/>houding zullen kunnen begrijpen. Misschien gij <lb n="105" xml:id="l-105"/>Theo ─ Gij zult misschien wel van mij <lb n="106" xml:id="l-106"/>hooren zeggen dat ik forceeren wil &amp; dergelijke <lb n="107" xml:id="l-107"/>uitdrukkingen. Doch wie begrijpt niet hoe onzinnig <lb n="108" xml:id="l-108"/>forceeren is bij liefde! Neen dat is verre verre van mij. 
<pb f="1r" n="4" xml:id="pb-orig-1r-4" facs="#zone-pb-1r-4"/><lb n="110" xml:id="l-110"/>Doch ’t is geen onbillijk of onredelijk verlangen dat ik <lb n="111" xml:id="l-111"/>wensch dat Kee &amp; ik inplaats van geen omgang met elkaar <lb n="112" xml:id="l-112"/>te mogen hebben<c type="kk">/</c> elkaar zullen zien<c type="kk">/</c> spreken of schrijven <lb n="113" xml:id="l-113"/>om<c type="kk">/</c> elkaar beter leerende kennen<c type="kk">/</c> <hi rend="ital">zelf</hi> beter te <lb n="114" xml:id="l-114"/>kunnen inzien of wij voor elkaar geschikt zijn al dan <lb n="115" xml:id="l-115"/>niet. Een jaar van omgang met elkaar zou <lb n="116" xml:id="l-116"/>heilzaam wezen voor haar &amp; voor mij doch de ouderen <lb n="117" xml:id="l-117"/>zijn werkelijk verstokt op dat punt. Ware ik rijk <lb n="118" xml:id="l-118"/>zij zouden heel anders spreken.</ab><lb n="119" xml:id="l-119"/>
<ab rend="indent">Doch nu begrijpt ge wel dat ik niets hoop ongedaan <lb n="120" xml:id="l-120"/>te laten wat mij nader moge brengen tot haar <lb n="121" xml:id="l-121"/>en ’t is mijn voornemen</ab>
<vg:whiteline/><lb n="122" xml:id="l-122"/>
<ab>Zoo lang zal ik haar beminnen</ab><lb n="123" xml:id="l-123"/>
<ab>Tot ze in ’t eind mij ook bemint.<anchor n="8" xml:id="note-o-8"/></ab>
<vg:whiteline/><lb n="124" xml:id="l-124"/>
<ab>Plus elle disparaît plus elle apparaît.─<anchor n="9" xml:id="note-o-9"/></ab>
<vg:whiteline/><lb n="125" xml:id="l-125"/>
<ab>Theo, zijt gij soms ook verliefd, ik wenschte <lb n="126" xml:id="l-126"/>wel dat gij het waart want geloof me dat ook de <lb n="127" xml:id="l-127"/>“petites misères” er van hun waarde hebben<c type="kp">_</c> Men is <lb n="128" xml:id="l-128"/>soms in desolatie<c type="kk">/</c> er zijn momenten waarin men als ’t ware <lb n="129" xml:id="l-129"/>in de hel is<c type="kk">/</c> doch ─ er is ook iets anders &amp; beters aan verbonden<c type="kp">_</c> <lb n="130" xml:id="l-130"/>Er zijn 3 trappen<c type="kk">/</c> 1<hi rend="ss">0</hi> niet beminnen &amp; niet bemind worden<c type="kk">/</c> <lb n="131" xml:id="l-131"/>2<hi rend="ss">0</hi> beminnen &amp; niet bemind worden (’t onderhavige geval)<c type="kk">/</c> <lb n="132" xml:id="l-132"/>3<hi rend="ss">0</hi> beminnen &amp; bemind worden.─</ab><lb n="133" xml:id="l-133"/>
<ab rend="indent">Nu zeg ik dat de tweede trap beter is dan de <lb n="134" xml:id="l-134"/>eerste, maar de derde! dat is <hi rend="ital">datte</hi><c type="kp">_</c></ab><lb n="135" xml:id="l-135"/>
<ab rend="indent">Nu, old boy, word nu ook maar verliefd, <lb n="136" xml:id="l-136"/>en vertel me dat dan ook eens. Houd U leuk<anchor n="d" xml:id="note-o-d"/> <lb n="137" xml:id="l-137"/>in ’t onderhavige geval en heb wat sympathie <lb n="138" xml:id="l-138"/>voor me. Ik had natuurlijk veel liever een ja en <lb n="139" xml:id="l-139"/>amen doch ik ben toch vast al blij met mijn <lb n="140" xml:id="l-140"/>“<hi rend="ital">nooit neen nimmer</hi>”. Ik houd dat voor <hi rend="ital">iets</hi> doch oudere &amp; wijzere menschen zeggen het is <hi rend="ital">niets</hi>. Rappard is hier geweest<c type="kk">/</c> <lb n="141" xml:id="l-141"/>bragt aquarellen mee die goed worden<c type="kp">_</c> Mauve komt hoop ik <lb n="142" xml:id="l-142"/>spoedig<c type="kk">/</c> anders ga ik naar hem. Ik teeken veel en <lb n="143" xml:id="l-143"/>geloof ’t beter wordt<c type="kk">/</c> ik werk veel meer met ’t penseel <lb n="144" xml:id="l-144"/>dan vroeger. Nu is ’t zoo koud dat ik haast uitsluitend <lb n="145" xml:id="l-145"/>figuur teeken binnenshuis, naaister<c type="kk">/</c><anchor n="10" xml:id="note-o-10"/> mandemaker &amp;c<c type="kp">_</c><anchor n="11" xml:id="note-o-11"/></ab><lb n="146" xml:id="l-146"/>
<ab rend="indent">Een handdruk in gedachten &amp; schrijf spoedig &amp; geloof me</ab>
<vg:whiteline/><lb n="147" xml:id="l-147"/>
<ab>t. à t<c type="kp">_</c></ab><lb n="148" xml:id="l-148"/>
<ab>Vincent</ab>
<vg:whiteline/><lb n="68»" xml:id="l-68"/>
<ab>Men heeft mij willen laten beloven dat ik volstrekt niet meer over deze zaak zal spreken of schrijven doch <lb n="69" xml:id="l-69"/>ik heb dit niet willen beloven, geen mensch ter wereld kan mijns inziens billijkerwijs zooiets van mij (of wie dan ook <lb n="70" xml:id="l-70"/>in t’zelfde geval) vergen. Alleen heb ik aan Oom Cent de verzekering gegeven dat ik voorloopig wel wilde <lb n="71" xml:id="l-71"/>staken aan Oom Stricker te schrijven tot onvoorziene omstandigheden ’t noodig maken mogten. Een leeuwrik kan in de lente ’t zingen niet <lb n="72" xml:id="l-72"/>laten.</ab>
<vg:whiteline/><lb n="149»" xml:id="l-149"/>
<ab>Als gij ooit verliefd wordt en een nooit neen nimmer mogt krijgen<c type="kk">/</c> resigneer U vooral niet! doch gij zijt zoo’n <lb n="150" xml:id="l-150"/>gelukskind dat iets dergelijks U wel niet overkomen zal<c type="kk">/</c> <lb n="151" xml:id="l-151"/>hoop ik.</ab>
<vg:whiteline/>
<div type="textualNotes">
<note target="l-8" n="8">Vos”. &lt; Vos.</note>
<note target="l-27" n="27">resignatie- &lt; resignatie</note>
<note target="l-33" n="33">spoor” &lt; spoor</note>
<note target="l-38" n="38">─ behalve <supplied>...</supplied> zelve ─ &lt; <hi rend="ital">Dashes added.</hi>.</note>
<note target="l-43" n="43">wachtte &lt; wachte</note>
<note target="l-68" targetEnd="l-72" n="68-72">Men heeft <supplied>...</supplied> niet laten &lt; <hi rend="ital">In the right margin on p. 3, (</hi>‘zullen gaan <supplied>...</supplied> verre van mij’<hi rend="ital">)</hi>.</note>
<note target="l-149" targetEnd="l-151" n="149-151">Als gij <supplied>...</supplied> hoop ik &lt; <hi rend="ital">In the right margin on p. 4, (</hi>‘Doch <supplied>...</supplied> Vincent’<hi rend="ital">).</hi></note></div></div>
<div type="translation">
<pb f="1r" n="1" xml:id="pb-trans-1r-1" facs="#zone-pb-1r-1"/>
<ab>Etten, 3/9 1881</ab>
<vg:whiteline/>
<ab>My dear Theo,</ab>
<ab>There’s something on my mind that I want to tell you. Perhaps you already know something about it, and what I’m telling you isn’t news.</ab>
<ab rend="indent">I wanted to tell you that this summer I’ve come to love <rs type="pers" key="776">Kee Vos</rs> so much that I could find no other words for it than ‘it’s just as if Kee Vos were the closest person to me and I the closest person to Kee Vos’. And — I said these words to her. But when I told her this, she replied that her past and her future were all one to her and so she could never return my feelings.<anchor n="1" xml:id="note-t-1"/></ab>
<ab rend="indent">Then I was in an awful dilemma about what to do, to resign myself to that no, nay, never, or — not yet to regard the matter as over and done with, and to take courage and not give up yet.</ab>
<ab rend="indent">I chose the latter. And until now I haven’t regretted that decision, even though I’m still confronted with that no, nay, never.</ab>
<ab rend="indent">Since then, of course, I’ve suffered a great many ‘petty miseries of human life’,<anchor n="2" xml:id="note-t-2"/> which, if they were written down in a book, could perhaps serve to amuse some people, though they can hardly be considered pleasant if one experiences them oneself. Nonetheless, up to now I’ve been glad that I left the resignation or ‘how-<hi rend="ital">not-</hi>to-do-it’ method<anchor n="3" xml:id="note-t-3"/> to those who prefer it and, as for myself, plucked up a little courage. You understand that in cases like this it’s surprisingly difficult to know what one can, may and must do. But ‘wandering we find our way’,<anchor n="4" xml:id="note-t-4"/> and not by sitting still. 
<pb f="1v" n="2" xml:id="pb-trans-1v-2" facs="#zone-pb-1v-2"/></ab>
<ab rend="indent">One of the reasons I haven’t written to you about it before now is that the position in which I found myself was so vague and undecided that I couldn’t explain it to you.</ab>
<ab rend="indent">Now, though, we’ve progressed to the point where I’ve spoken about it — in addition to her — to <rs type="pers" key="526">Pa</rs> and <rs type="pers" key="524">Ma</rs>, to <rs type="pers" key="317 318">Uncle and Aunt Stricker</rs><anchor n="5" xml:id="note-t-5"/> and to <rs type="pers" key="423 853">Uncle and Aunt</rs> at Princenhage.<anchor n="6" xml:id="note-t-6"/> The only one who said to me, though very informally and in private, that I did indeed have a chance if I worked hard and prospered, is one from whom I didn’t expect it at all, Uncle Cent. He was amused at the way I took <rs type="pers" key="776">Kee</rs>’s no, nay, never, i.e. by making light of it and sort of joking about it, bring no grist to Kee Vos’s mill of no, nay, never, for example, I wish her all good things, apart from hoping that the aforementioned flour-mill will go bankrupt. Likewise I didn’t much mind when Uncle Stricker said there was a danger I ‘would sever friendly relations and break old ties’, to which I replied that in my opinion the case in question, far from breaking old ties, could renew the old ties where they were in need of repair. At any rate, I hope to go on like this and to keep well away from melancholy and pessimism. Meanwhile working hard, and since meeting her my work is going much better.</ab>
<ab rend="indent">I said that now the situation is becoming somewhat clearer. First, <rs type="pers" key="776">Kee</rs> says no, nay, never, and furthermore I believe that I’ll have tremendous difficulty with the elders who already regard the matter as over and done with and will try and force me to give up. For the time being, though, I believe they’ll proceed with caution, 
<pb f="1v" n="3" xml:id="pb-trans-1v-3" facs="#zone-pb-1v-3"/> keeping me dangling and fobbing me off until <rs type="pers" key="317 318">Uncle and Aunt Stricker</rs>’s big celebration (in December)<anchor n="7" xml:id="note-t-7"/> is over. Because they want to avoid scandal. After that, though, I fear that steps will be taken to get rid of me.</ab>
<ab rend="indent">Forgive the rather harsh terms I’m using to make my position clear to you. I admit that the colours are a little harsh and the lines drawn a bit too hard, but it will nevertheless give you a clearer picture of the situation than if I were to beat about the bush. So don’t suspect me of lack of respect for those Elder persons.</ab>
<ab rend="indent">Only I believe that they’re decidedly <hi rend="ital">against</hi> it, and I want to make you see this. They’ll try and see to it that <rs type="pers" key="776">Kee</rs> and I can neither see nor speak nor write to one another, just because they understand very well that if we were to see, speak or write to one another there would be a chance of a change of heart in Kee. Kee herself thinks she‘ll never change her mind and, though the elder persons are trying to convince me that she can’t change, they fear that change nonetheless.</ab>
<ab rend="indent">The elder persons will change their minds about this matter not when <rs type="pers" key="776">Kee</rs> changes her mind but when I become someone who earns at least 1,000 guilders a year. Again, forgive the hard contours with which I outline things. While I find little sympathy from the elders, I think that some of the younger ones will be able to understand my attitude. Perhaps you, Theo. Perhaps you’ve heard it said of me that I want to force the issue and suchlike expressions. But who doesn’t understand how senseless it is to try and force love! No, that’s far, far from my thoughts. 
<pb f="1r" n="4" xml:id="pb-trans-1r-4" facs="#zone-pb-1r-4"/> But it’s not unfair or unreasonable to wish that Kee and I, instead of not being allowed to see one another, will see, speak and write to one another so that, getting to know each other better, we’ll be able to see for <hi rend="ital">ourselves</hi> whether or not we’re suited to each other. A year of contact with one another would be beneficial for her and for me, yet the elders won’t budge on this point. If I were rich they’d talk altogether differently.</ab>
<ab rend="indent">Yet by now you understand that I mean to leave no stone unturned in my endeavours to bring me closer to her, and I declare that</ab>
<vg:whiteline/>
<ab>I shall love her so long</ab>
<ab>That in the end she’ll love me too.<anchor n="8" xml:id="note-t-8"/></ab>
<vg:whiteline/>
<ab>The more she disappears, the more she appears.<anchor n="9" xml:id="note-t-9"/></ab>
<vg:whiteline/>
<ab>Theo, aren’t you in love too, at times? I wish you were, for believe me, the ‘petty miseries’ of it are also of some value. Sometimes one is desolate, there are moments when one is in hell, as it were, but — it also brings with it other and better things. There are three stages, first not loving and not being loved, second loving and not being loved (the case in question), third loving and being loved.</ab>
<ab rend="indent">I’d say that the second stage is better than the first, but the third! That’s <hi rend="ital">it</hi>.</ab>
<ab rend="indent">Now, old boy, go and fall in love and tell me about it sometime. Keep quiet about the case in question and sympathize with me. I’d much rather have a yea and amen, of course, but meanwhile I’m really rather happy with my ‘<hi rend="ital">no, nay, never</hi>’. I consider that <hi rend="ital">something</hi>, but older and wiser people say it’s <hi rend="ital">nothing</hi>. <rs type="pers" key="1306">Rappard</rs> was here, brought along watercolours that are becoming good. <rs type="pers" key="323">Mauve</rs> is coming soon, I hope, otherwise I’ll go to him. I’m drawing a great deal and think it’s getting better, I’m working much more with the brush than I used to. Now it’s so cold that practically all I do is draw figures inside, seamstress,<anchor n="10" xml:id="note-t-10"/> basket-maker &amp;c.<anchor n="11" xml:id="note-t-11"/></ab>
<ab rend="indent">A handshake in thought, and write soon, and believe me</ab>
<vg:whiteline/>
<ab>Ever yours,</ab>
<ab>Vincent</ab>
<vg:whiteline/>
<ab>They wanted me to promise not to say or write anything more on this subject, but I wouldn’t promise that; no one in the world, in my opinion, can reasonably demand such a thing of me (or of anyone else in the same situation). I’ve only given assurances to <rs type="pers" key="423">Uncle Cent</rs> that I would stop writing to <rs type="pers" key="318">Uncle Stricker</rs> for the time being, until unforeseen circumstances should make it necessary. A lark can’t help singing in the spring.</ab>
<vg:whiteline/>
<ab>If you should ever fall in love and receive a no, nay, never, by no means resign yourself to it! But you’re such a lucky dog that something like this will probably never happen to you, I hope.</ab></div>
<div type="notes">
<note n="1" xml:id="n-1" target="#note-t-1">
<ab><rs type="pers" key="806">Christoffel Vos</rs>, the husband of <rs type="pers" key="776">Kee Vos</rs>, had died on 27 October 1878. In the summer of 1881 Kee came to Etten for a lengthy stay, and she and Vincent spent a great deal of time together (cf. <ref target="let183.xml">letter 183</ref>). Probably thinking that she was just as fond of him as he was of her, he made her a proposal of marriage (<ref target="let180.xml">180</ref>). He did not tell Theo about it, however.</ab></note>
<note n="2" xml:id="n-2" target="#note-t-2">
    <ab>A reference to <rs type="lit" key="222"><hi rend="ital">Petites misères de la vie humaine</hi></rs>, a book by <rs type="pers" key="748">Old Nick</rs> and <rs type="pers" key="745">Grandville</rs>; <ref target="let178.xml#n-6">see letter 178, n. 6</ref>.</ab></note>
<note n="3" xml:id="n-3" target="#note-t-3">
<ab>Van Gogh frequently used this expression, which he borrowed from <rs type="pers" key="580">Charles Dickens</rs>’s <rs type="lit" key="199"><hi rend="ital">Little Dorrit</hi></rs>: ‘How to do it must obviously be regarded as the natural and mortal enemy of How not to do it.’ See Dickens 1979, p. 500. The expression recurs in <ref target="let212.xml">letters 212</ref>, <ref target="let214.xml">214</ref>, <ref target="let220.xml">220</ref>, <ref target="let244.xml">244</ref>, <ref target="let289.xml">289</ref>, <ref target="let291.xml">291</ref>, <ref target="let306.xml">306</ref> and <ref target="let401.xml">401</ref>.</ab></note>
<note n="4" xml:id="n-4" target="#note-t-4">
    <ab>Taken from the poem ‘<rs type="lit" key="227">Onvermoeid</rs>’ (Tireless) by <rs type="pers" key="615">P.A. de Génestet</rs>. See De Génestet 1869, vol. 2, p. 90. See also <ref target="let193.xml#n-25">letter 193, n. 25</ref>.</ab></note>
<note n="5" xml:id="n-5" target="#note-t-5">
<ab><rs type="pers" key="776">Kee Vos</rs> was the daughter of <rs type="pers" key="318">J.P. Stricker</rs> and <rs type="pers" key="317">Willemina Catharina Gerardina Carbentus</rs>, a sister of Mrs van Gogh, which made her Vincent’s first cousin.</ab></note>
<note n="6" xml:id="n-6" target="#note-t-6">
<ab><rs type="pers" key="423 853">Uncle Vincent and Aunt Cornelie van Gogh-Carbentus</rs>.</ab></note>
    <note n="a" xml:id="n-a" target="#note-o-a">
<ab>Meaning: ‘onder vier ogen’ (in private).</ab></note>
<note n="b" xml:id="n-b" target="#note-o-b">
<ab>Meaning: ‘verwachtte’ (expected).</ab></note>
<note n="c" xml:id="n-c" target="#note-o-c">
<ab>Meaning: ‘duidelijk wordt welke standpunten men inneemt’ (it’s becoming clear what the situation is, i.e. what the various standpoints are).</ab></note>
<note n="7" xml:id="n-7" target="#note-t-7">
<ab>The celebration held to mark the <rs type="pers" key="317 318">Strickers</rs>’ 40th anniversary on 7 December 1881.</ab></note>
<note n="8" xml:id="n-8" target="#note-t-8">
<ab>The closing lines of the poem ‘<rs type="lit" key="228">De edelmoedige wedervergelding</rs>’ (The noble retaliation) by <rs type="pers" key="1">Hieronymus van Alphen</rs>. See Van Alphen 1857, vol. 1, pp. 405-406. Also quoted in <ref target="let180.xml">letter 180</ref>.</ab></note>
<note n="9" xml:id="n-9" target="#note-t-9">
<ab>Possibly a quotation.</ab></note>
<note n="d" xml:id="n-d" target="#note-o-d">
<ab>Meaning: ‘houd u stil’, ‘doe alsof u van niets weet’ (keep quiet about it, pretend to know nothing).</ab></note>
<note n="10" xml:id="n-10" target="#note-t-10">
<ab>During this period Van Gogh made a number of drawings of women sewing in which he used watercolour: <hi rend="ital">Woman sewing</hi> (<rs type="otherart" key="331">F 867 / JH 67</rs>), <hi rend="ital">Woman sewing</hi> (<rs type="otherart" key="331">F 885 / JH 71</rs>), <hi rend="ital">Woman sewing</hi> (<rs type="otherart" key="251">F 886 / JH 69</rs>), <hi rend="ital">Woman sewing</hi> (<rs type="otherart" key="250">F 887 / JH 73</rs>), <hi rend="ital">Woman mending stockings</hi> (<rs type="otherart" key="332">F 888 / JH 68</rs>) and <hi rend="ital">Woman sewing</hi> (<rs type="otherart" key="331">F 1221 / JH 70</rs>).</ab></note>
<note n="11" xml:id="n-11" target="#note-t-11">
<ab>Drawings of basket-makers are not known, but there are various drawings of models engaged in other indoor activities. It is impossible to say which drawings Van Gogh is referring to here.</ab></note></div></body></text></TEI>
