<?xml version="1.0" encoding="UTF-8"?>
<!-- Last Changed Date: 2018-07-18 12:32:41 +0200 (Wed, 18 Jul 2018) | SVN Revision: 2206 -->
<!--Licensed under Attribution-NonCommercial-ShareAlike 4.0 International (CC BY-NC-SA 4.0)-->
<?xml-model href="https://xmlschema.huygens.knaw.nl/vgodd.rng" type="application/xml" schematypens="http://relaxng.org/ns/structure/1.0"?>
<TEI xmlns:vg="http://www.vangoghletters.org/ns/" xmlns="http://www.tei-c.org/ns/1.0">
<teiHeader xmlns:xsi="http://www.w3.org/2001/XMLSchema-instance"><fileDesc>
<titleStmt>
<title>To Theo van Gogh. Dordrecht, Wednesday, 7 and Thursday, 8 February 1877.</title>
<editor>Leo Jansen</editor>
<editor>Hans Luijten</editor>
<editor>Nienke Bakker</editor></titleStmt>
<publicationStmt>
<publisher><name>Huygens Instituut voor Nederlandse Geschiedenis (KNAW)</name><email>info@huygens.knaw.nl</email></publisher>
<publisher>Van Gogh Museum</publisher>
<pubPlace>Amsterdam</pubPlace>
<date type="first" when="2009">2009</date>
<availability status="restricted">
<licence target="http://creativecommons.org/licenses/by-nc-sa/4.0/ https://creativecommons.org/licenses/by-nc-sa/4.0/legalcode">
<p>Attribution-NonCommercial-ShareAlike 4.0 International (CC BY-NC-SA 4.0) </p></licence></availability>
<ptr target="http://vangoghletters.org/orig/let102"/></publicationStmt><sourceDesc><vg:letDesc><vg:letIdentifier>
<idno type="jlb">102</idno>
<idno type="collectedletters">85</idno>
<idno type="brieven1990">102</idno></vg:letIdentifier><vg:letHeading><author>Vincent van Gogh</author><vg:addressee>Theo van Gogh</vg:addressee><vg:placeLet>Dordrecht</vg:placeLet><vg:dateLet>Wednesday, 7 and Thursday, 8 February 1877</vg:dateLet></vg:letHeading><vg:letContents>
<p>To Theo van Gogh. Dordrecht, Wednesday, 7 and Thursday, 8 February 1877.</p>
<note type="ongoingTopic" n="1">
<p>Mr van Gogh’s birthday on 8 February <ref target="let101.xml">(101)</ref></p></note></vg:letContents>
<note type="sourceStatus" xml:id="sourceStatus">
<p>Original manuscript</p></note>
<note type="location" xml:id="location">
<p>Amsterdam, Van Gogh Museum, inv. no. b102 V/1962</p></note>
<note type="date" xml:id="date">
<p>Part of this letter was written on 8 February 1877: ‘congratulations for today, it’s already half past 1 and therefore already 8 February’ <ref target="#l-108">(ll. 108-109)</ref>. The fact that this remark occurs not at the beginning but much later on in the letter suggests that Van Gogh had begun writing on the evening of 7 February.</p></note></vg:letDesc></sourceDesc></fileDesc></teiHeader>
<facsimile xmlns:xsi="http://www.w3.org/2001/XMLSchema-instance">
<surface n="b 0102" xml:id="surf-pb-1r"><graphic mimeType="image/tiff" url="VGM001000109_01.TIF" rend="norend"/><graphic mimeType="image/tiff" url="VGM001000109_01_n.tif" rend="norend"/><graphic mimeType="image/jpeg" url="VGM001000109_01_nt.jpg" height="50px" rend="thumbnail"/><zone xml:id="zone-pb-1r-1">
<graphic mimeType="image/tiff" url="VGM001000109_01_nR.tif" rend="norend"/><graphic mimeType="image/jpeg" url="VGM001000109_01_nRt.jpg" height="50px" rend="thumbnail"/><graphic mimeType="image/png" url="VGM001000109_01_nRf.png" width="380px" rend="facstab"/></zone>
<zone xml:id="zone-pb-1r-4">
<graphic mimeType="image/tiff" url="VGM001000109_01_nL.tif" rend="norend"/><graphic mimeType="image/jpeg" url="VGM001000109_01_nLt.jpg" height="50px" rend="thumbnail"/><graphic mimeType="image/png" url="VGM001000109_01_nLf.png" width="380px" rend="facstab"/></zone>
</surface>
<surface n="b 0102" xml:id="surf-pb-1v"><graphic mimeType="image/tiff" url="VGM001000109_02.TIF" rend="norend"/><graphic mimeType="image/tiff" url="VGM001000109_02_n.tif" rend="norend"/><graphic mimeType="image/jpeg" url="VGM001000109_02_nt.jpg" height="50px" rend="thumbnail"/><zone xml:id="zone-pb-1v-2">
<graphic mimeType="image/tiff" url="VGM001000109_02_nL.tif" rend="norend"/><graphic mimeType="image/jpeg" url="VGM001000109_02_nLt.jpg" height="50px" rend="thumbnail"/><graphic mimeType="image/png" url="VGM001000109_02_nLf.png" width="380px" rend="facstab"/></zone>
<zone xml:id="zone-pb-1v-3">
<graphic mimeType="image/tiff" url="VGM001000109_02_nR.tif" rend="norend"/><graphic mimeType="image/jpeg" url="VGM001000109_02_nRt.jpg" height="50px" rend="thumbnail"/><graphic mimeType="image/png" url="VGM001000109_02_nRf.png" width="380px" rend="facstab"/></zone>
</surface></facsimile><text xmlns:xsi="http://www.w3.org/2001/XMLSchema-instance"><body>
<div type="original">
<pb f="1r" n="1" xml:id="pb-orig-1r-1" facs="#zone-pb-1r-1"/><lb n="1" xml:id="l-1"/>
<ab>Waarde Theo,</ab><lb n="2" xml:id="l-2"/>
<ab>Adam Bede kost f<c type="kp">_</c> 2.60<anchor n="1" xml:id="note-o-1"/> dus ontvangt Gij hierbij <lb n="3" xml:id="l-3"/>terug f<c type="kp">_</c> 1.40.– Nu hoop ik maar zij er ’t huis genot <lb n="4" xml:id="l-4"/>van zullen hebben, en dat zal wel.<anchor n="2" xml:id="note-o-2"/></ab><lb n="5" xml:id="l-5"/>
<ab rend="indent">Dank voor Uw brief waar ik zoo blij mede was, als wij <lb n="6" xml:id="l-6"/>elkaar nu weer eens ontmoeten zullen wij elkaar maar <lb n="7" xml:id="l-7"/>eens ferm in de oogen kijken<c type="kk">/</c> het is mij soms zulk eene <lb n="8" xml:id="l-8"/>heerlijke gedachte wij weer denzelfden grond onder de <lb n="9" xml:id="l-9"/>voeten hebben en dezelfde taal spreken.</ab><lb n="10" xml:id="l-10"/>
<ab rend="indent">Verl. week hebben wij hier eene overstrooming gehad. s’Avonds <lb n="11" xml:id="l-11"/>tusschen 12 en 1 van den winkel komende wandelde ik de <lb n="12" xml:id="l-12"/>Groote kerk<anchor n="3" xml:id="note-o-3"/> nog eens om, het stormde toen in de iepenboomen <lb n="13" xml:id="l-13"/>die daarom heen staan en de maan scheen door de regenwolken <lb n="14" xml:id="l-14"/>en weerkaatste in de grachten die reeds boordevol waren. s’Nachs 3 uur <lb n="15" xml:id="l-15"/>waren wij bij Rijken, een grutter waar ik in huis lig,<anchor n="4" xml:id="note-o-4"/> allen in <lb n="16" xml:id="l-16"/>de weer om de dingen uit den winkel naar boven te brengen <lb n="17" xml:id="l-17"/>want het water kwam een el hoog in huis. Er was niet <lb n="18" xml:id="l-18"/>weinig leven en rumoer, en in alle benedenkamers waren <lb n="19" xml:id="l-19"/>de menschen bezig om naar boven te brengen wat zij konden <lb n="20" xml:id="l-20"/>en een bootje kwam de straat opvaren. s’Morgens toen het wat licht <lb n="21" xml:id="l-21"/>begon te worden zag men eene groep mannen aan het eind van het <lb n="22" xml:id="l-22"/>straatje die den een na den ander naar hunne pakhuizen waadden<c type="kp">_</c> <lb n="23" xml:id="l-23"/>Er is veel schade, ook in de plaats waar de Heer Braat zijn papier &amp;c<c type="kp">_</c> <lb n="24" xml:id="l-24"/>bewaart is water gekomen<c type="kk">/</c><anchor n="5" xml:id="note-o-5"/> niet door de overstrooming maar door de <lb n="25" xml:id="l-25"/>groote drukking van onder uit den grond.</ab>
<pb f="1v" n="2" xml:id="pb-orig-1v-2" facs="#zone-pb-1v-2"/><lb n="28" xml:id="l-28"/>
<ab rend="indent">De Heer Braat zegt het hem een bankje van het grootste soort<anchor n="6" xml:id="note-o-6"/> kost. <lb n="29" xml:id="l-29"/>Wij zijn anderhalven dag bezig geweest om alles over te brengen <lb n="30" xml:id="l-30"/>naar een bovenhuis<c type="kp">_</c>– Zoo eens een dag met de handen werken <lb n="31" xml:id="l-31"/>is wel eene aangename afwisseling, ’t was maar jammer het om die <lb n="32" xml:id="l-32"/>reden was<c type="kp">_</c>– Gij hadt dien avond de zon moeten zien ondergaan<c type="kk">/</c> <lb n="33" xml:id="l-33"/>de straten schenen van goud, zooals Cuyp<anchor n="7" xml:id="note-o-7"/> dat wel schilderde.</ab><lb n="34" xml:id="l-34"/>
<ab rend="indent">Verlang naar mijn koffer die onderweg is,<anchor n="8" xml:id="note-o-8"/> ook om weer wat prenten <lb n="35" xml:id="l-35"/>op mijne kamer te hebben. Heb er nu hangen Christus consolator die <lb n="36" xml:id="l-36"/>ik van U heb<anchor n="9" xml:id="note-o-9"/> en twee Engelsche houtsneden<c type="kk">/</c> n.l. de Emmausgangers:<anchor n="10" xml:id="note-o-10"/> <lb n="37" xml:id="l-37"/>En zij dwongen Hem<c type="kk">/</c> zeggende “blijf bij ons” want de zon was onderge<c type="shy">-</c><lb n="38" xml:id="l-38"/>gaan en de avond was gevallen<anchor n="11" xml:id="note-o-11"/> – en een ander: “Zij die in duisternis <lb n="39" xml:id="l-39"/>zaten en schaduwe des doods<c type="kk">/</c> hebben een groot licht gezien;<anchor n="12" xml:id="note-o-12"/> des <lb n="40" xml:id="l-40"/>avonds vernacht wel het geween, maar des morgens is er gejuich”<c type="kp">_</c>–<anchor n="13" xml:id="note-o-13"/> <lb n="41" xml:id="l-41"/>Er kan een tijd zijn in het leven waarin men als het ware van <lb n="42" xml:id="l-42"/>alles vermoeid is en een gevoel heeft als of al wat men doet <lb n="43" xml:id="l-43"/>verkeerd is, en daar is ook wel wat van aan – zou dit een gevoel <lb n="44" xml:id="l-44"/>zijn dat men ontwijken en verdringen moet, of wel zou het zijn <lb n="45" xml:id="l-45"/>“de droefheid naar God” die men niet moet vreezen maar waarop men <lb n="46" xml:id="l-46"/>moet letten of zij misschien ons ten goede zou kunnen dringen – zou <lb n="47" xml:id="l-47"/>het misschien zijn “de droefheid naar God die werkt eene onberouwe<c type="shy">-</c><lb n="48" xml:id="l-48"/>lijke keuze”.–<anchor n="14" xml:id="note-o-14"/> En in zulk een tijd, waarin men zich vermoeid gevoelt <lb n="49" xml:id="l-49"/>van zich zelven<c type="kk">/</c> mag men met aandacht<c type="kk">/</c> hoop en liefde denken aan <lb n="50" xml:id="l-50"/>het woord “Komt allen tot Mij, gij die vermoeid en belast zijt en Ik zal u <lb n="51" xml:id="l-51"/>ruste geven. Neemt mijn juk op en leert van Mij dat ik zachtmoedig <lb n="52" xml:id="l-52"/>ben en nederig van hart, en gij zult rust vinden voor uwe ziele<c type="kp">_</c> <lb n="53" xml:id="l-53"/>Want Mijn juk is zacht en mijn last is ligt.–<anchor n="15" xml:id="note-o-15"/> Zoo iemand achter 
<pb f="1v" n="3" xml:id="pb-orig-1v-3" facs="#zone-pb-1v-3"/><lb n="54" xml:id="l-54"/>Mij wil komen die verloochene zich zelven en neme zijn kruis <lb n="55" xml:id="l-55"/>dagelijks op en volge Mij”.–<anchor n="16" xml:id="note-o-16"/> In zulk een tijd mag men wel <lb n="56" xml:id="l-56"/>denken aan “zoo een mensch niet weder geboren wordt<c type="kk">/</c> hij kan het <lb n="57" xml:id="l-57"/>koninkrijk Gods niet zien”.–<anchor n="17" xml:id="note-o-17"/> Als wij ons laten leeren door de <lb n="58" xml:id="l-58"/>ervaring des levens en leiden door de droefheid naar God dan <lb n="59" xml:id="l-59"/>kan er nog eene nieuwe levenskracht ontspringen uit het vermoeide <lb n="60" xml:id="l-60"/>hart. Als wij maar eens goed vermoeid zijn dan zullen wij <lb n="61" xml:id="l-61"/>vaster gelooven in God en zullen in Christus, door Zijn woord, <lb n="62" xml:id="l-62"/>vinden een Vriend en een Trooster. En dan kunnen er dagen komen <lb n="63" xml:id="l-63"/>waarin wij zullen voelen “Gij doet mijne ongeregtigheden van <lb n="64" xml:id="l-64"/>mij zoover het Oosten is van het Westen.”<anchor n="18" xml:id="note-o-18"/> waarin wij iets zullen <lb n="65" xml:id="l-65"/>voelen van “den ijver voor Uw huis heeft mij verslonden”,<anchor n="19" xml:id="note-o-19"/> en “onze <lb n="66" xml:id="l-66"/>God is een verteerend vuur”<anchor n="20" xml:id="note-o-20"/> – waarin wij weder zullen weten <lb n="67" xml:id="l-67"/>wat het zegt vurig te zijn van geest.–<anchor n="21" xml:id="note-o-21"/> “Niet altoos zal de hope kwijnen”<c type="kp">_</c><anchor n="22" xml:id="note-o-22"/> </ab><lb n="68" xml:id="l-68"/>
<ab rend="indent">Laat ons maar niet vergeten “de dingen die wij in den <lb n="69" xml:id="l-69"/>beginne gehoord hebben”<c type="kp">_</c><anchor n="23" xml:id="note-o-23"/></ab><lb n="71" xml:id="l-71"/>
<ab rend="indent">In den beginne was het woord en het woord was bij God <lb n="72" xml:id="l-72"/>en het woord was God.<anchor n="24" xml:id="note-o-24"/> Alzoo lief heeft God de wereld gehad <lb n="73" xml:id="l-73"/>dat Hij zijn eengeboren Zoon gegeven heeft opdat een iegelijk <lb n="74" xml:id="l-74"/>die in Hem gelooft niet verderve, maar het eeuwige leven <lb n="75" xml:id="l-75"/>hebbe.<anchor n="25" xml:id="note-o-25"/> Niets zal ons scheiden van de Liefde van Christus<c type="kk">/</c> noch <lb n="76" xml:id="l-76"/>tegenwoordige noch toekomende dingen.–<anchor n="26" xml:id="note-o-26"/></ab>
<vg:whiteline/><lb n="69a" xml:id="l-69a"/>
<ab>Juich Aarde juich tot God omhoog</ab><lb n="69b" xml:id="l-69b"/>
<ab>Dat dankbre tranen uit uw oog</ab><lb n="69c" xml:id="l-69c"/>
<ab>Voor Hem d’Algoedheid vloeien</ab><lb n="69d" xml:id="l-69d"/>
<ab>Viert vrolijk dezen blijden dag</ab><lb n="69e" xml:id="l-69e"/>
<ab>Den schoonsten die de wereld zag</ab><lb n="69f" xml:id="l-69f"/>
<ab>Aan hare kimmen gloeien.<anchor n="27" xml:id="note-o-27"/></ab>
<vg:whiteline/><lb n="69g" xml:id="l-69g"/>
<ab>Nog juicht ons toe die zaalge nacht</ab><lb n="69h" xml:id="l-69h"/>
<ab>Waarin ’t gestarnt met nieuwe pracht</ab><lb n="69i" xml:id="l-69i"/>
<ab>En ’t Englen heir met nieuwe vreugd</ab><lb n="69j" xml:id="l-69j"/>
<ab>Zich over Jezus komst verheugt.<anchor n="28" xml:id="note-o-28"/></ab>
<vg:whiteline/><lb n="69k" xml:id="l-69k"/>
<ab>Ik weet aan Wien ik mij vertrouwe</ab><lb n="69l" xml:id="l-69l"/>
<ab>Al wisselen ook dag en nacht</ab><lb n="69m" xml:id="l-69m"/>
<ab>Ik ken de rots waarop ik bouwe</ab><lb n="69n" xml:id="l-69n"/>
<ab>Hij feilt niet die mijn heil verwacht</ab><lb n="69o" xml:id="l-69o"/>
<ab>Eens aan den avond van mijn leven</ab><lb n="69p" xml:id="l-69p"/>
<ab>Breng ik van zorg en strijden moe</ab><lb n="69q" xml:id="l-69q"/>
<ab>voor elken dag mij hier gegeven</ab><lb n="69r" xml:id="l-69r"/>
<ab>U hooger reiner loflied toe.–<anchor n="29" xml:id="note-o-29"/></ab>
<vg:whiteline/><lb n="69t" xml:id="l-69t"/>
<ab>’t Hijgend hert der jagt ontkomen</ab><lb n="69u" xml:id="l-69u"/>
<ab>Schreeuwt niet sterker naar ’t genot</ab><lb n="69v" xml:id="l-69v"/>
<ab>Van de frissche waterstroomen</ab><lb n="69w" xml:id="l-69w"/>
<ab>Dan mijn ziel verlangt naar God</ab><lb n="69x" xml:id="l-69x"/>
<ab>Ja mijn ziel dorst naar den Heer!</ab><lb n="69y" xml:id="l-69y"/>
<ab>God des levens ach wanneer</ab><lb n="69z" xml:id="l-69z"/>
<ab>Zal ik naad’ren voor Uw oogen</ab><lb n="69aa" xml:id="l-69aa"/>
<ab>In Uw huis Uw naam verhoogen.<anchor n="30" xml:id="note-o-30"/></ab>
<vg:whiteline/><lb n="69bb" xml:id="l-69bb"/>
<ab>O mijn ziel wat buigt ge u neder</ab><lb n="69cc" xml:id="l-69cc"/>
<ab>Waarom zijt ge in mij ontrust</ab><lb n="69dd" xml:id="l-69dd"/>
<ab>Voed het oud vertrouwen weder</ab><lb n="69ee" xml:id="l-69ee"/>
<ab>Zoek in s’Hoogsten lof Uw lust</ab><lb n="69ff" xml:id="l-69ff"/>
<ab>Menigwerf heeft Hij Uw druk</ab><lb n="69gg" xml:id="l-69gg"/>
<ab>Doen verandren in geluk</ab><lb n="69hh" xml:id="l-69hh"/>
<ab>Hoop op Hem sla ’t oog naar boven</ab><lb n="69ii" xml:id="l-69ii"/>
<ab>Want ik zal mijn God nog loven.<anchor n="31" xml:id="note-o-31"/></ab>
<vg:whiteline/><lb n="70" xml:id="l-70"/>
<ab>Niet altijd zal de hope kwijnen<c type="kp">_</c><anchor n="32" xml:id="note-o-32"/></ab>
<vg:whiteline/><lb n="77" xml:id="l-77"/>
<ab>Verl. Zondag morgen was ik in de Fransche kerk hier,<anchor n="33" xml:id="note-o-33"/> die is zeer <lb n="78" xml:id="l-78"/>ernstig en deftig en heeft iets zeer aantrekkelijks, de tekst was: Houdt wat gij hebt, opdat niemand <lb n="79" xml:id="l-79"/>uwe kroon neme.<anchor n="34" xml:id="note-o-34"/> Het slot van de preek was “Zoo ik U vergete, o Jeru<c type="shy">-</c><lb n="80" xml:id="l-80"/>zalem, zoo vergete mijne regterhand zich zelven”.<anchor n="35" xml:id="note-o-35"/></ab><lb n="81" xml:id="l-81"/>
<ab rend="indent">Na de kerk deed ik eene mooie wandeling alleen <lb n="82" xml:id="l-82"/>op een dijk langs de molens,<anchor n="36" xml:id="note-o-36"/> het was eene schitterende <lb n="83" xml:id="l-83"/>lucht boven de weilanden die weerkaatste in de sloten. 
<pb f="1r" n="4" xml:id="pb-orig-1r-4" facs="#zone-pb-1r-4"/><lb n="84" xml:id="l-84"/></ab><ab>Er zijn in andere landen wel eigenaardige dingen. b.v. de Fransche kust <lb n="85" xml:id="l-85"/>die ik zag bij Dieppe – de falaises met het groene gras er op<anchor n="37" xml:id="note-o-37"/> – de zee en lucht – <lb n="86" xml:id="l-86"/>de haven met de oude booten zooals Daubigny ze schildert met bruine netten en <lb n="87" xml:id="l-87"/>zeilen<c type="kk">/</c> de kleine huisjes waaronder een paar restauraties met witte gordijntjes <lb n="88" xml:id="l-88"/>en groene mastentakken in het raam – de karren met witte paarden met blaauwe <lb n="89" xml:id="l-89"/>groote halsters en roode kwasten opgetuigd – de voerlui met hunne blaauwe <lb n="90" xml:id="l-90"/>kielen<c type="kk">/</c> de vischers met hunne baarden en geöliede kleeren en de Fransche <lb n="91" xml:id="l-91"/>vrouwen met bleek gezigt<c type="kk">/</c> donkere dikwijls wat diepliggende oogen<c type="kk">/</c> zwarte japon <lb n="92" xml:id="l-92"/>en witte muts en b.v. de Londensche straten in den regen met de lantaarns <lb n="93" xml:id="l-93"/>en een nacht daar doorgebragt op den stoep van een oud grijs kerkje <lb n="94" xml:id="l-94"/>gelijk het mij dezen zomer na dien togt van Ramsgate<anchor n="38" xml:id="note-o-38"/> overkwam – er zijn <lb n="95" xml:id="l-95"/>in andere landen ook wel eigenaardige dingen – maar toen ik verl. <lb n="96" xml:id="l-96"/>Zondag alleen wandelde op dien dijk<c type="kk">/</c> toen dacht ik zoo hoe goed die hollanschen <lb n="97" xml:id="l-97"/>grond was, en ik voelde iets van “heden is het in mijn <lb n="98" xml:id="l-98"/>hart om een verbond te maken met mijnen God”<anchor n="39" xml:id="note-o-39"/> – want de herinnering aan <lb n="99" xml:id="l-99"/>vroeger kwam bij mij op<c type="kk">/</c> o.a<c type="kp">_</c> hoe dikwijls hebben wij zoo in de laatste dagen <lb n="100" xml:id="l-100"/>van Februarij met Pa gewandeld naar Rijsbergen<anchor n="40" xml:id="note-o-40"/> enz. en de leeuwrik ge<c type="shy">-</c><lb n="101" xml:id="l-101"/>hoord boven de zwarte akkers met het jonge groene koren<c type="kk">/</c> de tintelende <lb n="102" xml:id="l-102"/>blaauwe lucht met de witte wolken er boven – en dan de steenweg met <lb n="103" xml:id="l-103"/>de beukenboomen<anchor n="41" xml:id="note-o-41"/> – o Jerusalem Jerusalem!<anchor n="42" xml:id="note-o-42"/> of liever o Zundert o Zundert! <lb n="104" xml:id="l-104"/>wie weet of wij van den zomer nog niet eens zamen aan de zee wandelen. <lb n="105" xml:id="l-105"/>Wij moeten toch maar goede vrienden blijven Theo, en maar gelooven <lb n="106" xml:id="l-106"/>in God en vertrouwen met een oud vertrouwen<anchor n="43" xml:id="note-o-43"/> op Hem die kan doen boven <lb n="107" xml:id="l-107"/>bidden en boven denken<anchor n="44" xml:id="note-o-44"/> – wie zal zeggen hoe hoog gena kan stijgen.<anchor n="45" xml:id="note-o-45"/></ab><lb n="108" xml:id="l-108"/>
<ab rend="indent">Van harte gelukgewenscht met den dag van heden, het is reeds half 2 en dus <lb n="109" xml:id="l-109"/>reeds 8 Februarij. God spare onzen Vader nog lang voor ons “en Hij verbinde <lb n="110" xml:id="l-110"/>ons innig aan elkaar, en moge de liefde tot Hem dien band meer en meer <lb n="111" xml:id="l-111"/>versterken”.–<anchor n="46" xml:id="note-o-46"/></ab><lb n="112" xml:id="l-112"/>
<ab rend="indent">Pa schreef Hij al spreeuwen had gezien, weet Gij nog hoe die te Zundert <lb n="113" xml:id="l-113"/>op de kerk konden zitten,<anchor n="47" xml:id="note-o-47"/> hier heb ik er nog geen opgemerkt – maar <lb n="114" xml:id="l-114"/>wel veel kraaijen, s’morgens op de groote kerk<c type="kp">_</c>– Nu wordt het weer <lb n="115" xml:id="l-115"/>haast lente en komen ook de leeuwrikken weer<c type="kp">_</c> “Hij vernieuwt het <lb n="116" xml:id="l-116"/>gelaat des aardrijks”<anchor n="48" xml:id="note-o-48"/> en daar staat: Ziet Ik maak alle dingen nieuw<c type="kk">/</c><anchor n="49" xml:id="note-o-49"/> <lb n="117" xml:id="l-117"/>en zooals Hij het gelaat des aardrijks vernieuwt zoo kan Hij ook s’menschen <lb n="118" xml:id="l-118"/>ziel en hart en geest vernieuwen en versterken – de natuur van ieder <lb n="119" xml:id="l-119"/>waar zoon heeft wel iets van dien van den zoon uit de gelijkenis “die <lb n="120" xml:id="l-120"/>dood was en weer levend werd”.–<anchor n="50" xml:id="note-o-50"/> Laat ons het woord Droevig maar <lb n="121" xml:id="l-121"/>altijd blijde<c type="kk">/</c><anchor n="51" xml:id="note-o-51"/> onbekend maar nogthans bekend<c type="kk">/</c><anchor n="52" xml:id="note-o-52"/> maar niet vergeten <lb n="122" xml:id="l-122"/>en het woord weemoed maar met twee woorden schrijven<c type="kk">/</c> <hi rend="ital">wee</hi> en <hi rend="ital">moed</hi><c type="kk">/</c><anchor n="53" xml:id="note-o-53"/> <lb n="123" xml:id="l-123"/>en gelooven in God die op Zijn tijd ook de eenzaamheid, die wij <lb n="124" xml:id="l-124"/>soms zelfs in het gewoel zoo kunnen voelen, van om onze knieën kan <lb n="125" xml:id="l-125"/>doen wijken<c type="kk">/</c> en van Wien Jozef zeide “Hij heeft mij doen vergeten <lb n="126" xml:id="l-126"/>mijns Vaders huis en al mijn verdriet”<anchor n="54" xml:id="note-o-54"/> – en toch vergat Jozef zijn <lb n="127" xml:id="l-127"/>vader niet – dat weet Gij wel maar Gij weet wel wat hij met zijn <lb n="128" xml:id="l-128"/>woord bedoelde. Houd U maar goed<c type="kk">/</c> groet allen bij Roos en vooral <lb n="129" xml:id="l-129"/>ook de Hr. Tersteeg en Mevrouw en ontvang in gedachten een handdruk <lb n="130" xml:id="l-130"/>en geloof mij</ab>
<vg:whiteline/><lb n="130*" xml:id="l-130s"/>
<ab>Uw zoo liefh. broer</ab><lb n="131" xml:id="l-131"/>
<ab>Vincent</ab>
<vg:whiteline/><lb n="132" xml:id="l-132"/>
<ab>Zeg aan den Hr Tersteeg hij het niet kwalijk moet nemen de <lb n="133" xml:id="l-133"/>teekenvoorbeelden zoo lang weg blijven<c type="kk">/</c> ’t is voor de H.B. school<c type="kk">/</c> er <lb n="134" xml:id="l-134"/>worden er reeds 30 gehouden – maar ook wil men er nog voor de B. Avondschool <lb n="135" xml:id="l-135"/>uitzoeken en moet ze om die reden nog een dag of 8 houden.<anchor n="55" xml:id="note-o-55"/> Zoodra mogelijk <lb n="136" xml:id="l-136"/>ontvangt gij ze terug.–</ab>
<vg:whiteline/><lb n="26" xml:id="l-26"/>
<ab>Jongen stuur mij nog eens die bladzijde uit Michelet,<anchor n="56" xml:id="note-o-56"/> die Gij mij vroeger stuurdet is in mijn lessenaar<anchor n="57" xml:id="note-o-57"/> in <lb n="27" xml:id="l-27"/>mijn koffer en ik heb het weer noodig – schrijf maar weer spoedig.–</ab>
<vg:whiteline/>
<div type="textualNotes">
<note target="l-20" n="20">licht &lt; lich</note>
<note target="l-45" n="45">God” &lt; God</note>
<note target="l-48" n="48">keuze”.– &lt; keuze.–</note>
<note target="l-55" n="55">Mij”.– &lt; Mij</note>
<note target="l-57" n="57">zien”.– &lt; zien.–</note>
<note target="l-66" n="66">vuur” &lt; vuur</note>
<note target="l-80" n="80">zelven”. &lt; zelven.</note>
<note target="l-98" n="98">God” &lt; God</note>
<note target="l-111" n="111">versterken”.– &lt; versterken.–</note>
<note target="l-120" n="120">werd”.– &lt; werd.–</note>
<note target="l-125" n="125">en &lt; den</note>
<note target="l-126" n="126">verdriet” &lt; verdriet</note></div></div>
<div type="translation">
<pb f="1r" n="1" xml:id="pb-trans-1r-1" facs="#zone-pb-1r-1"/>
<ab>My dear Theo,</ab>
<ab>Adam Bede costs 2.60 guilders,<anchor n="1" xml:id="note-t-1"/> so herewith you get back 1.40 guilders. Now I only hope that it will give them some pleasure at home, but no doubt it will.<anchor n="2" xml:id="note-t-2"/></ab>
<ab rend="indent">Thanks for your letter, which made me so happy. When next we meet we’ll look each other straight in the eye. I sometimes think how wonderful it is that we have the same ground beneath our feet and that we speak the same language.</ab>
<ab rend="indent">Last week we were flooded here. Coming from the shop between 12 and 1 at night, I took another turn around the Grote Kerk.<anchor n="3" xml:id="note-t-3"/> The wind was blowing hard in the elm trees surrounding it, and the moon shone through the rain-clouds and reflected in the canals that were already filled to the brim. At 3 o’clock in the morning we were all rushing around at <rs type="pers" key="633 634">Rijken</rs>’s, the grocer in whose house I’m lodging,<anchor n="4" xml:id="note-t-4"/> bringing things upstairs from the shop, because the water was an ell high in the house. There was quite a bit of commotion, and in all the downstairs rooms people were busy bringing upstairs what they could, and a small boat came down the street. In the morning, when it was beginning to grow light, one saw a group of men at the end of the street, wading one after another to their warehouses. There’s a lot of damage, the water has also got into the place where <rs type="pers" key="306">Mr Braat</rs> keeps his paper &amp;c.,<anchor n="5" xml:id="note-t-5"/> not because of the flood but because of the great pressure coming from under the ground.
<pb f="1v" n="2" xml:id="pb-trans-1v-2" facs="#zone-pb-1v-2"/></ab>
<ab rend="indent"><rs type="pers" key="306">Mr Braat</rs> says it will cost him a banknote of the largest kind.<anchor n="6" xml:id="note-t-6"/> It took us a day and a half to carry everything to an upstairs flat. Working with your hands like that for a day is a welcome change, though it was a pity it was for that reason. You should have seen the sun go down that evening, the streets shone of gold, the way <rs type="pers" key="964">Cuyp</rs><anchor n="7" xml:id="note-t-7"/> used to paint them.</ab>
<ab rend="indent">Longing to have my trunk, which is on the way,<anchor n="8" xml:id="note-t-8"/> one reason being to have some prints hanging in my room again. I now have Christus Consolator, which you gave me,<anchor n="9" xml:id="note-t-9"/> and two English woodcuts, namely the Supper at Emmaus:<anchor n="10" xml:id="note-t-10"/> ‘But they constrained Him, saying, Abide with us: for it is toward evening, and the day is far spent’,<anchor n="11" xml:id="note-t-11"/> and another: ‘They that sat in darkness and the shadow of death have seen a great light’;<anchor n="12" xml:id="note-t-12"/> ‘Weeping may endure for a night, but joy cometh in the morning’.<anchor n="13" xml:id="note-t-13"/> There can come a time in life when one is tired of everything, as it were, and has the feeling as if everything that one does is wrong, and there’s certainly some truth in that – is this a feeling that one ought to avoid and repress, or it is rather ‘the godly sorrow’ that one must not fear but carefully consider whether it can perhaps compel us to do good – is it perhaps ‘the godly sorrow that worketh a choice not to be repented of’?<anchor n="14" xml:id="note-t-14"/> And at such times, in which one feels tired of oneself, one may think with heedfulness, hope and love of the words ‘Come unto Me, all ye that labour and are heavy laden, and I will give you rest. Take my yoke upon you, and learn of Me; for I am meek and lowly in heart: and ye shall find rest unto your soul. For My yoke is easy, and my burden is light’.<anchor n="15" xml:id="note-t-15"/> ‘If any man will come after Me, 
<pb f="1v" n="3" xml:id="pb-trans-1v-3" facs="#zone-pb-1v-3"/> let him deny himself, and take up his cross daily, and follow Me.’<anchor n="16" xml:id="note-t-16"/> At such times one may well reflect upon: ‘Except a man be born again, he cannot see the kingdom of God’.<anchor n="17" xml:id="note-t-17"/> If we let ourselves be taught by the experience of life and led by godly sorrow, then new vitality may spring from the tired heart. If we are once good and tired, then we shall believe more firmly in God, and shall find in Christ, through His word, a Friend and Comforter. And then there may be times when we feel ‘thou removest my iniquities from me as far as the east is from the west’,<anchor n="18" xml:id="note-t-18"/> when we feel something of ‘the zeal for Thine house hath eaten me up’<anchor n="19" xml:id="note-t-19"/> and ‘our God is a consuming fire’<anchor n="20" xml:id="note-t-20"/> – when we shall again know what it is to be fervent in spirit.<anchor n="21" xml:id="note-t-21"/> Hope will not always fade away.<anchor n="22" xml:id="note-t-22"/></ab>
<ab rend="indent">Let us not forget ‘the things which we have heard from the beginning’.<anchor n="23" xml:id="note-t-23"/></ab>
<ab rend="indent">In the beginning was the Word, and the Word was with God, and the Word was God.<anchor n="24" xml:id="note-t-24"/> God so loved the world, that He gave his only begotten Son, that whosoever believeth in Him should not perish, but have everlasting life.<anchor n="25" xml:id="note-t-25"/> Nothing shall separate us from the Love of Christ, neither things present, nor things to come.<anchor n="26" xml:id="note-t-26"/></ab>
<vg:whiteline/>
<ab>Rejoice on earth, praise God on high,</ab>
<ab>Let thankful tears stream from your eye</ab>
<ab>For Him from whom all blessings flow.</ab>
<ab>This joyful day then celebrate,</ab>
<ab>The greatest the world has seen to date,</ab>
<ab>On its horizon all aglow.<anchor n="27" xml:id="note-t-27"/></ab>
<vg:whiteline/>
<ab>Still welcoming us, that blessed night,</ab>
<ab>In which the stars with beauteous light</ab>
<ab>And heavenly hosts with one glad voice</ab>
<ab>In Jesus’ coming do rejoice.<anchor n="28" xml:id="note-t-28"/></ab>
<vg:whiteline/>
<ab>I know in Whom my faith is founded,</ab>
<ab>Though day and night change constantly,</ab>
<ab>I know the rock on which I’m grounded,</ab>
<ab>My Saviour waits, unfailingly.</ab>
<ab>When once life’s evening overcomes me,</ab>
<ab>Worn down by ills and strife always,</ab>
<ab>For every day Thou hast allowed me,</ab>
<ab>I’ll bring Thee higher, purer praise.<anchor n="29" xml:id="note-t-29"/></ab>
<vg:whiteline/>
<ab>The panting hart, the hunt escapèd,</ab>
<ab>Cries no harder for the pleasure</ab>
<ab>Of fresh flowing streams of water</ab>
<ab>Than my soul doth long for God.</ab>
<ab>Yea, my soul thirsts for the Lord,</ab>
<ab>God of life, oh when shall I</ab>
<ab>Approach Thy sight, and drawing nigh,</ab>
<ab>Give Thee praise in Thine own house.<anchor n="30" xml:id="note-t-30"/></ab>
<vg:whiteline/>
<ab>Why art thou cast down, my soul,</ab>
<ab>Disquieted in me, oh why?</ab>
<ab>Foster again the faith of old,</ab>
<ab>Rejoice in praising Him most high.</ab>
<ab>Oft hath he taken your distress</ab>
<ab>And turned it into happiness.</ab>
<ab>Hope in Him, eyes heavenward raised,</ab>
<ab>For to my God I still give praise.<anchor n="31" xml:id="note-t-31"/></ab>
<vg:whiteline/>
<ab>Hope will not always fade forever.<anchor n="32" xml:id="note-t-32"/></ab>
<vg:whiteline/>
<ab>Last Sunday morning I was in the French church here,<anchor n="33" xml:id="note-t-33"/> which is very serious and dignified and has something very appealing. The text was Hold that fast which thou hast, that no man take thy crown.<anchor n="34" xml:id="note-t-34"/> The end of the sermon was ‘If I forget thee, O Jerusalem, let my right hand forget her cunning’.<anchor n="35" xml:id="note-t-35"/></ab>
<ab rend="indent">After church I took a lovely walk alone on a dyke running past the mills,<anchor n="36" xml:id="note-t-36"/> there was a brilliant sky above the meadows that was reflected in the ditches. <pb f="1r" n="4" xml:id="pb-trans-1r-4" facs="#zone-pb-1r-4"/> There are curious things in other countries, such as the French coast which I saw at Dieppe – the chalk cliffs with green grass on top<anchor n="37" xml:id="note-t-37"/> – the sea and sky – the harbour with old boats like <rs type="pers" key="976">Daubigny</rs> paints them, with brown nets and sails, the small houses including a couple of restaurants with little white curtains and green pine branches in the window – the carts with white horses with big blue halters decorated with red tassels – the drivers with their blue smocks, the fishermen with their beards and oiled clothing and the French women with pale faces, dark, often somewhat deep-set eyes, black dress and white cap, and such as the streets of London in the rain with the street-lamps, and a night spent there on the steps of an old, small grey church, as happened to me this summer after that journey from Ramsgate<anchor n="38" xml:id="note-t-38"/> – there are certainly curious things in other countries, too – but last Sunday when I was walking alone on that dyke, I thought how good that Dutch soil was, and I felt something akin to ‘today it is in mine heart to make a covenant with my God’<anchor n="39" xml:id="note-t-39"/> – because memories of times past came back to me, including how often we walked with <rs type="pers" key="526">Pa</rs> to Rijsbergen<anchor n="40" xml:id="note-t-40"/> and so on in the last days of February and heard the lark above the black fields with young green wheat, the shimmering blue sky with white clouds above – and then the paved road with the beech trees<anchor n="41" xml:id="note-t-41"/> – O Jerusalem Jerusalem!<anchor n="42" xml:id="note-t-42"/> or rather O Zundert O Zundert! Who knows but that we may go walking at the seaside together this summer? We really must remain good friends, Theo, and simply believe in God and trust with that faith of old<anchor n="43" xml:id="note-t-43"/> in Him who is able to do above all that we ask or think<anchor n="44" xml:id="note-t-44"/> – who can say to what heights grace can ascend?<anchor n="45" xml:id="note-t-45"/></ab>
<ab rend="indent">Hearty congratulations for today, it’s already half past 1 and therefore already 8 February. May God spare our <rs type="pers" key="526">Father</rs> for us for a long time yet ‘and may He join us intimately to one another and let our love of Him make that bond ever stronger’.<anchor n="46" xml:id="note-t-46"/></ab>
<ab rend="indent"><rs type="pers" key="526">Pa</rs> wrote that he had already seen starlings, do you remember how they used to sit on the church at Zundert?<anchor n="47" xml:id="note-t-47"/> I haven’t seen any here yet – though there are a lot of crows on the Grote Kerk in the mornings. Now it’s almost spring again and the larks will return again. ‘He reneweth the face of the earth’<anchor n="48" xml:id="note-t-48"/> and it is written, Behold, I make all things new,<anchor n="49" xml:id="note-t-49"/> and just as He renews the face of the earth, so can He renew and strengthen the human soul and heart and mind – the nature of every true son somewhat resembles that of the son in the parable who ‘was dead, and is alive again’.<anchor n="50" xml:id="note-t-50"/> Let us not forget the words ‘sorrowful, yet alway rejoicing’,<anchor n="51" xml:id="note-t-51"/> ‘unknown, and yet well known’,<anchor n="52" xml:id="note-t-52"/> and write the word woe-spiritedness as two words, <hi rend="ital">woe</hi> and <hi rend="ital">spiritedness</hi>,<anchor n="53" xml:id="note-t-53"/> and believe in God who in His own good time can make the loneliness disappear which we sometimes feel so much even in the bustle, of whom Joseph said ‘He hath made me forget my Father’s house and all my sorrow’<anchor n="54" xml:id="note-t-54"/> – and yet Joseph did not forget his father – you know that of course, but you also know what he meant by those words. Do keep well, give my regards to everyone at <rs type="pers" key="642 643">the Rooses</rs>’, and especially to <rs type="pers" key="787 788">Mr Tersteeg and his wife</rs>, and accept in thought a handshake, and believe me</ab>
<vg:whiteline/>
<ab>Your most loving brother,</ab>
<ab>Vincent</ab>
<vg:whiteline/>
<ab>Tell <rs type="pers" key="787">Mr Tersteeg</rs> that he shouldn’t be upset about the drawing examples being away for so long, it’s for the high school, 30 have already been chosen – but they still want to select some for the secondary school, which is why they have to keep them for another week or so.<anchor n="55" xml:id="note-t-55"/> You’ll get them back as soon as possible.</ab>
<vg:whiteline/>
<ab>Old boy, send me that page from <rs type="pers" key="707">Michelet</rs> again,<anchor n="56" xml:id="note-t-56"/> the one you sent me earlier is in my reading-desk<anchor n="57" xml:id="note-t-57"/> in my trunk and I need it again – do write again soon.</ab></div>
<div type="notes">
<note n="1" xml:id="n-1" target="#note-t-1">
<ab>The available translation of <rs type="lit" key="20"><hi rend="ital">Adam Bede</hi></rs> cost 2.90 guilders; presumably Van Gogh received the bookshop discount of 10%. The translation was to be had both as a separate publication (‘3e dr. Sneek, J.F. van Drunten (Rott., D. Bolle.) 1871’) and as vol. 2 of <rs type="pers" key="590">George Eliot</rs>’s romantic works: ‘Uit het Engelsch. Nieuwe uitgaaf met inleiding en onder toezicht van <rs type="pers" key="1670">P. Bruyn</rs> (From the English. New edition with introduction and editorial supervision by P. Bruijn), Sneek, Van Drunten &amp; Bleeker (Rott. D. Bolle) 1870-1873’. Because the <rs type="lit" key="570"><hi rend="ital">Novellen</hi></rs> mentioned in the previous letter appeared as vol. 1 in the series (<ref target="let101.xml#n-3">see letter 101, n. 3</ref>), this last edition must have been the birthday present in question.</ab></note>
<note n="2" xml:id="n-2" target="#note-t-2">
<ab>The present was well chosen: <rs type="pers" key="526">Mr van Gogh</rs> found <rs type="lit" key="20"><hi rend="ital">Adam Bede</hi></rs> a ‘wonderful thing to have’ (FR b2507, 19 February 1877).</ab></note>
<note n="3" xml:id="n-3" target="#note-t-3">
<ab>The Grote Kerk (also called the Onze Lieve Vrouwekerk) facing Grote Kerksplein. </ab></note>
<note n="4" xml:id="n-4" target="#note-t-4">
<ab><rs type="pers" key="633">Pieter Rijken</rs> and his wife, <rs type="pers" key="634">Maria Aelmans</rs>, kept a lodging-house at Tolbrugstraat (Waterzijde) A 312; on the ground floor they ran a greengrocer’s shop.  Van Gogh was their lodger from January to May 1877. They sometimes had as many as four or five lodgers at a time. See <hi rend="ital">Verzamelde brieven</hi> 1973, vol. 1, pp. 110-112 and Molendijk 1990, pp. 5-7.</ab></note>
<note n="5" xml:id="n-5" target="#note-t-5">
<ab>The storehouse of <rs type="pers" key="291">Blussé &amp; Van Braam</rs> was next to Vincent’s lodging-house. During the flooding, Van Gogh carried heavy cartons of wet paper upstairs. People recollecting the incident commented also on his physical strength as well as his introversion. See <hi rend="ital">Verzamelde brieven</hi> 1973, vol. 1, p. 109.</ab></note>
<note n="6" xml:id="n-6" target="#note-t-6">
<ab>A bank note of the highest value, namely 1,000 guilders.</ab></note>
<note n="7" xml:id="n-7" target="#note-t-7">
<ab><rs type="pers" key="964">Aelbert Cuyp</rs>.</ab></note>
<note n="8" xml:id="n-8" target="#note-t-8">
<ab>Some of Van Gogh’s possessions had to be sent from England. <rs type="pers" key="524">Mrs van Gogh</rs> wrote to Theo: ‘It was with great pleasure that I sent Vincent a parcel with several items this week; his clothes are still in England’ (FR b2502, 19 January).</ab></note>
<note n="9" xml:id="n-9" target="#note-t-9">
<ab><rs type="pers" key="1339">Ary Scheffer</rs>, <rs type="ill" key="1771"><hi rend="ital">Christus Consolator</hi></rs>; <ref target="let085.xml#n-7">see letter 85, n. 7.</ref></ab></note>
<note n="10" xml:id="n-10" target="#note-t-10">
<ab>These English prints of the pilgrims on the road to Emmaus have not been traced.</ab></note>
<note n="11" xml:id="n-11" target="#note-t-11">
<ab>
  <bibleref xmlns="http://www.vangoghletters.org/ns/" book="Luke" chap="24" v="29">Luke 24:29</bibleref>.</ab></note>
<note n="12" xml:id="n-12" target="#note-t-12">
<ab>Cf. <bibleref xmlns="http://www.vangoghletters.org/ns/" book="Matt" chap="4" v="16">Matt. 4:16</bibleref> and <bibleref xmlns="http://www.vangoghletters.org/ns/" book="Isa" chap="9" v="1">Isa. 9:1</bibleref> (in <hi rend="ital">KJ</hi> <bibleref xmlns="http://www.vangoghletters.org/ns/" book="Isa" chap="9" v="2">Isa. 9:2</bibleref>).</ab></note>
<note n="13" xml:id="n-13" target="#note-t-13">
<ab>
  <bibleref xmlns="http://www.vangoghletters.org/ns/" book="Ps" chap="30" v="6">Ps. 30:6</bibleref> (in <hi rend="ital">KJ</hi> <bibleref xmlns="http://www.vangoghletters.org/ns/" book="Ps" chap="30" v="5">Ps. 30:5</bibleref>).</ab></note>
<note n="14" xml:id="n-14" target="#note-t-14">
<ab>Cf. <bibleref xmlns="http://www.vangoghletters.org/ns/" book="2 Cor" chap="7" v="10">2 Cor. 7:10</bibleref>.</ab></note>
<note n="15" xml:id="n-15" target="#note-t-15">
<ab>
  <bibleref xmlns="http://www.vangoghletters.org/ns/" book="Matt" chap="11" vr="28-30">Matt. 11:28-30</bibleref>.</ab></note>
<note n="16" xml:id="n-16" target="#note-t-16">
<ab>
  <bibleref xmlns="http://www.vangoghletters.org/ns/" book="Luke" chap="9" v="23">Luke 9:23</bibleref>.</ab></note>
<note n="17" xml:id="n-17" target="#note-t-17">
<ab>
  <bibleref xmlns="http://www.vangoghletters.org/ns/" book="John" chap="3" v="3">John 3:3</bibleref>.</ab></note>
<note n="18" xml:id="n-18" target="#note-t-18">
<ab>Cf. <bibleref xmlns="http://www.vangoghletters.org/ns/" book="Ps" chap="103" vr="10-12">Ps. 103:10-12</bibleref>.</ab></note>
<note n="19" xml:id="n-19" target="#note-t-19">
<ab>
  <bibleref xmlns="http://www.vangoghletters.org/ns/" book="John" chap="2" v="17">John 2:17</bibleref>; cf. also <bibleref xmlns="http://www.vangoghletters.org/ns/" book="Ps" chap="69" v="10">Ps. 69:10</bibleref> (in <hi rend="ital">KJ</hi> <bibleref xmlns="http://www.vangoghletters.org/ns/" book="Ps" chap="69" v="9">Ps. 69:9</bibleref>).</ab></note>
<note n="20" xml:id="n-20" target="#note-t-20">
<ab>
  <bibleref xmlns="http://www.vangoghletters.org/ns/" book="Heb" chap="12" v="29">Heb. 12:29</bibleref>.</ab></note>
<note n="21" xml:id="n-21" target="#note-t-21">
<ab>Cf. <bibleref xmlns="http://www.vangoghletters.org/ns/" book="Acts" chap="18" v="25">Acts 18:25</bibleref> and <bibleref xmlns="http://www.vangoghletters.org/ns/" book="Rom" chap="12" v="11">Rom. 12:11</bibleref>.</ab></note>
<note n="22" xml:id="n-22" target="#note-t-22">
<ab>
  <bibleref xmlns="http://www.vangoghletters.org/ns/" book="Hymn" chap="189" v="1">Hymn 189:1</bibleref>.</ab></note>
<note n="23" xml:id="n-23" target="#note-t-23">
<ab>Cf. <bibleref xmlns="http://www.vangoghletters.org/ns/" book="1 John" chap="2" v="24">1 John 2:24</bibleref>.</ab></note>
<note n="24" xml:id="n-24" target="#note-t-24">
<ab>
  <bibleref xmlns="http://www.vangoghletters.org/ns/" book="John" chap="1" v="1">John 1:1</bibleref>.</ab></note>
<note n="25" xml:id="n-25" target="#note-t-25">
<ab>
  <bibleref xmlns="http://www.vangoghletters.org/ns/" book="John" chap="3" v="16">John 3:16</bibleref>.</ab></note>
<note n="26" xml:id="n-26" target="#note-t-26">
<ab>Cf. <bibleref xmlns="http://www.vangoghletters.org/ns/" book="Rom" chap="8" vr="38-39">Rom. 8:38-39</bibleref>.</ab></note>
<note n="27" xml:id="n-27" target="#note-t-27">
<ab>
  <bibleref xmlns="http://www.vangoghletters.org/ns/" book="Hymn" chap="113" v="1">Hymn 113:1</bibleref>. Vincent wrote ‘Juich Aarde’ (Rejoice on earth) instead of ‘Juicht Christenen’ (Rejoice, Christians).</ab></note>
<note n="28" xml:id="n-28" target="#note-t-28">
<ab>
  <bibleref xmlns="http://www.vangoghletters.org/ns/" book="Hymn" chap="114" v="1">Hymn 114:1</bibleref>.</ab></note>
<note n="29" xml:id="n-29" target="#note-t-29">
<ab>
  <bibleref xmlns="http://www.vangoghletters.org/ns/" book="Hymn" chap="180" v="5">Hymn 180:5</bibleref>. Cf. Pabst 1988, p. 62.</ab></note>
<note n="30" xml:id="n-30" target="#note-t-30">
<ab>
  <bibleref xmlns="http://www.vangoghletters.org/ns/" book="Rhy. ps" chap="42" v="1">Rhy. ps. 42:1</bibleref>. Cf. Pabst 1988, p. 62.</ab></note>
<note n="31" xml:id="n-31" target="#note-t-31">
<ab>
  <bibleref xmlns="http://www.vangoghletters.org/ns/" book="Rhy. ps" chap="42" v="7">Rhy. ps. 42:7</bibleref>. Cf. Pabst 1988, p. 62.</ab></note>
<note n="32" xml:id="n-32" target="#note-t-32">
<ab>
  <bibleref xmlns="http://www.vangoghletters.org/ns/" book="Hymn" chap="189" v="1">Hymn 189:1</bibleref>.</ab></note>
<note n="33" xml:id="n-33" target="#note-t-33">
<ab>The French Church on the corner of Visstraat and Voorstraat.</ab></note>
<note n="34" xml:id="n-34" target="#note-t-34">
<ab>
  <bibleref xmlns="http://www.vangoghletters.org/ns/" book="Rev" chap="3" v="11">Rev. 3:11</bibleref>.</ab></note>
<note n="35" xml:id="n-35" target="#note-t-35">
<ab>
  <bibleref xmlns="http://www.vangoghletters.org/ns/" book="Ps" chap="137" v="5">Ps. 137:5</bibleref>.</ab></note>
<note n="36" xml:id="n-36" target="#note-t-36">
<ab>A series of windmills on the Weeskinderendijk.  Van Gogh would make a drawing of these windmills in 1881; <ref target="let171.xml">see letter 171</ref>.</ab></note>
<note n="37" xml:id="n-37" target="#note-t-37">
<ab>When travelling from Paris to London and vice versa, Van Gogh no doubt saw the coastal town of Dieppe and the chalk cliffs (<hi rend="ital">falaises</hi>) on the north-west coast of France. These trips occurred in May 1873, October 1874 and May 1875.</ab></note>
<note n="38" xml:id="n-38" target="#note-t-38">
<ab>Vincent’s journey from Ramsgate to London in June 1876; <ref target="let084.xml">see letter 84</ref>.</ab></note>
<note n="39" xml:id="n-39" target="#note-t-39">
<ab>
  <bibleref xmlns="http://www.vangoghletters.org/ns/" book="2 Chron" chap="29" v="10">2 Chron. 29:10</bibleref>.</ab></note>
<note n="40" xml:id="n-40" target="#note-t-40">
<ab>Rijsbergen is a village c. 6 km north of Van Gogh’s birthplace, Zundert, and its churchgoers were part of <rs type="pers" key="526">Mr van Gogh</rs>’s congregation. The <rs type="pers" key="246 66">Aertsen family</rs>, who are mentioned in <ref target="let108.xml">letter 108</ref>, were among the Van Goghs’ friends there.</ab></note>
<note n="41" xml:id="n-41" target="#note-t-41">
<ab>In 1810-1813 the road was paved and planted on either side with oak and beech trees. See Kools 1990, p. 61.</ab></note>
<note n="42" xml:id="n-42" target="#note-t-42">
<ab>For ‘O Jerusalem’, <ref target="#n-35">see n. 35.</ref></ab></note>
<note n="43" xml:id="n-43" target="#note-t-43">
<ab>
  <bibleref xmlns="http://www.vangoghletters.org/ns/" book="Rhy. ps" chap="42" v="7">Rhy. ps. 42:7</bibleref>.</ab></note>
<note n="44" xml:id="n-44" target="#note-t-44">
<ab>
  <bibleref xmlns="http://www.vangoghletters.org/ns/" book="Hymn" chap="36" v="2">Hymn 36:2</bibleref> and <bibleref xmlns="http://www.vangoghletters.org/ns/" book="Eph" chap="3" v="20">Eph. 3:20</bibleref>. </ab></note>
<note n="45" xml:id="n-45" target="#note-t-45">
<ab>
  <bibleref xmlns="http://www.vangoghletters.org/ns/" book="Hymn" chap="118" v="8">Hymn 118:8</bibleref>, ‘Te zien hoe hoog, als wij gena’ verkrijgen, Gena’ kan stijgen’ (If grace we can obtain, to see the heights that grace may gain).</ab></note>
<note n="46" xml:id="n-46" target="#note-t-46">
<ab>A prayer written and often recited in the family circle by <rs type="pers" key="526">Mr van Gogh</rs>; <ref target="let113.xml">see letter 113</ref>.</ab></note>
<note n="47" xml:id="n-47" target="#note-t-47">
<ab>Apparently this was an important image Van Gogh remembered from his youth, because an early drawing (in a sketchbook made for <rs type="pers" key="789">Betsy Tersteeg</rs>) also shows a small church with birds on the roof (Amsterdam, Van Gogh Museum, inv. no. d409). Cf. Kools 1990, p. 63.</ab></note>
<note n="48" xml:id="n-48" target="#note-t-48">
<ab>
  <bibleref xmlns="http://www.vangoghletters.org/ns/" book="Ps" chap="104" v="30">Ps. 104:30</bibleref>.</ab></note>
<note n="49" xml:id="n-49" target="#note-t-49">
<ab>
  <bibleref xmlns="http://www.vangoghletters.org/ns/" book="Rev" chap="21" v="5">Rev. 21:5</bibleref>.</ab></note>
<note n="50" xml:id="n-50" target="#note-t-50">
<ab>
  <bibleref xmlns="http://www.vangoghletters.org/ns/" book="Luke" chap="15" vr="11-32">Luke 15:11-32</bibleref>.</ab></note>
<note n="51" xml:id="n-51" target="#note-t-51">
<ab>
  <bibleref xmlns="http://www.vangoghletters.org/ns/" book="2 Cor" chap="6" v="10">2 Cor. 6:10</bibleref>.</ab></note>
<note n="52" xml:id="n-52" target="#note-t-52">
<ab>
  <bibleref xmlns="http://www.vangoghletters.org/ns/" book="2 Cor" chap="6" v="9">2 Cor. 6:9</bibleref>.</ab></note>
<note n="53" xml:id="n-53" target="#note-t-53">
<ab>Cf. <ref target="let089.xml">letter 89</ref>: ‘Charity... is meek, it is woe-spirited, it has woe and spirit’. <rs type="pers" key="526">Mr van Gogh</rs> wrote to Theo: ‘I do imagine that he always has the inclination to melancholy. He simply shouldn’t dwell on it too much, and I hope that he receives encouragement through the awareness that he can come up to scratch’ (FR b2502, 19 January 1877).</ab></note>
<note n="54" xml:id="n-54" target="#note-t-54">
<ab>Cf. <bibleref xmlns="http://www.vangoghletters.org/ns/" book="Gen" chap="41" v="51">Gen. 41:51</bibleref>.</ab></note>
<note n="55" xml:id="n-55" target="#note-t-55">
<ab>Evidently the Gemeentelijke Hogere Burgerschool (HBS) (municipal high school) and the Burgeravondschool (secondary evening school) had drawing examples published by Goupil on approval from <rs type="pers" key="787">Tersteeg</rs> (via <rs type="pers" key="291">Blussé</rs>). It is possible that the drawings in question belonged to the <rs type="pers" key="851">Bargue</rs> series (for his <hi rend="ital"><rs type="lit" key="170">Cours de dessin</rs></hi> and <hi rend="ital"><rs type="lit" key="202">Exercices au fusain</rs></hi>, <ref target="let136.xml">see letters 136</ref> and <ref target="let156.xml">156</ref>). At the Burgeravondschool, housed in the former Armhuis (poorhouse) on the Stek, pupils above the age of 12 received instruction in arithmetic, mathematics and drawing. See J.L. van Dalen, <hi rend="ital">Geschiedenis van Dordrecht</hi>. 2 vols. Dordrecht 1931, vol. 2, pp. 926-928.</ab></note>
<note n="56" xml:id="n-56" target="#note-t-56">
<ab>Van Gogh is referring to the passage ‘Je vois d’ici une dame’ from the chapter ‘<rs type="lit" key="10">Les aspirations de l’automne</rs>’ in <rs type="lit" key="11"><hi rend="ital">L’amour</hi></rs> (<ref target="let014.xml#n-19">see letter 14, n. 19</ref>). He had already asked Theo to send this in <ref target="let089.xml">letters 89</ref> and <ref target="let090.xml">90</ref>.</ab></note>
<note n="57" xml:id="n-57" target="#note-t-57">
<ab>A wooden reading-desk preserved in the <rs type="pers" key="524 526">Van Gogh family</rs> could be the one mentioned here. It is now to be found in the Van Gogh Museum (inv. no. v44 V/1975). <rs type="ill" key="1816">Ill. 1816</rs>. See cat. Amsterdam 1987, p. 500, cat. no. 3.12. That the reading-desk was once Vincent’s is recorded in a ‘Memorandum’ written by V.W. van Gogh dated 8 October 1975, though he later doubted whether it had actually been the one used by Vincent.</ab></note></div></body></text></TEI>
