<?xml version="1.0" encoding="UTF-8"?>
<!-- Last Changed Date: 2018-07-18 12:32:41 +0200 (Wed, 18 Jul 2018) | SVN Revision: 2206 -->
<!--Licensed under Attribution-NonCommercial-ShareAlike 4.0 International (CC BY-NC-SA 4.0)-->
<?xml-model href="https://xmlschema.huygens.knaw.nl/vgodd.rng" type="application/xml" schematypens="http://relaxng.org/ns/structure/1.0"?>
<TEI xmlns:vg="http://www.vangoghletters.org/ns/" xmlns="http://www.tei-c.org/ns/1.0">
<teiHeader xmlns:xsi="http://www.w3.org/2001/XMLSchema-instance"><fileDesc>
<titleStmt>
<title>To Theo van Gogh. Dordrecht, on or about Tuesday, 6 March 1877.</title>
<editor>Leo Jansen</editor>
<editor>Hans Luijten</editor>
<editor>Nienke Bakker</editor></titleStmt>
<publicationStmt>
<publisher><name>Huygens Instituut voor Nederlandse Geschiedenis (KNAW)</name><email>info@huygens.knaw.nl</email></publisher>
<publisher>Van Gogh Museum</publisher>
<pubPlace>Amsterdam</pubPlace>
<date type="first" when="2009">2009</date>
<availability status="restricted">
<licence target="http://creativecommons.org/licenses/by-nc-sa/4.0/ https://creativecommons.org/licenses/by-nc-sa/4.0/legalcode">
<p>Attribution-NonCommercial-ShareAlike 4.0 International (CC BY-NC-SA 4.0) </p></licence></availability>
<ptr target="http://vangoghletters.org/orig/let105"/></publicationStmt><sourceDesc><vg:letDesc><vg:letIdentifier>
<idno type="jlb">105</idno>
<idno type="collectedletters">-</idno>
<idno type="brieven1990">105</idno></vg:letIdentifier><vg:letHeading><author>Vincent van Gogh</author><vg:addressee>Theo van Gogh</vg:addressee><vg:placeLet>Dordrecht</vg:placeLet><vg:dateLet>on or about Tuesday, 6 March 1877</vg:dateLet></vg:letHeading><vg:letContents>
<p>To Theo van Gogh. Dordrecht, on or about Tuesday, 6 March 1877.</p></vg:letContents>
<note type="sourceStatus" xml:id="sourceStatus">
<p>Original manuscript</p></note>
<note type="location" xml:id="location">
<p>Amsterdam, Van Gogh Museum, inv. no. b1466 V/1962</p></note>
<note type="date" xml:id="date">
<p>At its first publication (in <hi rend="ital">De brieven</hi> 1990), this short letter, which was accompanied by a piece of rye bread and a print titled <hi rend="ital">Ecce Homo</hi>, was roughly dated to ‘winter 1877 (?)’. However, a more precise dating is possible.</p>
<p rend="indent">In <ref target="let108.xml">letter 108</ref> of 16 March 1877, Vincent reported that a print sent by Theo – ‘Mater Dolorosa’ – was now hanging on his wall. This is the print requested in the present letter <ref target="#l-9">(l. 9)</ref>, which means that it cannot have been written very long before 16 March. It is unlikely to have been enclosed with the letter of 8 March (<ref target="let106.xml">letter 106</ref>), because in that letter Vincent writes mainly about himself, whereas in this letter he expressly addresses Theo.</p>
<p rend="indent">Moreover, it is unlikely that this note was a postscript to <ref target="let103.xml">letter 103</ref> or <ref target="let104.xml">104</ref>, since both of these letters already had texts appended to them. The mention of ‘our Father’s house’ <ref target="#l-4">(l. 4)</ref> in this letter, however, is in keeping with the subject matter of <ref target="let104.xml">letter 104</ref>, which was written on 28 February, and that in itself suggests that the present letter was written some time between 28 February and 8 March.</p>
<p rend="indent">At all events, Van Gogh also enclosed an <hi rend="ital">Ecce Homo</hi> and a palm branch in a letter written to his mother on 6 March 1877. She wrote to Theo about it: ‘Sweet of Vincent, thinking I was alone, he wrote to me very affectionately yesterday evening, and sent an ‘Ecce Homo’ and a palm branch from his roof terrace’ (FR b2511, 7 March 1877). We think it conceivable that Van Gogh made a similar gesture around the same time, also sending his brother a note with an ‘Ecce Homo’ and an extra present. This theory seems to be confirmed by the somewhat sentimental mood Vincent appeared to be in at the time: not only had he written ‘very affectionately’ to his mother, but, exceptionally, he also signed the present letter to Theo ‘your most loving and affectionate brother’ <ref target="#l-6">(l. 6)</ref>.</p></note>
<note type="arrangement" xml:id="arrangement">
<p>The text could have been a separate letter, though it could also have been appended to another, unspecified letter.</p></note></vg:letDesc></sourceDesc></fileDesc></teiHeader>
<facsimile xmlns:xsi="http://www.w3.org/2001/XMLSchema-instance">
<surface n="b 1466" xml:id="surf-pb-1r"><graphic mimeType="image/tiff" url="VGM001001354_01.TIF" rend="norend"/><zone xml:id="zone-pb-1r-1">
<graphic mimeType="image/tiff" url="VGM001001354_01_n.tif" rend="norend"/><graphic mimeType="image/jpeg" url="VGM001001354_01_nt.jpg" height="50px" rend="thumbnail"/><graphic mimeType="image/png" url="VGM001001354_01_nf.png" width="380px" rend="facstab"/></zone>
</surface><surface n="b 1466 V/1962" xml:id="surf-extra-1v"><graphic mimeType="image/tiff" url="VGM001001354_02.TIF" rend="norend"/><zone xml:id="zone-extra-1">
<graphic mimeType="image/tiff" url="VGM001001354_02_n.tif" rend="norend"/><graphic mimeType="image/jpeg" url="VGM001001354_02_nt.jpg" height="50px" rend="thumbnail"/><graphic mimeType="image/png" url="VGM001001354_02_nf.png" width="380px" rend="facstab"/></zone>
</surface></facsimile><text xmlns:xsi="http://www.w3.org/2001/XMLSchema-instance"><body>
<div type="original">
<pb f="1r" n="1" xml:id="pb-orig-1r-1" facs="#zone-pb-1r-1"/><lb n="1" xml:id="l-1"/>
<ab>Als er weer Avondmaal hier zal zijn ga ik er heen,<anchor n="1" xml:id="note-o-1"/> doe Gij dat te s’Hage ook, laat <lb n="2" xml:id="l-2"/>ons gaan als <hi rend="ital">ware Avondmaalgangers</hi>.</ab><lb n="3" xml:id="l-3"/>
<ab rend="indent">En neem ook dit stuk roggebrood en eet het even als ik dat doe met de gedachte <lb n="4" xml:id="l-4"/>aan ons Vaderhuis<anchor n="2" xml:id="note-o-2"/> en aan de dingen die wij daar gehoord en gezien hebben.</ab><lb n="5" xml:id="l-5"/>
<ab rend="indent">En geloof mij</ab>
<vg:whiteline/><lb n="6" xml:id="l-6"/>
<ab>Uw zoo innig liefh. broeder</ab><lb n="7" xml:id="l-7"/>
<ab>Vincent</ab>
<vg:whiteline/><lb n="8" xml:id="l-8"/>
<ab>En bid: Heere zegen deze spijze!<anchor n="3" xml:id="note-o-3"/></ab><lb n="9" xml:id="l-9"/>
<ab rend="indent">Hierbij Ecce Homo<c type="kk">/</c><anchor n="4" xml:id="note-o-4"/> zend Gij mij Mater dolorosa<c type="kp">_</c><anchor n="5" xml:id="note-o-5"/> à Dieu jongen<c type="kk">/</c> een handdruk in gedachten.</ab>
<vg:whiteline/></div>
<div type="translation">
<pb f="1r" n="1" xml:id="pb-trans-1r-1" facs="#zone-pb-1r-1"/>
<ab>When the Lord’s Supper is next celebrated here I’ll attend it,<anchor n="1" xml:id="note-t-1"/> you should do the same in The Hague, let us go as <hi rend="ital">true participants in the Lord’s Supper</hi>.</ab>
<ab rend="indent">And take this piece of rye bread too, and eat it, as I do, with our thoughts turned toward our Father’s house<anchor n="2" xml:id="note-t-2"/> and to the things we heard and saw there.</ab>
<ab rend="indent">And believe me</ab>
<vg:whiteline/>
<ab>Your most loving and affectionate brother</ab>
<ab>Vincent</ab>
<vg:whiteline/>
<ab>And pray: Lord, bless this food!<anchor n="3" xml:id="note-t-3"/></ab>
<ab rend="indent">Herewith Ecce Homo,<anchor n="4" xml:id="note-t-4"/> send me Mater Dolorosa.<anchor n="5" xml:id="note-t-5"/> Adieu, old boy, a handshake in thought.</ab></div>
<div type="notes">
<note n="1" xml:id="n-1" target="#note-t-1">
<ab>On 21 January, Van Gogh had attended The Lord’s Supper (<ref target="let101.xml">see letter 101</ref>).</ab></note>
<note n="2" xml:id="n-2" target="#note-t-2">
<ab>The parental home, but at the same time alluding to the heavenly Father’s house: cf. <bibleref xmlns="http://www.vangoghletters.org/ns/" book="hymn" chap="207" v="5">hymn 207:5</bibleref>, <bibleref xmlns="http://www.vangoghletters.org/ns/" book="hymn" chap="249" v="6">hymn 249:6</bibleref> and <bibleref xmlns="http://www.vangoghletters.org/ns/" book="hymn" chap="260" v="2">hymn 260:2</bibleref>.</ab></note>
<note n="3" xml:id="n-3" target="#note-t-3">
<ab>From the prayer said at the beginning of a meal.</ab></note>
<note n="4" xml:id="n-4" target="#note-t-4">
<ab>By <hi rend="ital">Ecce Homo</hi> Van Gogh was probably referring to a reproduction after a work by <rs type="pers" key="1671">Guido Reni</rs> (Paris, Musée du Louvre), which in any case was published by Goupil (<hi rend="ital">Cat. Goupil</hi> 1877, p. 17); a burin engraving of this work had also been made by A. Delaforge (<hi rend="ital">Chalcographie</hi> 1954, p. 119, no. 5940). There was also a reproduction of Reni’s <hi rend="ital">Ecce Homo</hi> in circulation, the verso of which displayed a ‘poetical inscription by <rs type="pers" key="681">J.J.L. ten Kate</rs>’. On one such print Van Gogh wrote, inspired by <bibleref xmlns="http://www.vangoghletters.org/ns/" book="Rom" chap="8" v="35">Rom. 8:35</bibleref> and <vg:bibleref book="Rom" chap="8" v="39">8:39</vg:bibleref>: ‘<hi rend="sc">Nothing shall separate us from the love of Christ nor things present nor things to come</hi>’ (FR b1454). <rs type="ill" key="1798">Ill. 1798</rs>. Van Gogh also quoted <bibleref xmlns="http://www.vangoghletters.org/ns/" book="Rom" chap="8" vr="38-39">Rom. 8:38-39</bibleref> in <ref target="let102.xml">letters 102</ref> and <ref target="let130.xml">130</ref>. Cf. exhib. cat. London<hi rend="ital"> </hi>1992, p. 143, cat. no. 104.</ab>
<ab rend="indent"><rs type="pers" key="397">Görlitz</rs> recollected the following from this period. In early 1877, Van Gogh had asked permission ‘to affix some biblical prints to the wallpaper ... After half an hour the whole room was decorated with scenes from the Bible and with Ecce Homos, and below every head of Christ, Van Gogh had written: “steeds droevig, maar altijd blijde” [ever sorrowful, yet alway rejoicing]’. See Verzamelde brieven 1973, vol. 4, pp. 327-334 (quotation on p. 330).</ab></note>
<note n="5" xml:id="n-5" target="#note-t-5">
<ab>To be sure, <rs type="pers" key="1671">Guido Reni</rs> had also made a <hi rend="ital">Mater Dolorosa</hi>, but Van Gogh was probably asking here for a <hi rend="ital">Mater Dolorosa</hi> by <rs type="pers" key="983">Paul Delaroche</rs>. <rs type="pers" key="1339">Ary Scheffer</rs>’s <hi rend="ital">Mater Dolorosa</hi> was also published in the Goupil series ‘Cartes de visite’ (Bordeaux, Musée Goupil). <rs type="ill" key="1799">Ill. 1799</rs>. <ref target="let054.xml#n-14">See letter 54, n. 14</ref> and Ewals 1990, p. 64 (n. 4).</ab></note></div></body></text></TEI>
