<?xml version="1.0" encoding="UTF-8"?>
<!-- Last Changed Date: 2018-07-18 12:32:41 +0200 (Wed, 18 Jul 2018) | SVN Revision: 2206 -->
<!--Licensed under Attribution-NonCommercial-ShareAlike 4.0 International (CC BY-NC-SA 4.0)-->
<?xml-model href="https://xmlschema.huygens.knaw.nl/vgodd.rng" type="application/xml" schematypens="http://relaxng.org/ns/structure/1.0"?>
<TEI xmlns:vg="http://www.vangoghletters.org/ns/" xmlns="http://www.tei-c.org/ns/1.0">
<teiHeader xmlns:xsi="http://www.w3.org/2001/XMLSchema-instance"><fileDesc>
<titleStmt>
<title>To Theo van Gogh. Dordrecht, Monday, 30 April 1877.</title>
<editor>Leo Jansen</editor>
<editor>Hans Luijten</editor>
<editor>Nienke Bakker</editor></titleStmt>
<publicationStmt>
<publisher><name>Huygens Instituut voor Nederlandse Geschiedenis (KNAW)</name><email>info@huygens.knaw.nl</email></publisher>
<publisher>Van Gogh Museum</publisher>
<pubPlace>Amsterdam</pubPlace>
<date type="first" when="2009">2009</date>
<availability status="restricted">
<licence target="http://creativecommons.org/licenses/by-nc-sa/4.0/ https://creativecommons.org/licenses/by-nc-sa/4.0/legalcode">
<p>Attribution-NonCommercial-ShareAlike 4.0 International (CC BY-NC-SA 4.0) </p></licence></availability>
<ptr target="http://vangoghletters.org/orig/let113"/></publicationStmt><sourceDesc><vg:letDesc><vg:letIdentifier>
<idno type="jlb">113</idno>
<idno type="collectedletters">94</idno>
<idno type="brieven1990">113</idno></vg:letIdentifier><vg:letHeading><author>Vincent van Gogh</author><vg:addressee>Theo van Gogh</vg:addressee><vg:placeLet>Dordrecht</vg:placeLet><vg:dateLet>Monday, 30 April 1877</vg:dateLet></vg:letHeading><vg:letContents>
<p>To Theo van Gogh. Dordrecht, Monday, 30 April 1877.</p>
<note type="ongoingTopic" n="1">
<p>Vincent’s plans to become a clergyman <ref target="let106.xml">(106)</ref></p></note></vg:letContents>
<note type="sourceStatus" xml:id="sourceStatus">
<p>Original manuscript</p></note>
<note type="location" xml:id="location">
<p>Amsterdam, Van Gogh Museum, inv. no. b112 V/1962</p></note>
<note type="date" xml:id="date">
<p>Letter headed: ‘Dordrecht 30 April 1877’.</p></note></vg:letDesc></sourceDesc></fileDesc></teiHeader>
<facsimile xmlns:xsi="http://www.w3.org/2001/XMLSchema-instance">
<surface n="b 0112" xml:id="surf-pb-1r"><graphic mimeType="image/tiff" url="VGM001000121_01.TIF" rend="norend"/><graphic mimeType="image/tiff" url="VGM001000121_01_n.tif" rend="norend"/><graphic mimeType="image/jpeg" url="VGM001000121_01_nt.jpg" height="50px" rend="thumbnail"/><zone xml:id="zone-pb-1r-1">
<graphic mimeType="image/tiff" url="VGM001000121_01_nR.tif" rend="norend"/><graphic mimeType="image/jpeg" url="VGM001000121_01_nRt.jpg" height="50px" rend="thumbnail"/><graphic mimeType="image/png" url="VGM001000121_01_nRf.png" width="380px" rend="facstab"/></zone>
<zone xml:id="zone-pb-1r-4">
<graphic mimeType="image/tiff" url="VGM001000121_01_nL.tif" rend="norend"/><graphic mimeType="image/jpeg" url="VGM001000121_01_nLt.jpg" height="50px" rend="thumbnail"/><graphic mimeType="image/png" url="VGM001000121_01_nLf.png" width="380px" rend="facstab"/></zone>
</surface>
<surface n="b 0112" xml:id="surf-pb-1v"><graphic mimeType="image/tiff" url="VGM001000121_02.TIF" rend="norend"/><graphic mimeType="image/tiff" url="VGM001000121_02_n.tif" rend="norend"/><graphic mimeType="image/jpeg" url="VGM001000121_02_nt.jpg" height="50px" rend="thumbnail"/><zone xml:id="zone-pb-1v-2">
<graphic mimeType="image/tiff" url="VGM001000121_02_nL.tif" rend="norend"/><graphic mimeType="image/jpeg" url="VGM001000121_02_nLt.jpg" height="50px" rend="thumbnail"/><graphic mimeType="image/png" url="VGM001000121_02_nLf.png" width="380px" rend="facstab"/></zone>
<zone xml:id="zone-pb-1v-3">
<graphic mimeType="image/tiff" url="VGM001000121_02_nR.tif" rend="norend"/><graphic mimeType="image/jpeg" url="VGM001000121_02_nRt.jpg" height="50px" rend="thumbnail"/><graphic mimeType="image/png" url="VGM001000121_02_nRf.png" width="380px" rend="facstab"/></zone>
</surface></facsimile><text xmlns:xsi="http://www.w3.org/2001/XMLSchema-instance"><body>
<div type="original">
<pb f="1r" n="1" xml:id="pb-orig-1r-1" facs="#zone-pb-1r-1"/><lb n="1" xml:id="l-1"/>
<ab>Dordrecht 30 April 1877</ab>
<vg:whiteline/><lb n="2" xml:id="l-2"/>
<ab>Waarde Theo,</ab><lb n="3" xml:id="l-3"/>
<ab>Wees van harte gelukgewenscht op dezen dag<c type="kk">/</c><anchor n="1" xml:id="note-o-1"/> vier dien nog <lb n="4" xml:id="l-4"/>dikwijls, heb morgen een goeden dag en vele goede dagen <lb n="5" xml:id="l-5"/>in het jaar dat Gij begint. De tijd gaat spoedig om <lb n="6" xml:id="l-6"/>en de dagen vliegen voorbij ─ toch kan er iets achterblijven <lb n="7" xml:id="l-7"/>en is het verledene niet geheel verloren ─ wij kunnen rijker <lb n="8" xml:id="l-8"/>worden en vaster van geest<c type="kk">/</c><anchor n="2" xml:id="note-o-2"/> van karakter<c type="kk">/</c> van hart<c type="kk">/</c> wij <lb n="9" xml:id="l-9"/>kunnen rijker worden in God,<anchor n="3" xml:id="note-o-3"/> wij kunnen rijker worden in <lb n="10" xml:id="l-10"/>het fijne goud<anchor n="4" xml:id="note-o-4"/> van het leven<c type="kk">/</c> de liefde tot elkander en <lb n="11" xml:id="l-11"/>het gevoel “en nogtans ben ik niet alleen want de Vader is <lb n="12" xml:id="l-12"/>met mij”.─<anchor n="5" xml:id="note-o-5"/> Zoo ga het met ons allen<c type="kk">/</c> het is een goed <lb n="13" xml:id="l-13"/>gebed dat van onzen Vader: verbind Gij o Heer ons innig aan <lb n="14" xml:id="l-14"/>elkaar, en laat de liefde tot U dien band meer en meer verster<c type="shy">-</c><lb n="15" xml:id="l-15"/>ken.<anchor n="6" xml:id="note-o-6"/></ab><lb n="16" xml:id="l-16"/>
<ab rend="indent">Spoedig hoop ik U te zien, want het is mijn plan om als ik naar <lb n="17" xml:id="l-17"/>Amsterdam ga nog te s’Hage eenigen tijd stil te blijven,<anchor n="a" xml:id="note-o-a"/> zeg <lb n="18" xml:id="l-18"/>dit echter maar aan niemand want het is mij te doen om met U te <lb n="19" xml:id="l-19"/>zijn vooral.</ab><lb n="20" xml:id="l-20"/>
<ab rend="indent">Woensdag aanst. ga ik naar Etten, om nog eenige dagen daar <lb n="21" xml:id="l-21"/>te blijven en dan de hand aan den ploeg<c type="kp">_</c><anchor n="7" xml:id="note-o-7"/></ab><lb n="22" xml:id="l-22"/>
<ab rend="indent">Gisteren had ik U wel hier willen hebben, des morgens hoorde <lb n="23" xml:id="l-23"/>ik in het Fransche kerkje het afscheid van D<hi rend="ss">s</hi> Hooyer,<anchor n="8" xml:id="note-o-8"/> de kerk <lb n="24" xml:id="l-24"/>was vol, hij sprak met vuur en gevoel, het gezigt van die 
<pb f="1v" n="2" xml:id="pb-orig-1v-2" facs="#zone-pb-1v-2"/><lb n="25" xml:id="l-25"/>deftige eigenaardige Gemeente trof mij, er was veel ernstige <lb n="26" xml:id="l-26"/>stemming. Hij dankte voor de liefde die hij van velen <lb n="27" xml:id="l-27"/>had ondervonden in moeielijke dagen vooral, toen in het <lb n="28" xml:id="l-28"/>begin, vier jaar geleden hij had te worstelen met de <lb n="29" xml:id="l-29"/>moeielijkheden van het spreken in de Fransche taal, want <lb n="30" xml:id="l-30"/>hij is een Hollander. Er waren verscheidene van de andere <lb n="31" xml:id="l-31"/>predikanten hier in de kerk<c type="kp">_</c></ab><lb n="32" xml:id="l-32"/>
<ab rend="indent">s’Middags was ik bij D<hi rend="ss">s</hi> Keller van Hoorn in de Groote kerk<c type="kk">/</c> zijn <lb n="33" xml:id="l-33"/>tekst was “Onze Vader”<c type="kk">/</c> s’avonds bij D<hi rend="ss">s</hi> Greeff<anchor n="9" xml:id="note-o-9"/> dien ik ook den eersten <lb n="34" xml:id="l-34"/>zondagavond dat ik hier in Dordt was hoorde.<anchor n="10" xml:id="note-o-10"/> Toevallig sprak hij in <lb n="35" xml:id="l-35"/>zijne preek van gisteren over de zelfde woorden waarover hij <lb n="36" xml:id="l-36"/>die eerste keer sprak: Nu zien wij door een spiegel in eene duistere <lb n="37" xml:id="l-37"/>rede, nu ken ik ten deele maar dan zal ik kennen gelijk ook ik <lb n="38" xml:id="l-38"/>gekend ben.─<anchor n="11" xml:id="note-o-11"/></ab><lb n="39" xml:id="l-39"/>
<ab rend="indent">Na de kerk wandelde ik dien weg achter het station waar wij <lb n="40" xml:id="l-40"/>ook zamen waren,<anchor n="12" xml:id="note-o-12"/> ging dien met de gedachte aan U en wenschende <lb n="41" xml:id="l-41"/>wij te zamen konden zijn ─ en wandelde nog door tot het <lb n="42" xml:id="l-42"/>kerkhof aan het eind van een zwarten kolenweg door de weilanden <lb n="43" xml:id="l-43"/>die er in de schemering zoo mooi uitzagen. Het kerkhof heeft <lb n="44" xml:id="l-44"/>wel iets van die teekening van Apol die in “Eigen haard” staat<c type="kk">/</c><anchor n="13" xml:id="note-o-13"/> <lb n="45" xml:id="l-45"/>er is eene gracht om heen en er staat een huis op met mastboomen er om heen waar gisteren avond <lb n="46" xml:id="l-46"/>het licht zoo vriendelijk door de vensters scheen ─ het is een oud <lb n="47" xml:id="l-47"/>huis dat er uitziet als eene pastorie.─<anchor n="14" xml:id="note-o-14"/></ab>
<pb f="1v" n="3" xml:id="pb-orig-1v-3" facs="#zone-pb-1v-3"/><lb n="48" xml:id="l-48"/>
<ab rend="indent">Er kan voor ons beiden nog veel goeds zijn in de toekomst<c type="kk">/</c> <lb n="49" xml:id="l-49"/>laat ons het Pa maar leeren nazeggen “ik wanhoop nooit”<anchor n="15" xml:id="note-o-15"/> <lb n="50" xml:id="l-50"/>en Oom Jan “de duivel is nooit zoo zwart of men kan <lb n="51" xml:id="l-51"/>hem nog wel onder de oogen zien”.<anchor n="16" xml:id="note-o-16"/></ab><lb n="52" xml:id="l-52"/>
<ab rend="indent">Schrijf weer eens spoedig, nu Woensdag ben ik dus te <lb n="53" xml:id="l-53"/>Etten. Hebt gij de Plancy<c type="kk">/</c> Légendes des artistes met <lb n="54" xml:id="l-54"/>houtsneden naar Rochussen<c type="kk">/</c><anchor n="17" xml:id="note-o-17"/> dat hoop ik U mede te brengen<c type="kp">_</c></ab><lb n="55" xml:id="l-55"/>
<ab rend="indent">Zoo tusschen de bedrijven in heb ik dezer dagen <lb n="56" xml:id="l-56"/>uit een catechisatieboekje van Oom Stricker de geheele <lb n="57" xml:id="l-57"/>geschiedenis van Christus nog eens doorgewerkt,<anchor n="18" xml:id="note-o-18"/> en de <lb n="58" xml:id="l-58"/>teksten uitgeschreven, zoovele schilderijen van Rembrandt <lb n="59" xml:id="l-59"/>en anderen kwamen mij daarbij in de gedachte.─ het is<c type="kk">/</c> <lb n="60" xml:id="l-60"/>geloof en vertrouw ik<c type="kk">/</c> eene onberouwelijke keuze<anchor n="19" xml:id="note-o-19"/> die ik <lb n="61" xml:id="l-61"/>heb gedaan om te trachten te worden een christen en een <lb n="62" xml:id="l-62"/>christen werkman<c type="kp">_</c><anchor n="20" xml:id="note-o-20"/> Ja, alle dingen uit het verleden <lb n="63" xml:id="l-63"/>kunnen medewerken ten goede,<anchor n="21" xml:id="note-o-21"/> door de bekendheid met <lb n="64" xml:id="l-64"/>steden als London en Parijs en het leven in huizen als <lb n="65" xml:id="l-65"/>die school te Ramsgate en te Isleworth wordt men sterker <lb n="66" xml:id="l-66"/>aangetrokken en gehecht aan vele dingen en boeken uit den <lb n="67" xml:id="l-67"/>Bijbel als b.v. de Handelingen der Apostelen<c type="kp">_</c> De bekendheid <lb n="68" xml:id="l-68"/>met en liefde voor het werk en leven van mannen als <lb n="69" xml:id="l-69"/>Jules Breton<c type="kk">/</c> Millet en Jacque<c type="kk">/</c> Rembrandt<c type="kk">/</c> Bosboom <lb n="70" xml:id="l-70"/>en zooveel anderen kan ook eene bron worden om gedachten <lb n="71" xml:id="l-71"/>te krijgen<c type="kp">_</c></ab>
<pb f="1r" n="4" xml:id="pb-orig-1r-4" facs="#zone-pb-1r-4"/><lb n="72" xml:id="l-72"/>
<ab rend="indent">Wat is er veel overeenkomst tusschen het werk en leven <lb n="73" xml:id="l-73"/>van Pa en dat van zulke mannen, dat van Pa schat <lb n="74" xml:id="l-74"/>ik nog hooger.</ab><lb n="75" xml:id="l-75"/>
<ab rend="indent">God helpe ons jongen, Hij kan U en ons allen en mij <lb n="76" xml:id="l-76"/>doen zeggen<c type="kk">/</c> Heer het is genoeg.<anchor n="22" xml:id="note-o-22"/></ab><lb n="77" xml:id="l-77"/>
<ab rend="indent">à Dieu<c type="kk">/</c> ontvang een handdruk in gedachten en wees <lb n="78" xml:id="l-78"/>nogmaals hartelijk gelukgewenscht door</ab> <vg:whiteline/><lb n="79" xml:id="l-79"/>
<ab>Uw liefh. broer</ab><lb n="80" xml:id="l-80"/>
<ab>Vincent</ab>
<vg:whiteline/><lb n="81" xml:id="l-81"/>
<ab>De Heer zegene U en behoede U, de Heer <lb n="82" xml:id="l-82"/>doe zijn aangezigt over U lichten en geve<lb n="83" xml:id="l-83"/>
U vrede.<anchor n="23" xml:id="note-o-23"/> De Heer doe U boven bidden en<lb n="84" xml:id="l-84"/> boven denken.<anchor n="24" xml:id="note-o-24"/> Hij zij Uw bewaarder en Uwe<lb n="85" xml:id="l-85"/> schaduw aan Uwe regterhand.<anchor n="25" xml:id="note-o-25"/> Hij zij<lb n="86" xml:id="l-86"/> met U alle dagen tot aan de voleinding<lb n="87" xml:id="l-87"/> der wereld.─<anchor n="26" xml:id="note-o-26"/></ab>
<vg:whiteline/><lb n="88»" xml:id="l-88"/>
<ab>Groet uwe huisgenooten<c type="kp">_</c></ab>
<vg:whiteline/>
<div type="textualNotes">
<note target="l-12" n="12">mij”.─ &lt; mij.─</note>
<note target="l-49" n="49">nooit” &lt; nooit</note>
<note target="l-51" n="51">zien”. &lt; zien.</note>
<note target="l-88" n="88">Groet uwe huisgenooten &lt; <hi rend="ital">In the right margin on p. 2</hi> <hi rend="ital">(</hi>‘Wat <supplied><hi rend="ital">...</hi></supplied> genoeg’<hi rend="ital">)</hi>.</note></div></div>
<div type="translation">
<pb f="1r" n="1" xml:id="pb-trans-1r-1" facs="#zone-pb-1r-1"/>
<ab>Dordrecht, 30 April 1877</ab>
<vg:whiteline/>
<ab>My dear Theo,</ab>
<ab>My hearty congratulations on this day,<anchor n="1" xml:id="note-t-1"/> many happy returns, have a good day tomorrow, and many good days in the year you’re now beginning. Time passes quickly and the days fly past – yet something can remain and the past isn’t entirely lost – we can become richer and firmer of spirit,<anchor n="2" xml:id="note-t-2"/> of character, of heart, we can become richer in God,<anchor n="3" xml:id="note-t-3"/> we can become richer in the fine gold<anchor n="4" xml:id="note-t-4"/> of life, the love for one another and the feeling ‘and yet I am not alone, because the Father is with me’.<anchor n="5" xml:id="note-t-5"/> May it be so for all of us, it is a good prayer, that one of Father’s: O Lord, join us intimately to one another and let our love for Thee make that bond ever stronger.<anchor n="6" xml:id="note-t-6"/></ab>
<ab rend="indent">I hope to see you soon, because when I go to Amsterdam I’m planning to stop in The Hague for a while. Don’t tell anyone about this, though, because my main purpose in doing so is to see you.</ab>
<ab rend="indent">I’m going to Etten this Wednesday, to stay there for a few days before putting my hand to the plough.<anchor n="7" xml:id="note-t-7"/></ab>
<ab rend="indent">I should have liked you to be here yesterday; in the morning I heard the <rs type="pers" key="462">Rev. Hooyer</rs>’s farewell sermon in the little French church.<anchor n="8" xml:id="note-t-8"/> The church was full, he spoke with fire and feeling, I was moved by the sight of that 
<pb f="1v" n="2" xml:id="pb-trans-1v-2" facs="#zone-pb-1v-2"/> distinguished, singular congregation, the mood was very earnest. He thanked them for the love that he had received from many of them, especially at difficult times, in the beginning, four years ago, when he was wrestling with the difficulties of speaking in French, because he’s a Dutchman. There were various other clergymen in the congregation.</ab>
<ab rend="indent">In the afternoon I went to the Grote Kerk to hear the <rs type="pers" key="474">Rev. Keller van Hoorn</rs>, whose text was ‘Our Father’; in the evening I heard the <rs type="pers" key="434">Rev. Greeff</rs>,<anchor n="9" xml:id="note-t-9"/> whom I’d heard on my first Sunday evening here in Dordrecht.<anchor n="10" xml:id="note-t-10"/> By chance, he took for his sermon yesterday the same text he had taken that first time: Now we see through a glass, darkly; now I know in part, but then shall I know even as also I am known.<anchor n="11" xml:id="note-t-11"/></ab>
<ab rend="indent">After church I walked along that path behind the station where we walked together,<anchor n="12" xml:id="note-t-12"/> thinking of you and wishing we could be together – and kept on walking until I came to the cemetery at the end of a black cinder road running through the meadows that looked so beautiful in the twilight. The cemetery looks a little like that drawing by <rs type="pers" key="76">Apol</rs> in ‘Eigen Haard’,<anchor n="13" xml:id="note-t-13"/> there’s a canal around it and there’s a house surrounded by pine trees, yesterday evening the light was shining through the windows in such a friendly way – it’s an old house that looks like a parsonage.<anchor n="14" xml:id="note-t-14"/> 
<pb f="1v" n="3" xml:id="pb-trans-1v-3" facs="#zone-pb-1v-3"/></ab>
<ab rend="indent">There can still be much good in store for both of us, let us learn to say after <rs type="pers" key="526">Pa</rs> ‘I never despair’<anchor n="15" xml:id="note-t-15"/> and after <rs type="pers" key="410">Uncle Jan</rs> ‘the devil is never so black that one cannot look him in the face’.<anchor n="16" xml:id="note-t-16"/></ab>
<ab rend="indent">Write again soon, this Wednesday, then, I’ll be in Etten. Do you have <rs type="pers" key="724">De Plancy</rs>, Légendes des artistes, with woodcuts after <rs type="pers" key="1320">Rochussen</rs>?<anchor n="17" xml:id="note-t-17"/> I hope to bring it for you.</ab>
<ab rend="indent">These last few days I’ve managed, in between times, to work my way through the whole story of Christ from a catechism book written by <rs type="pers" key="318">Uncle Stricker</rs>,<anchor n="18" xml:id="note-t-18"/> and I copied out the texts, which brought to mind so many paintings by <rs type="pers" key="1295">Rembrandt</rs> and others. It is, I believe and trust, a choice not to be repented of,<anchor n="19" xml:id="note-t-19"/> which I’ve made in an attempt to become a Christian and a Christian labourer.<anchor n="20" xml:id="note-t-20"/> Yes, all things of the past can work together for good,<anchor n="21" xml:id="note-t-21"/> familiarity with cities like London and Paris and life in such places as that school in Ramsgate and in Isleworth makes one more drawn and attached to many things and such books of the Bible as The Acts of the Apostles. Knowing and loving the work and life of such men as <rs type="pers" key="899">Jules Breton</rs>, <rs type="pers" key="1226">Millet</rs> and <rs type="pers" key="1117">Jacque</rs>, <rs type="pers" key="1295">Rembrandt</rs>, <rs type="pers" key="884">Bosboom</rs> and so many others, can also be a source of ideas. 
<pb f="1r" n="4" xml:id="pb-trans-1r-4" facs="#zone-pb-1r-4"/></ab>
<ab rend="indent">What a similarity there is between the work and life of <rs type="pers" key="526">Pa</rs> and that of such men; that of Pa I rate even higher.</ab>
<ab rend="indent">God help us, old boy, He can make you and all of us and me say, Lord, it is enough.<anchor n="22" xml:id="note-t-22"/></ab>
<ab rend="indent">Adieu, accept a handshake in thought and again, hearty congratulations from</ab>
<vg:whiteline/>
<ab>Your loving brother</ab>
<ab>Vincent</ab>
<vg:whiteline/>
<ab>The Lord bless thee, and keep thee: the Lord make his face shine upon thee, and give thee peace.<anchor n="23" xml:id="note-t-23"/> May the Lord do above all that we ask and think.<anchor n="24" xml:id="note-t-24"/> He is your keeper and the shade upon your right hand.<anchor n="25" xml:id="note-t-25"/> May He be with you alway, even unto the end of the world.<anchor n="26" xml:id="note-t-26"/></ab>
<vg:whiteline/>
<ab>Give my regards to your housemates.</ab></div>
<div type="notes">
<note n="1" xml:id="n-1" target="#note-t-1">
<ab>Theo would turn 20 on 1 May.</ab></note>
<note n="2" xml:id="n-2" target="#note-t-2">
<ab>
  <bibleref xmlns="http://www.vangoghletters.org/ns/" book="Rhy. ps" chap="51" v="5">Rhy. ps. 51:5</bibleref>.</ab></note>
<note n="3" xml:id="n-3" target="#note-t-3">
<ab>Cf. <bibleref xmlns="http://www.vangoghletters.org/ns/" book="Luke" chap="12" v="21">Luke 12:21</bibleref> and <bibleref xmlns="http://www.vangoghletters.org/ns/" book="Jas" chap="2" v="5">Jas. 2:5</bibleref>; the <hi rend="ital">KJ</hi> has ‘richer toward God’.</ab></note>
<note n="4" xml:id="n-4" target="#note-t-4">
<ab>Biblical; see, for example, <bibleref xmlns="http://www.vangoghletters.org/ns/" book="Ps" chap="19" v="11">Ps. 19:11</bibleref> (in <hi rend="ital">KJ</hi> <bibleref xmlns="http://www.vangoghletters.org/ns/" book="Ps" chap="19" v="10">Ps. 19:10</bibleref>) and <bibleref xmlns="http://www.vangoghletters.org/ns/" book="Isa" chap="13" v="12">Isa. 13:12</bibleref>.</ab></note>
<note n="5" xml:id="n-5" target="#note-t-5">
<ab>
  <bibleref xmlns="http://www.vangoghletters.org/ns/" book="John" chap="16" v="32">John 16:32</bibleref>.</ab></note>
<note n="6" xml:id="n-6" target="#note-t-6">
<ab>This prayer recurs frequently; <ref target="let042.xml">see letter 42</ref>.</ab></note>
<note n="a" xml:id="n-a" target="#note-o-a">
<ab>Meaning, ‘Halt te houden, de reis te onderbreken’ (To stop, to interrupt the journey).</ab></note>
<note n="7" xml:id="n-7" target="#note-t-7">
<ab>
  <bibleref xmlns="http://www.vangoghletters.org/ns/" book="Luke" chap="9" v="62">Luke 9:62</bibleref>.</ab></note>
<note n="8" xml:id="n-8" target="#note-t-8">
<ab><rs type="pers" key="462">Jan Hendrik Hooyer</rs> had been the minister of the Waalse Kerk (French Church) at the corner of Visstraat and Voorstraat since 1873.</ab></note>
<note n="9" xml:id="n-9" target="#note-t-9">
<ab>The <rs type="pers" key="434">Rev. Samuel Essenius Greeff</rs> was the minister of the Nederlands Hervormde (Dutch Reformed) congregation.</ab></note>
<note n="10" xml:id="n-10" target="#note-t-10">
<ab>Sunday, 7 January; <ref target="let101.xml#n-31">see letter 101, n. 31.</ref></ab></note>
<note n="11" xml:id="n-11" target="#note-t-11">
<ab>
  <bibleref xmlns="http://www.vangoghletters.org/ns/" book="1 Cor" chap="13" v="12">1 Cor. 13:12</bibleref>.</ab></note>
<note n="12" xml:id="n-12" target="#note-t-12">
<ab>Regarding this walk, <ref target="let103.xml">see letter 103</ref>.</ab></note>
<note n="13" xml:id="n-13" target="#note-t-13">
<ab>A reproduction of the drawing <hi rend="ital">Gevallen grootheid </hi>(Fallen greatness) by <rs type="pers" key="76">Lodewijk Apol</rs> appeared in <hi rend="ital">Eigen Haard</hi> 1 (1875), no. 30, p. 253. <rs type="ill" key="1803">Ill. 1803</rs>.</ab></note>
<note n="14" xml:id="n-14" target="#note-t-14">
<ab>The house of the keeper of the cemetery in the Dubbeldamseweg. See  Molendijk 1990, p. 5; a 1914 photograph of this house is to be found in J.J. Beyerman, <hi rend="ital">Dordrecht in oude ansichten</hi>. Zaltbommel 1967, p. 20.</ab></note>
<note n="15" xml:id="n-15" target="#note-t-15">
<ab>This expression of <rs type="pers" key="526">Mr van Gogh</rs>, which Vincent repeats frequently, could have been derived from <bibleref xmlns="http://www.vangoghletters.org/ns/" book="hymn" chap="56" v="1">hymn 56:1</bibleref> and <bibleref xmlns="http://www.vangoghletters.org/ns/" book="hymn" chap="56" v="9">hymn 56:9</bibleref>.</ab></note>
<note n="16" xml:id="n-16" target="#note-t-16">
<ab>Another version of this proverb is ‘The devil is not so black as he is sometimes painted’.</ab></note>
<note n="17" xml:id="n-17" target="#note-t-17">
<ab><rs type="pers" key="724">Jacques Albin Simon Collin de Plancy</rs>, <rs type="lit" key="130"><hi rend="ital">Légendes des artistes. Dessins-croquis de C. Rochussen</hi></rs>. The Hague (Société neerlandaise pour les Beaux-Arts) 1842. <hi rend="ital">The legends of the artists</hi> contains 14 biographical, anecdotal essays on Dutch and Flemish artists (mostly painters) of the sixteenth and seventeenth centuries. Each essay is accompanied by several engravings after sketches by <rs type="pers" key="1320">Charles Rochussen</rs>. Theo’s estate included a copy of this edition, which had belonged to <rs type="pers" key="399">Uncle Hein van Gogh</rs>.</ab></note>
  <note n="18" xml:id="n-18" target="#note-t-18">
<ab>A catechism is a question-book used in religious instruction. From the bibliography accompanying the 1887 account of <rs type="pers" key="318">Stricker</rs>’s life, it appears that Van Gogh’s employer, <rs type="pers" key="306">Mr Braat</rs>, had published two of his catechisms. See Berlage 1887, p. 36.</ab></note>
<note n="19" xml:id="n-19" target="#note-t-19">
<ab>Cf. <bibleref xmlns="http://www.vangoghletters.org/ns/" book="2 Cor" chap="7" v="10">2 Cor. 7:10</bibleref>.</ab></note>
<note n="20" xml:id="n-20" target="#note-t-20">
<ab>For the concept of the ‘Christian Workman’, <ref target="let109.xml#n-15">see letter 109, n. 15.</ref></ab></note>
<note n="21" xml:id="n-21" target="#note-t-21">
<ab>
  <bibleref xmlns="http://www.vangoghletters.org/ns/" book="Rom" chap="8" v="28">Rom. 8:28</bibleref>.</ab></note>
<note n="22" xml:id="n-22" target="#note-t-22">
<ab>Biblical; Van Gogh was possibly thinking of <bibleref xmlns="http://www.vangoghletters.org/ns/" book="1 Kings" chap="19" v="4">1 Kings 19:4</bibleref>, which he quotes at length in <ref target="let118.xml">letter 118</ref>.</ab></note>
<note n="23" xml:id="n-23" target="#note-t-23">
<ab>
  <bibleref xmlns="http://www.vangoghletters.org/ns/" book="Num" chap="6" vr="24-26">Num. 6:24-26</bibleref>, as well as the closing lines of the liturgical service.</ab></note>
<note n="24" xml:id="n-24" target="#note-t-24">
<ab>
  <bibleref xmlns="http://www.vangoghletters.org/ns/" book="Hymn" chap="36" v="2">Hymn 36:2</bibleref> and <bibleref xmlns="http://www.vangoghletters.org/ns/" book="Eph" chap="3" v="20">Eph. 3:20</bibleref>.</ab></note>
<note n="25" xml:id="n-25" target="#note-t-25">
<ab>
  <bibleref xmlns="http://www.vangoghletters.org/ns/" book="Ps" chap="121" v="5">Ps. 121:5</bibleref>.</ab></note>
<note n="26" xml:id="n-26" target="#note-t-26">
<ab>
  <bibleref xmlns="http://www.vangoghletters.org/ns/" book="Matt" chap="28" v="20">Matt. 28:20</bibleref>.</ab></note></div></body></text></TEI>
