<?xml version="1.0" encoding="UTF-8"?>
<!-- Last Changed Date: 2018-07-18 12:32:41 +0200 (Wed, 18 Jul 2018) | SVN Revision: 2206 -->
<!--Licensed under Attribution-NonCommercial-ShareAlike 4.0 International (CC BY-NC-SA 4.0)-->
<?xml-model href="https://xmlschema.huygens.knaw.nl/vgodd.rng" type="application/xml" schematypens="http://relaxng.org/ns/structure/1.0"?>
<TEI xmlns:vg="http://www.vangoghletters.org/ns/" xmlns="http://www.tei-c.org/ns/1.0">
<teiHeader xmlns:xsi="http://www.w3.org/2001/XMLSchema-instance"><fileDesc>
<titleStmt>
<title>To Theo van Gogh. Wasmes, Thursday, 26 December 1878.</title>
<editor>Leo Jansen</editor>
<editor>Hans Luijten</editor>
<editor>Nienke Bakker</editor></titleStmt>
<publicationStmt>
<publisher><name>Huygens Instituut voor Nederlandse Geschiedenis (KNAW)</name><email>info@huygens.knaw.nl</email></publisher>
<publisher>Van Gogh Museum</publisher>
<pubPlace>Amsterdam</pubPlace>
<date type="first" when="2009">2009</date>
<availability status="restricted">
<licence target="http://creativecommons.org/licenses/by-nc-sa/4.0/ https://creativecommons.org/licenses/by-nc-sa/4.0/legalcode">
<p>Attribution-NonCommercial-ShareAlike 4.0 International (CC BY-NC-SA 4.0) </p></licence></availability>
<ptr target="http://vangoghletters.org/orig/let149"/></publicationStmt><sourceDesc><vg:letDesc><vg:letIdentifier>
<idno type="jlb">149</idno>
<idno type="collectedletters">127</idno>
<idno type="brieven1990">148</idno></vg:letIdentifier><vg:letHeading><author>Vincent van Gogh</author><vg:addressee>Theo van Gogh</vg:addressee><vg:placeLet>Wasmes</vg:placeLet><vg:dateLet>Thursday, 26 December 1878</vg:dateLet></vg:letHeading><vg:letContents>
<p>To Theo van Gogh. Wasmes, Thursday, 26 December 1878.</p></vg:letContents>
<note type="sourceStatus" xml:id="sourceStatus">
<p>Original manuscript</p></note>
<note type="location" xml:id="location">
<p>Amsterdam, Van Gogh Museum, inv. no. b147 V/1962</p></note>
<note type="date" xml:id="date">
<p>Letter headed: ‘Petit-Wasmes 26 Dec 1878 / Borinage Hainaut’.</p></note></vg:letDesc></sourceDesc></fileDesc></teiHeader>
<facsimile xmlns:xsi="http://www.w3.org/2001/XMLSchema-instance">
<surface n="b 0147" xml:id="surf-pb-1r"><graphic mimeType="image/tiff" url="VGM001000155_01.TIF" rend="norend"/><graphic mimeType="image/tiff" url="VGM001000155_01_n.tif" rend="norend"/><graphic mimeType="image/jpeg" url="VGM001000155_01_nt.jpg" height="50px" rend="thumbnail"/><zone xml:id="zone-pb-1r-1">
<graphic mimeType="image/tiff" url="VGM001000155_01_nR.tif" rend="norend"/><graphic mimeType="image/jpeg" url="VGM001000155_01_nRt.jpg" height="50px" rend="thumbnail"/><graphic mimeType="image/png" url="VGM001000155_01_nRf.png" width="380px" rend="facstab"/></zone>
</surface>
<surface n="b 0147" xml:id="surf-pb-1v"><graphic mimeType="image/tiff" url="VGM001000155_02.TIF" rend="norend"/><graphic mimeType="image/tiff" url="VGM001000155_02_n.tif" rend="norend"/><graphic mimeType="image/jpeg" url="VGM001000155_02_nt.jpg" height="50px" rend="thumbnail"/><zone xml:id="zone-pb-1v-2">
<graphic mimeType="image/tiff" url="VGM001000155_02_nL.tif" rend="norend"/><graphic mimeType="image/jpeg" url="VGM001000155_02_nLt.jpg" height="50px" rend="thumbnail"/><graphic mimeType="image/png" url="VGM001000155_02_nLf.png" width="380px" rend="facstab"/></zone>
<zone xml:id="zone-pb-1v-3">
<graphic mimeType="image/tiff" url="VGM001000155_02_nR.tif" rend="norend"/><graphic mimeType="image/jpeg" url="VGM001000155_02_nRt.jpg" height="50px" rend="thumbnail"/><graphic mimeType="image/png" url="VGM001000155_02_nRf.png" width="380px" rend="facstab"/></zone>
</surface></facsimile><text xmlns:xsi="http://www.w3.org/2001/XMLSchema-instance"><body>
<div type="original">
<pb f="1r" n="1" xml:id="pb-orig-1r-1" facs="#zone-pb-1r-1"/><lb n="1" xml:id="l-1"/>
<ab>Petites Wasmes 26 Dec<c type="kp">_</c> 1878</ab><lb n="2" xml:id="l-2"/>
<ab>Borinage Hainaut<anchor n="1" xml:id="note-o-1"/></ab>
<vg:whiteline/><lb n="3" xml:id="l-3"/>
<ab>Waarde Theo,</ab><lb n="4" xml:id="l-4"/>
<ab>Het is tijd dat ik U weer eens schrijf<c type="kk">/</c> vooreerst ook om U <lb n="5" xml:id="l-5"/>geluk te wenschen bij het begin van een nieuw jaar. Moge veel <lb n="6" xml:id="l-6"/>goeds Uw deel zijn en Gods zegen rusten op Uw werk <lb n="7" xml:id="l-7"/>in dit jaar dat wij beginnen.</ab><lb n="8" xml:id="l-8"/>
<ab rend="indent">Zeer verlangend ben ik naar een brief van U om weer eens te <lb n="9" xml:id="l-9"/>hooren hoe Gij het hebt en hoe het U gaat<c type="kk">/</c><anchor n="2" xml:id="note-o-2"/> ook om misschien <lb n="10" xml:id="l-10"/>eens te hooren of Gij in den laatsten tijd iets moois en merk<c type="shy">-</c><lb n="11" xml:id="l-11"/>waardigs hebt gezien.</ab><lb n="12" xml:id="l-12"/>
<ab rend="indent">Wat mij aangaat, gij begrijpt wel dat er hier in de Borinage <lb n="13" xml:id="l-13"/>geen schilderijen zijn<c type="kk">/</c> dat men zelfs over ’t algemeen <lb n="14" xml:id="l-14"/>ganschelijk niet<anchor n="a" xml:id="note-o-a"/> weet wat een Schilderij is<c type="kk">/</c> zoodan spreekt <lb n="15" xml:id="l-15"/>het van zelf dat ik op ’t gebied van kunst ten eenemale niets <lb n="16" xml:id="l-16"/>heb gezien sedert mijn vertrek uit Brussel.─ Maar <lb n="17" xml:id="l-17"/>dit neemt niet weg dat het hier een zeer eigenaardig en <lb n="18" xml:id="l-18"/>zeer schilderachtig land is, alles spreekt als het ware en <lb n="19" xml:id="l-19"/>is vol karakter. Dezer dagen<c type="kk">/</c> de donkere dagen voor <lb n="20" xml:id="l-20"/>Kerstmis<c type="kk">/</c> lag er sneeuw. Alles herinnerde toen aan die middeneeuwsche <lb n="21" xml:id="l-21"/>Sch<hi rend="ss">ijen</hi> van Boeren Breugel o.a. en van zooveel anderen <lb n="22" xml:id="l-22"/>die het eigenaardig effekt van rood &amp; groen<c type="kk">/</c> zwart &amp; wit zoo <lb n="23" xml:id="l-23"/>treffend hebben weten uit te drukken. Telkens weer doet hetgeen men <lb n="24" xml:id="l-24"/>hier ziet denken aan het werk b.v. van Thijs Maris of van Albert Durer<c type="kp">_</c></ab><lb n="25" xml:id="l-25"/>
<ab rend="indent">Er zijn hier holle wegen begroeid met dorenstruiken en met oude verwrongen <lb n="26" xml:id="l-26"/>boomen met hunne grillige wortels die volmaakt gelijken op dien weg <lb n="27" xml:id="l-27"/>op de ets van Durer<c type="kk">/</c> Le chevalier et la mort.<anchor n="3" xml:id="note-o-3"/></ab><lb n="28" xml:id="l-28"/>
<ab rend="indent">Zoo b.v. dezer dagen was het een eigenaardig gezigt met de witte <lb n="29" xml:id="l-29"/>sneeuw s’avonds tegen het uur der schemering de arbeiders uit de <lb n="30" xml:id="l-30"/>mijnen huiswaarts te zien keeren. Deze lieden zijn geheel zwart als zij <lb n="31" xml:id="l-31"/>uit de donkere mijnen weer in het daglicht komen<c type="kk">/</c> gelijkerwijs de <lb n="32" xml:id="l-32"/>schoorsteenvegers zien zij er uit<c type="kp">_</c> Hunne woningen zijn meestal klein <lb n="33" xml:id="l-33"/>en veeleer hutten te noemen<c type="kk">/</c> verspreid ook langs die holle wegen <lb n="34" xml:id="l-34"/>en in het bosch en tegen de helling der heuvels<c type="kp">_</c> Hier en daar ziet men nog <lb n="35" xml:id="l-35"/>bemoste daken en vriendelijk schijnt het licht s’avonds door de vensters met <lb n="36" xml:id="l-36"/>kleine ruiten<c type="kp">_</c></ab>
<pb f="1v" n="2" xml:id="pb-orig-1v-2" facs="#zone-pb-1v-2"/><lb n="41" xml:id="l-41"/>
<ab rend="indent">Gelijk bij ons in Brabant het hakhout &amp; de eikenstruiken en <lb n="42" xml:id="l-42"/>in Holland de knotwilgen zoo ziet men hier om de tuinen<c type="kk">/</c> velden <lb n="43" xml:id="l-43"/>en akkers die zwarte dorenheggen. Met de sneeuw dezer dagen <lb n="44" xml:id="l-44"/>maakte dat een effekt als van een letterschrift op wit papier <lb n="45" xml:id="l-45"/>zooals de bladzijden van het Evangelie.</ab><lb n="46" xml:id="l-46"/>
<ab rend="indent">Reeds onderscheidene malen heb ik hier gesproken zoowel in <lb n="47" xml:id="l-47"/>een vrij groot<c type="kk">/</c> voor godsdienstige zamenkomsten opzettelijk ingerigt vertrek<anchor n="4" xml:id="note-o-4"/> <lb n="48" xml:id="l-48"/>als in de bijeenkomsten die men gewoon is s’avonds in de arbeiderswoningen <lb n="49" xml:id="l-49"/>te houden<c type="kk">/</c> die men het best Bijbellezingen noemen <lb n="50" xml:id="l-50"/>kan. Sprak o.a<c type="kp">_</c> over: de gelijkenis v.h. mostaardzaad,<anchor n="5" xml:id="note-o-5"/> den onvruchtbaren <lb n="51" xml:id="l-51"/>vijgeboom,<anchor n="6" xml:id="note-o-6"/> de blindgeborene.<anchor n="7" xml:id="note-o-7"/> Op Kerstmis natuurlijk over <lb n="52" xml:id="l-52"/>de stal v<c type="kp">_</c> Bethlehem<anchor n="8" xml:id="note-o-8"/> en Vrede op aarde.<anchor n="9" xml:id="note-o-9"/></ab><lb n="53" xml:id="l-53"/>
<ab rend="indent">Mogt het onder Gods zegen zoo geschieden dat ik hier ieverans<anchor n="b" xml:id="note-o-b"/> voor vast <lb n="54" xml:id="l-54"/>werd geplaatst<c type="kk">/</c> dat zou ik van harte gaarne wenschen.</ab><lb n="55" xml:id="l-55"/>
<ab rend="indent">Overal ziet men hier in het rond de groote schoorsteenen &amp; de ontzettende bergen steenkolen <lb n="56" xml:id="l-56"/>aan den ingang der mijnen, de zoogenaamde charbonnages. Gij kent die <lb n="57" xml:id="l-57"/>groote teekening v<c type="kp">_</c> Bosboom<c type="kk">/</c> Chaudfontaine<c type="kk">/</c><anchor n="10" xml:id="note-o-10"/> die geeft goed het karakter <lb n="58" xml:id="l-58"/>van het land hier weer, alleen hier is alles steenkolen<c type="kk">/</c> in ’t noorden v<c type="kp">_</c> Henegouwen <lb n="59" xml:id="l-59"/>steengroeven en Chaudfontaine meer ijzer<c type="kp">_</c></ab><lb n="60" xml:id="l-60"/>
<ab rend="indent">Zoo dikwijls denk ik nog aan den dag toen Gij te Brussel zijt geweest <lb n="61" xml:id="l-61"/>en aan ons bezoek aan ’t Museum.<anchor n="11" xml:id="note-o-11"/> En dikwijls zou ik wenschen dat Gij <lb n="62" xml:id="l-62"/>wat digter in de buurt waart en wij wat meer konden zamenzijn<c type="kp">_</c> Schrijf <lb n="63" xml:id="l-63"/>maar weer eens spoedig. Telkens weer bezie ik die ets van Un jeune citoyen<c type="kp">_</c><anchor n="12" xml:id="note-o-12"/> <lb n="64" xml:id="l-64"/>De taal van de mijnwerkers is zoo heel gemakkelijk niet te verstaan maar men <lb n="65" xml:id="l-65"/>begrijpt het gewone Fransch goed mits men het maar vlug en grif spreken kan<c type="kk">/</c> <lb n="66" xml:id="l-66"/>dan heeft het vanzelf overeenkomst met hun patois<anchor n="c" xml:id="note-o-c"/> dat verbazend snel wordt <lb n="67" xml:id="l-67"/>gesproken. Op eene bijeenkomst deze week sprak ik over den tekst 
<pb f="1v" n="3" xml:id="pb-orig-1v-3" facs="#zone-pb-1v-3"/><lb n="68" xml:id="l-68"/>Actes XVI:9 “Et Paul eut de nuit une vision d’un homme Macédonien <lb n="69" xml:id="l-69"/>qui se présenta devant lui et le pria disant<c type="kk">/</c> Passe en <lb n="70" xml:id="l-70"/>Macédoine et nous aide”.<anchor n="13" xml:id="note-o-13"/> en daar luisterde men met <lb n="71" xml:id="l-71"/>aandacht naar toen ik beproefde om te beschrijven hoedanig <lb n="72" xml:id="l-72"/>die Macedonier was die behoefte had en verlangen naar <lb n="73" xml:id="l-73"/>den troost van het Evangelie en naar de kennis van den Eenigen Waarachtigen <lb n="74" xml:id="l-74"/>God. Hoe wij ons hem moeten voorstellen als een arbeider met trekken <lb n="75" xml:id="l-75"/>van smart en lijden en vermoeienis op het gelaat zonder gedaante <lb n="76" xml:id="l-76"/>of heerlijkheid maar met eene onsterfelijke ziel die behoefte heeft aan de <lb n="77" xml:id="l-77"/>Spijze die niet vergaat<c type="kk">/</c><anchor n="14" xml:id="note-o-14"/> n.l. het Woord Gods<c type="kk">/</c> omdat de mensch niet leven <lb n="78" xml:id="l-78"/>kan bij brood alleen maar bij alle woord dat door den mond Gods uitgaat.<anchor n="15" xml:id="note-o-15"/></ab><lb n="79" xml:id="l-79"/>
<ab rend="indent">Hoe Jezus X<hi rend="ss">tus</hi> de Meester<anchor n="16" xml:id="note-o-16"/> is die een zoodanig man als die Macedonier, een <lb n="80" xml:id="l-80"/>werkman en arbeider die een moeielijk leven heeft<c type="kk">/</c> kan sterken<c type="kk">/</c> troosten en verlichten<c type="kp">_</c> <lb n="81" xml:id="l-81"/>Omdat Hij zelf is de groote Man van Smarten<anchor n="17" xml:id="note-o-17"/> en die onze krankheden kent<c type="kk">/</c><anchor n="18" xml:id="note-o-18"/> <lb n="82" xml:id="l-82"/>die zelf genaamd werd de Zoon des timmermans<anchor n="19" xml:id="note-o-19"/> hoewel Hij de Zone Gods was en de groote Medicijnmeester der kranke zielen<c type="kp">_</c><anchor n="20" xml:id="note-o-20"/> <lb n="83" xml:id="l-83"/>Die 30 jaren lang arbeidde in eene nederige timmermanswerkplaats om <lb n="84" xml:id="l-84"/>den wil Gods te volbrengen; en God wil dat in navolging van X<hi rend="ss">tus</hi> de <lb n="85" xml:id="l-85"/>mensch nederig zal leven en wandelen op aarde<c type="kk">/</c> niet trachtende naar <lb n="86" xml:id="l-86"/>hooge dingen maar zich voegende naar de nederige<c type="kk">/</c><anchor n="21" xml:id="note-o-21"/> door het Evangelie <lb n="87" xml:id="l-87"/>leerende zachtmoedig te zijn &amp; nederig van hart.<anchor n="22" xml:id="note-o-22"/></ab><lb n="88" xml:id="l-88"/>
<ab rend="indent">Reeds had ik gelegenheid om eenige zieken te bezoeken omdat hier <lb n="89" xml:id="l-89"/>veel kranken zijn. Schreef heden aan de President van het comité d’Evangelisation<anchor n="23" xml:id="note-o-23"/> <lb n="90" xml:id="l-90"/>om hem te vragen dat mijn zaak op de eerstkomende vergadering van het comité <lb n="91" xml:id="l-91"/>zou mogen behandeld worden.</ab><lb n="92" xml:id="l-92"/>
<ab rend="indent">Het heeft van nacht gedooid<c type="kk">/</c> ik kan U niet zeggen hoe schilderachtig <lb n="93" xml:id="l-93"/>het heuvelachtige land nu is met het dooiweer, nu de sneeuw aan het <lb n="94" xml:id="l-94"/>smelten is en de zwarte akkers met het groen van het winterkoren weer <lb n="95" xml:id="l-95"/>zigtbaar worden. Voor een vreemdeling zijn de dorpen hier waarlijk <lb n="96" xml:id="l-96"/>een doolhof met de ontelbare naauwe straten en steegen van <lb n="97" xml:id="l-97"/>kleine arbeiderswoningen, zoowel beneden aan den voet als tegen de <lb n="98" xml:id="l-98"/>helling en op den top van de heuvels. Het is nog het best te vergelijken bij <lb n="99" xml:id="l-99"/>een dorp als Scheveningen<c type="kk">/</c> vooral de achterbuurten<c type="kk">/</c> of bij die dorpen <lb n="100" xml:id="l-100"/>in Bretagne die wij uit de Schilderijen kennen. Trouwens gij zijt zelf hier <lb n="101" xml:id="l-101"/>door deze streek heen gespoord op Uwe reis naar en van Parijs, en zult het <lb n="102" xml:id="l-102"/>U mogelijk eenigermate herinneren. De Kerkjes der Protestanten zijn <lb n="103" xml:id="l-103"/>klein<c type="kk">/</c> gelijken op die te Hoeve<anchor n="24" xml:id="note-o-24"/> maar iets grooter<c type="kk">/</c> maar waar ik gesproken heb <lb n="104" xml:id="l-104"/>dat is maar een eenvoudig groot vertrek dat een 100tal personen desnoods <lb n="105" xml:id="l-105"/>kan bevatten. Ook woonde ik eene godsdienstoefening bij in een stal of schuur <lb n="106" xml:id="l-106"/>dus is het eenvoudig en oorspronkelijk genoeg.</ab><lb n="107" xml:id="l-107"/>
<ab rend="indent">Schrijf eens spoedig als gij tijd hebt en weet dat Gij telkens weer<c type="kk">/</c> ja voortdurend <lb n="108" xml:id="l-108"/>in mijne gedachten zijt<c type="kp">_</c> U nogmaals toewenschende dat Gods besten zegen <lb n="109" xml:id="l-109"/>in het nieuwe jaar Uw deel moge zijn en U in gedachten de hand drukkende<c type="kk">/</c> <lb n="110" xml:id="l-110"/>geloof mij steeds</ab>
<vg:whiteline/><lb n="110*" xml:id="l-110s"/>
<ab>Uw zoo liefh<c type="kp">_</c> broer</ab><lb n="111" xml:id="l-111"/>
<ab>Vincent</ab>
<vg:whiteline/><lb n="112" xml:id="l-112"/>
<ab>Groet allen bij Roos en wensch hun <lb n="113" xml:id="l-113"/>allen veel heil en zegen in ’t nieuwe jaar als ook <lb n="114" xml:id="l-114"/>aan een iegelijk die mogelijk naar mij mogt vragen.</ab>
<vg:whiteline/><lb n="37" xml:id="l-37"/>
<ab>Als gij schrijft adresseer s.v.p. uw brief adres M. van der Haegen<c type="kk">/</c> Colporteur à <hi rend="ital">Pâturages</hi> près de Mons <lb n="38" xml:id="l-38"/>(Borinage Haînaut)<c type="kp">_</c><anchor n="25" xml:id="note-o-25"/></ab><lb n="39" xml:id="l-39"/>
<ab rend="indent">Zooeven bezocht ik een oud moedertje in een kolenbrandersgezin<c type="kp">_</c> Zij is bitter krank maar geloovig en geduldig<c type="kp">_</c> Ik las een hoofdstuk met haar en bad met hen allen<c type="kp">_</c> <lb n="40" xml:id="l-40"/>Het volk hier heeft wel iets eigenaardigs en aantrekkelijks vanwege zijne eenvoudigheid en goedhartigheid gelijkerwijs ook het Brabantsche volk te Zundert &amp; Etten.</ab>
<vg:whiteline/>
<div type="textualNotes">
<note target="l-68" n="68">“Et &lt; Et</note>
<note target="l-70" n="70">aide”. &lt; aide.</note></div></div>
<div type="translation">
<pb f="1r" n="1" xml:id="pb-trans-1r-1" facs="#zone-pb-1r-1"/>
<ab>Petit-Wasmes, 26 Dec. 1878</ab>
<ab>Borinage Hainaut<anchor n="1" xml:id="note-t-1"/></ab>
<vg:whiteline/>
<ab>My dear Theo,</ab>
<ab>It’s time I write to you again, first of all to wish you happiness at the beginning of a new year. May much good be your share, and God’s blessing be on your work in this year that we’re beginning.</ab>
<ab rend="indent">I’m eagerly longing for a letter from you, to hear again how things are going and how you are,<anchor n="2" xml:id="note-t-2"/> also perhaps to hear if you have recently seen anything beautiful or remarkable.</ab>
<ab rend="indent">As far as I’m concerned, you surely understand that there are no paintings here in the Borinage, that in general they haven’t the slightest idea of what a painting is, so it goes without saying that I’ve seen absolutely nothing in the way of art since my departure from Brussels. But this doesn’t mean that this isn’t a very special and very picturesque country, everything speaks, as it were, and is full of character. There was snow these last few days, the dark days before Christmas. Then everything was reminiscent of the medieval paintings by <rs type="pers" key="909">Peasant Bruegel</rs>, among others, and by so many others who were so good at expressing the singular effect of red and green, black and white. Time and again, what one sees here reminds one of the work of <rs type="pers" key="1202">Thijs Maris</rs> or <rs type="pers" key="990">Albrecht Dürer</rs>, for example.</ab>
<ab rend="indent">There are sunken roads here, overgrown with thorn-bushes and with old, twisted trees with their gnarled roots, which look exactly like that road in the etching by <rs type="pers" key="990">Dürer</rs>, The knight and Death.<anchor n="3" xml:id="note-t-3"/></ab>
<ab rend="indent">These last few days, for instance, it was an extraordinary sight, with the white snow in the evening around the twilight hour, seeing the workers returning home from the mines. These people are completely black when they come out of the dark mines into the daylight again, they look just like chimney-sweeps. Their houses are usually small and could better be called huts, scattered along the sunken roads and in the wood and against the slopes of the hills. One sees moss-covered roofs here and there, and the light shines kindly in the evening through the small-paned windows.
<pb f="1v" n="2" xml:id="pb-trans-1v-2" facs="#zone-pb-1v-2"/></ab>
<ab rend="indent">Just as in Brabant we have the copse and the oak wood, and in Holland the pollard willows, so here one sees those black thorn-bushes around the gardens, fields and land. The recent snow gave it the effect of letters written on white paper, like the pages of the gospel.</ab>
<ab rend="indent">I’ve already spoken here at various times, both in a fairly large room, specially furnished for religious meetings,<anchor n="4" xml:id="note-t-4"/> and in the gatherings that are customarily held in the workers’ houses in the evenings, which one can best call Bible-reading. Spoke, among other things, on: the parable of the mustard seed,<anchor n="5" xml:id="note-t-5"/> the barren fig tree,<anchor n="6" xml:id="note-t-6"/> the man who was blind from his birth.<anchor n="7" xml:id="note-t-7"/> On Christmas, of course, on the stable of Bethlehem,<anchor n="8" xml:id="note-t-8"/> and Peace on earth.<anchor n="9" xml:id="note-t-9"/></ab>
<ab rend="indent">May it come to pass with God’s blessing that I be placed here permanently somewhere; I should sincerely wish it.</ab>
<ab rend="indent">Everywhere around here one sees the big chimneys and the huge mountains of coal at the entrance to the mines, the so-called coal-pits. You know that large drawing by <rs type="pers" key="884">Bosboom</rs>, Chaudfontaine,<anchor n="10" xml:id="note-t-10"/> it conveys the character of the land here well, only here everything is coal, in the north of Hainaut stone-quarries, and Chaudfontaine more iron ore.</ab>
<ab rend="indent">I still think so often of that day when you were in Brussels and of our visit to the Museum.<anchor n="11" xml:id="note-t-11"/> And I often wish that you were a bit closer and we could be together more often. Do write again soon. Again and again I look at that etching of A young citizen.<anchor n="12" xml:id="note-t-12"/> The mine-workers’ language is not all that easy to understand, but they understand normal French well if one can speak it rapidly and fluently, then it naturally resembles their dialect, which is spoken amazingly fast. At a gathering this week I spoke on the text 
<pb f="1v" n="3" xml:id="pb-trans-1v-3" facs="#zone-pb-1v-3"/> Acts XVI:9 ‘And a vision appeared to Paul in the night; There stood a man of Macedonia, and prayed him, saying, Come over into Macedonia, and help us.’<anchor n="13" xml:id="note-t-13"/> And they listened attentively when I tried to describe what that Macedonian was like who needed and longed for the comfort of the gospel and the knowledge of the Only True God. How we should imagine him as a worker with signs of sorrow and suffering and fatigue on his face, without form or glory but with an immortal soul that has need of the meat which endureth unto everlasting life,<anchor n="14" xml:id="note-t-14"/> namely the Word of God, for man cannot live by bread alone, but by every word that proceedeth out of the mouth of God.<anchor n="15" xml:id="note-t-15"/></ab>
<ab rend="indent">How Jesus Christ is the Master<anchor n="16" xml:id="note-t-16"/> who can strengthen, comfort and enlighten a man like the Macedonian, a workman and labourer who has a hard life. Because He himself is the great Man of Sorrows,<anchor n="17" xml:id="note-t-17"/> who knows our diseases,<anchor n="18" xml:id="note-t-18"/> who himself is called the carpenter’s son,<anchor n="19" xml:id="note-t-19"/> even though He was the Son of God and the great physician of sick souls.<anchor n="20" xml:id="note-t-20"/> Who worked for 30 years in a humble carpenter’s workshop to carry out God’s will; and God wants man to live and walk humbly upon the earth, in imitation of Christ, minding not high things, but condescending to men of low estate,<anchor n="21" xml:id="note-t-21"/> learning from the gospel to be meek and lowly in heart.<anchor n="22" xml:id="note-t-22"/></ab>
<ab rend="indent">I’ve already had the opportunity to visit a few sick people, for many people here are ill. Wrote today to the president of the Comité d’Evangelisation<anchor n="23" xml:id="note-t-23"/> to request that my case be brought before the next meeting of the committee.</ab>
<ab rend="indent">It thawed last night, I cannot tell you how picturesque the hilly countryside looks in the thaw, now that the snow is melting and the black fields with the green of the winter wheat are again becoming visible. For foreigners the villages here are truly a maze, with countless narrow streets and alleyways with the small houses of the workers, at the foot of the hills as well as on their slopes and at the top. It can best be compared to a village like Scheveningen, especially the poor quarters, or to those villages in Brittany that we know from paintings. For that matter, you rode through this region yourself on the railway journey to and from Paris, and maybe remember it a little. The Protestant churches are small, similar to the one in Hoeven,<anchor n="24" xml:id="note-t-24"/> but slightly larger, but where I spoke was only a simple, large room that can hold a hundred people if necessary. I also attended a service in a stable or barn, so it’s quite simple and novel.</ab>
<ab rend="indent">Write soon when you have the time, and remember that you are repeatedly, even constantly, in my thoughts. Wishing again that God’s best blessings may be your share in the new year, and shaking your hand in thought, believe me ever</ab>
<vg:whiteline/>
<ab>Your most loving brother</ab>
<ab>Vincent</ab>
<vg:whiteline/>
<ab>Give my regards to everyone at <rs type="pers" key="642 643">the Rooses</rs>’ and wish them all, and anyone who should happen to ask after me, a happy New Year.</ab><vg:whiteline/><ab> If you write, please address your letter care of <rs type="pers" key="801">M. Vanderhaegen</rs>, Colporteur à <hi rend="ital">Pâturages</hi> près de Mons (Borinage Haînaut).<anchor n="25" xml:id="note-t-25"/> </ab>
<ab rend="indent">I just visited an old mother in a charcoal-burner’s family. She’s seriously ill, but pious and patient. I read a chapter to her and prayed with all of them. The people here have something special and appealing because of their simplicity and kind-heartedness, just like the Brabanters in Zundert and Etten.</ab></div>
<div type="notes">
<note n="1" xml:id="n-1" target="#note-t-1">
<ab>Since a longer stay at the Flemish training college at Brussels had become impossible (<ref target="let148.xml">see letter 148</ref>), Van Gogh left for the Borinage to seek a position as an evangelist. Around the beginning of December 1878 he went to live in Petit-Wasmes, a village in the south of Belgium. <rs type="pers" key="526">Mr van Gogh</rs> had meanwhile written to Theo about this on 15 December: ‘A week ago we received a rather good letter from Vincent. Good inasmuch as he has found good lodgings with a Protestant farming family at Pâturages. For 30 francs a month – so little because he instructs their children in the evenings. He has been received there with kindness by many people, and associating with those people appears to fulfil his expectations. Moreover, the <rs type="pers" key="176">Rev. Péron</rs> at Dour has promised his assistance. In mid-January there will be another meeting of the Committee, of which the Rev. Péron is secretary, and he will try to further Vincent’s interests. Meanwhile he spends his free time drawing large maps of Palestine which could be of use to schools and confirmation classes – and which he hopes to dispose of for money. I received one from him and ordered 4 more copies, for which I will give him 10 francs each.</ab>
<ab rend="indent">So now we are relieved inasmuch as he has good accommodation for the present – and otherwise we’ll wait and see. Especially now that it’s so wintry, we’re glad that he has initially ended up there, and in that colliery country there will certainly be no lack of opportunity to warm oneself. Accordingly, he writes that in his room, too, he has a fire in the grate, and clothing, and simple but healthy fare’ (FR b2448). The above-mentioned ‘Rev. Péron’ is Pierre Péron, who worked for the Eglise protestante unie de Belgique from 1869 to 1882.</ab>
  <ab rend="indent">A new situation for Vincent had thus been arranged fairly quickly. On 5 December, Mr van Gogh had sent a frank letter of recommendation to Péron at Dour, in which he said that Vincent had refused to take money from him, not wanting him to bear the expense. (<ref target="documentation.xml#5December1878">See <hi rend="ital">Documentation</hi>, 5 December 1878</ref>).  Evidently two more letters followed, addressed to <rs type="pers" key="460">Nicolaas de Jonge</rs> and <rs type="pers" key="605">Abraham van der Waeyen Pieterszen</rs>, because on 8 January 1879 Mr van Gogh confided to Theo: ‘I wrote again in his behalf to Brussels and Mechelen’ (FR b2455).</ab></note>
<note n="2" xml:id="n-2" target="#note-t-2">
<ab>On the last day of the year <rs type="pers" key="526">Mr van Gogh</rs> wrote to Theo, making sure he had Vincent’s exact address and asking him to write soon to Vincent in Belgium (FR b2452).</ab></note>
<note n="a" xml:id="n-a" target="#note-o-a">
<ab>Absolutely nothing, none whatsoever. Van Gogh uses this adverb ‘ganschelijk’ here for the first time (probably under the influence of Flemish).</ab></note>
<note n="3" xml:id="n-3" target="#note-t-3">
<ab>The description suggests that Van Gogh has <rs type="pers" key="990">Dürer</rs>’s <rs type="ill" key="1882"><hi rend="ital">Ritter, Tod und Teufel</hi></rs> (Knight, Death and the Devil) in mind, of which he stressed the same aspect in <ref target="let148.xml">letter 148</ref>.</ab></note>
<note n="4" xml:id="n-4" target="#note-t-4">
<ab>This room, known in popular parlance as the ‘Salon du Bébé’ and ‘Le temple du Bébé’, was located at what is now rue du Bois 257-259 in Petit-Wasmes. See Eeckaut 1990, p. 173 and ‘Annexes’, pp. 23, 47.</ab></note>
<note n="5" xml:id="n-5" target="#note-t-5">
<ab>
  <bibleref xmlns="http://www.vangoghletters.org/ns/" book="Matt" chap="13" vr="31-35">Matt. 13:31-35</bibleref>, <bibleref xmlns="http://www.vangoghletters.org/ns/" book="Mark" chap="4" vr="31-32">Mark 4:31-32</bibleref> and <bibleref xmlns="http://www.vangoghletters.org/ns/" book="Luke" chap="13" vr="18-19">Luke 13:18-19</bibleref>.</ab></note>
<note n="6" xml:id="n-6" target="#note-t-6">
<ab>
  <bibleref xmlns="http://www.vangoghletters.org/ns/" book="Matt" chap="21" vr="19-22">Matt. 21:19-22</bibleref>, <bibleref xmlns="http://www.vangoghletters.org/ns/" book="Mark" chap="11" vr="12-26">Mark 11:12-26</bibleref> and <bibleref xmlns="http://www.vangoghletters.org/ns/" book="Luke" chap="13" vr="6-9">Luke 13:6-9</bibleref>. </ab></note>
<note n="7" xml:id="n-7" target="#note-t-7">
<ab><vg:bibleref book="John" chap="9">John 9</vg:bibleref>.</ab></note>
<note n="8" xml:id="n-8" target="#note-t-8">
<ab><vg:bibleref book="Matt" chap="2">Matt. 2</vg:bibleref> and <vg:bibleref book="Luke" chap="2">Luke 2</vg:bibleref>.</ab></note>
<note n="9" xml:id="n-9" target="#note-t-9">
<ab>
  <bibleref xmlns="http://www.vangoghletters.org/ns/" book="Luke" chap="2" v="4">Luke 2:4</bibleref>.</ab></note>
<note n="b" xml:id="n-b" target="#note-o-b">
<ab>Variant of ‘iewers’, which means ‘somewhere’. Otherwise used only in <ref target="let152.xml">letter 152</ref>.</ab></note>
<note n="10" xml:id="n-10" target="#note-t-10">
<ab><rs type="pers" key="884">Johannes Bosboom</rs>, <hi rend="ital">Lime-kiln by the quarry of Chaudfontaine</hi> (private collection) <rs type="ill" key="607">Ill. 607</rs>. The watercolour, whose measurements – 32 x 52 cm – entitle it to be called ‘large’, was in the possession of <rs type="pers" key="422">C.M. van Gogh</rs>; Vincent and Theo doubtless saw the drawing at his house.</ab></note>
<note n="11" xml:id="n-11" target="#note-t-11">
<ab>
  <ref target="let148.xml">See letter 148</ref> with regard to the brothers’ visit to the Brussels museum. </ab></note>
<note n="12" xml:id="n-12" target="#note-t-12">
<ab>Although Van Gogh calls it an etching, he must be referring to the wood engraving of <rs type="pers" key="1050">Goupil</rs>’s <rs type="ill" key="887"><hi rend="ital">A young citizen of the year <hi rend="sc">v</hi></hi></rs>; see <ref target="let145.xml#n-14">letter 145, n. 14.</ref></ab></note>
<note n="c" xml:id="n-c" target="#note-o-c">
<ab>The ‘patois’ means the dialect of the region.</ab></note>
<note n="13" xml:id="n-13" target="#note-t-13">
<ab>The text conforms to the translation in David Martin, <rs type="lit" key="191"><hi rend="ital">La Sainte Bible</hi></rs>. Brussels 1860.</ab></note>
  <note n="14" xml:id="n-14" target="#note-t-14">
<ab>
  <bibleref xmlns="http://www.vangoghletters.org/ns/" book="John" chap="6" v="27">John 6:27</bibleref>.</ab></note>
<note n="15" xml:id="n-15" target="#note-t-15">
<ab>
  <bibleref xmlns="http://www.vangoghletters.org/ns/" book="Deut" chap="8" v="3">Deut. 8:3</bibleref> and <bibleref xmlns="http://www.vangoghletters.org/ns/" book="Matt" chap="4" v="4">Matt. 4:4</bibleref>.</ab></note>
<note n="16" xml:id="n-16" target="#note-t-16">
<ab>
  <bibleref xmlns="http://www.vangoghletters.org/ns/" book="Matt" chap="23" v="8">Matt. 23:8</bibleref> and <bibleref xmlns="http://www.vangoghletters.org/ns/" book="Matt" chap="23" v="10">Matt. 23:10</bibleref>. ‘Xtus’ is the abbreviation of the name Christ, beginning with the first letter of the Greek word for Christ ( ).</ab></note>
<note n="17" xml:id="n-17" target="#note-t-17">
<ab>Cf. <bibleref xmlns="http://www.vangoghletters.org/ns/" book="Isa" chap="53" v="3">Isa. 53:3</bibleref>.</ab></note>
<note n="18" xml:id="n-18" target="#note-t-18">
<ab>Cf. <bibleref xmlns="http://www.vangoghletters.org/ns/" book="Ps" chap="103" v="3">Ps. 103:3</bibleref>.</ab></note>
<note n="19" xml:id="n-19" target="#note-t-19">
<ab>
  <bibleref xmlns="http://www.vangoghletters.org/ns/" book="Matt" chap="13" v="55">Matt. 13:55</bibleref>.</ab></note>
<note n="20" xml:id="n-20" target="#note-t-20">
<ab>
  <bibleref xmlns="http://www.vangoghletters.org/ns/" book="Luke" chap="4" v="23">Luke 4:23</bibleref> and <bibleref xmlns="http://www.vangoghletters.org/ns/" book="Ezek" chap="34" v="16">Ezek. 34:16</bibleref>.</ab></note>
<note n="21" xml:id="n-21" target="#note-t-21">
<ab>
  <bibleref xmlns="http://www.vangoghletters.org/ns/" book="Rom" chap="12" v="16">Rom. 12:16</bibleref>.</ab></note>
<note n="22" xml:id="n-22" target="#note-t-22">
<ab>
  <bibleref xmlns="http://www.vangoghletters.org/ns/" book="Matt" chap="11" v="29">Matt. 11:29</bibleref>.</ab></note>
<note n="23" xml:id="n-23" target="#note-t-23">
<ab>The president of the Belgische Evangelisatie-Comité van de Bond van Kerken (Belgian Evangelization Committee of the Association of Churches) was <rs type="pers" key="187">Emile Rochedieu</rs>. This letter is no longer to be found in the archives of the Eglise protestante unie de Belgique.</ab>
<ab rend="indent">On 1 February 1879, the Committee appointed Vincent to a position for a period of six months, as evidenced by the document ‘Signatures des Agentes nouveaux depuis 1870’. <rs type="ill" key="1913">Ill. 1913</rs>. From the minutes of the meeting of 14 January 1879, it emerges that <rs type="pers" key="605">Abraham van der Waeyen Pieterszen</rs> had reported that he ‘introduces the subject of <rs type="pers" key="526">Mr van Gogh</rs>, who would like to be employed in the Borinage’ (fait connaître M. Van Gogh, qui voudrait être occupé dans le Borinage) [p. 173]. The minutes go on to say: ‘The Chairman introduces the application for employment from Mr van Gogh, son of a minister from Holland, who has come to the Borinage with the aim of working there. From what Mr Pieterszen and <rs type="pers" key="176">Mr Péron</rs> say, it emerges that this devout young man, completely devoted to work, would make a good Bible reader and would do useful work in that capacity, in Wasmes and Warpignies. Mr Péron suggests employing him in this way, at the modest salary of 600 francs. There will be a trial period of 6 months’ (M. le Président fait connaître la demande d’emploi de Mr van Gogh, fils d’un pasteur de Hollande et venu dans le Borinage dans le but d’y travailler. Il résulte de ce que disent M.M. Pieterszen et Péron que ce jeune homme pieux, dévoué dur au travail, ferait un bon lecteur de la Bible et travaillerait utilement à ce titre, à Wasmes et à Warpignies. M. Péron propose de l’employer ainsi avec le sobre traitement de 600 francs. On fera un essai de 6 mois’) (Brussels, Eglise protestante unie de Belgique, Bureau du Synode).</ab>
<ab rend="indent">The minutes of 15 April 1879 report the situation to date: ‘Attention is drawn to Mr Vincent and his work. The details, both regrettable and encouraging, that have been given persuade the committee to authorise the Hainaut sub-committee to extend Mr Vincent van Gogh’s trial period for three [months], if it sees fit .’ (L’attention est attirée sur M. Vincent et sur son oeuvre. Les détails à la fois regrettables et encourageants qui sont donnés déterminent le comité à autoriser le sous-comité du Hainaut à prolonger l’essai de M. Vincent van Gogh pendant trois [mois], s’il le juge bon’) [p. 177]. (Brussels, Archives of the Eglise protestante unie de Belgique). Cf. also Lutjeharms 1978, p. 105.</ab></note>
<note n="24" xml:id="n-24" target="#note-t-24">
<ab><rs type="pers" key="526">Mr van Gogh</rs> was also responsible for the Protestant community in the nearby hamlet of  Hoeven.</ab></note>
<note n="25" xml:id="n-25" target="#note-t-25">
<ab>Van Gogh was ‘warmly received the first week’ by the evangelist-colporteur <rs type="pers" key="801">Benjamin Vanderhaegen</rs>, who found him lodgings in the house of <rs type="pers" key="346">Jean Baptiste Denis</rs> (<ref target="let150.xml">see letter 150</ref>). According to archival records, he lived at rue de la place St Pierre 12 in Pâturages; <rs type="pers" key="526">Mr van Gogh</rs>, who corresponded with Vanderhaegen, gave Theo the address as rue de l’église 39. Cf. FR b2452, 31 December 1878 and FR b2463, 27 February 1879 (quotation).</ab></note></div></body></text></TEI>
