<?xml version="1.0" encoding="UTF-8"?>
<!-- Last Changed Date: 2018-07-18 12:32:41 +0200 (Wed, 18 Jul 2018) | SVN Revision: 2206 -->
<!--Licensed under Attribution-NonCommercial-ShareAlike 4.0 International (CC BY-NC-SA 4.0)-->
<?xml-model href="https://xmlschema.huygens.knaw.nl/vgodd.rng" type="application/xml" schematypens="http://relaxng.org/ns/structure/1.0"?>
<TEI xmlns:vg="http://www.vangoghletters.org/ns/" xmlns="http://www.tei-c.org/ns/1.0">
<teiHeader xmlns:xsi="http://www.w3.org/2001/XMLSchema-instance"><fileDesc>
<titleStmt>
<title>To Theo van Gogh. Cuesmes, Friday, 24 September 1880.</title>
<editor>Leo Jansen</editor>
<editor>Hans Luijten</editor>
<editor>Nienke Bakker</editor></titleStmt>
<publicationStmt>
<publisher><name>Huygens Instituut voor Nederlandse Geschiedenis (KNAW)</name><email>info@huygens.knaw.nl</email></publisher>
<publisher>Van Gogh Museum</publisher>
<pubPlace>Amsterdam</pubPlace>
<date type="first" when="2009">2009</date>
<availability status="restricted">
<licence target="http://creativecommons.org/licenses/by-nc-sa/4.0/ https://creativecommons.org/licenses/by-nc-sa/4.0/legalcode">
<p>Attribution-NonCommercial-ShareAlike 4.0 International (CC BY-NC-SA 4.0) </p></licence></availability>
<ptr target="http://vangoghletters.org/orig/let158"/></publicationStmt><sourceDesc><vg:letDesc><vg:letIdentifier>
<idno type="jlb">158</idno>
<idno type="collectedletters">136</idno>
<idno type="brieven1990">157</idno></vg:letIdentifier><vg:letHeading><author>Vincent van Gogh</author><vg:addressee>Theo van Gogh</vg:addressee><vg:placeLet>Cuesmes</vg:placeLet><vg:dateLet>Friday, 24 September 1880</vg:dateLet></vg:letHeading><vg:letContents>
<p>To Theo van Gogh. Cuesmes, Friday, 24 September 1880.</p>
<note type="ongoingTopic" n="1">
<p>Van Gogh is drawing from Bargue’s <hi rend="ital">Cours de dessin</hi> <ref target="let157.xml">(157)</ref></p></note>
<note type="ongoingTopic" n="2">
<p>Van Gogh has got hold of two issues of <hi rend="ital">Musée Universel</hi> <ref target="let157.xml">(157)</ref></p></note></vg:letContents>
<note type="sourceStatus" xml:id="sourceStatus">
<p>Original manuscript</p></note>
<note type="location" xml:id="location">
<p>Amsterdam, Van Gogh Museum, inv. no. b156 V/1962</p></note>
<note type="date" xml:id="date">
<p>Letter headed: ‘Cuesmes le 24 sept. 1880’.</p></note></vg:letDesc></sourceDesc></fileDesc></teiHeader>
<facsimile xmlns:xsi="http://www.w3.org/2001/XMLSchema-instance">
<surface n="b 0156" xml:id="surf-pb-1r"><graphic mimeType="image/tiff" url="VGM001000166_01.TIF" rend="norend"/><graphic mimeType="image/tiff" url="VGM001000166_01_n.tif" rend="norend"/><graphic mimeType="image/jpeg" url="VGM001000166_01_nt.jpg" height="50px" rend="thumbnail"/><zone xml:id="zone-pb-1r-1">
<graphic mimeType="image/tiff" url="VGM001000166_01_nR.tif" rend="norend"/><graphic mimeType="image/jpeg" url="VGM001000166_01_nRt.jpg" height="50px" rend="thumbnail"/><graphic mimeType="image/png" url="VGM001000166_01_nRf.png" width="380px" rend="facstab"/></zone>
<zone xml:id="zone-pb-1r-4">
<graphic mimeType="image/tiff" url="VGM001000166_01_nL.tif" rend="norend"/><graphic mimeType="image/jpeg" url="VGM001000166_01_nLt.jpg" height="50px" rend="thumbnail"/><graphic mimeType="image/png" url="VGM001000166_01_nLf.png" width="380px" rend="facstab"/></zone>
</surface>
<surface n="b 0156" xml:id="surf-pb-1v"><graphic mimeType="image/tiff" url="VGM001000166_02.TIF" rend="norend"/><graphic mimeType="image/tiff" url="VGM001000166_02_n.tif" rend="norend"/><graphic mimeType="image/jpeg" url="VGM001000166_02_nt.jpg" height="50px" rend="thumbnail"/><zone xml:id="zone-pb-1v-2">
<graphic mimeType="image/tiff" url="VGM001000166_02_nL.tif" rend="norend"/><graphic mimeType="image/jpeg" url="VGM001000166_02_nLt.jpg" height="50px" rend="thumbnail"/><graphic mimeType="image/png" url="VGM001000166_02_nLf.png" width="380px" rend="facstab"/></zone>
<zone xml:id="zone-pb-1v-3">
<graphic mimeType="image/tiff" url="VGM001000166_02_nR.tif" rend="norend"/><graphic mimeType="image/jpeg" url="VGM001000166_02_nRt.jpg" height="50px" rend="thumbnail"/><graphic mimeType="image/png" url="VGM001000166_02_nRf.png" width="380px" rend="facstab"/></zone>
</surface></facsimile><text xmlns:xsi="http://www.w3.org/2001/XMLSchema-instance"><body>
<div type="original">
<pb f="1r" n="1" xml:id="pb-orig-1r-1" facs="#zone-pb-1r-1"/><lb n="1" xml:id="l-1"/>
<ab>Cuesmes le 24 sept. 1880</ab>
<vg:whiteline/><lb n="2" xml:id="l-2"/>
<ab>Cher Theo,</ab><lb n="3" xml:id="l-3"/>
<ab>Ta lettre m’a fait du bien, je te remercie de m’avoir écrit ainsi.</ab><lb n="4" xml:id="l-4"/>
<ab rend="indent">Justement vient d’arriver le rouleau contenant une nouvelle collection d’eauxfortes <lb n="5" xml:id="l-5"/>&amp; de f<hi rend="ss">lles</hi> diverses<c type="kp">_</c> Principalement la magistrale eauforte <hi rend="ital">Le Buisson</hi> <lb n="6" xml:id="l-6"/>de Daubigny/Ruysdael.<anchor n="1" xml:id="note-o-1"/> C’est ça. Je me propose de faire deux dessins<c type="kk">/</c> soit à la <lb n="7" xml:id="l-7"/>sepia<c type="kk">/</c> soit à autre chose<c type="kk">/</c> l’une d’après cette eauforte – l’autre d’après le <lb n="8" xml:id="l-8"/>Four dans les Landes de Th. Rousseau.<anchor n="2" xml:id="note-o-2"/> Cette derniere sepia est déja faite – il est <lb n="9" xml:id="l-9"/>vrai – mais la comparant à l’eauforte de Daubigny tu comprendras <lb n="10" xml:id="l-10"/>que cela devient faible<c type="kk">/</c> quand bien même ce sépia considéré en soi <lb n="11" xml:id="l-11"/>puisse avoir déjà quelque ton &amp; sentiment. Il faut y revenir &amp; le reprendre.</ab><lb n="12" xml:id="l-12"/>
<ab rend="indent">Je travaille toujours au Cours de dessin Bargue &amp; me propose de le finir <lb n="13" xml:id="l-13"/>avant d’entreprendre autre chose car de jour en jour cela me degourdit <lb n="14" xml:id="l-14"/>&amp; fortifie tant la main que l’esprit &amp; je ne saurais assez me sentir <lb n="15" xml:id="l-15"/>obligé à M<c type="kp">_</c> Tersteeg de me les avoir si genereusement prêtées<c type="kp">_</c> Ces modèles <lb n="16" xml:id="l-16"/>sont excellentes. Entretemps je m’occupe de la lecture d’un livre sur <lb n="17" xml:id="l-17"/>l’anatomie &amp; d’un autre sur la perspective que M<c type="kp">_</c> Tersteeg aussi m’a envoyé<c type="kp">_</c><anchor n="3" xml:id="note-o-3"/> <lb n="18" xml:id="l-18"/>Cette étude est epineuse &amp; parfois ces livres sont on ne peut plus agaçants <lb n="19" xml:id="l-19"/>mais je crois pourtant bien faire de les étudier.</ab><lb n="20" xml:id="l-20"/>
<ab rend="indent">Tu vois donc que je suis acharné au travail mais pour le moment cela ne <lb n="21" xml:id="l-21"/>donne pas de résultat fort réjouissant. Mais j’ai espérance que ces <lb n="22" xml:id="l-22"/>épines porteront fleur blanche à leur heure &amp; que cette lutte en apparence <lb n="23" xml:id="l-23"/>stérile n’est autre chose qu’un travail d’enfantement. La douleur <lb n="24" xml:id="l-24"/>d’abord puis la joie après.</ab><lb n="25" xml:id="l-25"/>
<ab rend="indent">Tu me parles de Lessore. Je crois me rappeler des aquarelles de paysage très élégantes<c type="kk">/</c><anchor n="4" xml:id="note-o-4"/> <lb n="26" xml:id="l-26"/>d’un ton blond<c type="kk">/</c> d’une facture en apparence facile &amp; légère cependant <lb n="27" xml:id="l-27"/>juste &amp; distinguée<c type="kk">/</c> d’un effet (soit dit sans mauvaise intention<c type="kk">/</c> au contraire dans <lb n="28" xml:id="l-28"/>une bonne) quelque peu décoratif<c type="kk">/</c> qui seraient de lui<c type="kp">_</c> Donc je connaitrais <lb n="29" xml:id="l-29"/>un peu son travail &amp; tu me parlerais de quelqu’un qui ne m’est pas tout <lb n="30" xml:id="l-30"/>effet<anchor n="a" xml:id="note-o-a"/> étranger. J’aime le portrait de <hi rend="ital">Victor Hugo</hi><c type="kp">_</c> C’est très consciencieusement <lb n="31" xml:id="l-31"/>fait avec l’intention évidente de rendre témoignage à la vérité <lb n="32" xml:id="l-32"/>sans recherche d’effet. Par cela même<c type="kk">/</c> cela en a pourtant de l’effet.</ab><lb n="33" xml:id="l-33"/>
<ab rend="indent">J’ai un peu étudié certains ouvrages d’Hugo cet hiver dernier<c type="kp">_</c> Soit le dernier <lb n="34" xml:id="l-34"/>jour d’un condamné<anchor n="5" xml:id="note-o-5"/> &amp; un très beau livre sur Shakespeare.<anchor n="6" xml:id="note-o-6"/> J’ai entrepris <lb n="35" xml:id="l-35"/>l’étude de cet écrivain deja depuis longtemps. Cela est aussi beau que <lb n="36" xml:id="l-36"/>Rembrandt<c type="kp">_</c> Shakespeare est à Charles Dickens ou à V. Hugo ce que Ruysdael est à <lb n="37" xml:id="l-37"/>Daubigny, &amp; Rembrandt à Millet.</ab><lb n="38" xml:id="l-38"/>
<ab rend="indent">Ce que tu dis dans ta lettre au sujet de Barbizon<anchor n="7" xml:id="note-o-7"/> est très vrai &amp; je te dirai chose <lb n="39" xml:id="l-39"/>&amp; autre qui te demontrera que c’est aussi là ma manière à voir à moi. <lb n="40" xml:id="l-40"/>Je n’ai pas vu Barbizon<c type="kk">/</c> mais quand bien même je n’aie pas vu cela<c type="kk">/</c> <lb n="41" xml:id="l-41"/>l’hiver dernier j’ai vu Courrières. J’avais entrepris un voyage à pied <lb n="42" xml:id="l-42"/>principalement dans le Pas de Calais, non pas la Manche mais le département. <lb n="43" xml:id="l-43"/>ou province.<anchor n="8" xml:id="note-o-8"/> Je l’avais entrepris ce voyage-là<c type="kk">/</c> espérant y trouver peut-être du <lb n="44" xml:id="l-44"/>travail (quelconque<c type="kk">/</c> si possible<c type="kk">/</c> j’aurais tout accepté) mais après tout un peu involontairement<c type="kk">/</c> je ne saurais au juste définir <lb n="45" xml:id="l-45"/>pourquoi<c type="kp">_</c> Mais je m’etais dit<c type="kk">/</c> Il faut que tu voies Courrières. Je n’avais <lb n="46" xml:id="l-46"/>que 10 francs dans ma poche &amp; ayant commencé par prendre le train <lb n="47" xml:id="l-47"/>j’etais bientôt à bout de cette ressource &amp; ayant resté en route une semaine <lb n="48" xml:id="l-48"/>j’ai pietiné assez péniblement. Toutefois j’ai vu Courrières &amp; le <lb n="49" xml:id="l-49"/>dehors de l’atelier de M. Jules Breton.<anchor n="9" xml:id="note-o-9"/> Le dehors de cet atelier m’a <lb n="50" xml:id="l-50"/>un peu désappointé vu que c’est un atelier tout neuf &amp; nouvellement <lb n="51" xml:id="l-51"/>construit en briques<c type="kk">/</c> d’une régularité méthodiste<c type="kk">/</c><anchor n="10" xml:id="note-o-10"/> d’un aspect inhospitalier <lb n="52" xml:id="l-52"/>&amp; glacant &amp; agaçant tout autant que Jovinda<anchor n="11" xml:id="note-o-11"/> de C.M. que<c type="kk">/</c> soit dit <lb n="53" xml:id="l-53"/>entre nous<c type="kk">/</c> je n’aime pas trop non plus pour cette même raison. Si j’aurais <lb n="54" xml:id="l-54"/>pu voir le dedans je n’aurais plus pensé au dehors<c type="kk">/</c> je suis porté à le croire &amp; même <lb n="55" xml:id="l-55"/>j’en suis sûr mais, que veux tu, le dedans je n’ai pas pu l’apercevoir.</ab>
<pb f="1v" n="2" xml:id="pb-orig-1v-2" facs="#zone-pb-1v-2"/><lb n="56" xml:id="l-56"/>
<ab rend="indent">Car je n’osais pas me présenter pour entrer<c type="kp">_</c> J’ai cherché à Courrières ailleurs <lb n="57" xml:id="l-57"/>quelque trace de Jules Breton ou de quelqu’autre artiste<c type="kk">/</c> tout ce que j’ai <lb n="58" xml:id="l-58"/>découvert c’est son portrait chez un photographe<anchor n="12" xml:id="note-o-12"/> &amp; puis<c type="kk">/</c> dans la vieille église<c type="kk">/</c> <lb n="59" xml:id="l-59"/>dans un coin obscur<c type="kk">/</c> une copie de la Mise au tombeau du Titien qui dans l’obscurité m’a semblé être très belle <lb n="60" xml:id="l-60"/>&amp; d’un ton magistral. Etait ce de lui?– Je ne <lb n="61" xml:id="l-61"/>sais<c type="kk">/</c> n’ayant pu discerner aucune signature.<anchor n="13" xml:id="note-o-13"/></ab><lb n="62" xml:id="l-62"/>
<ab rend="indent">Mais d’artiste vivant nulle trace<c type="kk">/</c> seulement il y avait un café dit café <lb n="63" xml:id="l-63"/>des beaux Arts<c type="kk">/</c><anchor n="14" xml:id="note-o-14"/> également en briques neuves inhospitalières &amp; glaçantes &amp; mortifiantes<c type="kk">/</c> <lb n="64" xml:id="l-64"/>lequel café était decoré d’espèce de fresques ou peintures murales <lb n="65" xml:id="l-65"/>représentant des épisodes de la vie de l’illustre chevalier Don Quichotte<c type="kp">_</c><anchor n="15" xml:id="note-o-15"/> <lb n="66" xml:id="l-66"/>Ces fresques, soit dit en confiance<c type="kk">/</c> me paraissaient alors d’assez <lb n="67" xml:id="l-67"/>malencontreux consolateurs et plus ou moins médiocres. Je ne sais de qui ils sont.</ab><lb n="68" xml:id="l-68"/>
<ab rend="indent">Mais j’ai toujours vu alors la campagne de Courrières, les meules, <lb n="69" xml:id="l-69"/>la glèbe brune ou terre de marne à peu près couleur de café<c type="kk">/</c> <lb n="69a" xml:id="l-69a"/>avec des taches blanchâtres là où aparaît la <lb n="69b" xml:id="l-69b"/>marne<c type="kk">/</c> <lb n="69"/>ce <lb n="70" xml:id="l-70"/>qui pour nous autres qui sommes habitués à des terrains noirâtres <lb n="71" xml:id="l-71"/>est chose plus ou moins extraordinaire. Puis le ciel Francais me <lb n="72" xml:id="l-72"/>parut bien autrement fin &amp; limpide que le ciel du Borinage<c type="kk">/</c> enfumé <lb n="73" xml:id="l-73"/>&amp; brumeux. En outre il y avait les fermes &amp; hangars ayant encore conservé<c type="kk">/</c> <lb n="74" xml:id="l-74"/>que Dieu en soit loué &amp; remercié, leurs toitures de chaume moussu<c type="kk">/</c> <lb n="75" xml:id="l-75"/>j’apercevais aussi les nuées de corbeaux<c type="kk">/</c> fameux par les tableaux <lb n="76" xml:id="l-76"/>de Daubigny &amp; de Millet.<anchor n="16" xml:id="note-o-16"/> Pour ne pas mentionner tout d’abord<c type="kk">/</c> comme <lb n="77" xml:id="l-77"/>il conviendrait<c type="kk">/</c> les figures caractéristiques &amp; pittoresques des travailleurs: <lb n="78" xml:id="l-78"/>divers bêcheurs<c type="kk">/</c> bûcherons<c type="kk">/</c> varlet conduisant son attelage &amp; <lb n="79" xml:id="l-79"/>quelque silhouette de femme au blanc bonnet. Même là à Courrières <lb n="80" xml:id="l-80"/>il y avait encore un charbonnage ou fosse<c type="kk">/</c><anchor n="17" xml:id="note-o-17"/> je voyais le trait du jour remonter <lb n="81" xml:id="l-81"/>à la brune mais il n’y avait pas d’ouvrières en habit d’hommes <lb n="82" xml:id="l-82"/>comme au Borinage<c type="kk">/</c> seulement les charbonniers à la mine <lb n="83" xml:id="l-83"/>fatiguée &amp; misérable<c type="kk">/</c> noircis par la poussiere de charbon<c type="kk">/</c> accoutrés <lb n="84" xml:id="l-84"/>de loques de fosse &amp; l’un d’eux d’une vieille capote de soldat<c type="kp">_</c> <lb n="85" xml:id="l-85"/>Quoique cette étape était pour moi presqu’assommante &amp; <lb n="86" xml:id="l-86"/>que j’en sois retourné epuisé de fatigue<c type="kk">/</c> les pieds meurtris &amp; dans <lb n="87" xml:id="l-87"/>un état plus ou moins mélancolique<c type="kk">/</c> je ne la regrette pas car j’ai <lb n="88" xml:id="l-88"/>vu des choses intéressantes et on apprend à voir d’un autre oeil <lb n="89" xml:id="l-89"/>encore<c type="kk">/</c> tout juste dans les rudes épreuves de la misère même<c type="kp">_</c> <lb n="90" xml:id="l-90"/>J’ai gagné quelques croûtes de pain en route<c type="kk">/</c><anchor n="18" xml:id="note-o-18"/> çà <lb n="91" xml:id="l-91"/>et là<c type="kk">/</c> en échange de quelques dessins dont j’en avais dans ma valise. Mais à bout <lb n="92" xml:id="l-92"/>de mes dix francs<c type="kk">/</c> les 3 dernières nuits j’ai dû bivaquer en plein champ<c type="kk">/</c> <lb n="93" xml:id="l-93"/>une fois dans une voiture abandonnée toute blanche de givre au <lb n="94" xml:id="l-94"/>matin, gite assez mauvais, une fois dans un tas de fagots et une fois<c type="kk">/</c> <lb n="95" xml:id="l-95"/>&amp; c’était un peu mieux<c type="kk">/</c> dans une meule entamée où je suis parvenu <lb n="96" xml:id="l-96"/>à pratiquer une niche quelque peu plus comfortable<c type="kk">/</c> seulement <lb n="97" xml:id="l-97"/>une pluie fine n’augmentait pas précisément le bien-être.–</ab><lb n="98" xml:id="l-98"/>
<ab rend="indent">Eh bien, et pourtant ça a été dans cette forte misère que j’ai senti mon <lb n="99" xml:id="l-99"/>energie revenir &amp; que je me suis dit<c type="kk">/</c> Quoi qu’il en soit j’en remonterai <lb n="100" xml:id="l-100"/>encore<c type="kk">/</c> je reprendrai mon crayon que j’ai là laissé dans mon <lb n="101" xml:id="l-101"/>grand découragement &amp; je me remettrai au dessin et dès lors <lb n="102" xml:id="l-102"/>à ce qui me semble tout a changé pour moi &amp; maintenant je suis <lb n="103" xml:id="l-103"/>en route. &amp; mon crayon est devenu quelque peu docile &amp; parait <lb n="104" xml:id="l-104"/>le devenir davantage de jour en jour. C’était la trop longue &amp; la trop <lb n="105" xml:id="l-105"/>grande misère qui m’avait à ce point decouragé que je ne pouvais plus <lb n="106" xml:id="l-106"/>rien faire.</ab>
<pb f="1v" n="3" xml:id="pb-orig-1v-3" facs="#zone-pb-1v-3"/><lb n="107" xml:id="l-107"/>
<ab rend="indent">Une autre chose que j’ai vu lors de cette excursion c’est les villages <lb n="108" xml:id="l-108"/>des tisserands.</ab><lb n="109" xml:id="l-109"/>
<ab rend="indent">Les charbonniers &amp; les tisserands sont encore une race à part quelque peu <lb n="110" xml:id="l-110"/>des autres travailleurs &amp; artisans et je sens pour eux une grande sympathie <lb n="111" xml:id="l-111"/>&amp; me compterais heureux si un jour je pourrais les dessiner<c type="kk">/</c> en sorte <lb n="112" xml:id="l-112"/>que ces types encore inédits ou presque inédits fussent mises au jour. <lb n="113" xml:id="l-113"/>L’homme du fond de l’abime<c type="kk">/</c> “de profundis”<c type="kk">/</c><anchor n="19" xml:id="note-o-19"/> c’est le charbonnier<c type="kk">/</c> <lb n="114" xml:id="l-114"/>l’autre à l’air rêveur, presque songeur, presque somnambule<c type="kk">/</c> <lb n="115" xml:id="l-115"/>c’est le tisserand. Voilà à peu près 2 ans déjà que je vis avec eux <lb n="116" xml:id="l-116"/>&amp; j’ai appris à connaître quelque peu leur caractère original<c type="kk">/</c> du moins <lb n="117" xml:id="l-117"/>celui des charbonniers principalement. Et de plus en plus je trouve <lb n="118" xml:id="l-118"/>quelque chose de touchant<c type="kk">/</c> &amp; de navrant même<c type="kk">/</c> dans ces pauvres &amp; obscurs ouvriers<c type="kk">/</c> les derniers de tous pour ainsi <lb n="119" xml:id="l-119"/>dire &amp; les plus méprisés<c type="kk">/</c> qu’on se représente ordinairement par <lb n="120" xml:id="l-120"/>l’effet d’une imagination vive peutetre mais très fausse &amp; injuste<c type="kk">/</c> <lb n="121" xml:id="l-121"/>comme une race de malfaiteurs &amp; de brigands. Des malfaiteurs<c type="kk">/</c> <lb n="122" xml:id="l-122"/>des ivrognes<c type="kk">/</c> des brigands<c type="kk">/</c> il y en a ici comme ailleurs mais tel <lb n="123" xml:id="l-123"/>n’est pas du tout le véritable type.</ab><lb n="124" xml:id="l-124"/>
<ab rend="indent">Dans ta lettre tu m’as parlé vaguement de venir à Paris ou dans les <lb n="125" xml:id="l-125"/>environs<c type="kp">_</c> Soit tôt soit tard<c type="kk">/</c> lorsqu’il serait possible &amp; que<anchor n="b" xml:id="note-o-b"/> je le voudrais. <lb n="126" xml:id="l-126"/>Certes ce serait mon grand &amp; ardent désir de venir soit à Paris soit à <lb n="127" xml:id="l-127"/>Barbizon ou ailleurs. mais comment le pourrais je car je ne gagne <lb n="128" xml:id="l-128"/>pas un sou et quoique je travaille dur il faudra encore du temps <lb n="129" xml:id="l-129"/>pour arriver au niveau de pouvoir penser à chose pareille que serait <lb n="130" xml:id="l-130"/>celle de venir à Paris. Car en vérité pour pouvoir travailler comme <lb n="131" xml:id="l-131"/>il faut<c type="kk">/</c> il faudrait au moins ± cent francs par mois<c type="kk">/</c> on peut vivre de <lb n="132" xml:id="l-132"/>moins mais alors on est dans le gêne même beaucoup trop.</ab><lb n="133" xml:id="l-133"/>
<ab rend="indent">Pauvreté empêche les bons esprits de parvenir<c type="kk">/</c> c’est le vieux proverbe <lb n="134" xml:id="l-134"/>de Palizzy<anchor n="20" xml:id="note-o-20"/> où il y a du vrai. &amp; qui est tout à fait vrai si on en comprend <lb n="135" xml:id="l-135"/>la veritable intention &amp; portée.</ab><lb n="136" xml:id="l-136"/>
<ab rend="indent">Pour le moment je ne vois pas comment la chose serait praticable, <lb n="137" xml:id="l-137"/>et il vaut mieux que je reste ici en travaillant comme je puis &amp; pourrai <lb n="138" xml:id="l-138"/>&amp; après tout il fait meilleur marché ici pour vivre.</ab><lb n="139" xml:id="l-139"/>
<ab rend="indent">Toutefois est-il que je ne saurais plus continuer beaucoup plus <lb n="140" xml:id="l-140"/>longtemps dans la petite chambre où je suis maintenant. Elle est deja <lb n="141" xml:id="l-141"/>très-petite<c type="kk">/</c> puis il y a deux lits<c type="kk">/</c> celui des enfants &amp; le mien<c type="kp">_</c> Et <lb n="142" xml:id="l-142"/>maintenant que je fais les Bargues<c type="kk">/</c> f<hi rend="ss">lles</hi> assez grandes<c type="kk">/</c> dejà je <lb n="143" xml:id="l-143"/>ne saurais te dire combien je suis peiné<c type="kp">_</c> Je ne veux pas gêner <lb n="144" xml:id="l-144"/>les gens dans leur ménage<c type="kk">/</c> aussi est-il qu’ils m’ont dit que <lb n="145" xml:id="l-145"/>pour ce qui était de l’autre chambre de la maison<c type="kk">/</c> il n’y avait <lb n="146" xml:id="l-146"/>pas moyen pour moi de l’avoir même en payant davantage<c type="kk">/</c> <lb n="147" xml:id="l-147"/>car il la faut à la femme pour faire sa lessive<c type="kk">/</c> ce qui dans une <lb n="148" xml:id="l-148"/>maison de charbonnier doit arriver presque tous les jours<c type="kp">_</c></ab><lb n="149" xml:id="l-149"/>
<ab rend="indent">Je voudrais donc prendre tout court une petite maison d’ouvrier<c type="kk">/</c> cela <lb n="150" xml:id="l-150"/>coute 9 francs par mois en moyenne<c type="kp">_</c></ab><lb n="151" xml:id="l-151"/>
<ab rend="indent">Je ne saurais te dire combien (malgré que chaque jour il se <lb n="152" xml:id="l-152"/>présentent &amp; se presenteront encore de nouvelles difficultés), je ne <lb n="153" xml:id="l-153"/>saurais te dire combien je me sens heureux d’avoir repris <lb n="154" xml:id="l-154"/>le dessin<c type="kp">_</c> Déjà depuis longtemps cela me préoccupait mais je <lb n="155" xml:id="l-155"/>considérais toujours la chose comme impossible &amp; au-dessus <lb n="156" xml:id="l-156"/>de ma portée<c type="kp">_</c> Mais maintenant tout en sentant &amp; ma faiblesse <lb n="157" xml:id="l-157"/>&amp; ma dépendance pénible de bien des choses<c type="kk">/</c> j’ai retrouvé mon <lb n="158" xml:id="l-158"/>calme d’esprit &amp; l’énergie me revient de jour en jour.</ab>
<pb f="1r" n="4" xml:id="pb-orig-1r-4" facs="#zone-pb-1r-4"/><lb n="159" xml:id="l-159"/>
<ab rend="indent">Voila pour ce qui est de venir à Paris<c type="kp">_</c> Si on trouvait occasion d’entrer en <lb n="160" xml:id="l-160"/>relation avec quelque brave &amp; vaillant artiste<c type="kk">/</c> cela serait extrêmement <lb n="161" xml:id="l-161"/>avantageux pour moi mais<c type="kk">/</c> pour y aller de but en blanc<c type="kk">/</c> ce ne serait <lb n="162" xml:id="l-162"/>qu’une répétition en grand format de mon étape à Courrières<c type="kk">/</c> où j’avais <lb n="163" xml:id="l-163"/>espéré peut être rencontrer quelqu’être vivant de l’espèce Artiste mais <lb n="164" xml:id="l-164"/>où je n’en ai pas trouvé. Il s’agit pour moi d’apprendre à bien dessiner<c type="kk">/</c> <lb n="165" xml:id="l-165"/>à etre maître soit de mon crayon<c type="kk">/</c> soit de mon fusain<c type="kk">/</c> soit de mon pinceau<c type="kk">/</c> <lb n="166" xml:id="l-166"/>une fois cela obtenu je ferai de bonnes choses presque n’importe où <lb n="167" xml:id="l-167"/>et le Borinage est tout aussi pittoresque que le vieux Venise<c type="kk">/</c> que <lb n="168" xml:id="l-168"/>l’Arabie<c type="kk">/</c> que la Bretagne<c type="kk">/</c> la Normandie<c type="kk">/</c> Picardie ou Brie<c type="kp">_</c><anchor n="21" xml:id="note-o-21"/></ab><lb n="169" xml:id="l-169"/>
<ab rend="indent">Si je fais mal la faute en est à moi. Mais très certainement <lb n="170" xml:id="l-170"/>à Barbizon on peut mieux qu’ailleurs trouver<c type="kk">/</c> peutêtre si on aurait <lb n="171" xml:id="l-171"/>cette rencontre heureuse<c type="kk">/</c> l’occasion de tomber avec quelqu’artiste <lb n="172" xml:id="l-172"/>plus avancé qui pour moi serait vraiment comme un ange de Dieu<c type="kk">/</c> <lb n="173" xml:id="l-173"/>soit dit sérieusement et sans aucune exagération<c type="kp">_</c></ab><lb n="174" xml:id="l-174"/>
<ab rend="indent">Si donc tôt ou tard tu verrais moyen &amp; occasion<c type="kk">/</c> penses à moi<c type="kk">/</c> en <lb n="175" xml:id="l-175"/>attendant je reste tranquillement ici dans quelque petite maison <lb n="176" xml:id="l-176"/>d’ouvrier où je travaillerai comme je pourrai.</ab><lb n="177" xml:id="l-177"/>
<ab rend="indent">Tu me parles encore de Méryon<c type="kk">/</c> ce que tu dis de lui est bien vrai<c type="kk">/</c> je connais <lb n="178" xml:id="l-178"/>bien un peu ses eaufortes. Veux tu voir quelque chose de curieux – mets une <lb n="179" xml:id="l-179"/>de ces griffonnages si justes &amp; si puissantes à côté de quelque planche de Violet <lb n="180" xml:id="l-180"/>le Duc<anchor n="22" xml:id="note-o-22"/> ou de qui que ce soit qui fait de l’architecture. Alors tu verras Meryon <lb n="181" xml:id="l-181"/>en pleine lumière à cause de l’autre eauforte qui servira<c type="kk">/</c> ne vous déplaise<c type="kk">/</c> <lb n="182" xml:id="l-182"/>de repoussoir ou contraste<c type="kp">_</c> Bon, qu’apercois tu alors. Ceci. Meryon<c type="kk">/</c> quand bien même <lb n="183" xml:id="l-183"/>il dessine des briques, du granit, les barres de fer ou garde-fou <lb n="184" xml:id="l-184"/>d’un pont, met quelque chose de l’âme humaine ébranlée par je ne <lb n="185" xml:id="l-185"/>sais quel navrement intime dans son eauforte. J’ai vu des dessins d’architecture <lb n="186" xml:id="l-186"/>gothique de V. Hugo<c type="kp">_</c><anchor n="23" xml:id="note-o-23"/> He bien sans avoir la puissante &amp; magistrale facture de Méryon<c type="kk">/</c><anchor n="24" xml:id="note-o-24"/> il <lb n="187" xml:id="l-187"/>y avait quelque chose du même sentiment. Quel est ce sentiment. Cela a <lb n="188" xml:id="l-188"/>quelque parenté avec celui qu’Albert Durer exprima dans sa <hi rend="ital">Mélancolie</hi><c type="kk">/</c><anchor n="25" xml:id="note-o-25"/> que <lb n="189" xml:id="l-189"/>de nos jours James Tissot &amp; M. Maris (quelque différents que ces deux soient entre eux) ont <lb n="190" xml:id="l-190"/>aussi<c type="kp">_</c> avec raison quelque critique profond a dit de James Tissot “C’est une <lb n="191" xml:id="l-191"/>âme en peine”<c type="kp">_</c><anchor n="26" xml:id="note-o-26"/> Mais quoi qu’il en soit<c type="kk">/</c> il y a quelque chose de l’âme <lb n="192" xml:id="l-192"/>humaine là-dedans<c type="kk">/</c> c’est pour cette raison que ça est grand<c type="kk">/</c> immense<c type="kk">/</c> infini<c type="kk">/</c> <lb n="193" xml:id="l-193"/>et mettez à côté Violet le duc<c type="kk">/</c> cela est pierre<c type="kk">/</c> et l’autre (soit Meryon) cela est <hi rend="ital">Esprit</hi>. <lb n="193a" xml:id="l-193a"/>Meryon aurait eu une telle puissance d’aimer que maintenant comme Sydney Cartone de Dickens<c type="kk">/</c> il aime les pierres mêmes de certains endroits<c type="kp">_</c><anchor n="27" xml:id="note-o-27"/> <lb n="194" xml:id="l-194"/>Mais davantage &amp; mieux<c type="kk">/</c> dans un ton plus noble<c type="kk">/</c> plus <lb n="195" xml:id="l-195"/>digne<c type="kk">/</c> &amp; s’il m’est permis de le dire plus Evangelique<c type="kk">/</c> on la <lb n="196" xml:id="l-196"/>trouve aussi<c type="kk">/</c> la perle précieuse<c type="kk">/</c><anchor n="28" xml:id="note-o-28"/> l’âme humaine mise en évidence<c type="kk">/</c> dans <lb n="197" xml:id="l-197"/>Millet<c type="kk">/</c> dans Jules Breton<c type="kk">/</c> dans Jozef Israels<c type="kp">_</c> <lb n="198" xml:id="l-198"/>Mais<c type="kk">/</c> pour revenir à Méryon<c type="kk">/</c> il a encore à ce <lb n="199" xml:id="l-199"/>qui me semble quelque lointaine parenté avec Jongkind &amp; peutêtre <lb n="200" xml:id="l-200"/>Seymour Haden car à certaines heures ces deux artistes ont été très forts<c type="kp">_</c> <lb n="201" xml:id="l-201"/>Attends, peut-etre tu verras encore que moi aussi je suis un travailleur <lb n="202" xml:id="l-202"/>quoique je ne sache pas d’avance ce qui me sera possible<c type="kk">/</c> toutefois <lb n="203" xml:id="l-203"/>j’espère bien encore faire quelque griffonage où il pourrait <lb n="204" xml:id="l-204"/>y avoir quelque chose d’humain. Mais il faut d’abord dessiner les <lb n="205" xml:id="l-205"/>Bargue et faire d’autres choses plus ou moins épineuses<c type="kp">_</c> Le <lb n="206" xml:id="l-206"/>chemin est étroit &amp; la porte est étroite &amp; il y en a peu qui la trouvent.<anchor n="29" xml:id="note-o-29"/></ab><lb n="207" xml:id="l-207"/>
<ab rend="indent">En te remerciant de ta bonté<c type="kk">/</c> principalement du Buisson<c type="kk">/</c> <lb n="208" xml:id="l-208"/>je te serre la main<c type="kp">_</c></ab>
<vg:whiteline/><lb n="208*" xml:id="l-208s"/>
<ab>Vincent.</ab>
<vg:whiteline/><lb n="209" xml:id="l-209"/>
<ab>J’ai maintenant pris toute ta collection mais tu la reprendras plus tard et en outre<c type="kk">/</c> <lb n="210" xml:id="l-210"/>pour ta collection de gravures sur bois que j’espère que tu continues<c type="kk">/</c> j’ai de très <lb n="211" xml:id="l-211"/>bonnes choses dans les 2 volumes du Musée Universel que je te destine<c type="kp">_</c></ab>
<vg:whiteline/>
<div type="textualNotes">
<note target="l-29" n="29">tu &lt; tu ne</note>
<note target="l-44" n="44">(quelconque <supplied><hi rend="ital">…</hi></supplied> accepté) &lt; <hi rend="ital">Added later; parentheses added by us.</hi></note>
<note target="l-60" n="60">lui?– &lt; lui –</note>
<note target="l-77" n="77">travailleurs: &lt; travailleurs</note>
<note target="l-152" n="152">difficultés), &lt; difficultés,</note>
<note target="l-183" n="183">garde-fou &lt; garde fou</note>
<note target="l-193" n="193">(soit Meryon) &lt; <hi rend="ital">Added later; parentheses added by us.</hi></note>
<note target="l-193" n="193">a mêmes &lt; même</note></div></div>
<div type="translation">
<pb f="1r" n="1" xml:id="pb-trans-1r-1" facs="#zone-pb-1r-1"/>
<ab>Cuesmes, 24 Sept. 1880</ab>
<vg:whiteline/>
<ab>Dear Theo,</ab>
<ab>Your letter did me good; I thank you for writing to me like that.</ab>
<ab rend="indent">Actually, the roll containing a new collection of etchings and various sheets has just arrived. First and foremost, the masterly etching, <hi rend="ital">The bush</hi>, by <rs type="pers" key="976 1333">Daubigny/Ruisdael</rs>.<anchor n="1" xml:id="note-t-1"/> That’s it! I plan to do two drawings, either in sepia or something else, one of them after this etching — the other after <rs type="pers" key="1332">T. Rousseau</rs>’s The oven in Les Landes.<anchor n="2" xml:id="note-t-2"/> This latter sepia is already done — it’s true — but if you compare it with <rs type="pers" key="976">Daubigny</rs>’s etching, you’ll understand that it becomes weak, even though the sepia drawing considered on its own may very well have a certain tone and sentiment. I have to go back to it and work on it again.</ab>
<ab rend="indent">I’m still working on <rs type="pers" key="851">Bargue</rs>’s Cours de dessin, and plan to finish it before undertaking anything else, since day by day it exercises and strengthens both my hand and my mind, and I wouldn’t be able to feel sufficiently indebted to <rs type="pers" key="787">Mr Tersteeg</rs> for having so generously lent them to me. These models are excellent. In the meantime I’m busy reading a book on anatomy and another on perspective, which Mr Tersteeg also sent me.<anchor n="3" xml:id="note-t-3"/> This study is thorny, and sometimes these books are as irritating as could be, but nevertheless I believe that I’m doing the right thing by studying them.</ab>
<ab rend="indent">You can see, then, that I’m working like mad, but for the moment it isn’t giving very heartening results. But I have hopes that these thorns will bear white flowers in their time, and that this apparently sterile struggle is nothing other than a labour of giving birth. First pain, then joy afterwards.</ab>
<ab rend="indent">You tell me about <rs type="pers" key="1161">Lessore</rs>. I believe I can recall some very elegant watercolour landscapes which could be by him,<anchor n="4" xml:id="note-t-4"/> in a pale tone, with brushwork that’s apparently easy and light but at the same time accurate and refined, with an effect (let it be said with no bad intention, on the contrary, with a good one) that’s a little decorative. So I could be said to know something about his work, and you’d be telling me about somebody who isn’t altogether unfamiliar to me. I like the portrait of <hi rend="ital">Victor Hugo</hi>. It’s very conscientiously done, with the clear intention of bearing witness to the truth without searching for effect. By virtue of that, though, it does have an effect.</ab>
<ab rend="indent">I studied some of <rs type="pers" key="666">Hugo</rs>’s works a little this past winter. Namely Le dernier jour d’un condamné<anchor n="5" xml:id="note-t-5"/> and a very beautiful book on <rs type="pers" key="735">Shakespeare</rs>.<anchor n="6" xml:id="note-t-6"/> I took up the study of this writer a long time ago now. It’s as beautiful as <rs type="pers" key="1295">Rembrandt</rs>. Shakespeare is to <rs type="pers" key="580">Charles Dickens</rs> or to V. Hugo what <rs type="pers" key="1333">Ruisdael</rs> is to <rs type="pers" key="976">Daubigny</rs>, and Rembrandt to <rs type="pers" key="1226">Millet</rs>.</ab>
<ab rend="indent"> What you say in your letter on the subject of Barbizon<anchor n="7" xml:id="note-t-7"/> is very true and I’ll tell you one or two things that will prove to you that that’s my own way of seeing as well. I haven’t seen Barbizon, but although I haven’t seen it, last winter I saw Courrières. I made a trip on foot mainly in the Pas de Calais, not the Channel but the department. Or province.<anchor n="8" xml:id="note-t-8"/> I made that trip hoping perhaps to find work there (any sort, if possible; I would have accepted anything), but actually without any real plan, I couldn’t precisely say why. But I’d said to myself, You must see Courrières. I had only 10 francs in my pocket, and having started out by taking the train I’d soon exhausted those resources, and having stayed on the road for a week, I trudged rather painfully. Nevertheless, I saw Courrières and the outside of <rs type="pers" key="899">Mr Jules Breton</rs>’s studio.<anchor n="9" xml:id="note-t-9"/> The outside of this studio disappointed me a little, seeing that it’s a brand-new studio and newly built in brick, of a Methodist regularity,<anchor n="10" xml:id="note-t-10"/> of an aspect as inhospitable and chilly and ascetic as <rs type="pers" key="422">C.M.</rs>’s Jovinda,<anchor n="11" xml:id="note-t-11"/> which, between ourselves, I don’t much like either for this same reason. If I’d been able to see the inside I would have thought no more about the outside, I’m inclined to believe, and I’m sure of it even, but there you are, I wasn’t able to get a look at the inside.
<pb f="1v" n="2" xml:id="pb-trans-1v-2" facs="#zone-pb-1v-2"/></ab>
<ab rend="indent">Because I didn’t dare to introduce myself, so as to go in. I looked elsewhere in Courrières for some trace of <rs type="pers" key="899">Jules Breton</rs> or of some other artist; all I found was his picture at a photographer’s shop<anchor n="12" xml:id="note-t-12"/> and then, in the old church, in a dark corner, a copy of <rs type="pers" key="1393">Titian</rs>’s Entombment, which in the darkness seemed to me to be very beautiful and of a masterly tone. Was it by him? I don’t know, being unable to make out any signature.<anchor n="13" xml:id="note-t-13"/></ab>
<ab rend="indent">But of a living artist, not a trace, there was only a café, the so-called Café des Beaux-Arts,<anchor n="14" xml:id="note-t-14"/> also in inhospitable and chilly and mortifying new brick, which café was decorated with some sort of frescoes or mural paintings depicting episodes from the life of the illustrious knight, Don Quixote.<anchor n="15" xml:id="note-t-15"/> These frescoes, let it be said in confidence, seemed to me then rather poor consolation and rather mediocre. I don’t know who they were by.</ab>
<ab rend="indent">But at any rate I saw the Courrières countryside then, the haystacks, the brown farmland or the almost coffee-coloured marly soil, with whitish spots where the marl appears, which is something rather extraordinary for those of us who are used to blackish soil. And the French sky seemed to me far more clear and limpid than the smoky and misty Borinage sky. Furthermore, there were the farmhouses and sheds that had still preserved their mossy thatched roofs, God be praised and thanked for it; I also saw hosts of crows, famous from the paintings of <rs type="pers" key="976">Daubigny</rs> and <rs type="pers" key="1226">Millet</rs>.<anchor n="16" xml:id="note-t-16"/> Not to mention first of all, as one should, the typical and picturesque figures of the workmen: different diggers, woodcutters, a farm-hand driving his team, and the occasional outline of a woman in a white bonnet. Even there, at Courrières, there was a coal-mine or pit;<anchor n="17" xml:id="note-t-17"/> I saw the day-shift coming up at dusk, but there were no women workers in men’s clothing, as in the Borinage, only miners looking weary and miserable, blackened by coal-dust, wearing pit-rags and one of them an old army greatcoat. Although this stage was almost unbearable to me, and I returned from it worn out, with bruised feet and in a rather melancholy state, I don’t regret it, because I saw interesting things and you learn to see with a quite different eye, there among the raw ordeals of poverty itself. I earned a few crusts of bread en route<anchor n="18" xml:id="note-t-18"/> here and there in exchange for some drawings that I had in my suitcase. But when my ten francs were gone, I had to bivouac out in the open for the last 3 nights, once in an abandoned carriage, all white with frost in the morning, a rather poor shelter, once in a wood-pile and once, and it was a little better, in a haystack that had been broached, where I managed to make a slightly more comfortable nest, only a fine rain didn’t exactly add to my well-being.</ab>
<ab rend="indent">Well, and notwithstanding, it was in this extreme poverty that I felt my energy return and that I said to myself, in any event I’ll recover from it, I’ll pick up my pencil that I put down in my great discouragement and I’ll get back to drawing, and from then on, it seems to me, everything has changed for me, and now I’m on my way and my pencil has become somewhat obedient and seems to become more so day by day. It was poverty, too long and too severe, that had discouraged me to the point where I could no longer do anything.
<pb f="1v" n="3" xml:id="pb-trans-1v-3" facs="#zone-pb-1v-3"/></ab>
<ab rend="indent">Another thing that I saw during that excursion was the weavers’ villages.</ab>
<ab rend="indent">The miners and the weavers are something of a race apart from other workmen and tradesmen, and I have a great fellow-feeling for them and would count myself happy if I could draw them one day, so that these types, as yet unpublished or almost unpublished, could be brought to notice. The man from the bottom of the abyss, ‘de profundis’,<anchor n="19" xml:id="note-t-19"/> that’s the miner; the other one, with a dreamy, almost pensive, almost a sleep-walker’s air, is the weaver. And now it’s roughly 2 years that I’ve been living with them, and to some extent I’ve learned to know their original character, mainly that of the miners at least. And more and more I find something touching and even heart-rending in these poor and obscure workers, the lowest of all, so to speak, and the most looked down upon, which one usually pictures through the effect of a perhaps vivid but very false and unjust imagination as a race of criminals and brigands. There are criminals, drunkards, brigands here as elsewhere, but that’s not at all the true type.</ab>
<ab rend="indent">In your letter you spoke to me vaguely about coming to Paris or the surrounding area. Sooner or later, when it would be possible and when I felt like it. Of course, it would be my great and ardent desire to come either to Paris or to Barbizon or somewhere else. But how could I do it, because I don’t earn a sou, and although I work hard it’ll take more time yet to reach the level of being able to think of such a thing as coming to Paris. Because in truth, to be able to work as one should, it would take at least about a hundred francs a month; you can live on less, but then you’re hard up, far too much so in fact.</ab>
<ab rend="indent">Poverty prevents good minds succeeding; that’s Palissy’s<anchor n="20" xml:id="note-t-20"/> old proverb, in which there’s truth, and which is entirely true if one understands its real purpose and import.</ab>
<ab rend="indent">For the moment I can’t see how the thing would be practicable, and it’s better that I stay here, working as I can and will be able to, and after all, it’s cheaper to live here.</ab>
<ab rend="indent">However, I’d be unable to continue much longer in the little room where I am now. It’s tiny as it is, and there are two beds, the children’s and mine. And now that I’m doing the <rs type="pers" key="851">Bargue</rs>s, quite big sheets, I couldn’t tell you what a nuisance it is to me. I don’t want to bother the people in their household arrangements; and also they’ve told me that as far as the other room in the house goes, there was no way for me to have it, even if I paid more, because the wife needs it to do her washing, which in a miner’s house has to be done almost every day.</ab>
<ab rend="indent">So I would like simply to take a little workman’s house; that costs 9 francs a month on average.</ab>
<ab rend="indent">I couldn’t tell you how much (despite the fact that every day new difficulties present themselves and will continue to present themselves), I couldn’t tell you how happy I feel to have taken up drawing again. It had already been on my mind for a long time, but I always saw the thing as impossible and beyond my reach. But now, while feeling both my weakness and my painful dependence in respect of many things, I’ve recovered my peace of mind, and my energy is coming back day by day.
<pb f="1r" n="4" xml:id="pb-trans-1r-4" facs="#zone-pb-1r-4"/></ab>
<ab rend="indent">Now, about coming to Paris. If we found an opportunity to get in touch with some decent, valiant artist, it would be extremely advantageous for me, but, to go there just like that, it would only be a repetition on a large scale of my trip to Courrières, where I’d hoped perhaps to meet some living being of the Artist species, but where I didn’t find one. For me it’s a matter of learning to draw well, to be master either of my pencil or my charcoal or my brush; once that’s achieved I’ll do good things almost no matter where, and the Borinage is every bit as picturesque as old Venice, as Arabia, as Brittany, Normandy, Picardy or Brie.<anchor n="21" xml:id="note-t-21"/></ab>
<ab rend="indent">If I’m doing the wrong thing, the fault is mine. But one can very certainly find more easily at Barbizon than elsewhere, if one perhaps were to have this happy encounter, the opportunity to fall in with some more advanced artist who would be for me truly a Heaven-sent angel, let it be said seriously and without any exaggeration.</ab>
<ab rend="indent">So if, sometime, you were to see means and opportunity, think of me; while waiting I’ll stay quietly in some little workman’s house, where I’ll work as best I can.</ab>
<ab rend="indent">You also speak to me of <rs type="pers" key="1219">Meryon</rs>; what you say about him is very true, I am indeed slightly acquainted with his etchings. Would you like to see something curious — put one of his so precise and so powerful scratches beside any print by <rs type="pers" key="1412">Viollet-le-Duc</rs><anchor n="22" xml:id="note-t-22"/> or by anyone at all who does architecture. Then you’ll see Meryon in full light because of the other etching, which will serve, if I may be so free, as a foil or contrast. So what do you see, then? This. Meryon, even when he’s drawing bricks, granite, the iron bars or the parapet of a bridge, puts something of the human soul, shaken by I know not what heartache, into his etching. I’ve seen drawings of Gothic architecture by <rs type="pers" key="666">V. Hugo</rs>.<anchor n="23" xml:id="note-t-23"/> Well, without having Meryon’s powerful and masterly execution,<anchor n="24" xml:id="note-t-24"/> there was something of the same sentiment. What is this sentiment? It has some kinship with that which <rs type="pers" key="990">Albrecht Dürer</rs> expressed in his <hi rend="ital">Melancholy</hi>,<anchor n="25" xml:id="note-t-25"/> which in our times <rs type="pers" key="1394">James Tissot</rs> and <rs type="pers" key="1202">M. Maris</rs> also have (however different these two may be one from the other). Some profound critic rightly said of James Tissot ‘He’s a soul in need’.<anchor n="26" xml:id="note-t-26"/> But in any event, there’s something of the human soul there; it’s for that reason that that is great, immense, infinite, and put Viollet-le-Duc beside it, it’s stone, and the other (namely Meryon), that’s <hi rend="ital">Spirit.</hi> Meryon must have had such a power to love that now, like <rs type="pers" key="580">Dickens</rs>’s Sydney Carton, he loves the very stones of certain places.<anchor n="27" xml:id="note-t-27"/> But it’s also found more and better, in a nobler, worthier and, if I may be allowed to say so, more Evangelical tone — the precious pearl,<anchor n="28" xml:id="note-t-28"/> the human soul revealed — in <rs type="pers" key="1226">Millet</rs>, in <rs type="pers" key="899">Jules Breton</rs>, in <rs type="pers" key="1107">Jozef Israëls</rs>. But to return to Meryon, he has also, it seems to me, some distant kinship with <rs type="pers" key="1122">Jongkind</rs> and perhaps <rs type="pers" key="1077">Seymour Haden</rs>, because at certain moments these two artists were very strong. Wait, perhaps you’ll still see that I too am a worker, although I don’t know in advance what will be possible for me; nevertheless, I do hope to make some scratch yet in which there might be something human. But first I have to draw the <rs type="pers" key="851">Bargue</rs>s and do other things that are rather tricky. The way is strait and the gate is strait and there are few that find it.<anchor n="29" xml:id="note-t-29"/></ab>
<ab rend="indent">Thanking you for your kindness, chiefly for The bush, I shake your hand.</ab>
<vg:whiteline/>
<ab>Vincent</ab>
<vg:whiteline/>
<ab>I’ve taken all your collection now, but you’ll have it back later, and in addition, for your collection of wood engravings, which I hope you’re continuing, I have some very good things in the 2 volumes of the Musée Universel, which I intend for you.</ab></div>
<div type="notes">
<note n="1" xml:id="n-1" target="#note-t-1">
<ab>For <rs type="pers" key="976">Daubigny</rs>’s etching <rs type="ill" key="1717"><hi rend="ital">The bush</hi></rs> after <rs type="pers" key="1333">Jacob van Ruisdael</rs>, <ref target="let035.xml#n-5">see letter 35, n. 5.</ref></ab></note>
<note n="2" xml:id="n-2" target="#note-t-2">
<ab>For the lithograph by <rs type="pers" key="1510">Auguste-Paul-Charles Anastasi</rs> after <rs type="pers" key="1332">Rousseau</rs>’s <rs type="ill" key="1866"><hi rend="ital">Oven in Les Landes</hi></rs>, <ref target="let139.xml#n-9">see letter 139, n. 9.</ref> Van Gogh’s copies after Rousseau have been lost.</ab></note>
<note n="3" xml:id="n-3" target="#note-t-3">
<ab>For <rs type="pers" key="851">Bargue</rs>'s <hi rend="ital"><rs type="lit" key="170">Cours de dessin</rs></hi>, <ref target="let136.xml#n-22">see letter 136, n. 22</ref>. The books <rs type="pers" key="787">Tersteeg</rs> sent were most probably <rs type="pers" key="1675">A. de Zahn</rs>, <rs type="lit" key="249"><hi rend="ital">Esquisses anatomiques à l’usage des artistes pour servir aux études d’après nature et d’après l’antique</hi></rs> (<ref target="let160.xml#n-2">see letter 160, n. 2</ref>) and <rs type="lit" key="204"><hi rend="ital">Guide de l’alphabet du dessin ou l’art d’apprendre et d’enseigner les principes rationnels du dessin d’après nature</hi></rs> by <rs type="pers" key="922">Armand Théophile Cassagne</rs><hi rend="ital">. </hi>Paris 1880. This book, consisting of 43 lessons, contained much on perspective, and helped to dispel Van Gogh’s doubts when he started to draw (as he later wrote in April 1882). It was, in his view, a ‘comprehensible’ work; <ref target="let214.xml">letter 214</ref>). See cat. Amsterdam 1996, pp. 18-21.</ab></note>
<note n="4" xml:id="n-4" target="#note-t-4">
<ab>Van Gogh ‘believes’ he can recall watercolours by Lessore, by which he could mean either the work of <rs type="pers" key="1162">Emile Aubert Lessore</rs>, whose known works include landscapes and figure studies from Algiers (mainly watercolours), or the work of his son, <rs type="pers" key="1163">Jules Lessore</rs>, who worked as a watercolourist in Paris and London (<hi rend="ital">TB</hi>). <rs type="pers" key="1202">Matthijs Maris</rs> was a friend of Jules (see Heijbroek 1975, p. 284). <rs type="pers" key="1161">Henri Emile Lessore</rs>, by whom Theo owned several prints, occurs in his address book. See exhib. cat. Paris 1988, p. 361. The portrait of Victor Hugo mentioned below has not been identified.</ab></note>
<note n="a" xml:id="n-a" target="#note-o-a">
<ab>Read: ‘tout à fait’ (entirely, altogether).</ab></note>
<note n="5" xml:id="n-5" target="#note-t-5">
<ab><rs type="pers" key="666">Victor Hugo</rs>, <rs type="lit" key="205"><hi rend="ital">Le dernier jour d’un condamné</hi></rs> (1829). This novel, the story of the last day in the life of a criminal sentenced to death, addresses the horror of capital punishment.</ab></note>
<note n="6" xml:id="n-6" target="#note-t-6">
<ab>Regarding <rs type="pers" key="666">Hugo</rs>’s <hi rend="ital"><rs type="lit" key="198">William Shakespeare</rs></hi>, <ref target="let155.xml#n-9">see letter 155, n. 9.</ref></ab></note>
<note n="7" xml:id="n-7" target="#note-t-7">
      <ab>The French village of Barbizon, on the edge of the forest of Fontainebleau near Paris, was known in particular for the landscape painters who had worked there between c. 1830 and 1870 and whose work became widely known as the Barbizon School. They included <rs type="pers" key="1332">Théodore Rousseau</rs>, <rs type="pers" key="986">Jules Dupré</rs>, <rs type="pers" key="976">Charles-François Daubigny</rs>, <rs type="pers" key="992">Narcisse Virgile Diaz de la Peña</rs>, <rs type="pers" key="1389">Constant Troyon</rs>, <rs type="pers" key="931">Antoine Chintreuil</rs>, <rs type="pers" key="347">Henri Harpignies</rs> and <rs type="pers" key="1226">Jean-François Millet</rs>.</ab></note>
      <note n="8" xml:id="n-8" target="#note-t-8">
<ab>Courrières is c. 20 km south of Lille in the <hi rend="ital">departement</hi> Pas de Calais. Van Gogh added ‘non pas la Manche’ to make sure that Theo knew he wasn’t referring to the English Channel. Later he writes that he made this long journey on foot at the beginning of March (<ref target="let391.xml">see letter 391</ref>).</ab></note>
<note n="9" xml:id="n-9" target="#note-t-9">
<ab><rs type="pers" key="899">Breton</rs> had had a studio built near his house in the early 1860s. It stood on the site of the present-day house at rue Louis Breton 10, but was destroyed during the First World War. See <hi rend="ital">L’écho du passé. Bulletin du Club d’histoire locale de Courrières</hi> (1996), no. 8, pp. 25-27. Cf. <hi rend="ital">The garden of ‘The brewery’ at Courrières</hi>, 1861 (private collection) in exhib. cat. Cleveland 1980, pp. 187, 275-276, cat. no. 162; exhib. cat. Arras 2002, p. 109. For a photograph of Breton’s house and the interior of the studio, see Maurius Vachon, <hi rend="ital">Jules Breton</hi>. Paris 1899, p. 19. </ab></note>
<note n="10" xml:id="n-10" target="#note-t-10">
<ab>Dorn found a connection between the ‘Methodist regularity’ of <rs type="pers" key="899">Breton</rs>’s studio and the following remark made by <rs type="pers" key="666">Hugo</rs> in <rs type="lit" key="198"><hi rend="ital">William Shakespeare</hi></rs> concerning the house he lived in himself: ‘It’s constructed of Methodism’. See Hugo 1864, p. 10, and exhib. cat. Vienna 1996, p. 32.</ab></note>
<note n="11" xml:id="n-11" target="#note-t-11">
<ab>
      <hi rend="ital">Jovinda</hi> was the name of <rs type="pers" key="422">Uncle Cor</rs>’s villa at the corner of Prins Hendriklaan and Amalialaan G 72b in Baarn. This name was composed of the first couple of letters of the Christian names of each of his children <rs type="pers" key="88"/><hi rend="ital">Jo</hi>hanna, <rs type="pers" key="400"/><hi rend="ital">Vin</hi>cent and <rs type="pers" key="426"/><hi rend="ital">Da</hi>niël. Uncle Cor officially registered as residing there on 18 April 1878. The house, also known as <hi rend="ital">Villa Rozenburg</hi>, was built in an eclectic style and was demolished in the mid-1930s. <rs type="ill" key="1893">Ill. 1893</rs> (Photo collection of C. van de Steeg in Baarn). Cf. H. Bronkhorst, ‘Vincent van Gogh in Baarn: “Wat is het daar mooi”’, <hi rend="ital">Baerne. Tijdschrift van de historische kring ‘Baerne’</hi> 11-2 (1987), pp. 7-12.</ab>
<ab rend="indent">On 2 September 1874, <rs type="pers" key="526">Mr van Gogh</rs> wrote to Theo about Jovinda: ‘Then I went to Baarn and stayed a day. It is very, very beautiful there. Uncle Cor is having a splendid house built. Will you, too, make such a success of yourself one day? But we don’t have to dwell on that yet’ (FR b2717).</ab></note>
<note n="12" xml:id="n-12" target="#note-t-12">
<ab>In those days the only photographer in Courrières was Mr Gourlet. He was an amateur draughtsman and a friend of <rs type="pers" key="899">Jules Breton</rs>. (Communicated by Francine Lhost, chairperson of the ‘Club d’histoire locale de Courrières’). A portrait photograph of Breton appears in exhib. cat. Cleveland 1980, p. 275.</ab></note>
<note n="13" xml:id="n-13" target="#note-t-13">
<ab>The old church is the Eglise Saint-Piat, built in 1532, in which <rs type="pers" key="899">Breton</rs> painted in 1847 a Fourteenth Station of the Cross which was actually a copy of <rs type="pers" key="1393">Titian</rs>’s <rs type="otherart" key="138"><hi rend="ital">Entombment</hi></rs> of the mid-1520s (Paris, Musée du Louvre). Breton’s work was lost during the fire that swept through the church on 28 May 1940. See <hi rend="ital">L’écho du passé. Bulletin du Club d’histoire locale de Courrières</hi> (1996), no. 8, p. 25 and (1997), no. 11, pp. 10-11 (ill.), 28. ‘An unpublished letter written by J. Breton to his uncle Boniface Breton on 3 July 1847 indicates that he is about to start painting the 14th Station of the Cross which he was supposed to carry out in the summer and autumn of 1847’ (Letter from Annette Bourrut Lacouture in Paris, 15 August 1999).</ab></note>
<note n="14" xml:id="n-14" target="#note-t-14">
<ab>This ‘Café des Beaux-Arts’ was located at the corner of present-day rue Louis Breton and rue Massenet.</ab></note>
<note n="15" xml:id="n-15" target="#note-t-15">
<ab>Nothing has been found about the café’s Don Quixote decoration.</ab></note>
<note n="16" xml:id="n-16" target="#note-t-16">
<ab>With regard to flights of crows in the work of <rs type="pers" key="976">Daubigny</rs>, Van Gogh could have been thinking of <rs type="otherart" key="139"><hi rend="ital">Les corbeaux, coteaux en Champagne</hi></rs> (The crows, hills in Champagne), 1860 (cf. Hellebranth 1976, p. 141, cat. no. 437); in the work of <rs type="pers" key="1226">Millet</rs>, he could have had in mind <rs type="otherart" key="140"><hi rend="ital">Winter: The plain of Chailly</hi></rs>, 1862 (Vienna, Österreichische Gallerie).</ab></note>
<note n="17" xml:id="n-17" target="#note-t-17">
<ab>The pit is the so-called ‘shaft no. 1’, whose meagre yield and low-quality coal earned it the nickname ‘dust pit’. This mine was worked between 1851 and 1888. See <hi rend="ital">L’écho du passé. Bulletin du Club d’histoire locale de Courrières</hi> (1996), no. 8, p. 27 and (1996), no. 9, p. 4 (with ill.).</ab></note>
<note n="18" xml:id="n-18" target="#note-t-18">
<ab>This was followed by ‘en vendant’ (by selling), which Van Gogh crossed out.</ab></note>
<note n="19" xml:id="n-19" target="#note-t-19">
<ab>Possibly an allusion to the opening of <vg:bibleref book="Ps" chap="130">Ps. 130</vg:bibleref> in the Vulgate.</ab></note>
<note n="b" xml:id="n-b" target="#note-o-b">
<ab>Read: ‘lorsque’ (when).</ab></note>
<note n="20" xml:id="n-20" target="#note-t-20">
<ab>This saying did not come from <rs type="pers" key="1258">Bernard Palissy</rs>; it is, rather, the device – borrowed from Andrea Alciato – of the publisher Barthélemy Berton, the first printer of Palissy’s <hi rend="ital">Recepte veritable</hi> (1564), who also included it on the title page of this edition. Van Gogh was not the only one to attribute the saying to Palissy: at the end of the nineteenth century, Palissy’s biographer, Philippe Burty, remarked: ‘the bookseller’s hallmark was incorrectly attributed to Palissy’. See <hi rend="ital">Bernard Palissy</hi>. Paris [1885], p. 12. The source of Van Gogh’s attribution is unclear; Palissy was a favourite of many nineteenth-century Protestant writers.</ab></note>
<note n="21" xml:id="n-21" target="#note-t-21">
<ab>Here Van Gogh lists a number of regions and provinces in the north(west) of France; Brie is east of Paris.</ab></note>
<note n="22" xml:id="n-22" target="#note-t-22">
<ab><rs type="pers" key="1412">Eugène Emmanuel Viollet-le-Duc</rs> was the author of several publications on architecture. His designs and ideas were known from magazines, and also appeared in the informative <hi rend="ital">Entretiens</hi> (1858-1872), a collection of commentaries on neo-Gothic architecture. See <hi rend="ital">Macmillan encyclopedia of architects</hi>. Ed. Adolf K. Placzek. New York and London 1982, vol. 4, pp. 324-332.</ab></note>
<note n="23" xml:id="n-23" target="#note-t-23">
<ab>Van Gogh could be referring to the engravings <hi rend="ital">Une vieille maison, à Blois </hi>(An old house at Blois) (<rs type="ill" key="1895">Ill. 1895</rs>) and <hi rend="ital">Beffroi </hi>(Belfry) (<rs type="ill" key="1896">Ill. 1896</rs>), both made by <rs type="pers" key="1569">Fortuné Louis Méaulle</rs> after drawings by <rs type="pers" key="666">Hugo</rs>. They were reproduced in Philippe Burty’s article, ‘Les Dessins de Victor Hugo’, <hi rend="ital">L’Art</hi> 1 (12 September 1875), pp. 32-38 (ills. on pp. 33 and 35); <ref target="let141.xml">letter 141</ref> reveals that Van Gogh knew this magazine. On these drawings, see <hi rend="ital">Victor Hugo pittore</hi>. J.J. Lebel. Exhib. cat. Venice (Galleria d’Arte Moderna Ca’ Pesaro). Milano 1993 and <hi rend="ital">Drawings by Victor Hugo</hi>. P. Georgel and G. Reynolds. Exhib. cat. London (The Victoria and Albert Museum), 1974. London 1974, esp. cat. no. 58.</ab></note>
<note n="24" xml:id="n-24" target="#note-t-24">
<ab>For similar buildings in the work of Meryon, see Richard S. Schneiderman (with the assistance of Frank W. Raysor, <hi rend="sc">ii</hi>), <hi rend="ital">The catalogue raisonné of the prints of Charles Meryon</hi>. London 1990.</ab></note>
<note n="25" xml:id="n-25" target="#note-t-25">
<ab><rs type="pers" key="990">Albrecht Dürer</rs>, <hi rend="ital">Melencolia</hi>, 1514 (H75) (Amsterdam, Rijksprentenkabinet). <rs type="ill" key="86">Ill. 86</rs>.</ab></note>
<note n="26" xml:id="n-26" target="#note-t-26">
<ab>It has not been ascertained which critic said this about <rs type="pers" key="1394">Tissot</rs>.</ab></note>
<note n="27" xml:id="n-27" target="#note-t-27">
<ab>Vincent later added the sentence ‘Meryon ... places’. Here he refers to a passage in ‘The fellow of no delicacy’ from <rs type="lit" key="164"><hi rend="ital">A tale of two cities</hi></rs> (part 2, chapter 13), in which Sydney Carton, overshadowed by a ‘cloud of caring for nothing’, spends many nights outside his beloved Lucie’s house, in the course of which he even starts to grow fond of the very pavement: ‘And yet he did care something for the streets that environed that house, and for the senseless stones that made their pavements.’ See Dickens 1859, p. 98.</ab></note>
<note n="28" xml:id="n-28" target="#note-t-28">
<ab>Perhaps Van Gogh was thinking of <bibleref xmlns="http://www.vangoghletters.org/ns/" book="Matt" chap="13" v="46">Matt. 13:46</bibleref>.</ab></note>
<note n="29" xml:id="n-29" target="#note-t-29">
<ab>
  <bibleref xmlns="http://www.vangoghletters.org/ns/" book="Matt" chap="7" v="14">Matt. 7:14</bibleref>.</ab></note></div></body></text></TEI>
