<?xml version="1.0" encoding="UTF-8"?>
<!-- Last Changed Date: 2018-07-18 12:32:41 +0200 (Wed, 18 Jul 2018) | SVN Revision: 2206 -->
<!--Licensed under Attribution-NonCommercial-ShareAlike 4.0 International (CC BY-NC-SA 4.0)-->
<?xml-model href="https://xmlschema.huygens.knaw.nl/vgodd.rng" type="application/xml" schematypens="http://relaxng.org/ns/structure/1.0"?>
<TEI xmlns:vg="http://www.vangoghletters.org/ns/" xmlns="http://www.tei-c.org/ns/1.0">
<teiHeader xmlns:xsi="http://www.w3.org/2001/XMLSchema-instance"><fileDesc>
<titleStmt>
<title>To Theo van Gogh. The Hague, on or about Thursday, 8 June 1882.</title>
<editor>Leo Jansen</editor>
<editor>Hans Luijten</editor>
<editor>Nienke Bakker</editor></titleStmt>
<publicationStmt>
<publisher><name>Huygens Instituut voor Nederlandse Geschiedenis (KNAW)</name><email>info@huygens.knaw.nl</email></publisher>
<publisher>Van Gogh Museum</publisher>
<pubPlace>Amsterdam</pubPlace>
<date type="first" when="2009">2009</date>
<availability status="restricted">
<licence target="http://creativecommons.org/licenses/by-nc-sa/4.0/ https://creativecommons.org/licenses/by-nc-sa/4.0/legalcode">
<p>Attribution-NonCommercial-ShareAlike 4.0 International (CC BY-NC-SA 4.0) </p></licence></availability>
<ptr target="http://vangoghletters.org/orig/let237"/></publicationStmt><sourceDesc><vg:letDesc><vg:letIdentifier>
<idno type="jlb">237</idno>
<idno type="collectedletters">206</idno>
<idno type="brieven1990">237</idno></vg:letIdentifier><vg:letHeading><author>Vincent van Gogh</author><vg:addressee>Theo van Gogh</vg:addressee><vg:placeLet>The Hague</vg:placeLet><vg:dateLet>on or about Thursday, 8 June 1882</vg:dateLet></vg:letHeading><vg:letContents>
<p>To Theo van Gogh. The Hague, on or about Thursday, 8 June 1882.</p>
<note type="ongoingTopic" n="1">
<p>Breitner is in the hospital <ref target="let214.xml">(214)</ref></p></note>
<note type="ongoingTopic" n="2">
<p>Strained relations with Tersteeg <ref target="let208.xml">(208)</ref></p></note>
<note type="ongoingTopic" n="3">
<p>Sien will give birth in Leiden <ref target="let224.xml">(224)</ref></p></note>
<note type="ongoingTopic" n="4">
<p>Van Gogh’s fear of being made a ward of court <ref target="let227.xml">(227)</ref></p></note></vg:letContents>
<note type="sourceStatus" xml:id="sourceStatus">
<p>Original manuscript</p></note>
<note type="location" xml:id="location">
<p>Amsterdam, Van Gogh Museum, inv. no. b228 V/1962</p></note>
<note type="date" xml:id="date">
<p>The letter was written after Van Gogh was admitted to hospital on 7 June 1882, but there is no concrete evidence for a precise date. Assuming that Van Gogh wanted to inform his brother about his situation fairly quickly, we date the letter to on or about Thursday, 8 June 1882.</p></note></vg:letDesc></sourceDesc></fileDesc></teiHeader>
<facsimile xmlns:xsi="http://www.w3.org/2001/XMLSchema-instance">
<surface n="b 0228" xml:id="surf-pb-1r"><graphic mimeType="image/tiff" url="VGM001000269_02.TIF" rend="norend"/><graphic mimeType="image/tiff" url="VGM001000269_02_n.tif" rend="norend"/><graphic mimeType="image/jpeg" url="VGM001000269_02_nt.jpg" height="50px" rend="thumbnail"/><zone xml:id="zone-pb-1r-1">
<graphic mimeType="image/tiff" url="VGM001000269_02_nR.tif" rend="norend"/><graphic mimeType="image/jpeg" url="VGM001000269_02_nRt.jpg" height="50px" rend="thumbnail"/><graphic mimeType="image/png" url="VGM001000269_02_nRf.png" width="380px" rend="facstab"/></zone>
<zone xml:id="zone-pb-1r-4">
<graphic mimeType="image/tiff" url="VGM001000269_02_nL.tif" rend="norend"/><graphic mimeType="image/jpeg" url="VGM001000269_02_nLt.jpg" height="50px" rend="thumbnail"/><graphic mimeType="image/png" url="VGM001000269_02_nLf.png" width="380px" rend="facstab"/></zone>
</surface>
<surface n="b 0228" xml:id="surf-pb-1v"><graphic mimeType="image/tiff" url="VGM001000269_01.TIF" rend="norend"/><graphic mimeType="image/tiff" url="VGM001000269_01_n.tif" rend="norend"/><graphic mimeType="image/jpeg" url="VGM001000269_01_nt.jpg" height="50px" rend="thumbnail"/><zone xml:id="zone-pb-1v-2">
<graphic mimeType="image/tiff" url="VGM001000269_01_nL.tif" rend="norend"/><graphic mimeType="image/jpeg" url="VGM001000269_01_nLt.jpg" height="50px" rend="thumbnail"/><graphic mimeType="image/png" url="VGM001000269_01_nLf.png" width="380px" rend="facstab"/></zone>
<zone xml:id="zone-pb-1v-3">
<graphic mimeType="image/tiff" url="VGM001000269_01_nR.tif" rend="norend"/><graphic mimeType="image/jpeg" url="VGM001000269_01_nRt.jpg" height="50px" rend="thumbnail"/><graphic mimeType="image/png" url="VGM001000269_01_nRf.png" width="380px" rend="facstab"/></zone>
</surface></facsimile><text xmlns:xsi="http://www.w3.org/2001/XMLSchema-instance"><body>
<div type="original">
<pb f="1r" n="1" xml:id="pb-orig-1r-1" facs="#zone-pb-1r-1"/><lb n="1" xml:id="l-1"/>
<ab>Gemeente gasthuis (4<hi rend="ss">e</hi> klasse. Zaal 6 n<hi rend="ss">o</hi> 9)</ab><lb n="2" xml:id="l-2"/>
<ab>Brouwersgracht.<anchor n="1" xml:id="note-o-1"/></ab>
<vg:whiteline/><lb n="3" xml:id="l-3"/>
<ab>Waarde Theo,</ab><lb n="4" xml:id="l-4"/>
<ab>Als gij tegen ’t einde Junij mogelijk naar hier komt<anchor n="2" xml:id="note-o-2"/> vindt ge me <lb n="5" xml:id="l-5"/>hoop ik weer aan ’t werk doch nu op ’t moment ben ik in <lb n="6" xml:id="l-6"/>’t gasthuis waar ik evenwel slechts 14 dagen ongeveer blijven <lb n="7" xml:id="l-7"/>zal<c type="kp">_</c><anchor n="3" xml:id="note-o-3"/> Ik had al een week of 3 veel last gehad van <lb n="8" xml:id="l-8"/>slapeloosheid<c type="kk">/</c> binnenkoorts<anchor n="a" xml:id="note-o-a"/> &amp; pijn gevoeld bij ’t wateren. <lb n="9" xml:id="l-9"/>En nu blijkt het dat ik eigentlijk, maar in zeer <lb n="10" xml:id="l-10"/>ligten graad, datgene heb wat men “een druiper” noemt<c type="kp">_</c> <lb n="11" xml:id="l-11"/>Waarvoor ik nu hier stil te bed moet blijven<c type="kk">/</c> veel <lb n="12" xml:id="l-12"/>quinine pillen slikken en ook nu en dan inspuitingen <lb n="13" xml:id="l-13"/>krijg ’t zij met schoon water ’t zij met aluin water<c type="kk">/</c><anchor n="4" xml:id="note-o-4"/> <lb n="14" xml:id="l-14"/>dus zoo onschuldig als zijn kan. Waarom ge U <lb n="15" xml:id="l-15"/>ook hierover in ’t minst niet hoeft te verontrusten<c type="kp">_</c> <lb n="16" xml:id="l-16"/>alleen<c type="kk">/</c> gij weet met zoo iets moet men niet spotten <lb n="17" xml:id="l-17"/>en dadelijk er achter heen zitten omdat onachtzaam<c type="shy">-</c><lb n="18" xml:id="l-18"/>heid er mee de zaak verouderen<anchor n="b" xml:id="note-o-b"/> en verergeren kan. <lb n="19" xml:id="l-19"/>Getuige Breitner die nu ook nog steeds hier ligt <lb n="20" xml:id="l-20"/>ofschoon in een andere zaal<anchor n="5" xml:id="note-o-5"/> en waarschijnlijk gaat hij <lb n="21" xml:id="l-21"/>weldra weg – hij weet niet ik hier ben.</ab><lb n="22" xml:id="l-22"/>
<ab rend="indent">Gij zult mij pleizier doen er maar niet over <lb n="23" xml:id="l-23"/>te spreken want de lui denken soms er <lb n="24" xml:id="l-24"/>iets heel ergs van<c type="kk">/</c> of door opgevoerde praatjes <lb n="25" xml:id="l-25"/>wordt het heel erg<c type="kk">/</c> alleen zeg ik U natuurlijk precies <lb n="26" xml:id="l-26"/>wat het is en hoeft gij ’t ook niet te verzwijgen <lb n="27" xml:id="l-27"/>als mogelijk iemand er U direkt naar vragen <lb n="28" xml:id="l-28"/>mogt en in geen geval hoeft gij het zwaar te tillen. <lb n="29" xml:id="l-29"/>Ik heb natuurlijkerwijs 14 dagen vooruit moeten <lb n="30" xml:id="l-30"/>betalen<c type="kk">/</c> f<c type="kp">_</c> 10.50 voor verpleegkosten. Tusschen de personen <lb n="31" xml:id="l-31"/>die voor de rekening der armenkas kosteloos verpleegd <lb n="32" xml:id="l-32"/>worden &amp; die welke zelf f<c type="kp">_</c> 10.50 betalen bestaat geen onderscheid <lb n="33" xml:id="l-33"/>wat voeding of behandeling betreft. Men ligt met 10 personen <lb n="34" xml:id="l-34"/>op een zaal en ik moet U zeggen dat de behandeling <lb n="35" xml:id="l-35"/>in alle opzigten heel best is. Ik verveel mij niet <lb n="36" xml:id="l-36"/>en de rust en flinke praktische geneeskundige behandeling <lb n="37" xml:id="l-37"/>doet mij goed.</ab>
<pb f="1v" n="2" xml:id="pb-orig-1v-2" facs="#zone-pb-1v-2"/><lb n="38" xml:id="l-38"/>
<ab rend="indent">Als het U convenieert wees dan zoo goed <lb n="39" xml:id="l-39"/>tegen 20 Junij te zenden aan bovenstaand <lb n="40" xml:id="l-40"/>adres<c type="kk">/</c> doch <hi rend="sc">niet</hi> per aanget. brief maar zonder <lb n="41" xml:id="l-41"/>den brief aan te teekenen<c type="kk">/</c> frs. 50. Gij weet <lb n="42" xml:id="l-42"/>1 Junij ontving ik frs 100<c type="kp">_</c> Zoodoende ben <lb n="43" xml:id="l-43"/>ik dan in elk geval geborgen. Moet ik <lb n="44" xml:id="l-44"/>nog blijven<c type="kk">/</c> betaal ik bij en blijf nog en anders heb <lb n="45" xml:id="l-45"/>ik om weer mee voort te gaan<c type="kp">_</c></ab><lb n="46" xml:id="l-46"/>
<ab rend="indent">Ik ging liever weer werken over 14 dagen <lb n="47" xml:id="l-47"/>natuurlijk en zal over 14 dagen er naar snakken <lb n="48" xml:id="l-48"/>weer naar de duinen te gaan.</ab><lb n="49" xml:id="l-49"/>
<ab rend="indent">Sien komt bij mij op de bezoekdagen en houdt <lb n="50" xml:id="l-50"/>het oog op ’t atelier. Nu moet gij nog weten <lb n="51" xml:id="l-51"/>dat ik den dag voor ik naar hier ging nog een <lb n="52" xml:id="l-52"/>schrijven ontving van C.M<c type="kp">_</c> waarin hij een <lb n="53" xml:id="l-53"/>heele boel schrijft over “belangstelling” die hij voor <lb n="54" xml:id="l-54"/>mij heeft, en die<c type="kk">/</c> zegt hij<c type="kk">/</c> ook de Hr Tersteeg <lb n="55" xml:id="l-55"/>mij heeft getoond doch<c type="kk">/</c> gaat hij voort<c type="kk">/</c> hij <lb n="56" xml:id="l-56"/>vond het niet goed van mij ik zoo <lb n="57" xml:id="l-57"/>ondankbaar was geweest voor die belangstelling <lb n="58" xml:id="l-58"/>van H<c type="kp">_</c>G.T. Que soit<c type="kp">_</c>– Ik leg<anchor n="c" xml:id="note-o-c"/> hier nu <lb n="59" xml:id="l-59"/>waarlijk kalm en bedaard genoeg maar <lb n="60" xml:id="l-60"/>ik verzeker U Theo<c type="kk">/</c> dat ik erg uit mijn humeur <lb n="61" xml:id="l-61"/>zou raken als een of ander persoon mij op nieuw <lb n="62" xml:id="l-62"/>zulk een soort van belangstelling kwam opdisschen <lb n="63" xml:id="l-63"/>als H.G.T. bij zekere gelegenheden. En als ik nadenk <lb n="64" xml:id="l-64"/>hoe Z.Ed<c type="kp">_</c> die belangstelling zoo ver dreef dat <lb n="65" xml:id="l-65"/>hij mij bij een opiumrooker durfde vergelijken <lb n="66" xml:id="l-66"/>dan verwondert het me nog dat ik hem toen <lb n="67" xml:id="l-67"/>niet van mijn kant mijn belangstelling <lb n="68" xml:id="l-68"/>getoond heb in den vorm van een: donder op.</ab>
<pb f="1v" n="3" xml:id="pb-orig-1v-3" facs="#zone-pb-1v-3"/><lb n="69" xml:id="l-69"/>
<ab rend="indent">Van opiumrooken gesproken – de comfort en luxe<c type="kk">/</c> <lb n="70" xml:id="l-70"/>de soort van glorie waarin H.G.T. zich beweegt en een <lb n="71" xml:id="l-71"/>tamelijke sterke doses vleijerij die de gaande en komende <lb n="72" xml:id="l-72"/>man hem mee brengt<c type="kk">/</c> dat zijn dingen die ZEd<c type="kp">_</c> zelf <lb n="73" xml:id="l-73"/>misschien nu en dan meer benevelen dan hij <lb n="74" xml:id="l-74"/>zich wel bewust is<c type="kp">_</c></ab><lb n="75" xml:id="l-75"/>
<ab rend="indent">Kortom met al zijn oppervlakkige fijnheid van vormen<c type="kk">/</c> <lb n="76" xml:id="l-76"/>met zijn oppervlakkig beschaafde manieren<c type="kk">/</c> zijne <lb n="77" xml:id="l-77"/>nette kleeren enz<c type="kp">_</c> enz<c type="kp">_</c> vindt ik ook bij nadenken <lb n="78" xml:id="l-78"/>er over<c type="kk">/</c> ook bij terugdenken er aan in ’t karakter <lb n="79" xml:id="l-79"/>van ZEd<c type="kp">_</c> iets <hi rend="ital">valschs</hi><c type="kp">_</c> Ik wenschte ’t zoo niet <lb n="80" xml:id="l-80"/>ware doch ik kan niet anders spreken. <lb n="81" xml:id="l-81"/>Dat ZEd<c type="kp">_</c> een knap man zij voor een <lb n="82" xml:id="l-82"/>oogenblik geheel en al niet in <lb n="83" xml:id="l-83"/>twijfel trekkende<c type="kk">/</c> blijft nog een andere <lb n="84" xml:id="l-84"/>kwestie op den voorgrond voor ik hem respecteer. <lb n="85" xml:id="l-85"/>Is hij een goed man? n<c type="kp">_</c>l. iemand die niet <lb n="86" xml:id="l-86"/>uit principe haat<c type="kk">/</c> rancune<c type="kk">/</c> chicane<c type="kk">/</c> sarcasme <lb n="87" xml:id="l-87"/>van binnen in zich expres opkweekt<c type="kp">_</c> Ziedaar <lb n="88" xml:id="l-88"/>de kwestie.</ab><lb n="89" xml:id="l-89"/>
<ab rend="indent">Ik heb C.M. niet geantwoord op zijn laatsten brief <lb n="90" xml:id="l-90"/>noch zal het ook doen.<anchor n="6" xml:id="note-o-6"/> Dat ZEd<c type="kp">_</c> mij <lb n="91" xml:id="l-91"/>zegt dat hij ook later nog wel eens iets nemen zal<c type="kk">/</c> <lb n="92" xml:id="l-92"/>uit belangstelling zeker ook<c type="kk">/</c> apprecieer ik<c type="kk">/</c> evenwel vooral wanneer <lb n="93" xml:id="l-93"/>hij het meent<c type="kk">/</c> ’t welk van zelf blijken zal.</ab><lb n="94" xml:id="l-94"/>
<ab rend="indent">Te meer ben ik er niet rouwig om hier eens <lb n="95" xml:id="l-95"/>een paar dagen rustig te liggen omdat ik<c type="kk">/</c> <lb n="96" xml:id="l-96"/>in geval zulks mij noodig mogt zijn<c type="kk">/</c> van <lb n="97" xml:id="l-97"/>den dokter hier<anchor n="7" xml:id="note-o-7"/> eene officieele verklaring kan krijgen <lb n="98" xml:id="l-98"/>ik volstrekt niet iemand ben die naar Gheel<anchor n="8" xml:id="note-o-8"/> <lb n="99" xml:id="l-99"/>of onder curateele moet.</ab><lb n="100" xml:id="l-100"/>
<ab rend="indent">En als dat niet genoeg is ook nog een<c type="kk">/</c> als <lb n="101" xml:id="l-101"/>ik er werk van maak<c type="kk">/</c> van den Professor <lb n="102" xml:id="l-102"/>direkteur van de inrigting voor kraamvrouwen <lb n="103" xml:id="l-103"/>te Leiden.<anchor n="9" xml:id="note-o-9"/></ab>
<pb f="1r" n="4" xml:id="pb-orig-1r-4" facs="#zone-pb-1r-4"/><lb n="104" xml:id="l-104"/>
<ab rend="indent">Maar misschien zijn die personen die het eventueel in den <lb n="105" xml:id="l-105"/>zin mogten krijgen om te verklaren dat <hi rend="ital">de familie</hi> <lb n="106" xml:id="l-106"/>of <hi rend="ital">de maatschappij</hi> er zooveel bij winnen zou als iemand <lb n="107" xml:id="l-107"/>als ik gek verklaard of onder curateele gesteld <lb n="108" xml:id="l-108"/>werd<c type="kk">/</c> wel zoo fameus groote lui dat zij in zulke dingen <lb n="109" xml:id="l-109"/>’t veel beter weten dan b.v. de dokter van hier<c type="kp">_</c></ab><lb n="110" xml:id="l-110"/>
<ab rend="indent">Enfin. Een brief van U zou mij natuurlijk <lb n="111" xml:id="l-111"/>wel pleizier doen dezer dagen.</ab><lb n="112" xml:id="l-112"/>
<ab rend="indent">Sien maakt zich klaar te vertrekken<c type="kp">_</c> <lb n="113" xml:id="l-113"/>Ik denk veel aan haar<c type="kk">/</c> strak<anchor n="d" xml:id="note-o-d"/> <lb n="114" xml:id="l-114"/>wacht ik haar weer<c type="kp">_</c> Moge zij er maar <lb n="115" xml:id="l-115"/>behouden doorkomen.</ab><lb n="116" xml:id="l-116"/>
<ab rend="indent">Ik heb er mij tegen verzet zoolang ik kon <lb n="117" xml:id="l-117"/>en nog doorgewerkt maar eindelijk <lb n="118" xml:id="l-118"/>begreep ik het urgent was een dokter <lb n="119" xml:id="l-119"/>te raadpleegen. Maar hij zei me <lb n="120" xml:id="l-120"/>van morgen nog ik er spoedig af zou zijn. <lb n="121" xml:id="l-121"/>Hebt gij de twee teekeningetjes nog <lb n="122" xml:id="l-122"/>gekregen.<anchor n="10" xml:id="note-o-10"/></ab><lb n="123" xml:id="l-123"/>
<ab rend="indent">à dieu met een handdruk <lb n="124" xml:id="l-124"/>&amp; U toewenschende zooveel voorspoed <lb n="125" xml:id="l-125"/>als een mensch tegen kan<c type="kp">_</c></ab>
<vg:whiteline/><lb n="126" xml:id="l-126"/>
<ab>t. à t.</ab><lb n="127" xml:id="l-127"/>
<ab>Vincent</ab>
<vg:whiteline/><lb n="128" xml:id="l-128"/>
<ab>Ik moet U nog eens zeggen dat het <lb n="129" xml:id="l-129"/>antecedent van <hi rend="ital">Gheel</hi><c type="kk">/</c> als wanneer men <lb n="130" xml:id="l-130"/>om <hi rend="ital">physieke</hi> redenen iets in den zin had in <lb n="131" xml:id="l-131"/>den trant van curateele tegen mij<c type="kk">/</c> het <lb n="132" xml:id="l-132"/>nu moeielijk maakt voor de familie ineens te veranderen <lb n="133" xml:id="l-133"/>van chapiter en ’t niet meer in ’t <hi rend="ital">physieke</hi> <lb n="134" xml:id="l-134"/>doch in ’t <hi rend="ital">finantieele</hi> te zoeken.<anchor n="11" xml:id="note-o-11"/> <lb n="135" xml:id="l-135"/>Zulke dingen kunnen geen steek houden. Nog eens<c type="kk">/</c> ik hoop <lb n="136" xml:id="l-136"/>men zoover niet zal gaan.</ab><lb n="137" xml:id="l-137"/>
<ab rend="indent">Maar schrijf gij eens spoedig want ik verlang er naar.</ab><lb n="138" xml:id="l-138"/>
<ab rend="indent">Gij begrijpt Theo<c type="kk">/</c> ik spreek met den geneesheer hier noch met den professor <lb n="139" xml:id="l-139"/>te Leiden over familiezaken – alleen omdat ik zelf onder behandeling <lb n="140" xml:id="l-140"/>van eerst- en Sien onder behandeling van laatstgenoemde is hoeft het <lb n="141" xml:id="l-141"/>mij maar een woord te kosten in geval van nood om het getuigenis dezer <lb n="142" xml:id="l-142"/>heeren te kunnen overstellen tegen die andere mogelijke verklaring van een paar <lb n="143" xml:id="l-143"/>personen waarvan gij spraakt.</ab>
<vg:whiteline/>
<div type="textualNotes">
<note target="l-1" n="1">9) &lt; 9</note>
<note target="l-105" targetEnd="l-106" n="105-106"><hi rend="ital">de familie</hi> of <hi rend="ital">de maatschappij</hi> &lt; <hi rend="ital">Van Gogh first wrote ‘de maatschappij of de familie’, but then added the numbers 2 and 1 respectively beneath them, indicating that they were to be read in the reverse order.</hi></note>
<note target="l-140" n="140">eerst- &lt; eerst</note></div></div>
<div type="translation">
<pb f="1r" n="1" xml:id="pb-trans-1r-1" facs="#zone-pb-1r-1"/>
<ab>Municipal hospital (4th class, Ward 6, no. 9)</ab>
<ab>Brouwersgracht.<anchor n="1" xml:id="note-t-1"/></ab>
<vg:whiteline/>
<ab>My dear Theo,</ab>
<ab>Should you come here towards the end of June,<anchor n="2" xml:id="note-t-2"/> I hope you’ll find me back at work, but at present I’m in hospital, although I’ll only be here for about a fortnight.<anchor n="3" xml:id="note-t-3"/> For some 3 weeks I’d been suffering a good deal from sleeplessness and chronic fever, and felt pain on passing water. And now it turns out that I’ve got a very mild case of what’s known as ‘a dose of the clap’. So I have to stay quietly in bed, swallow a lot of quinine tablets and from time to time have instillations of pure water or alum water,<anchor n="4" xml:id="note-t-4"/> thus as harmless as could be. There’s no reason for you to be in the least concerned about this, but as you know one has to take this sort of thing seriously and act immediately, because neglect can make it incurable or exacerbate matters. Take the case of <rs type="pers" key="903">Breitner</rs>, who’s still here, though in another ward,<anchor n="5" xml:id="note-t-5"/> and will probably leave soon — he doesn’t know I’m here.</ab>
<ab rend="indent">I’d be grateful if you didn’t mention this, because people sometimes think it’s terribly serious or make it sound serious by telling exaggerated tales. Of course I’m telling you exactly what it is, and you needn’t keep silent if someone asks you directly, and in any event you needn’t worry. Naturally I had to pay for a fortnight in advance, 10.50 guilders for nursing costs. There’s no difference in food or treatment between those whose nursing is paid for by poor relief and those who pay the 10.50 guilders themselves. There are 10 beds in a ward, and I must say that the treatment is very good in every respect. I’m not bored, and the rest and proper, practical medical treatment are doing me good. 
<pb f="1v" n="2" xml:id="pb-trans-1v-2" facs="#zone-pb-1v-2"/></ab>
<ab rend="indent">If it’s convenient, be so good as to send around 20 June to the above address, but <hi rend="sc">not</hi> by registered letter, 50 francs without registering the letter. As you know, I received 100 francs on 1 June, so I’m taken care of in any event. If I have to stay longer, I’ll pay the extra and stay on, and otherwise I’ll have enough to carry on with. </ab>
<ab rend="indent">I’d prefer to get back to work in a fortnight, of course, and I’ll be dying to go back to the dunes in a fortnight. </ab>
<ab rend="indent"><rs type="pers" key="463">Sien</rs> comes to see me on visiting days and is keeping an eye on the studio. Now I must tell you that the day before I came here I received a letter from <rs type="pers" key="422">C.M.</rs> in which he writes a good deal about the ‘interest’ that he takes in me and which, he says, <rs type="pers" key="787">Mr Tersteeg</rs> has shown, but, he continues, he didn’t approve of how ungrateful I was for H.G.T.’s interest. So be it. I’m lying here completely calmly and quietly now, but I assure you, Theo, that I would be put in a very bad mood if someone again dished me up with the same sort of interest as H.G.T. on certain occasions. And when I think how His Hon. took that interest to the point of daring to compare me to an opium smoker, I’m still amazed that for my part I didn’t show my interest by telling him to go to hell. 
<pb f="1v" n="3" xml:id="pb-trans-1v-3" facs="#zone-pb-1v-3"/> </ab>
<ab rend="indent">Talking of smoking opium, the comfort and luxury, the sort of glory in which <rs type="pers" key="787">H.G.T.</rs> moves and the fairly strong doses of flattery that his visitors bring for him — those are things that perhaps befuddle His Hon. now and again more than he realizes. </ab>
<ab rend="indent">In short, with all his superficially refined politeness, with his superficially civilized manners, his smart clothes and so on and so on, on consideration and also looking back on it, I find something <hi rend="ital">malicious</hi> in His Hon.’s character. I wish it weren’t so, but I can’t say otherwise. I don’t doubt for a moment that His Hon. is a clever man, but another question comes first before I can respect him: is he a good man? Namely someone who doesn’t deliberately and on principle cultivate hatred, rancour, bickering and sarcasm inside himself. That is the question.</ab>
<ab rend="indent">I haven’t replied to <rs type="pers" key="787">C.M.</rs>’s last letter, nor shall I.<anchor n="6" xml:id="note-t-6"/> I appreciate His Hon.’s telling me that he’ll also take something else later, no doubt out of interest too, but especially if he means it, which time will tell. </ab>
<ab rend="indent">Another reason for not regretting lying here quietly for a few days is that, should I need it, I can get an official statement from the <rs type="pers" key="151">doctor</rs> here<anchor n="7" xml:id="note-t-7"/> that I’m absolutely not the sort of person who should be sent to Geel<anchor n="8" xml:id="note-t-8"/> or made a ward of court. </ab>
<ab rend="indent">And if that isn’t enough, I can also get another, if I make an effort, from the professor in charge of the lying-in clinic in Leiden.<anchor n="9" xml:id="note-t-9"/> 
<pb f="1r" n="4" xml:id="pb-trans-1r-4" facs="#zone-pb-1r-4"/> </ab>
<ab rend="indent">But perhaps those people who might possibly get it into their heads to declare that <hi rend="ital">the family</hi> or <hi rend="ital">society</hi> would be so much better off if someone like me were to be declared mad or made a ward of court are so extraordinarily brilliant that in such cases they know far better than, for example, the doctor here.</ab>
<ab rend="indent">Anyway, a letter from you would of course give me great pleasure at the moment.</ab>
<ab rend="indent"><rs type="pers" key="463">Sien</rs> is getting ready to leave. I think of her a great deal — I expect her again later. May she come through it safely. </ab>
<ab rend="indent">I resisted as long as I could and carried on working, but in the end I realized I needed to see a doctor urgently. But he told me just this morning that I would soon be rid of it. Did you get the two little drawings?<anchor n="10" xml:id="note-t-10"/></ab>
<ab rend="indent">Adieu with a handshake, and wishing you as much good fortune as anyone could deal with.</ab>
<vg:whiteline/>
<ab>Ever yours,</ab>
<ab>Vincent</ab>
<vg:whiteline/>
<ab>I must tell you again that the precedent of <hi rend="ital">Geel</hi>, at which time they were minded to make me a ward of court on <hi rend="ital">physical</hi> grounds, makes it difficult for the family suddenly to change their story now and look for <hi rend="ital">financial</hi> rather than <hi rend="ital">physical</hi> reasons.<anchor n="11" xml:id="note-t-11"/> Such arguments won’t hold water. Again, I hope they won’t go that far. </ab>
<ab rend="indent">But write soon, for I’m longing for a letter.</ab>
<ab rend="indent">You do understand, Theo, that I don’t discuss family matters with the doctor here or the professor in Leiden — but because I’m being treated by the former and <rs type="pers" key="463">Sien</rs> by the latter, it will only take a word from me in the last resort to secure the testimony of these two gentlemen to set against any possible statements by a few people of which you spoke. </ab></div>
<div type="notes">
<note n="1" xml:id="n-1" target="#note-t-1">
<ab>On 7 June Van Gogh had been admitted to the hospital where <rs type="pers" key="903">Breitner</rs> was also a patient, the Municipal Hospital located on Zuidwal and Brouwersgracht. It was still often referred to by its old name of Burgergasthuis. His internal address while he was in hospital remained 4th Class, Ward 6, Bed 9, but after something over 14 days he was moved to a ward ‘without curtains’ (<ref target="let239.xml">see letter 239</ref>). Cf. also exhib. cat. The Hague 1990, p. 178 (n. 14).</ab></note>
<note n="2" xml:id="n-2" target="#note-t-2">
<ab>Theo’s visit, which Vincent had been looking forward to since March, would eventually take place at the beginning of August (<ref target="let252.xml">see letters 252</ref> and <ref target="let253.xml">253</ref>).</ab></note>
<note n="3" xml:id="n-3" target="#note-t-3">
<ab>Van Gogh was to stay there a little longer, namely until 1 July. On admission he had 25 centimes according to the ‘Admissions Register’, which has been lost. Illustrated in Tralbaut 1968, pp. 14-15.</ab></note>
<note n="a" xml:id="n-a" target="#note-o-a">
<ab>Means: ‘een aanhoudende koorts die het gestel langzaam ondermijnt’ (a persistent fever that gradually undermines the constitution).</ab></note>
<note n="4" xml:id="n-4" target="#note-t-4">
<ab>The official diagnosis, as stated in the patients’ register, was ‘Gonorrhoea’; the method of treatment was ‘Injectiones c[um] Sol[utione] Sulph[atis] Zinc[icum]’. <rs type="ill" key="2096">Ill. 2096</rs> (<hi rend="ital">GAH</hi>, book no. 424, inv. no. 959).</ab></note>
<note n="b" xml:id="n-b" target="#note-o-b">
<ab>To be construed as: ‘Last too long to be able to be cured’; cf. the expression ‘een verouderde kwaal’. </ab></note>
<note n="5" xml:id="n-5" target="#note-t-5">
<ab><rs type="pers" key="903">Breitner</rs> was treated in the 3rd class (the ward is not specified in the patients’ register). <rs type="ill" key="2097">Ill. 2097</rs>.</ab></note>
<note n="c" xml:id="n-c" target="#note-o-c">
<ab>Read: ‘lig’ (lie).</ab></note>
<note n="6" xml:id="n-6" target="#note-t-6">
<ab>This contradicts <ref target="let236.xml">letter 236</ref>, in which Van Gogh writes at length to <rs type="pers" key="1306">Van Rappard</rs> about how he replied to <rs type="pers" key="422">Uncle Cor</rs>’s reaction. </ab></note>
<note n="7" xml:id="n-7" target="#note-t-7">
<ab>Van Gogh was treated by the assistant physician <rs type="pers" key="151">Cornelis Anthonie Molenaar</rs> (<hi rend="ital">GAH</hi>; on him Haeseker and Koch 1992, p. 41). </ab></note>
<note n="8" xml:id="n-8" target="#note-t-8">
<ab>For the ‘Geel affair’, <ref target="let185.xml">see letter 185</ref>. </ab></note>
<note n="9" xml:id="n-9" target="#note-t-9">
<ab>For <rs type="pers" key="217">A.E. Simon Thomas</rs>, the doctor who treated <rs type="pers" key="463">Sien</rs>, <ref target="let224.xml#n-4">see letter 224, n. 4.</ref></ab></note>
<note n="d" xml:id="n-d" target="#note-o-d">
<ab>Variant of ‘straks’.</ab></note>
<note n="10" xml:id="n-10" target="#note-t-10">
<ab>These would have been <hi rend="ital">Fish-drying barn</hi> (<rs type="ill" key="2377">F 940 / JH 154</rs>) and <hi rend="ital">Carpenter’s yard and laundry</hi> (<rs type="ill" key="2376">F 944 / JH 153</rs>), which were sent on Saturday, 3 June (<ref target="let235.xml">see letter 235</ref>). By ‘little drawings’ he is not referring to the format, but rather taking a fairly modest attitude – they measure 28.5 x 45 cm and 27 x 43.5 cm respectively.</ab></note>
<note n="11" xml:id="n-11" target="#note-t-11">
<ab>One could be made a ward of court on the grounds of insanity or wastefulness. It can be deduced from this remark that the Van Gogh family evidently intended to use Vincent’s financial incompetence as the basis for the procedure.</ab></note></div></body></text></TEI>
