<?xml version="1.0" encoding="UTF-8"?>
<!-- Last Changed Date: 2018-07-18 12:32:41 +0200 (Wed, 18 Jul 2018) | SVN Revision: 2206 -->
<!--Licensed under Attribution-NonCommercial-ShareAlike 4.0 International (CC BY-NC-SA 4.0)-->
<?xml-model href="https://xmlschema.huygens.knaw.nl/vgodd.rng" type="application/xml" schematypens="http://relaxng.org/ns/structure/1.0"?>
<TEI xmlns:vg="http://www.vangoghletters.org/ns/" xmlns="http://www.tei-c.org/ns/1.0">
<teiHeader xmlns:xsi="http://www.w3.org/2001/XMLSchema-instance"><fileDesc>
<titleStmt>
<title>To Theo van Gogh. The Hague, Sunday, 23 July 1882.</title>
<editor>Leo Jansen</editor>
<editor>Hans Luijten</editor>
<editor>Nienke Bakker</editor></titleStmt>
<publicationStmt>
<publisher><name>Huygens Instituut voor Nederlandse Geschiedenis (KNAW)</name><email>info@huygens.knaw.nl</email></publisher>
<publisher>Van Gogh Museum</publisher>
<pubPlace>Amsterdam</pubPlace>
<date type="first" when="2009">2009</date>
<availability status="restricted">
<licence target="http://creativecommons.org/licenses/by-nc-sa/4.0/ https://creativecommons.org/licenses/by-nc-sa/4.0/legalcode">
<p>Attribution-NonCommercial-ShareAlike 4.0 International (CC BY-NC-SA 4.0) </p></licence></availability>
<ptr target="http://vangoghletters.org/orig/let250"/></publicationStmt><sourceDesc><vg:letDesc><vg:letIdentifier>
<idno type="jlb">250</idno>
<idno type="collectedletters">219</idno>
<idno type="brieven1990">251</idno></vg:letIdentifier><vg:letHeading><author>Vincent van Gogh</author><vg:addressee>Theo van Gogh</vg:addressee><vg:placeLet>The Hague</vg:placeLet><vg:dateLet>Sunday, 23 July 1882</vg:dateLet></vg:letHeading><vg:letContents>
<p>To Theo van Gogh. The Hague, Sunday, 23 July 1882.</p>
<note type="ongoingTopic" n="1">
<p>Planned visit by Theo <ref target="let237.xml">(237)</ref></p></note>
<note type="ongoingTopic" n="2">
<p>Van Gogh is recovering from his illness <ref target="let241.xml">(241)</ref></p></note>
<note type="ongoingTopic" n="3">
<p>Disagreeable visit by Tersteeg <ref target="let247.xml">(247)</ref></p></note></vg:letContents>
<note type="sourceStatus" xml:id="sourceStatus">
<p>Original manuscript</p></note>
<note type="location" xml:id="location">
<p>Amsterdam, Van Gogh Museum, inv. nos. b241 a-b V/1962</p></note>
<note type="date" xml:id="date">
<p>Letter headed: ‘Zondagmorgen’. Van Gogh is responding to a letter from Theo that has crossed with <ref target="let249.xml">letter 249</ref> of on or about 21 July 1882. Thus the day on which the letter was written must be shortly after the 21st. Since the day was a Sunday, it must have been 23 July 1882; a week later is impossible because Theo must have begun his journey to the Netherlands around 30 July at the latest, and <ref target="let251.xml">letter 251</ref> was sent before his departure.</p></note></vg:letDesc></sourceDesc></fileDesc></teiHeader>
<facsimile xmlns:xsi="http://www.w3.org/2001/XMLSchema-instance">
<surface n="b 0241 a" xml:id="surf-pb-1r"><graphic mimeType="image/tiff" url="VGM001000289_01.TIF" rend="norend"/><graphic mimeType="image/tiff" url="VGM001000289_01_n.tif" rend="norend"/><graphic mimeType="image/jpeg" url="VGM001000289_01_nt.jpg" height="50px" rend="thumbnail"/><zone xml:id="zone-pb-1r-1">
<graphic mimeType="image/tiff" url="VGM001000289_01_nR.tif" rend="norend"/><graphic mimeType="image/jpeg" url="VGM001000289_01_nRt.jpg" height="50px" rend="thumbnail"/><graphic mimeType="image/png" url="VGM001000289_01_nRf.png" width="380px" rend="facstab"/></zone>
<zone xml:id="zone-pb-1r-4">
<graphic mimeType="image/tiff" url="VGM001000289_01_nL.tif" rend="norend"/><graphic mimeType="image/jpeg" url="VGM001000289_01_nLt.jpg" height="50px" rend="thumbnail"/><graphic mimeType="image/png" url="VGM001000289_01_nLf.png" width="380px" rend="facstab"/></zone>
</surface>
<surface n="b 0241 a" xml:id="surf-pb-1v"><graphic mimeType="image/tiff" url="VGM001000289_02.TIF" rend="norend"/><graphic mimeType="image/tiff" url="VGM001000289_02_n.tif" rend="norend"/><graphic mimeType="image/jpeg" url="VGM001000289_02_nt.jpg" height="50px" rend="thumbnail"/><zone xml:id="zone-pb-1v-2">
<graphic mimeType="image/tiff" url="VGM001000289_02_nL.tif" rend="norend"/><graphic mimeType="image/jpeg" url="VGM001000289_02_nLt.jpg" height="50px" rend="thumbnail"/><graphic mimeType="image/png" url="VGM001000289_02_nLf.png" width="380px" rend="facstab"/></zone>
<zone xml:id="zone-pb-1v-3">
<graphic mimeType="image/tiff" url="VGM001000289_02_nR.tif" rend="norend"/><graphic mimeType="image/jpeg" url="VGM001000289_02_nRt.jpg" height="50px" rend="thumbnail"/><graphic mimeType="image/png" url="VGM001000289_02_nRf.png" width="380px" rend="facstab"/></zone>
</surface>
<surface n="b 0241 b" xml:id="surf-pb-2r"><graphic mimeType="image/tiff" url="VGM001000290_01.TIF" rend="norend"/><zone xml:id="zone-pb-2r-5">
<graphic mimeType="image/tiff" url="VGM001000290_01_n.tif" rend="norend"/><graphic mimeType="image/jpeg" url="VGM001000290_01_nt.jpg" height="50px" rend="thumbnail"/><graphic mimeType="image/png" url="VGM001000290_01_nf.png" width="380px" rend="facstab"/></zone>
</surface>
<surface n="b 0241 b" xml:id="surf-pb-2v"><graphic mimeType="image/tiff" url="VGM001000290_02.TIF" rend="norend"/><zone xml:id="zone-pb-2v-6">
<graphic mimeType="image/tiff" url="VGM001000290_02_n.tif" rend="norend"/><graphic mimeType="image/jpeg" url="VGM001000290_02_nt.jpg" height="50px" rend="thumbnail"/><graphic mimeType="image/png" url="VGM001000290_02_nf.png" width="380px" rend="facstab"/></zone>
</surface></facsimile><text xmlns:xsi="http://www.w3.org/2001/XMLSchema-instance"><body>
<div type="original">
<pb f="1r" n="1" xml:id="pb-orig-1r-1" facs="#zone-pb-1r-1"/><lb n="1" xml:id="l-1"/>
<ab>Zondagmorgen</ab>
<vg:whiteline/><lb n="1*" xml:id="l-1s"/>
<ab>Waarde Theo,</ab><lb n="2" xml:id="l-2"/>
<ab>Uw brief heb ik ontvangen alsmede ingesl. <lb n="3" xml:id="l-3"/>biljet frs 50.– Voor beiden dank ik U regt <lb n="4" xml:id="l-4"/>hartelijk en zeer verheugt het mij dat gij omtrent <lb n="5" xml:id="l-5"/>Uw komst eenige details hebt opgegeven.</ab><lb n="6" xml:id="l-6"/>
<ab rend="indent">Vindt gij het goed dat wij afspreken wij als <lb n="7" xml:id="l-7"/>gij hier zijt den tijd die Uwe zaken of bezoeken <lb n="8" xml:id="l-8"/>U overlaten zamen doorbrengen &amp; dan <lb n="9" xml:id="l-9"/>van weerskanten ons best doen om in een soort <lb n="10" xml:id="l-10"/>stemming te zijn als vroeger bij den Rijswijkschen <lb n="11" xml:id="l-11"/>molen.<anchor n="1" xml:id="note-o-1"/></ab><lb n="12" xml:id="l-12"/>
<ab rend="indent">Mij aangaande<c type="kk">/</c> kerel – ofschoon de molen weg is<anchor n="2" xml:id="note-o-2"/> <lb n="13" xml:id="l-13"/>en even onherroepelijk de jaren &amp; mijn jeugd van <lb n="14" xml:id="l-14"/>vroeger – wat diep binnen in mij weer wakker <lb n="15" xml:id="l-15"/>is<c type="kk">/</c> dat is het geloof dat er iets goeds is en dat het <lb n="16" xml:id="l-16"/>de moeite waard is om zich in te spannen &amp; zijn best <lb n="17" xml:id="l-17"/>te doen het leven serieus op te vatten. Misschien <lb n="18" xml:id="l-18"/>of liever zeker zit dat er nu vaster bij me in <lb n="19" xml:id="l-19"/>geworteld dan vroeger toen ik minder ondervonden <lb n="20" xml:id="l-20"/>had. Het is nu bij mij de kwestie de poezij van toen uit te drukken <lb n="20a" xml:id="l-20a"/>in teekeningen. </ab><lb n="21" xml:id="l-21"/>
<ab rend="indent">Uw brief aan mij kruistte den mijnen waarin ik <lb n="22" xml:id="l-22"/>U vertelde ik besloten had<c type="kk">/</c> wel of niet wel<c type="kk">/</c> verder <lb n="23" xml:id="l-23"/>maar geregeld door te werken.<anchor n="3" xml:id="note-o-3"/></ab><lb n="24" xml:id="l-24"/>
<ab rend="indent">Welnu ik heb dat ook gedaan, en ik bevind mij er <lb n="25" xml:id="l-25"/>goed mee ofschoon ik meer moet innemen om <lb n="26" xml:id="l-26"/>er tegen te kunnen. Maar het werk zelf stemt <lb n="27" xml:id="l-27"/>mij natuurlijk veel helderder – ik kon ’t op ’t laatst <lb n="28" xml:id="l-28"/>niet meer uithouden van ’t teekenen af te blijven. <lb n="29" xml:id="l-29"/>Als ge nu komt, broer, dan heb ik een paar <lb n="30" xml:id="l-30"/>aquarellen voor je. Sapperloot<c type="kk">/</c> het atelier <lb n="31" xml:id="l-31"/>werkt zoo prettig<c type="kp">_</c>– Gij weet<c type="kk">/</c> verl. winter heb ik <lb n="32" xml:id="l-32"/>gezegd<c type="kk">/</c> over een jaar krijgt ge aquarellen<c type="kp">_</c>–<anchor n="4" xml:id="note-o-4"/></ab><lb n="33" xml:id="l-33"/>
<ab rend="indent">Deze van nu hebben eenvoudig ten doel ’t U duidelijk <lb n="34" xml:id="l-34"/>te maken dat als ik werk op ’t teekenen<c type="kk">/</c> de correctheid van <lb n="35" xml:id="l-35"/>perspectief &amp; proportie<c type="kk">/</c> dit tegelijk mij doet vooruitgaan ten <lb n="36" xml:id="l-36"/>opzigte van ’t aquarelleeren.</ab>
<pb f="1v" n="2" xml:id="pb-orig-1v-2" facs="#zone-pb-1v-2"/><lb n="37" xml:id="l-37"/>
<ab rend="indent">En ik voor mij heb ze eens gemaakt om de proef <lb n="38" xml:id="l-38"/>eens te nemen in hoever nu, na een tijd (± een half jaar) uitsluitend <lb n="39" xml:id="l-39"/>geteekend te hebben, ’t aquarelleeren me makkelijker ging <lb n="40" xml:id="l-40"/>en ten tweede om er uit te zien in welk opzigt <lb n="41" xml:id="l-41"/>ik nog verder mij moet opwerken met betrekking <lb n="42" xml:id="l-42"/>tot die fondament of grondteekening waar alles van <lb n="43" xml:id="l-43"/>afhangt<c type="kp">_</c></ab><lb n="44" xml:id="l-44"/>
<ab rend="indent">Het zijn landschappen met gecompliceerde perspectief<c type="kk">/</c> <lb n="45" xml:id="l-45"/>zeer moeielijk van teekening – maar juist daarom <lb n="46" xml:id="l-46"/>is er dan ook een echt Hollandsch karakter &amp; sentiment <lb n="47" xml:id="l-47"/>in. Ze lijken op de laatstgezondenen<c type="kk">/</c><anchor n="5" xml:id="note-o-5"/> zijn niet minder concientieus van teekening<c type="kk">/</c> alleen nu <lb n="48" xml:id="l-48"/>komt er bij: de kleur – het zachte groen van ’t weiland <lb n="49" xml:id="l-49"/>contrasteerende met het roode pannendak – het licht <lb n="50" xml:id="l-50"/>in de lucht sterker sprekende tegen de doffe toonen <lb n="51" xml:id="l-51"/>van den voorgrond<c type="kk">/</c> een werf met aarde en vochtig hout.–<anchor n="6" xml:id="note-o-6"/></ab><lb n="52" xml:id="l-52"/>
<ab rend="indent">Tersteeg in zijn beoordeeling van mij &amp; mijn gedrag<c type="kk">/</c> <lb n="53" xml:id="l-53"/>stelt als uitgangspunt altijd bij zich zelf vast dat <lb n="54" xml:id="l-54"/>ik niets kan &amp; nergens voor deug. Dat heb ik uit zijn <lb n="55" xml:id="l-55"/>eigen mond... “Och – met dat schilderen van jou <lb n="56" xml:id="l-56"/>gaat het al net als met alle andere dingen die <lb n="57" xml:id="l-57"/>je begonnen zijt – er komt niets van”.–</ab><lb n="58" xml:id="l-58"/>
<ab rend="indent">Zoo sprak hij van den winter<c type="kk">/</c> zoo spreekt hij nu ook – waarop ik hem <lb n="59" xml:id="l-59"/>zei ’t me aangenaam zou zijn in een half jaar <lb n="60" xml:id="l-60"/>noch bij hem te komen noch hem bij mij te zien.– <lb n="61" xml:id="l-61"/>Daar zulke praatjes mij maar hinderen &amp; <lb n="62" xml:id="l-62"/>van streek maken.</ab><lb n="63" xml:id="l-63"/>
<ab rend="indent">Dat moet ge wel begrijpen – hij kan me daarom <lb n="64" xml:id="l-64"/>niets meer scheelen &amp; dat hij nu eindelijk begrijpt<c type="kk">/</c> <lb n="65" xml:id="l-65"/>duidelijk &amp; klaar<c type="kk">/</c> dat ik in den laatsten tijd erg <lb n="66" xml:id="l-66"/>het land aan hem gekregen heb &amp; liever niets <lb n="67" xml:id="l-67"/>met hem te doen heb<c type="kk">/</c> is mij wel.</ab><lb n="68" xml:id="l-68"/>
<ab rend="indent">Ik werk stilletjes door en hij mag naar hartelust <lb n="69" xml:id="l-69"/>van me vertellen al de absurditeiten die hem <lb n="70" xml:id="l-70"/>mij aangaande in de harsens komen.</ab><lb n="71" xml:id="l-71"/>
<ab rend="indent">Zoolang hij me in mijn werk niet hindert zal ik <lb n="72" xml:id="l-72"/>hem totaal vergeten.</ab>
<pb f="1v" n="3" xml:id="pb-orig-1v-3" facs="#zone-pb-1v-3"/><lb n="73" xml:id="l-73"/>
<ab rend="indent">Toen hij van den winter iets zeide van dat hij zich <lb n="74" xml:id="l-74"/>er mee bemoeien zou ik geen geld meer van U <lb n="75" xml:id="l-75"/>ontving<c type="kk">/</c> was ’t wat anders<c type="kp">_</c> ik heb er toen dadelijk <lb n="76" xml:id="l-76"/>met U over geschreven.<anchor n="7" xml:id="note-o-7"/></ab><lb n="77" xml:id="l-77"/>
<ab rend="indent">Maar tot zoo iets weer gebeurt zal ik U nu niet <lb n="78" xml:id="l-78"/>meer over hem schrijven. Ik zou ’t zoo gek van <lb n="79" xml:id="l-79"/>me zelven vinden als ik hem ging naloopen <lb n="80" xml:id="l-80"/>en zeggen: Mijnheer T, mijnheer T, ik ben een <lb n="81" xml:id="l-81"/>echt schilder net als andere schilders ondanks <lb n="82" xml:id="l-82"/>al je redenaties<c type="kp">_</c>–</ab><lb n="83" xml:id="l-83"/>
<ab rend="indent">Neen, leuker komt ’t me voor, juist omdat ’t <lb n="84" xml:id="l-84"/>wel degelijk (’t artistieke) me in merg &amp; been zit, heel bedaard <lb n="85" xml:id="l-85"/>met mijn boeltje in weilanden of duinen te <lb n="86" xml:id="l-86"/>blijven campeeren of op ’t atelier met model <lb n="87" xml:id="l-87"/>te werken zonder in ’t minst notitie van <lb n="88" xml:id="l-88"/>hem te nemen.–</ab><lb n="89" xml:id="l-89"/>
<ab rend="indent">Maar ’t geen ik nu wat aardig vind is dat <lb n="90" xml:id="l-90"/>gij ook dezer dagen Le ventre de Paris<anchor n="8" xml:id="note-o-8"/> hebt gelezen. <lb n="91" xml:id="l-91"/>Ik ook nog bovendien Nanna<c type="kp">_</c>–<anchor n="9" xml:id="note-o-9"/> Hoor eens<c type="kk">/</c> <lb n="92" xml:id="l-92"/>Zola is eigentlijk Balzac II<c type="kp">_</c><anchor n="10" xml:id="note-o-10"/></ab><lb n="93" xml:id="l-93"/>
<ab rend="indent">Balzac I beschrijft de maatschappij van 1815-1848<c type="kk">/</c> <lb n="94" xml:id="l-94"/>Zola begint waar Balzac ophoudt &amp; gaat tot Sedan<anchor n="11" xml:id="note-o-11"/> <lb n="95" xml:id="l-95"/>of liever tot nu toe.</ab><lb n="96" xml:id="l-96"/>
<ab rend="indent">Ik vind het enorm mooi. Nu moet ik U toch <lb n="97" xml:id="l-97"/>eens vragen wat gij denkt van M<hi rend="ss">me</hi> Francois die <lb n="98" xml:id="l-98"/>den armen Florent die in bezwijming midden op den weg ligt waar <lb n="99" xml:id="l-99"/>de groentekarren langs rijden<c type="kk">/</c> opneemt &amp; mee laat rijden. <lb n="100" xml:id="l-100"/>Ofschoon de andere groenteboeren roepen–: “laat <lb n="101" xml:id="l-101"/>hem liggen, die dronkaard! we hebben geen tijd om <lb n="102" xml:id="l-102"/>mannen die in de goot liggen op te rapen.” &amp;c<c type="kp">_</c> <lb n="103" xml:id="l-103"/>Dat figuur van M<hi rend="ss">me</hi> Francois staat daar in den achtergrond <lb n="104" xml:id="l-104"/>van de Halles ’t heele boek door als contrast met het <lb n="105" xml:id="l-105"/>brutale egoisme van de andere vrouwen, zoo kalm en <lb n="105a" xml:id="l-105a"/>zoo waardig en zoo sympathiek.–<anchor n="12" xml:id="note-o-12"/></ab><lb n="106" xml:id="l-106"/>
<ab rend="indent">Zie Theo, ik voor mij vindt dat van M<hi rend="ss">me</hi> Francois <lb n="107" xml:id="l-107"/>de ware humaniteit en ten opzigte van Sien <lb n="108" xml:id="l-108"/>heb ik gedaan &amp; zal ik doen dat wat geloof ik <lb n="109" xml:id="l-109"/>iemand als M<hi rend="ss">me</hi> Francois gedaan zou hebben voor <lb n="110" xml:id="l-110"/>Florent als hij niet meer om de politiek gegeven <lb n="111" xml:id="l-111"/>had dan om haar.– Ziedaar – en die humaniteit<c type="kk">/</c> <lb n="112" xml:id="l-112"/>ze is ’t zout van ’t leven<c type="kk">/</c> zonder dat gaf ik niet om ’t leven. <lb n="113" xml:id="l-113"/>Suffit.–</ab>
<pb f="1r" n="4" xml:id="pb-orig-1r-4" facs="#zone-pb-1r-4"/><lb n="114" xml:id="l-114"/>
<ab rend="indent">Om wat Tersteeg zegt geef ik evenmin als <lb n="115" xml:id="l-115"/>M<hi rend="ss">me</hi> Francois om wat de andere groenteboeren <lb n="116" xml:id="l-116"/>&amp; vrouwen riepen: laat hem liggen – we hebben <lb n="117" xml:id="l-117"/>geen tijd<c type="kk">/</c> en enfin de heele herrie &amp; ’t lawaai.– <lb n="118" xml:id="l-118"/>Daar komt bij dat het niet lang duren zal of <lb n="119" xml:id="l-119"/>Sien verdient geheel haar eigen kostje met poseeren. <lb n="120" xml:id="l-120"/>Mijn allerbeste teekening<c type="kk">/</c> Sorrow,<anchor n="13" xml:id="note-o-13"/> ik voor mij <lb n="121" xml:id="l-121"/>vind dat ten minste ’t beste wat ik maakte<c type="kk">/</c> daar heeft <lb n="122" xml:id="l-122"/>zij voor geposeerd &amp; over minder dan een jaartje <lb n="123" xml:id="l-123"/>komen er geregeld teekeningen los van figuren <lb n="124" xml:id="l-124"/>ook<c type="kk">/</c> <hi rend="ital">ik beloof U dat</hi>. Want weet het wel – hoezeer ik ook liefde <lb n="125" xml:id="l-125"/>heb voor landschap<c type="kk">/</c> ik heb nog meer liefde voor <lb n="126" xml:id="l-126"/>figuur. Doch dit is het moeielijkst en kost mij <lb n="127" xml:id="l-127"/>natuurlijk nog veel studie en werk en ook nog <lb n="128" xml:id="l-128"/>tijd. Maar laat U niet wijsmaken zij me van <lb n="129" xml:id="l-129"/>’t werk afhoudt, ge zult op ’t atelier dat van <lb n="130" xml:id="l-130"/>zelf wel gewaarworden. Was dat zoo dat ik <lb n="131" xml:id="l-131"/>om harentwil minder werkte<c type="kk">/</c> ja dan gaf ik <lb n="132" xml:id="l-132"/>U gelijk maar nu is ’t lijnregt ’t tegendeel, werkelijk. <lb n="133" xml:id="l-133"/>Nu<c type="kk">/</c> wij zullen dat hoop ik wel langzamerhand <lb n="134" xml:id="l-134"/>eens worden<c type="kk">/</c> minder door woorden dan wel <lb n="135" xml:id="l-135"/>door teekeningen.– Ik krijg zoo ’t land <lb n="136" xml:id="l-136"/>aan woorden – enfin.–</ab><lb n="137" xml:id="l-137"/>
<ab rend="indent">Maar kerel<c type="kk">/</c> ik vindt ’t toch zoo heerlijk gij <lb n="138" xml:id="l-138"/>komt. gaan we dan werkelijk zamen <lb n="139" xml:id="l-139"/>de weilanden weer in – met niets anders <lb n="140" xml:id="l-140"/>voor ons dan dat stille<c type="kk">/</c> zachte<c type="kk">/</c> fijne groen <lb n="141" xml:id="l-141"/>&amp; te lichte lucht<c type="kp">_</c>– Best hoor!– En de <lb n="142" xml:id="l-142"/>zéé! En het strand! en het OUDE <lb n="143" xml:id="l-143"/>achteraf Scheveningen.<anchor n="14" xml:id="note-o-14"/> Heerlijk<c type="kp">_</c>–</ab><lb n="144" xml:id="l-144"/>
<ab rend="indent">à Propos – ik zie in den laatsten tijd zeer mooie kleine <lb n="145" xml:id="l-145"/>fusains van Th<c type="kp">_</c> de Bock<c type="kk">/</c> in de wandeling<anchor n="a" xml:id="note-o-a"/> geretoucheerd <lb n="146" xml:id="l-146"/>met wit &amp; fijn blaauw in de lucht – zeer goed &amp; die <lb n="147" xml:id="l-147"/>me meer sympathiek zijn dan zijn schilderijen.<anchor n="15" xml:id="note-o-15"/></ab><lb n="148" xml:id="l-148"/>
<ab rend="indent">Ik kan U niet zeggen hoe heerlijk de ruimte op ’t atelier <lb n="149" xml:id="l-149"/>mij is – ik merk er dan ook dadelijk den invloed <lb n="150" xml:id="l-150"/>van nu ik aan den gang ben. We zullen ze leeren <lb n="151" xml:id="l-151"/>te zeggen “’<hi rend="ital">t zijn maar de ouden</hi>” van mijn teekeningen<c type="kp">_</c><anchor n="16" xml:id="note-o-16"/> <lb n="152" xml:id="l-152"/>Ik ben toch niet voor mijn pleizier ziek geweest.–</ab>
<pb f="2r" n="5" xml:id="pb-orig-2r-5" facs="#zone-pb-2r-5"/><lb n="153" xml:id="l-153"/>
<ab rend="indent">Gij moet me U dus maar voorstellen als zittende s’morgens <lb n="154" xml:id="l-154"/>om een uur of 4 al voor mijn zolderraampje<c type="kk">/</c> bezig met <lb n="155" xml:id="l-155"/>mijn perspectiefraam de weilanden &amp; de timmermanswerf <lb n="156" xml:id="l-156"/>te bestudeeren – als de vuren in ’t hofje aangemaakt worden <lb n="157" xml:id="l-157"/>om koffij te zetten &amp; de eerste arbeider op de werf komt slenteren<c type="kp">_</c></ab><lb n="158" xml:id="l-158"/>
<ab rend="indent">Over de roode pannen daken komt een vlugt witte <lb n="159" xml:id="l-159"/>duiven aanzeilen tusschen de zwarte rookende schoorsteenen door<c type="kp">_</c> <lb n="160" xml:id="l-160"/>Maar daar achter een oneindigheid van fijn zacht groen<c type="kk">/</c> <lb n="161" xml:id="l-161"/>mijlen &amp; mijlen van vlak weiland<c type="kk">/</c> en een grijs luchtje <lb n="162" xml:id="l-162"/>zoo stil<c type="kk">/</c> zoo vredig als Corot of v. Goyen.</ab><lb n="163" xml:id="l-163"/>
<ab rend="indent">Dat gezigt over de nokken van de daken &amp; de goten <lb n="164" xml:id="l-164"/>waar ’t gras in groeit<c type="kk">/</c> s’morgens heel vroeg &amp; die <lb n="165" xml:id="l-165"/>eerste teekenen van leven &amp; ontwaken – de vogel die <lb n="166" xml:id="l-166"/>vliegt, de schoorsteen die rookt, het figuurtje <lb n="167" xml:id="l-167"/>diep beneden in de laagte dat slentert – is dan ook <lb n="168" xml:id="l-168"/>’t sujet van mijn aquarel.<anchor n="17" xml:id="note-o-17"/> Ik hoop ’t U bevallen zal.</ab><lb n="169" xml:id="l-169"/>
<ab rend="indent">Of ’t me in de toekomst goed zal gaan hangt <lb n="170" xml:id="l-170"/>dunkt me meer dan van iets anders af van mijn <lb n="171" xml:id="l-171"/>werk. Mits ik maar op de been blijf<c type="kk">/</c> welnu dan <lb n="172" xml:id="l-172"/>strijd ik mijn strijd stilletjes op deze manier &amp; geen <lb n="173" xml:id="l-173"/>andere<c type="kk">/</c> dat ik heel leuk door mijn raampje kijk <lb n="174" xml:id="l-174"/>naar de dingen van de natuur &amp; ze trouw teeken met liefde. </ab><lb n="175" xml:id="l-175"/>
<ab rend="indent">Voor de rest alleen een defensieve houding <lb n="176" xml:id="l-176"/>aannemen in geval van eventueele molestatie <lb n="177" xml:id="l-177"/>maar verder heb ik het teekenen te lief dan dat <lb n="178" xml:id="l-178"/>ik trek heb me er door wat het ook zij van <lb n="179" xml:id="l-179"/>te laten afbrengen.</ab><lb n="180" xml:id="l-180"/>
<ab rend="indent">De zonderlinge effekten van de perspektief<c type="kk">/</c> die <lb n="181" xml:id="l-181"/>intrigueeren me meer dan menschelijke intrigues<c type="kp">_</c> <lb n="182" xml:id="l-182"/>Als het was dat Tersteeg beter begreep dat met mijn <lb n="183" xml:id="l-183"/>schilderen ’t een heel ander geval is dan met overige dingen<c type="kk">/</c> <lb n="184" xml:id="l-184"/>zoo zou hij zoo’n lawaai niet maken. Maar nu<c type="kk">/</c> <lb n="185" xml:id="l-185"/>in zijn oog heb ik Mauve bedrogen en teleurgesteld<c type="kp">_</c> <lb n="186" xml:id="l-186"/>Verder denkt hij ik ’t alleen doe <lb n="187" xml:id="l-187"/>om reden van ’t geld van U<c type="kp">_</c>– Ik vind een <lb n="188" xml:id="l-188"/>en ander absurd – te absurd om er verder <lb n="189" xml:id="l-189"/>aan te hechten. Mauve zelf zal later wel begrijpen <lb n="190" xml:id="l-190"/>dat hij zich niet in me bedrogen heeft en ik ook <lb n="191" xml:id="l-191"/>volstrekt niet onwillig was. Alleen HIJ ZELF bragt me <lb n="192" xml:id="l-192"/>tot ’t meer concientieuse teekenen vóór en alleer ik iets verders <lb n="193" xml:id="l-193"/>deed. Maar toen verstonden we elkaar niet juist<c type="kk">/</c> alweer <lb n="194" xml:id="l-194"/>om H.G.T. die er achter zat.<anchor n="18" xml:id="note-o-18"/></ab>
<pb f="2v" n="6" xml:id="pb-orig-2v-6" facs="#zone-pb-2v-6"/><lb n="195" xml:id="l-195"/>
<ab rend="indent">Omtrent Uw brief wil ik toch nog eens zeggen dat ik ’t niet helpen <lb n="196" xml:id="l-196"/>kan gij van het kind van Sien niet wist want toen ik U van haar vertelde <lb n="197" xml:id="l-197"/>heb ik er zeer zeker over geschreven maar gij hebt waarschijnlijk aan <lb n="198" xml:id="l-198"/>het kind gedacht dat toen nog niet tot de buitenwereldbewoners behoorde.<anchor n="19" xml:id="note-o-19"/> <lb n="199" xml:id="l-199"/>Maar reeds met een enkel woord sprak ik over de humaniteit <lb n="200" xml:id="l-200"/>zoo als ze soms in een mensch zitten kan als b.v. bij M<hi rend="ss">e</hi> Francois <lb n="201" xml:id="l-201"/>in ’t boek van Zola. Humanitaire plannen of denkbeelden heb <lb n="202" xml:id="l-202"/>ik echter niet alsof ik voor iedereen zoo zou meenen te kunnen <lb n="203" xml:id="l-203"/>doen<c type="kp">_</c> Doch ik schaam mij niet te zeggen (ofschoon <lb n="204" xml:id="l-204"/>ik zeer goed weet dat het woord humaniteit in een slecht blaadje <lb n="205" xml:id="l-205"/>staat) dat ik voor mij altijd behoefte had &amp; ook houden zal <lb n="206" xml:id="l-206"/>om een of ander schepsel lief te hebben. Bij voorkeur<c type="kk">/</c> <lb n="207" xml:id="l-207"/>’k weet zelf niet waarom<c type="kk">/</c> een ongelukkig of verschopt of verlaten <lb n="208" xml:id="l-208"/>schepsel<c type="kp">_</c>– Ik heb eens een armzalig verbrande mijnwerker verpleegd<c type="kk">/</c> <lb n="209" xml:id="l-209"/>zes weken of 2 maanden lang<anchor n="20" xml:id="note-o-20"/> – ik heb mijn eten gedeeld een <lb n="210" xml:id="l-210"/>heelen winter met een oud man – ik weet niet wat al meer<c type="kk">/</c> <lb n="211" xml:id="l-211"/>en nu Sien<c type="kp">_</c>– Maar ik geloof tot heden niet dat zulks <lb n="212" xml:id="l-212"/>dwaas of slecht is<c type="kk">/</c> ik vindt het iets dat zoo natuurlijk en <lb n="213" xml:id="l-213"/>van zelfsprekend is dat ik me niet begrijp dat de menschen <lb n="214" xml:id="l-214"/>zoo onverschillig voor elkaar zijn gewoonlijk. Ik zeg er nog <lb n="215" xml:id="l-215"/>bij dat als ik er kwaad aan deed gij ook kwaad deed mij <lb n="216" xml:id="l-216"/>zoo trouw te helpen – dat zulks kwaad zou zijn<c type="kk">/</c> maar <lb n="217" xml:id="l-217"/>’t ware immers absurd. Ik geloof altijd dat – heb Uw <lb n="218" xml:id="l-218"/>naaste lief als U zelf<anchor n="21" xml:id="note-o-21"/> – geen overdrijving is maar den <lb n="219" xml:id="l-219"/>normalen toestand. Enfin. En gij weet<c type="kk">/</c> ik zal mijn <lb n="220" xml:id="l-220"/>uiterste krachten inspannen om te zorgen ik spoedig aan ’t ver<c type="shy">-</c><lb n="221" xml:id="l-221"/>koopen raak<c type="kk">/</c> juist om geen misbruik van Uw goedheid te maken. </ab><lb n="222" xml:id="l-222"/>
<ab rend="indent">Ik geloof verder vast &amp; zeker – broer – dat als gij op insinuaties <lb n="223" xml:id="l-223"/>om op te houden mij het geld te zenden – welke ik ’t mogelijk acht <lb n="224" xml:id="l-224"/>men U zal doen – bedaard ten antwoord geeft: dat gij van mij <lb n="225" xml:id="l-225"/>’t vertrouwen hebt dat er een goed schilder van mij komen zal <lb n="226" xml:id="l-226"/>en dus voortgaat mij te helpen. Dat wat mijn privé leven &amp; zaken <lb n="227" xml:id="l-227"/>aangaat gij daarin mij hebt vrijgelaten en niet dwingen <lb n="228" xml:id="l-228"/>wilt of meehelpen mij te dwingen – er alsdan zeer spoedig <lb n="229" xml:id="l-229"/>een eind zal komen aan de praatjes en men alleen in <lb n="230" xml:id="l-230"/>sommige kringen mij als een paria in de maatschappij zal <lb n="231" xml:id="l-231"/>beschouwen &amp; uitsluiten. Wat me tamelijk koel laat &amp; reeds <lb n="232" xml:id="l-232"/>niet vreemd is. Wat hoe langer hoe meer mij zal concentreeren <lb n="233" xml:id="l-233"/>op de kunst. En ofschoon sommigen mij onherroepelijk &amp; <lb n="234" xml:id="l-234"/>voor eeuwig mogen verdommen<c type="kk">/</c> van zelf ligt het in <lb n="235" xml:id="l-235"/>den aard van de zaak dat mijn vak en mijn werk mij <lb n="236" xml:id="l-236"/>op nieuw relaties zal openen<c type="kk">/</c> te frisscher omdat het <lb n="237" xml:id="l-237"/>zulken zullen wezen waar geen oude prejugés omtrent mijn <lb n="238" xml:id="l-238"/>verleden de boel verkoelen<c type="kk">/</c> verstijven en stériel maken. <lb n="239" xml:id="l-239"/>Connecties met zulken als Tersteeg die hun prejugés houden <lb n="240" xml:id="l-240"/>zijn absoluut steriel en nutteloos. Nu kerel, dank <lb n="241" xml:id="l-241"/>voor Uw brief &amp; de vijftig francs – mijn teekening is intusschen <lb n="242" xml:id="l-242"/>wat gedroogd &amp; ik ga haar retoucheeren. De lijnen van de <lb n="243" xml:id="l-243"/>daken &amp; goten schieten nu lekker weg als pijlen uit den boog – zonder <lb n="244" xml:id="l-244"/>aarzeling getrokken. à Dieu<c type="kk">/</c> met een handdruk<c type="kp">_</c></ab>
<vg:whiteline/><lb n="244*" xml:id="l-244s"/>
<ab>t. à t.</ab><lb n="245" xml:id="l-245"/>
<ab>Vincent</ab>
<vg:whiteline/><lb n="246" xml:id="l-246"/>
<ab>P.S. Lees maar veel Zola<c type="kk">/</c> dat is gezonde kost en men wordt <lb n="247" xml:id="l-247"/>er helder door.</ab>
<vg:whiteline/>
<div type="textualNotes">
<note target="l-38" n="38">(± een half jaar) &lt; <hi rend="ital">Added later; parentheses added by us.</hi></note>
<note target="l-84" n="84">(’t artistieke) &lt; <hi rend="ital">Added later; parentheses added by us.</hi></note>
<note target="l-204" n="204">blaadje &lt; blaadje)</note></div></div>
<div type="translation">
<pb f="1r" n="1" xml:id="pb-trans-1r-1" facs="#zone-pb-1r-1"/>
<ab>Sunday morning</ab>
<vg:whiteline/>
<ab>My dear Theo,</ab>
<ab>I received your letter and the 50-franc note enclosed. I thank you right heartily for both, and I’m delighted that you gave me some details about your visit.</ab>
<ab rend="indent">Do you think we could agree that while you’re here we’ll spend the time together that’s left after your business and visits and then do our best, on both sides, to be in the same sort of mood as in the past at the Rijswijk mill?<anchor n="1" xml:id="note-t-1"/></ab>
<ab rend="indent">As for me, old chap — although the mill has gone<anchor n="2" xml:id="note-t-2"/> and with it the years and my past youth, just as irrevocably — what has reawakened deep inside me is the belief that there’s something good and that it’s worthwhile making an effort and doing one’s best to take life seriously. This is now perhaps, or rather certainly, more firmly rooted in me than in the past, when I had experienced less. For me the point now is to express the poetry of those days in drawings. </ab>
<ab rend="indent">Your letter to me crossed mine, in which I told you I’d decided to carry on working regularly, well or not well.<anchor n="3" xml:id="note-t-3"/> </ab>
<ab rend="indent">Well, that’s what I’ve done and I feel fine, though I have to take more to keep it up. But the work itself makes me much more clear-headed, of course — towards the end I couldn’t bear not being able to draw. I’ll have a couple of watercolours for you when you come, brother. By Jove, the studio works so nicely. You remember, last winter I said: in a year you’ll have watercolours.<anchor n="4" xml:id="note-t-4"/></ab>
<ab rend="indent">These ones are simply intended to show you that if I work at drawing, the correctness of perspective and proportion, it also benefits the watercolouring. 
<pb f="1v" n="2" xml:id="pb-trans-1v-2" facs="#zone-pb-1v-2"/></ab>
<ab rend="indent">And for myself I did them to test whether now, after doing nothing but drawing for a time (around six months), I found watercolours easier, and secondly to see where I still need to do more work on the foundation or basic drawing on which everything depends. </ab>
<ab rend="indent">They’re landscapes, very difficult in their delineation, with complicated perspective — but precisely because of that there’s a true Dutch character and sentiment to them. They look like the last ones I sent,<anchor n="5" xml:id="note-t-5"/> and are no less conscientiously delineated, only now there’s also: colour — the gentle green of the meadow contrasting with the red tiled roof, the light in the sky set off by the matt tones of the foreground, a yard with earth and damp wood.<anchor n="6" xml:id="note-t-6"/></ab>
<ab rend="indent">In judging me and my behaviour, <rs type="pers" key="787">Tersteeg</rs> always starts from the premise that I’m incapable of anything and am good for nothing. He told me that himself... ‘Oh, it will be the same with that painting of yours as with all the other things you’ve started — it won’t come to anything.’ </ab>
<ab rend="indent">That’s how he talked last winter, that’s how he talks now — whereupon I told him that it would please me not to visit him or see him here for the next six months. Since that sort of talk only impedes and upsets me. </ab>
<ab rend="indent">You must understand this, as a result I couldn’t care less about him and I’m quite content for him finally to understand now, clearly and plainly, that I’ve taken a thorough dislike to him in recent months, and would rather not have anything to do with him. </ab>
<ab rend="indent">I carry on working quietly, and he can say, to his heart’s content, all the absurd things about me that pop into his head.</ab>
<ab rend="indent">As long as he doesn’t impede me in my work, I’ll forget all about him. 
<pb f="1v" n="3" xml:id="pb-trans-1v-3" facs="#zone-pb-1v-3"/></ab>
<ab rend="indent">It was different when he said last winter that he would intervene to see that I didn’t get any more money from you. Then I immediately wrote to you about it.<anchor n="7" xml:id="note-t-7"/> </ab>
<ab rend="indent">But I won’t write to you about him any more until something similar happens again. I would think myself foolish if I were to chase after him and say: <rs type="pers" key="787">Mr T</rs>, Mr T, I’m a true painter like other painters, despite all your arguments.</ab>
<ab rend="indent">No, it seems to me more self-restrained, precisely because it (the artistic) is in fact in my very marrow, to go on bivouacking with my things in meadows or dunes very calmly, or to work in the studio with a model without taking the slightest notice of him. </ab>
<ab rend="indent">But what I find rather pleasing is that you too have read Le ventre de Paris<anchor n="8" xml:id="note-t-8"/> recently. I’ve also read Nana.<anchor n="9" xml:id="note-t-9"/> Listen, <rs type="pers" key="836">Zola</rs> is actually <rs type="pers" key="519">Balzac</rs> II.<anchor n="10" xml:id="note-t-10"/> </ab>
<ab rend="indent"><rs type="pers" key="519">Balzac</rs> I portrays the society of 1815-1848, <rs type="pers" key="836">Zola</rs> begins where Balzac leaves off and goes on to Sedan<anchor n="11" xml:id="note-t-11"/> or rather to the present day. </ab>
<ab rend="indent">I think it’s absolutely superb. Now I must ask you what you think of Mme François, who picks up poor Florent as he lies unconscious in the middle of the road where the vegetable carts are passing, and lets him ride with her. Although the other vegetable sellers shout: ‘Leave him lying there, the drunk! We’ve no time to pick up men lying in the gutter,’ &amp;c. The figure of Mme François stands against the background of the Halles throughout the book, contrasting with the brutal egoism of the other women, so calm and so dignified and so sympathetic.<anchor n="12" xml:id="note-t-12"/></ab>
<ab rend="indent">You see, Theo, I believe Mme François’ act showed true humanity, and in relation to <rs type="pers" key="463">Sien</rs> I have done and will continue to do what I believe someone like Mme François would have done for Florent if he hadn’t cared more about politics than about her. So there you have it, and that humanity is the salt of life, without that I wouldn’t care about life. Enough. 
<pb f="1r" n="4" xml:id="pb-trans-1r-4" facs="#zone-pb-1r-4"/></ab>
<ab rend="indent">I care as little about what <rs type="pers" key="787">Tersteeg</rs> says as Mme François cared about what the other vegetable sellers and women shouted: leave him alone — we’ve no time. In short, the whole commotion and racket. Besides, it won’t be long before <rs type="pers" key="463">Sien</rs> is supporting herself entirely through posing. She posed for my very best drawing, Sorrow,<anchor n="13" xml:id="note-t-13"/> at least I think it’s the best thing I’ve done, and in less than a year there’ll be regular drawings of figures as well, <hi rend="ital">that I promise you</hi>. For make no mistake — much as I love landscape, I love figures even more. Still, it’s the hardest part, and of course takes me a great deal of study and work, and time too. But don’t let them fool you into thinking that she’s keeping me from the work; you’ll see for yourself in the studio. If it were so that I was working less because of her, I would agree with you, but now the absolute opposite is true, really. Well, we’ll gradually reach agreement on that, I hope, not so much through words as through drawings. I’m coming to hate words — but anyway.</ab>
<ab rend="indent">But I’m so delighted you’re coming, old chap. Shall we actually go into the meadows again together? — with nothing before us except that still, gentle, delicate green and such a light sky. Excellent! And the <hi rend="ital">sea</hi>! And the beach! And the OLD out-of-the-way Scheveningen.<anchor n="14" xml:id="note-t-14"/> Marvellous.</ab>
<ab rend="indent">By the way, recently I’ve been seeing some very beautiful small charcoal drawings<anchor n="15" xml:id="note-t-15"/> by <rs type="pers" key="868">T. de Bock</rs>, mostly touched up with white and delicate blue in the sky — very good and more to my liking than his paintings. </ab>
  <ab rend="indent">I can’t tell you how much I enjoy the space in the studio — I immediately notice the effect on me now that I’m working again. We’ll teach them to say of my drawings: ‘<hi rend="ital">they’re only old ones</hi>’.<anchor n="16" xml:id="note-t-16"/> I wasn’t ill for the fun of it. 
<pb f="2r" n="5" xml:id="pb-trans-2r-5" facs="#zone-pb-2r-5"/> </ab>
<ab rend="indent">So you must imagine me sitting at my attic window as early as 4 o’clock, studying the meadows and the carpenter’s yard with my perspective frame — as the fires are lit in the court to make coffee, and the first worker ambles into the yard.</ab>
<ab rend="indent">Over the red tiled roofs comes a flock of white pigeons flying between the black smoking chimneys. But behind this an infinity of delicate, gentle green, miles and miles of flat meadow, and a grey sky as still, as peaceful as <rs type="pers" key="971">Corot</rs> or <rs type="pers" key="1056">Van Goyen</rs>. </ab>
  <ab rend="indent">That view over the ridges of the roofs and the gutters in which the grass grows, very early in the morning and the first signs of life and awakening — the bird on the wing, the chimney smoking, the figure far below ambling along — this is the subject of my watercolour.<anchor n="17" xml:id="note-t-17"/> I hope you’ll like it. </ab>
<ab rend="indent">Whether I succeed in the future depends, I believe, more on my work than on anything else. Provided I can stay on my feet, well I’ll fight my fight quietly in this way and no other, that is by calmly looking through my little window at the things in nature, and drawing them faithfully and lovingly. </ab>
<ab rend="indent">For the rest only adopting a defensive posture if attacked, but otherwise drawing is too dear to me for me to allow anything to distract from it. </ab>
<ab rend="indent">The singular effects of perspective are more intriguing to me than human intrigues. If <rs type="pers" key="787">Tersteeg</rs> had better understood that my painting is an entirely different matter from other things, he wouldn’t make such a fuss. But now, in his eyes, I’ve deceived and disappointed <rs type="pers" key="323">Mauve</rs>. Moreover, he thinks I only do it on account of the money from you. I find it all absurd — too absurd to attach any importance to it. Mauve himself will realize later that he wasn’t deceived in me and that I was absolutely not unwilling. It’s just that he HIMSELF persuaded me to draw more conscientiously long before I did anything else. But back then we didn’t understand each other correctly, again because of H.G.T., who was behind it.<anchor n="18" xml:id="note-t-18"/> 
<pb f="2v" n="6" xml:id="pb-trans-2v-6" facs="#zone-pb-2v-6"/> </ab>
<ab rend="indent">As to your letter, I would like to say again that I can’t help it that you didn’t know about Sien’s <rs type="pers" key="467">child</rs>, because when I told you about her I certainly mentioned it, but you probably thought I meant the child that hadn’t yet come into the world.<anchor n="19" xml:id="note-t-19"/> But I had already spoken a few words about the humanity sometimes found in a person, as in Mme François in the book by <rs type="pers" key="836">Zola</rs>. But I have no humanitarian plans or ideas, as if I thought I could do the same for everyone. Yet I’m not ashamed to say (though I know very well that the word humanity is out of favour) that for my part I’ve always felt the need to love one creature or another, and will continue to do so. Preferably an unfortunate or spurned or abandoned creature, I don’t know why. Once I nursed a poor burnt miner for six weeks or 2 months<anchor n="20" xml:id="note-t-20"/> — I shared my food with an old man a whole winter long — and I don’t know what else, and now <rs type="pers" key="463">Sien</rs>. But to this day I don’t believe that this was foolish or bad, I see it as so natural and self-evident that I can’t understand how people can be so indifferent to each other normally. Let me add that if I did wrong, you also did wrong in helping me so loyally — that would be wrong too, but that would surely be absurd. I’ve always believed that ‘love thy neighbour as thyself’<anchor n="21" xml:id="note-t-21"/> isn’t an exaggeration but the normal state of affairs. But anyway. And you know that I’ll make the greatest possible effort to ensure that I start selling soon, precisely to avoid abusing your goodness. </ab>
<ab rend="indent"> I also firmly believe, brother, that if, in response to suggestions that you should stop sending me the money — which I think may possibly be made, you calmly reply that you’re confident I’ll turn out to be a good painter and that you’ll therefore continue to support me. That you’ve left me free as regards my private life and affairs, and won’t coerce or help to coerce me, and then there will very soon be a stop to the gossip, and then only in certain circles will I be seen as a social pariah and be cast out. Which leaves me pretty indifferent, and to which I’m already accustomed. Which will make me concentrate on art more and more. And though some may damn me irrevocably and for all time, in the nature of things my profession and my work will open up new connections, all the fresher for not being made cold, stiff and sterile by old prejudices about my past. Connections with people like <rs type="pers" key="787">Tersteeg</rs>, who persist in their prejudices, are absolutely sterile and useless. Well, old chap, thank you for your letter and the fifty francs — my drawing has dried somewhat in the meantime and I’m going to touch it up. The lines of the roofs and gutters now shoot away nicely like arrows from a bow — drawn without hesitation. Adieu, with a handshake.</ab>
<vg:whiteline/>
<ab>Ever yours,</ab>
<ab>Vincent</ab>
<vg:whiteline/>
<ab>P.S. Read lots of <rs type="pers" key="836">Zola</rs>, it’s healthy stuff and clears the mind. </ab></div>
<div type="notes">
<note n="1" xml:id="n-1" target="#note-t-1">
<ab>Vincent mentions this location several times. <ref target="let011.xml#n-15">See letter 11, n. 15.</ref></ab></note>
<note n="2" xml:id="n-2" target="#note-t-2">
<ab>For the – supposed – disappearance of this mill, <ref target="let248.xml#n-7">see letter 248, n. 7.</ref></ab></note>
<note n="3" xml:id="n-3" target="#note-t-3">
<ab>For this crossed letter, <ref target="let249.xml">see letter 249</ref>.</ab></note>
<note n="4" xml:id="n-4" target="#note-t-4">
<ab>
  <ref target="let248.xml#n-3">See letter 248, n. 3.</ref> </ab></note>
<note n="5" xml:id="n-5" target="#note-t-5">
<ab>
      <hi rend="ital">Fish-drying barn</hi> (<rs type="ill" key="2377">F 940 / JH 154</rs>) and<hi rend="ital"> Carpenter’s yard and laundry</hi> (<rs type="ill" key="2376">F 944 / JH 153</rs>); <ref target="let235.xml">see letter 235</ref>.</ab></note>
<note n="6" xml:id="n-6" target="#note-t-6">
<ab>This description matches <hi rend="ital">Rooftops</hi> (<rs type="ill" key="2378">F 943 / JH 156</rs>).</ab></note>
<note n="7" xml:id="n-7" target="#note-t-7">
<ab>
  <ref target="let219.xml">See letter 219</ref> of on or about 21 April 1882.</ab></note>
<note n="8" xml:id="n-8" target="#note-t-8">
<ab>The novel <rs type="lit" key="246"><hi rend="ital">Le ventre de Paris</hi></rs> (1873) by <rs type="pers" key="836">Emile Zola</rs>.</ab></note>
  <note n="9" xml:id="n-9" target="#note-t-9">
<ab>The heroine of <rs type="pers" key="836">Zola</rs>’s novel <rs type="lit" key="247"><hi rend="ital">Nana</hi></rs> (1880) escapes from the wretched conditions in which her parents live and becomes one of the leading courtesans in the ‘demi-monde’ during the Second Empire. Nana sets out to avenge the injustice inflicted on her class and leaves a trail of distress, bankruptcies and humiliation. </ab></note>
<note n="10" xml:id="n-10" target="#note-t-10">
<ab>Van Gogh’s opinion was widely shared. Critics also referred to <rs type="pers" key="836">Zola</rs> at that time as the new <rs type="pers" key="519">Balzac</rs>. The publisher Charpentier introduced him to his friends with ‘Come and meet the new Balzac’. See F.W.J. Hemmings, <hi rend="ital">The life and times of Emile Zola</hi>. London 1977, p. 68.</ab></note>
<note n="11" xml:id="n-11" target="#note-t-11">
<ab>Sedan is a city in northern France. Van Gogh uses the name as a metonym for the Franco-Prussian War of 1870-1871, in which the French were defeated. Napoleon <hi rend="sc">iii</hi> lost the Battle of Sedan on 1 September 1870, and this heralded the final defeat.</ab></note>
<note n="12" xml:id="n-12" target="#note-t-12">
<ab>The character Mme François is a vegetable seller at the market of Nanterre. At the beginning of <rs type="pers" key="836">Zola</rs>’s <rs type="lit" key="246"><hi rend="ital">Le ventre de Paris</hi></rs> she is riding with her merchandise to Paris early in the morning, when she sees Florent lying on the road exhausted and unconscious (chapter 1). ‘You don’t run over people’ (On n’écrase pas le monde) she says, and puts him on her cart. This provokes reactions from bystanders: ‘if you had to pick up drunks!... You don’t give up easily, do you, mother!’ (s’il fallait ramasser les ivrognes!... Vous avez de la constance, vous, la mère!) Her humanity is emphasized more than once in the novel, as when she takes pity on a lonely old woman. See Zola 1960-1967, vol. 1, pp. 604-605, 613.</ab></note>
<note n="13" xml:id="n-13" target="#note-t-13">
<ab>There were four versions of <hi rend="ital">Sorrow</hi>; <ref target="let216.xml">see letters 216</ref> and <ref target="let222.xml">222</ref>.</ab></note>
<note n="14" xml:id="n-14" target="#note-t-14">
  <ab>The poor district around Keizerstraat, where the fishing community lived. The emphasis on ‘old’ is due to the fact that at that time Scheveningen was increasingly turning into a fashionable seaside resort. See exhib. cat. The Hague 1990, pp. 61-62. Compare also Van Gogh’s criticism of this development in <ref target="let369.xml">letter 369</ref>.</ab></note>
<note n="a" xml:id="n-a" target="#note-o-a">
<ab>Means: ‘doorgaans’ (usually).</ab></note>
<note n="15" xml:id="n-15" target="#note-t-15">
<ab>There are so many charcoal drawings by <rs type="pers" key="868">De Bock</rs> that match this description that it is impossible to establish which ones Van Gogh saw.</ab></note>
<note n="16" xml:id="n-16" target="#note-t-16">
<ab>A reference to <rs type="pers" key="787">Tersteeg</rs>’s comment noted in <ref target="let247.xml">letter 247</ref>.</ab></note>
<note n="17" xml:id="n-17" target="#note-t-17">
<ab>
      <rs type="ill" key="2378"><hi rend="ital">Rooftops</hi></rs>; <ref target="#n-6">see n. 6</ref> above.</ab></note>
<note n="18" xml:id="n-18" target="#note-t-18">
<ab>For this episode, <ref target="let219.xml">see letter 219</ref>.</ab></note>
<note n="19" xml:id="n-19" target="#note-t-19">
<ab>Van Gogh first wrote openly about his relationship with <rs type="pers" key="463">Sien</rs> in <ref target="let224.xml">letter 224</ref>, on the basis of which the misunderstanding supposed here was indeed possible. He had written earlier about the ‘model’ who had a <rs type="pers" key="467">child</rs>, but Theo did not know then that this was Sien (cf. <ref target="let200.xml">letters 200</ref> and <ref target="let207.xml">207</ref> for example).</ab></note>
<note n="20" xml:id="n-20" target="#note-t-20">
<ab>For this nursing in the Borinage, <ref target="let151.xml">see letter 151</ref>.</ab></note>
<note n="21" xml:id="n-21" target="#note-t-21">
<ab>Cf. <bibleref xmlns="http://www.vangoghletters.org/ns/" book="Mark" chap="12" v="33">Mark 12:33</bibleref>.</ab></note></div></body></text></TEI>
