<?xml version="1.0" encoding="UTF-8"?>
<!-- Last Changed Date: 2018-07-18 12:32:41 +0200 (Wed, 18 Jul 2018) | SVN Revision: 2206 -->
<!--Licensed under Attribution-NonCommercial-ShareAlike 4.0 International (CC BY-NC-SA 4.0)-->
<?xml-model href="https://xmlschema.huygens.knaw.nl/vgodd.rng" type="application/xml" schematypens="http://relaxng.org/ns/structure/1.0"?>
<TEI xmlns:vg="http://www.vangoghletters.org/ns/" xmlns="http://www.tei-c.org/ns/1.0">
<teiHeader xmlns:xsi="http://www.w3.org/2001/XMLSchema-instance"><fileDesc>
<titleStmt>
<title>To Theo van Gogh. The Hague, Friday, 24 March 1882.</title>
<editor>Leo Jansen</editor>
<editor>Hans Luijten</editor>
<editor>Nienke Bakker</editor></titleStmt>
<publicationStmt>
<publisher><name>Huygens Instituut voor Nederlandse Geschiedenis (KNAW)</name><email>info@huygens.knaw.nl</email></publisher>
<publisher>Van Gogh Museum</publisher>
<pubPlace>Amsterdam</pubPlace>
<date type="first" when="2009">2009</date>
<availability status="restricted">
<licence target="http://creativecommons.org/licenses/by-nc-sa/4.0/ https://creativecommons.org/licenses/by-nc-sa/4.0/legalcode">
<p>Attribution-NonCommercial-ShareAlike 4.0 International (CC BY-NC-SA 4.0) </p></licence></availability>
<ptr target="http://vangoghletters.org/orig/let213"/></publicationStmt><sourceDesc><vg:letDesc><vg:letIdentifier>
<idno type="jlb">213</idno>
<idno type="collectedletters">183</idno>
<idno type="brieven1990">212</idno></vg:letIdentifier><vg:letHeading><author>Vincent van Gogh</author><vg:addressee>Theo van Gogh</vg:addressee><vg:placeLet>The Hague</vg:placeLet><vg:dateLet>Friday, 24 March 1882</vg:dateLet></vg:letHeading><vg:letContents>
<p>To Theo van Gogh. The Hague, Friday, 24 March 1882.</p>
<note type="ongoingTopic" n="1">
<p>Uncle Cor’s first order for drawings <ref target="let210.xml">(210)</ref></p></note>
<note type="ongoingTopic" n="2">
<p>Vincent tries to persuade Theo to become a painter <ref target="let211.xml">(211)</ref></p></note>
<note type="ongoingTopic" n="3">
<p>Strained relations with Tersteeg <ref target="let208.xml">(208)</ref></p></note>
<note type="ongoingTopic" n="4">
<p>Theo’s plans to come to the Netherlands <ref target="let206.xml">(206)</ref></p></note></vg:letContents>
<note type="sourceStatus" xml:id="sourceStatus">
<p>Original manuscript</p></note>
<note type="location" xml:id="location">
<p>Amsterdam, Van Gogh Museum, inv. no. b204 V/1962</p></note>
<note type="date" xml:id="date">
<p>Letter headed ‘Vrijdag morgen’. Because Vincent again asks Theo to send money (<ref target="let212.xml">letter 212</ref>: ‘around the end of this month’) and approximately a week has passed since he wrote the last letter, this letter was most likely written on Friday, 24 March 1882.</p></note></vg:letDesc></sourceDesc></fileDesc></teiHeader>
<facsimile xmlns:xsi="http://www.w3.org/2001/XMLSchema-instance">
<surface n="b 0204" xml:id="surf-pb-1r"><graphic mimeType="image/tiff" url="VGM001000234_01.TIF" rend="norend"/><graphic mimeType="image/tiff" url="VGM001000234_01_n.tif" rend="norend"/><graphic mimeType="image/jpeg" url="VGM001000234_01_nt.jpg" height="50px" rend="thumbnail"/><zone xml:id="zone-pb-1r-1">
<graphic mimeType="image/tiff" url="VGM001000234_01_nR.tif" rend="norend"/><graphic mimeType="image/jpeg" url="VGM001000234_01_nRt.jpg" height="50px" rend="thumbnail"/><graphic mimeType="image/png" url="VGM001000234_01_nRf.png" width="380px" rend="facstab"/></zone>
<zone xml:id="zone-pb-1r-4">
<graphic mimeType="image/tiff" url="VGM001000234_01_nL.tif" rend="norend"/><graphic mimeType="image/jpeg" url="VGM001000234_01_nLt.jpg" height="50px" rend="thumbnail"/><graphic mimeType="image/png" url="VGM001000234_01_nLf.png" width="380px" rend="facstab"/></zone>
</surface>
<surface n="b 0204" xml:id="surf-pb-1v"><graphic mimeType="image/tiff" url="VGM001000234_02.TIF" rend="norend"/><graphic mimeType="image/tiff" url="VGM001000234_02_n.tif" rend="norend"/><graphic mimeType="image/jpeg" url="VGM001000234_02_nt.jpg" height="50px" rend="thumbnail"/><zone xml:id="zone-pb-1v-2">
<graphic mimeType="image/tiff" url="VGM001000234_02_nL.tif" rend="norend"/><graphic mimeType="image/jpeg" url="VGM001000234_02_nLt.jpg" height="50px" rend="thumbnail"/><graphic mimeType="image/png" url="VGM001000234_02_nLf.png" width="380px" rend="facstab"/></zone>
<zone xml:id="zone-pb-1v-3">
<graphic mimeType="image/tiff" url="VGM001000234_02_nR.tif" rend="norend"/><graphic mimeType="image/jpeg" url="VGM001000234_02_nRt.jpg" height="50px" rend="thumbnail"/><graphic mimeType="image/png" url="VGM001000234_02_nRf.png" width="380px" rend="facstab"/></zone>
</surface></facsimile><text xmlns:xsi="http://www.w3.org/2001/XMLSchema-instance"><body>
<div type="original">
<pb f="1r" n="1" xml:id="pb-orig-1r-1" facs="#zone-pb-1r-1"/><lb n="1" xml:id="l-1"/>
<ab>Vrijdag morgen</ab>
<vg:whiteline/><lb n="2" xml:id="l-2"/>
<ab>Theo,</ab><lb n="3" xml:id="l-3"/>
<ab>Dezer dagen ben ik hard aan ’t werk geweest <lb n="4" xml:id="l-4"/>en ik ben in ’t touw van s’morgens tot s’avonds. <lb n="5" xml:id="l-5"/>Primo de teekeningetjes voor C.M. Die <lb n="6" xml:id="l-6"/>zijn af en naar hem toe doch ik had <lb n="7" xml:id="l-7"/>gehoopt dat ZEd<c type="kp">_</c> het geld direkt zou hebben <lb n="8" xml:id="l-8"/>gestuurd &amp; nu hij ’t niet direkt stuurt vrees ik <lb n="9" xml:id="l-9"/>het hem door ’t hoofd gaat en wanneer <lb n="10" xml:id="l-10"/>zal hij het nu sturen??? Ik blijf bijna <lb n="11" xml:id="l-11"/>dagelijks dergelijke kleine stadsgezigten <lb n="12" xml:id="l-12"/>teekenen en ik krijg er den slag nu van <lb n="13" xml:id="l-13"/>beet. Ik wou dat Tersteeg of anderen die <lb n="14" xml:id="l-14"/>beweeren dat ze mij genegen zijn of <lb n="15" xml:id="l-15"/>helpen willen mij ook maar vroegen <lb n="16" xml:id="l-16"/>om dingen <hi rend="ital">die ik maken</hi> <hi rend="sc">kan</hi> <lb n="17" xml:id="l-17"/>in plaats van onmogelijkheden te eischen <lb n="18" xml:id="l-18"/>waardoor ik gedecourageerd wordt inplaats <lb n="19" xml:id="l-19"/>van geencourageerd. Enfin que soit. <lb n="20" xml:id="l-20"/>Doch ik had gedacht dat C.M<c type="kp">_</c> me <lb n="21" xml:id="l-21"/>direkt betaald zou hebben. Ze <lb n="22" xml:id="l-22"/>waren zeker niet minder dan ’t specimen <lb n="23" xml:id="l-23"/>waarop ZEd<c type="kp">_</c> ze bestelde en ik heb er <lb n="24" xml:id="l-24"/>last genoeg mee gehad<c type="kk">/</c> voor meer dan f<c type="kp">_</c> 30 <lb n="25" xml:id="l-25"/>alligt. Als de lui begrepen dat <lb n="26" xml:id="l-26"/><hi rend="ital">niets</hi> <hi rend="ital">niets</hi> is en dat dagen zonder een <lb n="27" xml:id="l-27"/>cent in den zak erg bar en moeielijk <lb n="28" xml:id="l-28"/>zijn dan zouden ze geloof ik niet zoo zijn <lb n="29" xml:id="l-29"/>om mij het beetje geld<c type="kk">/</c> dat ik van U ontvang en 
<pb f="1v" n="2" xml:id="pb-orig-1v-2" facs="#zone-pb-1v-2"/><lb n="30" xml:id="l-30"/>dat mij boven water houdt in dezen <lb n="31" xml:id="l-31"/>moeielijken tijd<c type="kk">/</c> te beknibbelen of <lb n="32" xml:id="l-32"/>mij het hart week te maken door <lb n="33" xml:id="l-33"/>mij verwijtingen te doen van wege <lb n="34" xml:id="l-34"/>ik het van U ontvang.</ab><lb n="35" xml:id="l-35"/>
<ab rend="indent">Ik geloof Theo<c type="kk">/</c> dat Tersteeg noch U <lb n="36" xml:id="l-36"/>noch mij er een dienst mee bewijst <lb n="37" xml:id="l-37"/>zich in die affaire te mengen. <lb n="38" xml:id="l-38"/>Hij heeft daarmee niet te maken<c type="kp">_</c> <lb n="39" xml:id="l-39"/>Als ik hard werk verdien ik dan <lb n="40" xml:id="l-40"/>mijn brood niet? of zou ik de <lb n="41" xml:id="l-41"/>middelen om te kunnen werken <lb n="42" xml:id="l-42"/>niet waard zijn?</ab><lb n="43" xml:id="l-43"/>
<ab rend="indent">Ik wou maar kerel<c type="kk">/</c> dat gij <lb n="44" xml:id="l-44"/>eens spoedig naar hier <lb n="45" xml:id="l-45"/>kwaamt, en zaagt of ik U <lb n="46" xml:id="l-46"/>bedrieg ja dan neen.</ab><lb n="47" xml:id="l-47"/>
<ab rend="indent">Blommers heeft mij er over <lb n="48" xml:id="l-48"/>gesproken een kunstavond <lb n="49" xml:id="l-49"/>te geven op <hi rend="ital">Pulchri</hi><anchor n="1" xml:id="note-o-1"/> van <lb n="50" xml:id="l-50"/>mijn collectie houtsneden <lb n="51" xml:id="l-51"/>naar Herkomer<c type="kk">/</c> Frank Holl<c type="kk">/</c> 
<pb f="1v" n="3" xml:id="pb-orig-1v-3" facs="#zone-pb-1v-3"/><lb n="52" xml:id="l-52"/>Dumaurier &amp;c.<anchor n="2" xml:id="note-o-2"/> Ik zou dat <lb n="53" xml:id="l-53"/>zeer gaarne doen<c type="kk">/</c> ik heb er <lb n="54" xml:id="l-54"/>genoeg voor 2 avonden desnoods<c type="kp">_</c> <lb n="55" xml:id="l-55"/>Enfin ’t gaat mij goed &amp; ik <lb n="56" xml:id="l-56"/>voel dat ik vooruitga in mijn <lb n="57" xml:id="l-57"/>werk.</ab><lb n="58" xml:id="l-58"/>
<ab rend="indent">Ik moet nog ± een jaar teekenen<c type="kk">/</c> <lb n="59" xml:id="l-59"/>althans nog eenige maanden totdat <lb n="60" xml:id="l-60"/>mijn hand secuur vast is en <lb n="61" xml:id="l-61"/>mijn blik op de dingen &amp; dan <lb n="62" xml:id="l-62"/>zie ik volstrekt geen bezwaar in <lb n="63" xml:id="l-63"/>den weg waarom ik niet zeer <lb n="64" xml:id="l-64"/>productief zou kunnen worden voor <lb n="65" xml:id="l-65"/>den handel. Dat ik die eenige <lb n="66" xml:id="l-66"/>maanden tijd vraag is billijk. <lb n="67" xml:id="l-67"/>Het kan niet sneller dan dat, <lb n="68" xml:id="l-68"/>of ik zou slecht werk leveren en <lb n="69" xml:id="l-69"/>dat hoeft niet<c type="kk">/</c> met een weinig wachten <lb n="70" xml:id="l-70"/>lever ik goed werk.</ab><lb n="71" xml:id="l-71"/>
<ab rend="indent">Kunt gij mij wat sturen dezer dagen? <lb n="72" xml:id="l-72"/>ik hoop het. Gij weet ik heb Tersteeg de f<c type="kp">_</c> 10 terug gegeven.<anchor n="3" xml:id="note-o-3"/> Ik zeg nog eens<c type="kk">/</c> <lb n="73" xml:id="l-73"/>ik wou dat gij schilder werd<c type="kk">/</c> <lb n="74" xml:id="l-74"/>gij kunt het als gij wilt en 
<pb f="1r" n="4" xml:id="pb-orig-1r-4" facs="#zone-pb-1r-4"/><lb n="75" xml:id="l-75"/>gij zoudt daar niets bij verliezen<c type="kk">/</c> <lb n="76" xml:id="l-76"/>alleen iets beters worden dunkt <lb n="77" xml:id="l-77"/>mij dan als gij kunsthandelaar <lb n="78" xml:id="l-78"/>bleeft al waart gij de beste aller <lb n="79" xml:id="l-79"/>kunsthandelaars.–</ab><lb n="80" xml:id="l-80"/>
<ab rend="indent">Om er uit te krijgen wat er in <lb n="81" xml:id="l-81"/>U zit zoudt ge evenwel er U met <lb n="82" xml:id="l-82"/>al uw kracht moeten inwerpen.–</ab><lb n="83" xml:id="l-83"/>
<ab rend="indent">Ik heb U in den laatsten tijd geen <lb n="84" xml:id="l-84"/>schetsjes meer gestuurd – ik wacht nu <lb n="85" xml:id="l-85"/>maar tot ge zelf eens komt – dat is <lb n="86" xml:id="l-86"/>beter. Ben aan figuren bezig <lb n="87" xml:id="l-87"/>en ook aan een paar landschappen v.e<c type="kp">_</c> <lb n="88" xml:id="l-88"/>bloemkweekerij hier op den Schenkweg.<anchor n="4" xml:id="note-o-4"/></ab><lb n="89" xml:id="l-89"/>
<ab rend="indent">Ik wou wel eens weten sedert wanneer men een <lb n="90" xml:id="l-90"/>artist dwingen mag of probeeren te dwingen <lb n="91" xml:id="l-91"/>’t zij zijn procedé ’t zij zijn opvatting te <lb n="92" xml:id="l-92"/>veranderen. Zoo iets te probeeren <lb n="93" xml:id="l-93"/>vind ik zeer onbehouwen<c type="kk">/</c> vooral <lb n="94" xml:id="l-94"/>als ’t iemand is als Tersteeg die de pretentie <lb n="95" xml:id="l-95"/>heeft “vormen” te bezitten.</ab><lb n="96" xml:id="l-96"/>
<ab rend="indent">Theo, kunt ge me wat sturen<c type="kk">/</c> doe het dan <lb n="97" xml:id="l-97"/>en iederen dag die ge ’t vroeger zenden kunt <lb n="98" xml:id="l-98"/>is een dag minder displeizier voor me<c type="kp">_</c> <lb n="99" xml:id="l-99"/>Enfin, het is werken quand même – à dieu<c type="kk">/</c> <lb n="100" xml:id="l-100"/>schrijf spoedig<c type="kp">_</c></ab>
<vg:whiteline/><lb n="101" xml:id="l-101"/>
<ab>t. à t<c type="kp">_</c></ab><lb n="102" xml:id="l-102"/>
<ab>Vincent</ab>
<vg:whiteline/>
<div type="textualNotes">
<note target="l-22" n="22">dan &lt; dat</note>
<note target="l-89" n="89">men &lt; met</note></div></div>
<div type="translation">
<pb f="1r" n="1" xml:id="pb-trans-1r-1" facs="#zone-pb-1r-1"/>
<ab>Friday morning</ab>
<vg:whiteline/>
<ab>Theo,</ab>
<ab>I’ve been working hard these last few days, and have been at it from morning till night. First, the small drawings for <rs type="pers" key="422">C.M.</rs> They’re finished and have been sent to him, but I’d hoped that His Hon. would have sent the money immediately, and now that he hasn’t sent it immediately I’m afraid it’s slipped his mind, and when will he send it now??? I continue drawing similar small townscapes nearly every day and I’m getting the hang of it. I wish that <rs type="pers" key="787">Tersteeg</rs> and others who claim to be fond of me or willing to help me would ask me for things <hi rend="ital">I</hi> <hi rend="sc">can</hi> <hi rend="ital">make</hi> instead of demanding impossibilities that discourage rather than encourage me. Well, so be it. But I did think that C.M. would pay me immediately. They were certainly no worse than the example that prompted His Hon. to order them, and they gave me enough trouble, more than 30 guilders’ worth at the very least. If people understood that <hi rend="ital">nothing</hi> is <hi rend="ital">nothing</hi>, and that days without a penny in one’s pocket are very tough and difficult, then I don’t think they’d begrudge me that little bit of money I get from you, 
<pb f="1v" n="2" xml:id="pb-trans-1v-2" facs="#zone-pb-1v-2"/> which allows me to keep my head above water at this difficult time, or make me faint-hearted by reproaching me because of what I get from you.</ab>
<ab rend="indent">Theo, I believe that <rs type="pers" key="787">Tersteeg</rs> does neither you nor me a good turn by meddling in this matter. He has nothing to do with it. If I work hard, do I not earn my bread? Or am I not worth the means to carry out my work?</ab>
<ab rend="indent">I just wish, old chap, that you’d come here soon and see whether or not I’m deceiving you.</ab>
<ab rend="indent"><rs type="pers" key="872">Blommers</rs> has asked me to give a talk one evening at <hi rend="ital">Pulchri</hi><anchor n="1" xml:id="note-t-1"/> about my collection of woodcuts after <rs type="pers" key="1080">Herkomer</rs>, <rs type="pers" key="1089">Frank Holl</rs>, 
    <pb f="1v" n="3" xml:id="pb-trans-1v-3" facs="#zone-pb-1v-3"/> <rs type="pers" key="1197">Du Maurier</rs> &amp;c.<anchor n="2" xml:id="note-t-2"/> I’d very much like to do it, I have enough for two evenings if necessary. At any rate, I’m well and I feel I’m progressing in my work.</ab>
<ab rend="indent">I have to draw for about a year more, or at least several months yet, until my hand is steady and sure, and my eye, and then I see no reason at all why I shouldn’t become very productive commercially. That I ask for those few months’ time is reasonable. It can’t happen faster than that, or else I’d produce poor work and that’s not necessary, with a bit of waiting I’ll produce good work.</ab>
<ab rend="indent">Can you send me something one of these days? I hope so. You know I gave <rs type="pers" key="787">Tersteeg</rs> the 10 guilders back.<anchor n="3" xml:id="note-t-3"/> I repeat, I wish you’d become a painter, you could do it if you wanted to, and 
<pb f="1r" n="4" xml:id="pb-trans-1r-4" facs="#zone-pb-1r-4"/> you’d lose nothing by it, only become something better, it seems to me, than if you remain an art dealer, even if you were the very best of art dealers.</ab>
<ab rend="indent">Still, to make the most of your potential, you’d have to throw yourself into it with all your might.</ab>
<ab rend="indent">I haven’t sent you any more sketches recently – I’m waiting now until you come here yourself – it’s better that way. Am busy with figures, and also with a couple of landscapes of a nursery here in Schenkweg.<anchor n="4" xml:id="note-t-4"/></ab>
<ab rend="indent">Since when, I’d like to know, is one allowed to force or try to force an artist to change either his working method or his ideas? I find it very rude to try such a thing, especially if it’s someone like <rs type="pers" key="787">Tersteeg</rs>, who has the presumption to think he has ‘manners’. </ab>
<ab rend="indent">Theo, if you can send me something, do, and every day earlier that you can send it is one day less of unpleasantness for me. Oh well, it’s back to work in any case. Adieu, write soon.</ab>
<vg:whiteline/>
<ab>Ever yours,</ab>
<ab>Vincent </ab></div>
<div type="notes">
<note n="1" xml:id="n-1" target="#note-t-1">
<ab><rs type="pers" key="872">Bernardus Blommers</rs>, no. 10 in the membership records, is listed as a ‘regular’ member of the society. See <hi rend="ital">Archief Pulchri</hi>, inv. no. 59-289, October 1881 - September 1882. The intended viewing never took place (<ref target="let217.xml">see letter 217</ref>).</ab></note>
<note n="2" xml:id="n-2" target="#note-t-2">
<ab>Van Gogh’s estate contains numerous prints by English illustrators. Most of the prints by the three artists mentioned come from issues of <hi rend="ital">The Graphic</hi> published in the 1870s: 22 prints after works by <rs type="pers" key="1080">Hubert von Herkomer</rs>, 3 after <rs type="pers" key="1089">Francis Montague Holl</rs> and 5 after <rs type="pers" key="1197">George du Maurier</rs>.</ab></note>
    <note n="3" xml:id="n-3" target="#note-t-3">
<ab>Van Gogh wrote this in <ref target="let211.xml">letter 211</ref>.</ab></note>
<note n="4" xml:id="n-4" target="#note-t-4">
<ab>These perhaps included <hi rend="ital">Houses on Schenkweg </hi>(<rs type="otherart" key="685">F 915 / JH 122</rs>), <hi rend="ital">Nursery on Schenkweg </hi>(<rs type="ill" key="2369">F 930 / JH 138</rs>), and <hi rend="ital">Nursery on Schenkweg </hi>(<rs type="ill" key="3015">F 923 / JH 125</rs>).</ab></note></div></body></text></TEI>
