<?xml version="1.0" encoding="UTF-8"?>
<!-- Last Changed Date: 2018-07-18 12:32:41 +0200 (Wed, 18 Jul 2018) | SVN Revision: 2206 -->
<!--Licensed under Attribution-NonCommercial-ShareAlike 4.0 International (CC BY-NC-SA 4.0)-->
<?xml-model href="https://xmlschema.huygens.knaw.nl/vgodd.rng" type="application/xml" schematypens="http://relaxng.org/ns/structure/1.0"?>
<TEI xmlns:vg="http://www.vangoghletters.org/ns/" xmlns="http://www.tei-c.org/ns/1.0">
<teiHeader xmlns:xsi="http://www.w3.org/2001/XMLSchema-instance"><fileDesc>
<titleStmt>
<title>To Theo van Gogh. The Hague, Sunday, 10 December 1882.</title>
<editor>Leo Jansen</editor>
<editor>Hans Luijten</editor>
<editor>Nienke Bakker</editor></titleStmt>
<publicationStmt>
<publisher><name>Huygens Instituut voor Nederlandse Geschiedenis (KNAW)</name><email>info@huygens.knaw.nl</email></publisher>
<publisher>Van Gogh Museum</publisher>
<pubPlace>Amsterdam</pubPlace>
<date type="first" when="2009">2009</date>
<availability status="restricted">
<licence target="http://creativecommons.org/licenses/by-nc-sa/4.0/ https://creativecommons.org/licenses/by-nc-sa/4.0/legalcode">
<p>Attribution-NonCommercial-ShareAlike 4.0 International (CC BY-NC-SA 4.0) </p></licence></availability>
<ptr target="http://vangoghletters.org/orig/let292"/></publicationStmt><sourceDesc><vg:letDesc><vg:letIdentifier>
<idno type="jlb">292</idno>
<idno type="collectedletters">242</idno>
<idno type="brieven1990">282</idno></vg:letIdentifier><vg:letHeading><author>Vincent van Gogh</author><vg:addressee>Theo van Gogh</vg:addressee><vg:placeLet>The Hague</vg:placeLet><vg:dateLet>Sunday, 10 December 1882</vg:dateLet></vg:letHeading><vg:letContents>
<p>To Theo van Gogh. The Hague, Sunday, 10 December 1882.</p>
<note type="ongoingTopic" n="1">
<p>Plan to make a series of 30 lithographs <ref target="let289.xml">(289)</ref></p></note></vg:letContents>
<note type="sourceStatus" xml:id="sourceStatus">
<p>Original manuscript</p></note>
<note type="location" xml:id="location">
<p>Amsterdam, Van Gogh Museum, inv. no. b264 V/1962</p></note>
<note type="date" xml:id="date">
<p>In <hi rend="ital">De brieven</hi> 1990 the letter is dated Sunday, 5 November. It is, however, unlikely that after <ref target="let280.xml">letter 280</ref>, which also has that date, Van Gogh wrote the present letter as well, because he says at the beginning ‘I often get round to writing to you on Sundays, and likewise today.’ </p>
<p rend="indent">Dorn has pointed out that it does not make sense for Van Gogh to be writing about <hi rend="ital">continuing</hi> to make lithographs when it is not until <ref target="let281.xml">letter 281</ref> that he refers to his first print. See exhib. cat. Vienna 1996, p. 107 (n. 2). For this reason he dates the letter later, to 10 December 1882. There are other arguments that confirm that Dorn is right.</p>
<p rend="indent">In <ref target="#l-41">ll. 41-52</ref> Van Gogh says that he is going to give up making lithographs for the time being because of lack of money, but that he will continue to prepare for them by doing a lot of drawing. This is entirely in line with what he had already said in <ref target="let291.xml">letter 291</ref>, dated between Monday, 4 and Saturday, 9 December 1882. So the ‘plan with the lithographs’ <ref target="#l-41">(l. 41)</ref> is not the general introduction to the lithographic process in which he was engaged in early November, but the plan to use a society to publish a series of lithographs of 30 types of workman, as proposed in <ref target="let289.xml">letter 289</ref>. <ref target="let291.xml">Letter 291</ref> was the first resumption of Van Gogh’s explanation of that plan, and the remark about ‘those figures that I wanted to lithograph’ <ref target="#l-118">(l. 118)</ref> in the present letter is again entirely in line with this. Moreover, the remark that it had ‘recently’ snowed <ref target="#l-112">(l. 112)</ref> is borne out by meteorological observations (<hi rend="ital">KNMI</hi>). Thus the Sunday on which the letter was written was 10 December 1882. </p></note></vg:letDesc></sourceDesc></fileDesc></teiHeader>
<facsimile xmlns:xsi="http://www.w3.org/2001/XMLSchema-instance">
<surface n="b 0264" xml:id="surf-pb-1r"><graphic mimeType="image/tiff" url="VGM001000323_01.TIF" rend="norend"/><graphic mimeType="image/tiff" url="VGM001000323_01_n.tif" rend="norend"/><graphic mimeType="image/jpeg" url="VGM001000323_01_nt.jpg" height="50px" rend="thumbnail"/><zone xml:id="zone-pb-1r-1">
<graphic mimeType="image/tiff" url="VGM001000323_01_nR.tif" rend="norend"/><graphic mimeType="image/jpeg" url="VGM001000323_01_nRt.jpg" height="50px" rend="thumbnail"/><graphic mimeType="image/png" url="VGM001000323_01_nRf.png" width="380px" rend="facstab"/></zone>
<zone xml:id="zone-pb-1r-4">
<graphic mimeType="image/tiff" url="VGM001000323_01_nL.tif" rend="norend"/><graphic mimeType="image/jpeg" url="VGM001000323_01_nLt.jpg" height="50px" rend="thumbnail"/><graphic mimeType="image/png" url="VGM001000323_01_nLf.png" width="380px" rend="facstab"/></zone>
</surface>
<surface n="b 0264" xml:id="surf-pb-1v"><graphic mimeType="image/tiff" url="VGM001000323_02.TIF" rend="norend"/><graphic mimeType="image/tiff" url="VGM001000323_02_n.tif" rend="norend"/><graphic mimeType="image/jpeg" url="VGM001000323_02_nt.jpg" height="50px" rend="thumbnail"/><zone xml:id="zone-pb-1v-2">
<graphic mimeType="image/tiff" url="VGM001000323_02_nL.tif" rend="norend"/><graphic mimeType="image/jpeg" url="VGM001000323_02_nLt.jpg" height="50px" rend="thumbnail"/><graphic mimeType="image/png" url="VGM001000323_02_nLf.png" width="380px" rend="facstab"/></zone>
<zone xml:id="zone-pb-1v-3">
<graphic mimeType="image/tiff" url="VGM001000323_02_nR.tif" rend="norend"/><graphic mimeType="image/jpeg" url="VGM001000323_02_nRt.jpg" height="50px" rend="thumbnail"/><graphic mimeType="image/png" url="VGM001000323_02_nRf.png" width="380px" rend="facstab"/></zone>
</surface></facsimile><text xmlns:xsi="http://www.w3.org/2001/XMLSchema-instance"><body>
<div type="original">
<pb f="1r" n="1" xml:id="pb-orig-1r-1" facs="#zone-pb-1r-1"/><lb n="1" xml:id="l-1"/>
<ab>Waarde Theo,</ab><lb n="2" xml:id="l-2"/>
<ab>Zondags kom ik er telkens toe om U te schrijven en zoo <lb n="3" xml:id="l-3"/>ook heden. Dezer dagen las ik le Nabab van Daudet<anchor n="1" xml:id="note-o-1"/> <lb n="4" xml:id="l-4"/>en vind het meesterlijk – – oa. die wandeling <lb n="5" xml:id="l-5"/>van le Nabab en Hemerlingue den bankier<c type="kk">/</c> op Père <lb n="6" xml:id="l-6"/>la chaise in de schemering terwijl de buste van <lb n="7" xml:id="l-7"/>Balzac<c type="kk">/</c> een donker silhouet<c type="kk">/</c> tegen de lucht uit ironisch <lb n="8" xml:id="l-8"/>op hen neerziet<c type="kp">_</c>–<anchor n="2" xml:id="note-o-2"/> Dat is net een teekening van <lb n="9" xml:id="l-9"/>Daumier. Gij schreeft mij over Daumier hij <lb n="10" xml:id="l-10"/>gemaakt had la Révolution – Denis Dessoubs<c type="kp">_</c>– <lb n="11" xml:id="l-11"/>Toen ge zulks schreeft wist ik niet wie Denis Dessoubs <lb n="12" xml:id="l-12"/>was<c type="kk">/</c> nu las ik het in histoire d’un crime van <lb n="13" xml:id="l-13"/>Victor Hugo. Het is een nobel figuur – ik wou ik <lb n="14" xml:id="l-14"/>de teekening van D. kende.<anchor n="3" xml:id="note-o-3"/></ab><lb n="15" xml:id="l-15"/>
<ab rend="indent">Ik kan natuurlijkerwijs geen boek over Parijs lezen of ik <lb n="16" xml:id="l-16"/>denk direkt aan U. Ik kan ook geen boek over Parijs <lb n="17" xml:id="l-17"/>lezen of ik vind er eenigzins ook den Haag in terug<c type="kk">/</c> dat wel <lb n="17a" xml:id="l-17a"/>kleiner is dan Parijs doch toch ook een hofstad met bijbehoorende zeden.</ab><lb n="18" xml:id="l-18"/>
<ab rend="indent">Als gij zegt in Uw laatsten brief “wat is er toch een raadsel <lb n="19" xml:id="l-19"/>in de natuur”<c type="kk">/</c> zoo zeg ik dat met U. Het leven in ’t abstracte <lb n="20" xml:id="l-20"/>is reeds een raadsel<c type="kk">/</c> de werkelijkheid <lb n="21" xml:id="l-21"/>maakt dat het een raadsel in een raadsel wordt.</ab><lb n="22" xml:id="l-22"/>
<ab rend="indent">En wie zijn wij om het op te lossen<c type="kp">_</c>– Evenwel<c type="kk">/</c> we <lb n="23" xml:id="l-23"/>maken er zelf een stofdeeltje van uit<c type="kk">/</c> van die maatschappij <lb n="24" xml:id="l-24"/>waarvan we vragen<c type="kk">/</c> Waar heen gaat ze<c type="kk">/</c> naar <lb n="25" xml:id="l-25"/>den duivel of naar God.</ab><lb n="26" xml:id="l-26"/>
<ab rend="indent">Pourtant le soleil se lève<c type="kk">/</c> zegt V. Hugo.<anchor n="4" xml:id="note-o-4"/></ab><lb n="27" xml:id="l-27"/>
<ab rend="indent">Lang<c type="kk">/</c> lang geleden reeds las ik in l’ami Fritz van <lb n="28" xml:id="l-28"/>Erckmann Chatrian een woord van den ouden Rabbi dat dikwijls weer <lb n="29" xml:id="l-29"/>in mijn gedachten terug kwam<c type="kk">/</c> “nous ne sommes pas dans la <lb n="30" xml:id="l-30"/>vie pour être heureux mais nous devons tâcher de mériter le <lb n="31" xml:id="l-31"/>bonheur”.–<anchor n="5" xml:id="note-o-5"/> Op zich zelf genomen is er iets pedants in die <lb n="32" xml:id="l-32"/>gedachte<c type="kk">/</c> althans men zou het als iets pedants <hi rend="ital">kunnen</hi> opvatten <lb n="33" xml:id="l-33"/>maar in ’t verband waarin het woord voorkwam<c type="kk">/</c> <lb n="34" xml:id="l-34"/>n.l. in den mond van dat sympathieke figuur van <lb n="35" xml:id="l-35"/>den ouden Rabbi David Sechel<c type="kk">/</c> trof het mij diep en dikwijls <lb n="36" xml:id="l-36"/>denk ik er aan. Ook bij het teekenen – men moet <lb n="37" xml:id="l-37"/>niet er op rekenen dat men zijn teekeningen verkoopen zal <lb n="38" xml:id="l-38"/>doch het is pligt ze zoo te maken dat zij waarde hebben <lb n="39" xml:id="l-39"/>en serieus zijn. Men mag n.l. niet nonchalant of onverschillig <lb n="40" xml:id="l-40"/>worden al wordt men teleurgesteld in zijn omstandigheden.–</ab>
<pb f="1v" n="2" xml:id="pb-orig-1v-2" facs="#zone-pb-1v-2"/><lb n="41" xml:id="l-41"/>
<ab rend="indent">Met betrekking tot mijn plan met de lithographies<c type="kk">/</c> ik heb er nog <lb n="42" xml:id="l-42"/>veel over gedacht<c type="kk">/</c> was het dat alleen<c type="kk">/</c> ik was er niet mee <lb n="43" xml:id="l-43"/>gevorderd vrees ik want wat zal ik er over denken<c type="kp">_</c></ab><lb n="44" xml:id="l-44"/>
<ab rend="indent">Dus bovendien heb ik er nog weer een paar teekeningen <lb n="45" xml:id="l-45"/>voor gemaakt<c type="kk">/</c> eene vrouw met een zak kolen op ’t hoofd <lb n="46" xml:id="l-46"/>met een werf op den achtergrond<c type="kk">/</c> een silhouet van daken en schoorsteenen<c type="kk">/</c> <lb n="47" xml:id="l-47"/>en eene vrouw aan de waschtobbe.<anchor n="6" xml:id="note-o-6"/></ab><lb n="48" xml:id="l-48"/>
<ab rend="indent">Gij hoeft U niet ongerust te maken ik vooreerst andere <lb n="49" xml:id="l-49"/>demarches zal doen dan de teekeningen zelf – ik moet <lb n="50" xml:id="l-50"/>met het nemen van proeven met de lithographie een tijdje <lb n="51" xml:id="l-51"/>wachten tot ik eens weer bij kas ben om het voort te zetten<c type="kp">_</c> <lb n="52" xml:id="l-52"/>Maar ik geloof het iets zou kunnen worden<c type="kp">_</c></ab><lb n="53" xml:id="l-53"/>
<ab rend="indent">Bij tijden kan ik erg verlangen eens weer in Londen <lb n="54" xml:id="l-54"/>te zijn. Ik zou zoo enorm graag meer van <lb n="55" xml:id="l-55"/>drukken en teekenen op hout weten<c type="kp">_</c></ab><lb n="58" xml:id="l-58"/>
<ab rend="indent">Ik voel eene kracht in mij die ik ontwikkelen <lb n="59" xml:id="l-59"/>moet, een vuur dat ik niet mag uitdooven <lb n="60" xml:id="l-60"/>maar moet aanwakkeren ofschoon ik niet weet <lb n="61" xml:id="l-61"/>tot welke uitkomst het mij leiden zal en over een <lb n="62" xml:id="l-62"/>sombere niet verwonderd zou zijn.</ab><lb n="63" xml:id="l-63"/>
<ab rend="indent">In een tijd als deze<c type="kk">/</c> wat moet men wenschen? <lb n="64" xml:id="l-64"/>Wat is het gelukkigste lot betrekkelijk?<anchor n="a" xml:id="note-o-a"/></ab><lb n="65" xml:id="l-65"/>
<ab rend="indent">In sommige toestanden is het beter overwonnene <lb n="66" xml:id="l-66"/>dan overwinnaar te zijn. b.v. liever Prometheus dan Jupiter<c type="kp">_</c><anchor n="7" xml:id="note-o-7"/> Enfin – het is een oud woord<c type="kk">/</c> <lb n="67" xml:id="l-67"/>“laat maar gebeuren wat gebeuren moet”<c type="kp">_</c><anchor n="8" xml:id="note-o-8"/></ab><lb n="68" xml:id="l-68"/>
<ab rend="indent">Om van iets anders te spreken<c type="kk">/</c> weet gij wiens werk mij <lb n="69" xml:id="l-69"/>zeer getroffen heeft. Ik zag reproducties van Jul<hi rend="ital">ien</hi> Dupré <lb n="70" xml:id="l-70"/>(is dit een zoon van Jules Dupré???)<c type="kk">/</c> ’t eene stelde voor <lb n="71" xml:id="l-71"/>twee maaiers<c type="kk">/</c> ’t andere eene prachtige groote houtsnee <lb n="72" xml:id="l-72"/>uit Monde illustré<c type="kk">/</c> eene boerin die eene koe in de wei brengt<c type="kp">_</c><anchor n="9" xml:id="note-o-9"/> <lb n="73" xml:id="l-73"/>Het kwam mij voor uitmuntend te zijn<c type="kk">/</c> zeer energiek <lb n="74" xml:id="l-74"/>en zeer trouw<c type="kp">_</c> Het lijkt b.v. op Pierre Billet welligt <lb n="75" xml:id="l-75"/>of op Butin<c type="kp">_</c></ab>
<pb f="1v" n="3" xml:id="pb-orig-1v-3" facs="#zone-pb-1v-3"/><lb n="76" xml:id="l-76"/>
<ab rend="indent">Dan zag ik ook nog verschillende figuren <lb n="77" xml:id="l-77"/>van Dagnan Bouveret<c type="kk">/</c> een bedelaar<c type="kk">/</c> eene <lb n="78" xml:id="l-78"/>trouwpartij<c type="kk">/</c> l’accident<c type="kk">/</c> le jardin des tuilleries<c type="kp">_</c><anchor n="10" xml:id="note-o-10"/> <lb n="79" xml:id="l-79"/>Die twee zijn dunkt me kerels die corps <lb n="80" xml:id="l-80"/>à corps worstelen met de natuur<c type="kk">/</c> kerels die <lb n="81" xml:id="l-81"/>niet verflaauwen en een paar solide knuisten <lb n="82" xml:id="l-82"/>aan ’t lijf hebben.<lb n="82a" xml:id="l-82a"/> Over l’“accident” schreeft gij mij in der tijd<c type="kk">/</c> <lb n="82b" xml:id="l-82b"/>nu ken ik het en vind het zeer mooi<c type="kp">_</c></ab><lb n="83" xml:id="l-83"/>
<ab rend="indent">Het verhevene<c type="kk">/</c> de haast godsdienstige emotie van <lb n="84" xml:id="l-84"/>Millet hebben ze misschien niet<c type="kk">/</c> althans niet in die <lb n="85" xml:id="l-85"/>mate als Millet zelf<c type="kk">/</c> ze hebben misschien niet <lb n="86" xml:id="l-86"/>zijn volle warme liefde doch evenwel wat <lb n="87" xml:id="l-87"/>is het uitnemend goed. Nu ken ik wel is waar <lb n="88" xml:id="l-88"/>slechts reproducties doch mij dunkt daar kan niets <lb n="89" xml:id="l-89"/>in zijn wat niet in het oorspronkelijk werk zelf gelegd was.</ab><lb n="90" xml:id="l-90"/>
<ab rend="indent">à propos<c type="kk">/</c> het heeft bij mij lang geduurd eer ik <lb n="91" xml:id="l-91"/>Thomas Faed’s werk mooi vond maar tegenwoordig <lb n="92" xml:id="l-92"/>aarzel ik daaromtrent niet meer<c type="kk">/</c> b.v. de Sunday <lb n="93" xml:id="l-93"/>in the backwoods of Canada – Home &amp; the homeless – <lb n="94" xml:id="l-94"/>Worn out – The poor, the poor mans friend, enfin <lb n="95" xml:id="l-95"/>gij kent de serie aquatinten door Graves uitgegeven<c type="kp">_</c><anchor n="11" xml:id="note-o-11"/></ab><lb n="96" xml:id="l-96"/>
<ab rend="indent">Ik heb vandaag nog gewerkt aan oude <lb n="97" xml:id="l-97"/>teekeningen uit Etten omdat ik de knotwilgen <lb n="98" xml:id="l-98"/>weer in dergelijken bladerloozen toestand hier <lb n="99" xml:id="l-99"/>terugzag in het veld en het geen ik verleden jaar <lb n="100" xml:id="l-100"/>zag mij weer voor den geest kwam.<anchor n="12" xml:id="note-o-12"/></ab><lb n="101" xml:id="l-101"/>
<ab rend="indent">Ik kan soms zoo verlangen naar landschap te maken<c type="kk">/</c> <lb n="102" xml:id="l-102"/>net als naar een verre wandeling om eens <lb n="103" xml:id="l-103"/>op te frisschen en ik zie in de heele natuur<c type="kk">/</c> <lb n="104" xml:id="l-104"/>b.v. in boomen<c type="kk">/</c> expressie en als ’t ware een <lb n="105" xml:id="l-105"/>ziel. Een rij knotwilgen heeft iets van <lb n="106" xml:id="l-106"/>een processie weesmannen soms.</ab><lb n="107" xml:id="l-107"/>
<ab rend="indent">Het jonge koren kan iets onuitsprekelijk reins en <lb n="108" xml:id="l-108"/>zachts hebben dat een dergelijke emotie opwekt als de expressie <lb n="109" xml:id="l-109"/>van een slapend kindje b.v.</ab>
<pb f="1r" n="4" xml:id="pb-orig-1r-4" facs="#zone-pb-1r-4"/><lb n="110" xml:id="l-110"/>
<ab rend="indent">Het platgetrapte gras aan den kant van een weg heeft <lb n="111" xml:id="l-111"/>iets vermoeids en bestovens als de bevolking van een <lb n="112" xml:id="l-112"/>achterbuurt. Toen het laatst gesneeuwd had zag ik een <lb n="113" xml:id="l-113"/>groepje savoye koolen die stonden te verkleumen<c type="kk">/</c> dat me <lb n="114" xml:id="l-114"/>herinnerde aan een groepje vrouwen die ik s’morgens <lb n="115" xml:id="l-115"/>vroeg in een water- en vuur kelder<anchor n="13" xml:id="note-o-13"/> had zien staan en <lb n="116" xml:id="l-116"/>hun dunne rokken en oude shawls<c type="kp">_</c></ab><lb n="117" xml:id="l-117"/>
<ab rend="indent">Met betrekking <lb n="118" xml:id="l-118"/>tot die bewuste figuren die ik wel wilde lithographieeren <lb n="119" xml:id="l-119"/>geloof ik dat het moeielijkste is er een dertigtal te vinden <lb n="120" xml:id="l-120"/>die zamen een soort geheel vormen – men moet <lb n="121" xml:id="l-121"/>daarvoor er heel wat meer dan 30 teekenen<c type="kp">_</c>– <lb n="122" xml:id="l-122"/>Als ik die eerst heb dan is de stap van reproductie <lb n="123" xml:id="l-123"/>een tweede die welligt <hi rend="ital">dan</hi> gemakkelijker is dan <lb n="124" xml:id="l-124"/>wanneer men vóór men ’t geheel heeft al gaat <lb n="125" xml:id="l-125"/>reproduceeren. Misschien<c type="kk">/</c> of liever zeker zijt gij vóór ik zoover ben <lb n="126" xml:id="l-126"/>dat ik ze heb er wel weer eens geweest en kunnen <lb n="127" xml:id="l-127"/>wij er dan eens nader over spreken.</ab><lb n="128" xml:id="l-128"/>
<ab rend="indent">Er is hier reeds iets dergelijks voor het lager onderwijs <lb n="129" xml:id="l-129"/>gemaakt<c type="kk">/</c> n.l. 24 lith. door Schmidt Crans <lb n="130" xml:id="l-130"/>die ik onlangs zag<c type="kp">_</c>–<anchor n="14" xml:id="note-o-14"/> Er zijn er een paar bij <lb n="131" xml:id="l-131"/>die goed zijn doch gij zult begrijpen aan den <lb n="132" xml:id="l-132"/>persoon die ze gemaakt heeft dat het wel wat flaauw<c type="shy">-</c><lb n="133" xml:id="l-133"/>hartig is in ’t geheel genomen. <hi rend="ital">Die</hi> worden evenwel <lb n="134" xml:id="l-134"/>zeer gretig op de scholen gebruikt schijnt het – maar <lb n="135" xml:id="l-135"/>wat is het deplorable dat juist voor ’t onderwijs men <lb n="136" xml:id="l-136"/>met zoo iets reeds tevreden is. Enfin ’t is daarmee zooals <lb n="137" xml:id="l-137"/>met alles.</ab><lb n="138" xml:id="l-138"/>
    <ab rend="indent">Doch kerel<c type="kk">/</c> lees vooral eens <hi rend="ital">le Nabab</hi><c type="kk">/</c> het is prachtig. Dat figuur <lb n="139" xml:id="l-139"/>zou men den <hi rend="ital">braven</hi> <hi rend="ital">schobbejak</hi> kunnen noemen<c type="kp">_</c> Zijn <lb n="140" xml:id="l-140"/>er zoo? Ik geloof het vast<c type="kp">_</c> Er is veel hart in die boeken van <lb n="141" xml:id="l-141"/>Daudet. Zoo in les Rois en exil dat figuur van de koningin <lb n="142" xml:id="l-142"/>“aux yeux d’aigue marine”.<anchor n="15" xml:id="note-o-15"/> Schrijf weer spoedig eens<c type="kp">_</c></ab><lb n="143" xml:id="l-143"/>
<ab rend="indent">Wat kan het een mensch goed doen als men somber gestemd is aan ’t <lb n="144" xml:id="l-144"/>kale strand te wandelen en te kijken in de grijsgroene zee met de lange witte <lb n="145" xml:id="l-145"/>streepen der golven<c type="kp">_</c> Doch heeft men behoefte aan iets groots<c type="kk">/</c> iets oneindigs<c type="kk">/</c> <lb n="146" xml:id="l-146"/>iets waar men God in zien kan<c type="kk">/</c> men hoeft het niet ver te zoeken<c type="kk">/</c> <lb n="147" xml:id="l-147"/>mij dacht ik zag iets – dieper – oneindiger – eeuwiger dan een Oceaan <lb n="148" xml:id="l-148"/>in de expressie van de oogjes van een klein kindje – als het s’morgens <lb n="149" xml:id="l-149"/>wakker wordt en kraait – of lacht omdat het ’t zonnetje ziet schijnen in zijn wiegje<c type="kp">_</c> <lb n="150" xml:id="l-150"/>Als er een “rayon d’en haut”<anchor n="16" xml:id="note-o-16"/> is<c type="kk">/</c> welligt kan men die daar vinden.</ab><lb n="151" xml:id="l-151"/>
<ab rend="indent">adieu kerel, met een handdruk in gedachten<c type="kp">_</c></ab>
<vg:whiteline/><lb n="151*" xml:id="l-151s"/>
<ab>t. à t.</ab><lb n="152" xml:id="l-152"/>
<ab>Vincent</ab>
<vg:whiteline/>
<div type="textualNotes">
<note target="l-31" n="31">bonheur”.– &lt; bonheur.–</note>
<note target="l-115" n="115">water- &lt; water</note></div></div>
<div type="translation">
<pb f="1r" n="1" xml:id="pb-trans-1r-1" facs="#zone-pb-1r-1"/>
<ab>My dear Theo,</ab>
<ab>I often get around to writing to you on Sundays, and likewise today. I’ve been reading Le Nabab by <rs type="pers" key="583">Daudet</rs><anchor n="1" xml:id="note-t-1"/> these past few days, and find it masterly — among other things that walk taken by the Nabab and Hemerlingue the banker at Père Lachaise in the twilight while the bust of <rs type="pers" key="519">Balzac</rs>, a dark silhouette against the sky, looks down on them ironically.<anchor n="2" xml:id="note-t-2"/> It’s just like a drawing by <rs type="pers" key="977">Daumier</rs>. You wrote to me about Daumier saying that he’d made The Revolution — Denis Dussoubs. When you wrote that, I didn’t know who <rs type="pers" key="352">Denis Dussoubs</rs> was; now I’ve read it in Histoire d’un crime by <rs type="pers" key="666">Victor Hugo</rs>. He’s a noble character — I wish I knew the drawing by D.<anchor n="3" xml:id="note-t-3"/></ab>
<ab rend="indent">Of course I can’t read a book about Paris without instantly thinking of you. I also can’t read a book about Paris without to some extent also finding The Hague in it, which is admittedly smaller than Paris but still a court city with corresponding morals.</ab>
<ab rend="indent">When you say in your last letter ‘what a riddle there is in nature’, I echo your words. Life in the abstract is already a riddle, reality turns it into a riddle within a riddle. </ab>
<ab rend="indent">And who are we to solve it? All the same, we ourselves form a particle of it, of the society of which we ask, Where is it going, to the devil or to God? </ab>
<ab rend="indent">Yet the sun rises, says <rs type="pers" key="666">V. Hugo</rs>.<anchor n="4" xml:id="note-t-4"/> </ab>
<ab rend="indent">Long, long ago, in L’ami Fritz by <rs type="pers" key="594 591">Erckmann-Chatrian</rs>, I read a remark by the old rabbi that has often come to mind since: ‘We are not alive in order to be happy, but we must try to deserve happiness.’<anchor n="5" xml:id="note-t-5"/> Taken in isolation, this thought seems a little pedantic, at least one <hi rend="ital">could</hi> interpret it as a little pedantic, but in the context in which the remark occurred, namely on the lips of the sympathetic figure of old Rabbi David Sechel, it struck me deeply and I often think of it. Also when drawing — one shouldn’t count on selling one’s drawings, but one has a duty to make them such that they have value and are serious. For one may not become nonchalant or indifferent, even if one is disappointed by one’s circumstances. 
<pb f="1v" n="2" xml:id="pb-trans-1v-2" facs="#zone-pb-1v-2"/> </ab>
<ab rend="indent">As for my plan with the lithographs, I’ve thought about it a lot; if that had been all, I fear I wouldn’t have made any progress, for what is there to think about? </ab>
<ab rend="indent">Thus in addition I’ve again made a few drawings for them, a woman with a sack of coal on her head with a yard in the background, a silhouette of roofs and chimneys, and a woman at the wash-tub.<anchor n="6" xml:id="note-t-6"/></ab>
<ab rend="indent">You needn’t worry that I’ll undertake anything else for the time being apart from the drawings themselves — I must wait a little before doing trials with lithography until I have some money to get on with them. But I believe it could come to something. </ab>
<ab rend="indent">From time to time I have a great longing to be in London again. I’d so very much like to know more about printing and drawing on wood. </ab>
<ab rend="indent">I feel a power in me that I must develop, a fire that I may not put out but must fan, although I don’t know to what outcome it will lead me, and wouldn’t be surprised if it was a sombre one. </ab>
<ab rend="indent">In times like these, what should one wish for? What is the happiest lot in these circumstances? </ab>
<ab rend="indent">In some situations it’s better to be the vanquished than the victor, for example, better Prometheus than Jupiter.<anchor n="7" xml:id="note-t-7"/> Anyway, it’s an old saying, ‘what will be will be’.<anchor n="8" xml:id="note-t-8"/></ab>
<ab rend="indent">To change the subject, do you know whose work has made a deep impression on me? I saw reproductions of <rs type="pers" key="1006">Jul<hi rend="ital">ien</hi> Dupré</rs> (is this a son of <rs type="pers" key="986">Jules Dupré</rs>???). One was of two reapers, the other, a splendid large woodcut from Monde illustré, of a peasant woman taking a cow into the meadow.<anchor n="9" xml:id="note-t-9"/> It seemed to me outstanding, very energetic and very true to life. It perhaps resembles <rs type="pers" key="876">Pierre Billet</rs>, say, or <rs type="pers" key="915">Butin</rs>. 
    <pb f="1v" n="3" xml:id="pb-trans-1v-3" facs="#zone-pb-1v-3"/></ab>
<ab rend="indent">Then I also saw various figures by <rs type="pers" key="959">Dagnan-Bouveret</rs>, a beggar, a wedding party, The accident, The Garden of the Tuileries.<anchor n="10" xml:id="note-t-10"/> Those two seem to me to be fellows who wrestle physically with nature, fellows who don’t weaken and aren’t afraid of dirtying their hands. You wrote to me about ‘The accident’ at the time, now I know it and find it very beautiful. </ab>
<ab rend="indent">They perhaps don’t have the lofty quality, the almost religious emotion of <rs type="pers" key="1226">Millet</rs>, at least not to the same degree as Millet himself; they perhaps don’t have his full, warm love, but even so how outstandingly good it is. Now admittedly I only know reproductions, but it seems to me that they can’t contain anything that wasn’t put into the original work itself. </ab>
<ab rend="indent">By the way, it took a long time before I found <rs type="pers" key="1011">Thomas Faed</rs>’s work beautiful, but these days I don’t hesitate about it any more, for instance, the Sunday in the backwoods of Canada — Home and the homeless — Worn out — The poor, the poor man’s friend, anyway, you know the series of aquatints published by <rs type="pers" key="437">Graves</rs>.<anchor n="11" xml:id="note-t-11"/></ab>
<ab rend="indent">Today I worked on old drawings from Etten, because I saw the pollard willows again in a similar leafless state here in the field, and what I had seen last year came to mind again.<anchor n="12" xml:id="note-t-12"/> </ab>
<ab rend="indent">Sometimes I long so much to do landscape, just as one would for a long walk to refresh oneself, and in all of nature, in trees for instance, I see expression and a soul, as it were. A row of pollard willows sometimes resembles a procession of orphan men. </ab>
<ab rend="indent">Young corn can have something ineffably pure and gentle about it that evokes an emotion like that aroused by the expression of a sleeping child, for example. 
<pb f="1r" n="4" xml:id="pb-trans-1r-4" facs="#zone-pb-1r-4"/></ab>
<ab rend="indent">The grass trodden down at the side of a road looks tired and dusty like the inhabitants of a poor quarter. After it had snowed recently I saw a group of Savoy cabbages that were freezing, and that reminded me of a group of women I had seen early in the morning at a water and fire cellar<anchor n="13" xml:id="note-t-13"/> in their thin skirts and old shawls. </ab>
<ab rend="indent">As for those figures that I wanted to lithograph, I think the most difficult thing is to find thirty or so that together will form some sort of whole — for that one has to draw considerably more than 30. If I first have them, reproduction will be a second step which may <hi rend="ital">then</hi> be easier than if one had started reproducing before one had the whole. Perhaps, or rather certainly, you’ll have been here again before I’ve got as far as having them done, and then we can discuss this further. </ab>
<ab rend="indent">Something similar for primary schools has already been made here, namely 24 lithographs by <rs type="pers" key="969">Schmidt Crans</rs> which I saw recently.<anchor n="14" xml:id="note-t-14"/> A few of them are good, but you’ll understand, given the person who made them, that as a whole they’re rather faint-hearted. All the same, it seems that schools are keen to use <hi rend="ital">them</hi> — but how deplorable it is that people are satisfied with something like that, especially for schools. Well, it’s the same with this as with everything else. </ab>
    <ab rend="indent">Still, old chap, read <hi rend="ital">Le Nabab</hi> above all. It’s splendid. One could call that character the <hi rend="ital">good scoundrel</hi>. Are there such people? I’m sure there are. There’s a lot of heart in those books by <rs type="pers" key="583">Daudet</rs>. For example, in Les rois en exil the character of the queen ‘with eyes of aquamarine’.<anchor n="15" xml:id="note-t-15"/> Write again soon.</ab>
<ab rend="indent">How much good it does a person if one is in a gloomy mood to walk on the empty beach and look into the grey-green sea with the long white lines of the waves. Yet if one has a need for something great, something infinite, something in which one can see God, one needn’t look far. I thought I saw something — deeper, more infinite, more eternal than an ocean — in the expression in the eyes of a baby — when it wakes in the morning and crows — or laughs because it sees the sun shine into its cradle. If there is a ‘ray from on high’,<anchor n="16" xml:id="note-t-16"/> it might be found there. </ab>
<ab rend="indent">Adieu, old chap, with a handshake in thought.</ab>
<vg:whiteline/>
<ab>Ever yours,</ab>
<ab>Vincent</ab></div>
<div type="notes">
<note n="1" xml:id="n-1" target="#note-t-1">
<ab><rs type="pers" key="583">Alphonse Daudet</rs>’s <rs type="lit" key="306"><hi rend="ital">Le Nabab – Moeurs parisiennes</hi></rs> (1877) is a novel about the fall of Bernard Jansoulet, known as Le Nabab, who has amassed a fortune in Tunis. When this successful and honest businessman moves to Paris, he is swindled and rejected by this immoral and degenerate city. He later dies of despair.</ab></note>
<note n="2" xml:id="n-2" target="#note-t-2">
<ab>The walk in the famous Parisian cemetery Père Lachaise is described in ‘Les funérailles’ (chapter 19); for the scene with <rs type="pers" key="519">Balzac</rs>’s bust, see Daudet 1986-1994, vol. 2. p. 761. </ab></note>
<note n="3" xml:id="n-3" target="#note-t-3">
<ab>As far as is known, there was only a painting of <rs type="ill" key="1997"><hi rend="ital">Scene from the Revolution</hi></rs> (Scene from the Revolution), not a drawing, as Vincent had evidently understood from Theo; see also <ref target="let280.xml#n-7">letter 280, n. 7.</ref></ab>
<ab rend="indent">Theo himself had probably drawn a link between <rs type="pers" key="352">Denis Dussoubs</rs>, a republican activist, and the young revolutionary at the centre of <rs type="pers" key="977">Daumier</rs>’s painting, unless he was referring to a drawing (possibly unknown). </ab>
<ab rend="indent"><rs type="pers" key="666">Victor Hugo</rs>’s <rs type="lit" key="307"><hi rend="ital">Histoire d’un crime</hi></rs> (1877-1878) recounts the events during the coup of December 1851 in Paris. The fourth volume, ‘Quatrième journée. La victoire’, chapter 3: ‘Les faits de la nuit – le Petit-Carreau’ describes at great length how <rs type="pers" key="352">Dussoubs</rs> is killed while making a heroic attempt to mediate in a battle between soldiers and republicans. See Hugo 1987, pp. 374-383.</ab></note>
<note n="4" xml:id="n-4" target="#note-t-4">
<ab>A reference to the title of the last chapter of <rs type="pers" key="666">Hugo</rs>’s historical novel <rs type="lit" key="278"><hi rend="ital">Quatre-vingt-treize</hi></rs> (1874), ‘Cependant le soleil se lève’. See for <hi rend="ital">Quatre-vingt-treize</hi>: <ref target="let286.xml#n-9">letter 286, n. 9.</ref></ab></note>
<note n="5" xml:id="n-5" target="#note-t-5">
<ab>A reference to a dialogue between the humble Fritz Kobus and the rabbi David Sichel (not ‘Sechel’, as Van Gogh writes a little later) in <rs type="lit" key="52"><hi rend="ital">L’ami Fritz</hi></rs> by <rs type="pers" key="594 591">Erckmann-Chatrian</rs>. They discuss the question whether one should pursue happiness in life. The rabbi does not think so, because God did not intend it. He deduces this from the fact that God has not given man the means with which to be happy. On being asked what God does want from us in that case, he answers: ‘Il veut que nous méritions le bonheur, et cela fait une grande différence, Kobus’. See <hi rend="ital">L’ami Fritz</hi>, edition bound with <hi rend="ital">Histoire du plébiscite</hi>. Paris 1872, pp. 14-15.</ab></note>
<note n="6" xml:id="n-6" target="#note-t-6">
<ab>Strictly speaking, it is possible that three drawings are being described here, but given that with the lithographs Van Gogh was primarily concerned with the figures, we may assume that he is describing <hi rend="ital">two</hi> drawings, the first including the background and the second only the central subject. These drawings are not known. </ab></note>
<note n="a" xml:id="n-a" target="#note-o-a">
<ab>Means: ‘naar omstandigheden’, ‘in dit verband’ (under the circumstances, in this connection).</ab></note>
<note n="7" xml:id="n-7" target="#note-t-7">
<ab>This comparison, which was added as an afterthought, may come from <rs type="pers" key="666">Victor Hugo</rs>’s <rs type="lit" key="198"><hi rend="ital">William Shakespeare</hi></rs>: ‘Prometheus was Right defeated. Jupiter, as always, perpetrated the usurpation of power by putting Right to the torture’ (Prométhée, c’est le droit vaincu. Jupiter a, comme toujours, consommé l’usurpation du pouvoir par le supplice du droit). See Hugo 1864, p. 307, and exhib. cat. Vienna 1996, pp. 33-34.</ab></note>
<note n="8" xml:id="n-8" target="#note-t-8">
<ab>Cf. the saying ‘Aan wat gebeuren moet, is geen ontkomen’.</ab></note>
<note n="9" xml:id="n-9" target="#note-t-9">
<ab>The French landscape painter <rs type="pers" key="1006">Julien Dupré</rs> was a nephew of the artist <rs type="pers" key="986">Jules Dupré</rs>. The work referred to with two reapers has not been identified – Dupré produced numerous scenes with ‘reapers’ and farm labourers, mostly undated. The second reproduction Van Gogh mentions is the print engraved by <rs type="pers" key="1556">Jules Louis Laurent Langeval</rs> after Dupré’s painting <hi rend="ital">Dans la prairie</hi> (In the meadow), in <hi rend="ital">Le Monde Illustré</hi> 26 (16 September 1882), pp. 184-185. <rs type="ill" key="794">Ill. 794</rs>.</ab></note>
<note n="10" xml:id="n-10" target="#note-t-10">
<ab>A ‘beggar’ by <rs type="pers" key="959">Dagnan-Bouveret</rs> is not known, but given that Van Gogh mentions several prints that appeared in <hi rend="ital">Le Monde Illustré</hi>, he must mean the engraving <hi rend="ital">Un mendiant</hi> (A beggar), after the work with the same title by <rs type="pers" key="124">Jules Bastien-Lepage</rs>, engraved by <rs type="pers" key="1512">Charles Baude</rs>, in <hi rend="ital">Le Monde Illustré</hi> 25 (25 June 1881), pp. 424-425. <rs type="ill" key="542">Ill. 542</rs>. A reduced reproduction of it was in <hi rend="ital">L’Illustration</hi> 77 (14 May 1881), p. 327; a lithograph in <hi rend="ital">La Vie Moderne</hi> 3 (11 June 1881), p. 377.</ab>
<ab rend="indent">The ‘wedding party’ is Dagnan-Bouveret’s <hi rend="ital">Une noce chez le photographe</hi> (A wedding party at the photographer’s), engraved by <rs type="pers" key="1560">Auguste Louis Lepère</rs>, in <hi rend="ital">Le Monde Illustré</hi> 24 (7 February 1880), pp. 88-89. <rs type="ill" key="38">Ill. 38</rs>. There was also an engraving by Rouget in <hi rend="ital">L’Univers</hi> Illustré 23 (7 February 1880), p. 85, and a photogravure at Goupil, reproduced in Eugène Montrosier, Les artistes modernes, part 1. Paris 1881, p. 112.</ab>
<ab rend="indent">Auguste Louis Lepère also engraved <hi rend="ital">Un accident</hi> (An accident) in <hi rend="ital">Le Monde Illustré</hi> 24 (22 May 1880), p. 321. <rs type="ill" key="735">Ill. 735</rs>. A print by Charles Baude appeared in <hi rend="ital">L’Illustration</hi> 77 (28 May 1881), between pp. 364 and 365; <hi rend="ital">L’Univers Illustré</hi> 23 (29 May 1880) p. 341 also had a print.</ab>
<ab rend="indent">For <rs type="ill" key="736"><hi rend="ital">A bird charmer in the Jardin des Tuileries</hi></rs>, <ref target="let275.xml#n-40">see letter 275, n. 40.</ref></ab></note>
<note n="11" xml:id="n-11" target="#note-t-11">
<ab>By ‘the series of aquatints published by Graves’ Van Gogh must mean the series of <hi rend="ital">mezzotints</hi> (‘mixed mezzotint’) published by <rs type="pers" key="437">Henry Graves</rs> &amp; Co.</ab>
<ab rend="indent">The print after <rs type="pers" key="1011">Thomas Faed</rs>, <hi rend="ital">Sunday in the backwoods of Canada</hi>, was engraved by <rs type="pers" key="1595">William Henry Simmons</rs> in 1863; it is also known as <hi rend="ital">Scottish emigrants’ Sunday in the backwoods</hi> (London, Victoria &amp; Albert Museum). <rs type="ill" key="828">Ill. 828</rs>.</ab>
<ab rend="indent"><rs type="pers" key="50">Henry Cousins</rs> made a print after Faed’s <hi rend="ital">Home and the homeless</hi> (Edinburgh, National Galleries of Scotland), <rs type="ill" key="826">Ill. 826</rs>, (see The printsellers’ association catalogue of registered engravings. London 1912, no. 171). It has not been traced.</ab>
<ab rend="indent"><rs type="pers" key="1597">Frederick Stacpoole</rs> made a mezzotint after <hi rend="ital">Worn out</hi> (1868) (London, British Museum). <rs type="ill" key="829">Ill. 829</rs>.</ab>
<ab rend="indent">The print after <hi rend="ital">The poor, the poor man’s friend</hi>, 1867 (London, Victoria &amp; Albert Museum), <rs type="ill" key="827">Ill. 827</rs>, was engraved by <rs type="pers" key="1595">William Henry Simmons</rs> (see The printsellers’ association catalogue of registered engravings. London 1912, no. 293). It has not been traced. </ab></note>
<note n="12" xml:id="n-12" target="#note-t-12">
<ab>Three large drawings with pollard willows from the Etten period are known: <rs type="otherart" key="320">F 1678 / JH 46</rs>; <rs type="otherart" key="319">F 900 / JH 47</rs>; <rs type="otherart" key="321">F 995 / JH 56</rs>.</ab></note>
<note n="13" xml:id="n-13" target="#note-t-13">
<ab>A cellar where hot water and glowing coals could be bought. </ab></note>
<note n="14" xml:id="n-14" target="#note-t-14">
<ab>Van Gogh probably means the four-volume publication <rs type="lit" key="308"><hi rend="ital">Thieme’s teeken-cahiers door J.M. Schmidt Crans</hi></rs>. Arnhem, G.J. Thieme, 1866. The volumes cost 15 or 20 cents (see <hi rend="ital">Brinkman</hi>). As far as is known no copies are extant. </ab></note>
<note n="15" xml:id="n-15" target="#note-t-15">
<ab>The ‘yeux d’aigue marine’ occur in <rs type="lit" key="264"><hi rend="ital">Les rois en exil – Roman parisien</hi></rs> (chapters 3 and 4). See Daudet 1986-1994, vol. 2, pp. 912, 940. Van Gogh is referring to the gentle and resigned Queen Frédérique of Illyria, one of the principal characters in the novel. </ab></note>
<note n="16" xml:id="n-16" target="#note-t-16">
<ab>For ‘un rayon d’en haut’, <ref target="let143.xml#n-5">see letter 143, n. 5.</ref></ab></note></div></body></text></TEI>
