<?xml version="1.0" encoding="UTF-8"?>
<!-- Last Changed Date: 2018-07-18 12:32:41 +0200 (Wed, 18 Jul 2018) | SVN Revision: 2206 -->
<!--Licensed under Attribution-NonCommercial-ShareAlike 4.0 International (CC BY-NC-SA 4.0)-->
<?xml-model href="https://xmlschema.huygens.knaw.nl/vgodd.rng" type="application/xml" schematypens="http://relaxng.org/ns/structure/1.0"?>
<TEI xmlns:vg="http://www.vangoghletters.org/ns/" xmlns="http://www.tei-c.org/ns/1.0">
<teiHeader xmlns:xsi="http://www.w3.org/2001/XMLSchema-instance"><fileDesc>
<titleStmt>
<title>To Theo van Gogh. The Hague, on or about Sunday, 1 October 1882.</title>
<editor>Leo Jansen</editor>
<editor>Hans Luijten</editor>
<editor>Nienke Bakker</editor></titleStmt>
<publicationStmt>
<publisher><name>Huygens Instituut voor Nederlandse Geschiedenis (KNAW)</name><email>info@huygens.knaw.nl</email></publisher>
<publisher>Van Gogh Museum</publisher>
<pubPlace>Amsterdam</pubPlace>
<date type="first" when="2009">2009</date>
<availability status="restricted">
<licence target="http://creativecommons.org/licenses/by-nc-sa/4.0/ https://creativecommons.org/licenses/by-nc-sa/4.0/legalcode">
<p>Attribution-NonCommercial-ShareAlike 4.0 International (CC BY-NC-SA 4.0) </p></licence></availability>
<ptr target="http://vangoghletters.org/orig/let270"/></publicationStmt><sourceDesc><vg:letDesc><vg:letIdentifier>
<idno type="jlb">270</idno>
<idno type="collectedletters">235</idno>
<idno type="brieven1990">271</idno></vg:letIdentifier><vg:letHeading><author>Vincent van Gogh</author><vg:addressee>Theo van Gogh</vg:addressee><vg:placeLet>The Hague</vg:placeLet><vg:dateLet>on or about Sunday, 1 October 1882</vg:dateLet></vg:letHeading><vg:physDesc><vg:decoration><vg:decoList xml:id="sketches"><vg:decoItem n="A" xml:id="sketch-1"><vg:decoDesc>
<p>
      <hi rend="ital">Church pew with worshippers</hi> (<rs type="sketch" key="69">F - / JH 226</rs>), letter sketch</p></vg:decoDesc></vg:decoItem><vg:decoItem n="B" xml:id="sketch-2"><vg:decoDesc>
            <p>
                  <hi rend="ital">Back of the head of an orphan man </hi> (<rs type="sketch" key="70">F - / JH -</rs>), letter sketch</p></vg:decoDesc></vg:decoItem><vg:decoItem n="C" xml:id="sketch-3"><vg:decoDesc>
<p>
      <hi rend="ital">The poor and money</hi> (<rs type="sketch" key="71">F - / JH 223</rs>), letter sketch. Text in the drawing: (left) ‘HEDEN / TREKKING / StaatsLoterij’ (State Lottery draw today) and (right) ‘HOOGE PRYZEN’ (Valuable prizes).</p></vg:decoDesc></vg:decoItem></vg:decoList></vg:decoration></vg:physDesc><vg:letContents>
<p>To Theo van Gogh. The Hague, on or about Sunday, 1 October 1882.</p>
<note type="ongoingTopic" n="1">
<p>Zuyderland is a model <ref target="let267.xml">(267)</ref></p></note></vg:letContents>
<note type="sourceStatus" xml:id="sourceStatus">
<p>Original manuscript</p></note>
<note type="location" xml:id="location">
<p>Amsterdam, Van Gogh Museum, inv. no. b257 V/1962</p></note>
<note type="date" xml:id="date">
<p>Vincent thanks Theo for ‘sending the money in good time’ <ref target="#l-90">(l. 90)</ref>. This means that it must have arrived around 1 October. So the letter dates from on or about Sunday, 1 October 1882. </p></note></vg:letDesc></sourceDesc></fileDesc></teiHeader>
<facsimile xmlns:xsi="http://www.w3.org/2001/XMLSchema-instance">
<surface n="b 0257" xml:id="surf-pb-1r"><graphic mimeType="image/tiff" url="VGM001000315_01.TIF" rend="norend"/><graphic mimeType="image/tiff" url="VGM001000315_01_n.tif" rend="norend"/><graphic mimeType="image/jpeg" url="VGM001000315_01_nt.jpg" height="50px" rend="thumbnail"/><zone xml:id="zone-pb-1r-1">
<graphic mimeType="image/tiff" url="VGM001000315_01_nR.tif" rend="norend"/><graphic mimeType="image/jpeg" url="VGM001000315_01_nRt.jpg" height="50px" rend="thumbnail"/><graphic mimeType="image/png" url="VGM001000315_01_nRf.png" width="380px" rend="facstab"/></zone>
<zone xml:id="zone-pb-1r-4">
<graphic mimeType="image/tiff" url="VGM001000315_01_nL.tif" rend="norend"/><graphic mimeType="image/jpeg" url="VGM001000315_01_nLt.jpg" height="50px" rend="thumbnail"/><graphic mimeType="image/png" url="VGM001000315_01_nLf.png" width="380px" rend="facstab"/></zone>
</surface>
<surface n="b 0257" xml:id="surf-pb-1v"><graphic mimeType="image/tiff" url="VGM001000315_02.TIF" rend="norend"/><graphic mimeType="image/tiff" url="VGM001000315_02_n.tif" rend="norend"/><graphic mimeType="image/jpeg" url="VGM001000315_02_nt.jpg" height="50px" rend="thumbnail"/><zone xml:id="zone-pb-1v-2">
<graphic mimeType="image/tiff" url="VGM001000315_02_nL.tif" rend="norend"/><graphic mimeType="image/jpeg" url="VGM001000315_02_nLt.jpg" height="50px" rend="thumbnail"/><graphic mimeType="image/png" url="VGM001000315_02_nLf.png" width="380px" rend="facstab"/></zone>
<zone xml:id="zone-pb-1v-3">
<graphic mimeType="image/tiff" url="VGM001000315_02_nR.tif" rend="norend"/><graphic mimeType="image/jpeg" url="VGM001000315_02_nRt.jpg" height="50px" rend="thumbnail"/><graphic mimeType="image/png" url="VGM001000315_02_nRf.png" width="380px" rend="facstab"/></zone>
</surface></facsimile><text xmlns:xsi="http://www.w3.org/2001/XMLSchema-instance"><body>
<div type="original">
<pb f="1r" n="1" xml:id="pb-orig-1r-1" facs="#zone-pb-1r-1"/><lb n="1" xml:id="l-1"/>
<ab>Waarde Theo,</ab><lb n="2" xml:id="l-2"/>
<ab>Met een enkel woord berigt ik U de goede ontvangst van <lb n="3" xml:id="l-3"/>Uw brief<c type="kk">/</c> voor den inhoud er van dank ik U hartelijk.</ab><lb n="4" xml:id="l-4"/>
<ab rend="indent">Deze laatste dagen heb ik haast niet anders gedaan <lb n="5" xml:id="l-5"/>als aquarel. Ingesloten een krabbeltje van een groote<c type="kp">_</c><anchor n="1" xml:id="note-o-1"/><lb n="6" xml:id="l-6"/> Ge herinnert U misschien wel in ’t begin van de <lb n="7" xml:id="l-7"/>Spuistraat het kantoor van de Staatsloterij van Mooiman.<anchor n="2" xml:id="note-o-2"/><lb n="8" xml:id="l-8"/> Ik kwam daar op een regenachtigen morgen voorbij <lb n="9" xml:id="l-9"/>toen eene menigte menschen daar stonden te wachten <lb n="10" xml:id="l-10"/>om loterijbriefjes te halen. Het waren meestendeels <lb n="11" xml:id="l-11"/>oude vrouwtjes en van die soort van menschen <lb n="12" xml:id="l-12"/>waarvan men niet weet te zeggen wat ze doen <lb n="13" xml:id="l-13"/>of hoe ze leven maar die toch blijkbaar heel wat <lb n="14" xml:id="l-14"/>scharrelen &amp; tobben en zich bewegen in de wereld. <lb n="15" xml:id="l-15"/>Natuurlijkerwijs is oppervlakkig beschouwd zoo’n <lb n="16" xml:id="l-16"/>troepje luidjes die blijkbaar zooveel <lb n="17" xml:id="l-17"/>belang stellen in “Heden trekking”<anchor n="3" xml:id="note-o-3"/> iets wat U <lb n="18" xml:id="l-18"/>en mij haast doet lagchen<c type="kk">/</c> in dit opzigt <lb n="19" xml:id="l-19"/>dat de loterij U en mij niet in <lb n="20" xml:id="l-20"/>’t minst schelen kan<c type="kp">_</c></ab><lb n="21" xml:id="l-21"/>
<ab rend="indent">Maar het groepje lui – en hun expressie <lb n="22" xml:id="l-22"/>van wachten – trof mij – en terwijl ik <lb n="23" xml:id="l-23"/>het maakte kreeg het voor mij een grootere<c type="kk">/</c> <lb n="24" xml:id="l-24"/>diepere beteekenis dan in ’t eerste oogenblik. <lb n="25" xml:id="l-25"/>Dan wordt het dunkt mij meer beteekenisvol als <lb n="26" xml:id="l-26"/>men er in ziet – <hi rend="sc">de armen en het geld</hi><c type="kp">_</c> <lb n="27" xml:id="l-27"/>Zoo is ’t trouwens met haast alle <lb n="28" xml:id="l-28"/>figuurgroepen<c type="kk">/</c> men moet er wel eens over <lb n="29" xml:id="l-29"/>doordenken eer men inziet waar men voor <lb n="30" xml:id="l-30"/>staat – de nieuwsgierigheid en illusie over de loterij <lb n="31" xml:id="l-31"/>schijnt ons min of meer kinderachtig – maar het wordt <lb n="32" xml:id="l-32"/>ernstig als men denkt aan de oppositie van misere <lb n="33" xml:id="l-33"/>en dat soort van efforts de perdus van de stakkers om door <lb n="34" xml:id="l-34"/>een loterijbriefje te nemen<c type="kk">/</c> betaald met hun uit den mond gespaarde centen<c type="kk">/</c> <lb n="35" xml:id="l-35"/>mogelijk<c type="kk">/</c> zooals zij zich verbeelden<c type="kk">/</c> gered te worden.</ab>
<pb f="1v" n="2" xml:id="pb-orig-1v-2" facs="#zone-pb-1v-2"/><lb n="36" xml:id="l-36"/>
<ab rend="indent">Wat hier ook van zij<c type="kk">/</c> ik heb er een groote aquarel <lb n="37" xml:id="l-37"/>van op touw.</ab><lb n="38" xml:id="l-38"/>
<ab rend="indent">En ben bovendien bezig aan een van een <lb n="39" xml:id="l-39"/>kerkbank<anchor n="4" xml:id="note-o-4"/> die ik zag in een kleen<anchor n="a" xml:id="note-o-a"/> kerkje op de <lb n="40" xml:id="l-40"/>Geest waar de diakonie mannetjes gaan<anchor n="5" xml:id="note-o-5"/> <lb n="41" xml:id="l-41"/>(men noemt ze hier zeer expressief WEES<hi rend="ital">mannen</hi> <lb n="41a" xml:id="l-41a"/>en <hi rend="ital">wees</hi>vrouwen).–<anchor n="6" xml:id="note-o-6"/> <lb n="42" xml:id="l-42"/>Het gaat er zoo mee dat<c type="kk">/</c> weer eens druk aan <lb n="43" xml:id="l-43"/>’t teekenen zijnde<c type="kk">/</c> ik soms denk<c type="kk">/</c> er is toch niets <lb n="44" xml:id="l-44"/>zoo prettig als teekenen.</ab>
<vg:whiteline/><figure facs="zone-sketch-1" n="A"/>
<vg:whiteline/><lb n="45" xml:id="l-45"/>
<ab>Dit is een stuk uit dat brok banken, er zijn nog <lb n="46" xml:id="l-46"/>andere koppen op den achtergrond van mannen.<anchor n="7" xml:id="note-o-7"/></ab><lb n="47" xml:id="l-47"/>
<ab rend="indent">Zulke dingen zijn echter moeielijk en zullen <lb n="48" xml:id="l-48"/>zoo in eens niet lukken. Het gelukken is soms <lb n="49" xml:id="l-49"/>’t eindresultaat van een heele serie mislukkingen. <lb n="50" xml:id="l-50"/>Van weesmannen gesproken – ik werd in ’t schrijven <lb n="51" xml:id="l-51"/>van dezen gestoord door de komst van mijn model.</ab><lb n="52" xml:id="l-52"/>
<ab rend="indent">En ik heb tot den donker met hem gewerkt – met <lb n="53" xml:id="l-53"/>een groote oude overjas aan waardoor hij een curieus breed figuur kreeg – ik geloof dat <lb n="54" xml:id="l-54"/>gij wel schik zoudt hebben misschien in deze <lb n="55" xml:id="l-55"/>collectie weesmannen in hun zondags- &amp; werkpak. <lb n="56" xml:id="l-56"/>Dan pakte ik hem ook nog eens zittende <lb n="57" xml:id="l-57"/>met een pijpje.<anchor n="8" xml:id="note-o-8"/> Hij heeft een aardigen kalen <lb n="58" xml:id="l-58"/>kop – groote ooren (<hi rend="ital">NB. Doove</hi>) <figure facs="zone-sketch-2" n="B"/> en witte bakkebaarden<c type="kp">_</c><anchor n="9" xml:id="note-o-9"/></ab>
<vg:whiteline/>
<pb f="1v" n="3" xml:id="pb-orig-1v-3" facs="#zone-pb-1v-3"/><figure facs="zone-sketch-3" n="C"/>
<pb f="1r" n="4" xml:id="pb-orig-1r-4" facs="#zone-pb-1r-4"/><lb n="59" xml:id="l-59"/>
<ab>Deze krabbeling maakte ik half in den donker – toch zult ge er <lb n="60" xml:id="l-60"/>zoo ten naasten bij misschien de compositie in zien kunnen – als ’t eenmaal <lb n="61" xml:id="l-61"/>in elkaar staat is zoo iets er gaauw op te krabbelen – om het in elkaar <lb n="62" xml:id="l-62"/>te zetten was minder makkelijk – en ik zeg niet dat het in elkaar staat <lb n="63" xml:id="l-63"/>zoo als ik ’t hebben wilde. Ik zou wel lust hebben het te schilderen <lb n="64" xml:id="l-64"/>met figuren van ± de lengte van een voet, of iets minder<c type="kk">/</c> <lb n="65" xml:id="l-65"/>de compositie dan nog iets meer in de breedte.</ab><lb n="66" xml:id="l-66"/>
<ab rend="indent">Ik weet echter niet of ik het doen zal, ik zou er een <lb n="67" xml:id="l-67"/>groot doek voor moeten hebben en mislukt het mij<c type="kk">/</c> <lb n="68" xml:id="l-68"/>zijn er misschien al heel wat kosten aan geweest. <lb n="69" xml:id="l-69"/>Ik denk er bij – ofschoon ik er veel lust in hebben <lb n="70" xml:id="l-70"/>zou – ik van zelf tot die dingen kom<c type="kk">/</c> door<c type="shy">-</c><lb n="71" xml:id="l-71"/>gaande met types van figuren te maken. <lb n="72" xml:id="l-72"/>Dan vloeit het uit de studies naar ’t model <lb n="73" xml:id="l-73"/>vanzelf later voort ’t zij in dezen ’t zij in een <lb n="74" xml:id="l-74"/>anderen vorm doch in ’t zelfde sentiment.</ab><lb n="75" xml:id="l-75"/>
<ab rend="indent">Hoe langer hoe meer begin ik te merken hoe nuttig en <lb n="76" xml:id="l-76"/>hoog noodig het is de studies naar ’t model te bewaren, <lb n="77" xml:id="l-77"/>ofschoon die voor anderen minder waarde hebben<c type="kk">/</c> ziet wie <lb n="78" xml:id="l-78"/>ze gemaakt heeft er ’t model in terug en staan de dingen <lb n="79" xml:id="l-79"/>weer levendig voor den geest. Als er eens gelegenheid <lb n="80" xml:id="l-80"/>is denk dan om mij wat van die oude studies terug te <lb n="81" xml:id="l-81"/>sturen. Ik hoop er gaande weg mooier dingen mede te maken<c type="kp">_</c> <lb n="82" xml:id="l-82"/>’t Spreekt van zelf dat er in die groep figuren waarvan ik een zwart <lb n="83" xml:id="l-83"/>krabbeltje U stuur prachtige dingen van kleur waren<c type="kk">/</c> blaauwe kielen <lb n="84" xml:id="l-84"/>en bruine buizen<c type="kk">/</c><anchor n="b" xml:id="note-o-b"/> witte<c type="kk">/</c> zwarte<c type="kk">/</c> geelachtige arbeidersbroeken<c type="kk">/</c> verkleurde <lb n="85" xml:id="l-85"/>châles<c type="kk">/</c> een groenachtig geworden overjas<c type="kk">/</c> witte mutsen en <lb n="86" xml:id="l-86"/>zwarte hooge hoeden<c type="kk">/</c> slikkerige straatsteenen en laarzen als contrast <lb n="87" xml:id="l-87"/>voor bleeke gezigten of door weer &amp; wind verweerde<c type="kp">_</c>– En daar <lb n="88" xml:id="l-88"/>komt schilderen of aquarelleeren bij te pas. Enfin ik sjouw er op<c type="kp">_</c> <lb n="89" xml:id="l-89"/>Ik reken er op dat ge nog eens schrijft, niet waar<c type="kk">/</c> <lb n="90" xml:id="l-90"/>doch nogmaals dank voor de tijdige zending van het geld, <lb n="91" xml:id="l-91"/>dat om krachtig door te gaan hoog noodig is.</ab><lb n="92" xml:id="l-92"/>
<ab rend="indent">adieu kerel, ontvang een hartelijken handdruk <lb n="93" xml:id="l-93"/>in gedachten &amp; geloof me</ab>
<vg:whiteline/><lb n="93*" xml:id="l-93s"/>
<ab>t. à t.</ab><lb n="94" xml:id="l-94"/>
<ab>Vincent</ab>
<vg:whiteline/><lb n="95" xml:id="l-95"/>
<ab>Er is op de aquarel nog iets meer <lb n="96" xml:id="l-96"/>voorgrond – nu vallen de figuren <lb n="97" xml:id="l-97"/>te veel naar voren en domineert men den voorgrond <lb n="98" xml:id="l-98"/>niet genoeg met het oog<c type="kp">_</c></ab>
<vg:whiteline/>
<div type="textualNotes">
<note target="l-55" n="55">zondags- &lt; zondags</note>
<note target="l-58" n="58">(<hi rend="ital">NB. Doove</hi>) &lt;<hi rend="ital"> Added later; parentheses added by us.</hi></note></div></div>
<div type="translation">
<pb f="1r" n="1" xml:id="pb-trans-1r-1" facs="#zone-pb-1r-1"/>
<ab>My dear Theo,</ab>
<ab>Just a word to say that your letter arrived in good order, I thank you heartily for the contents.</ab>
<ab rend="indent">These last few days I’ve done almost nothing but watercolours. A scratch of a large one is enclosed.<anchor n="1" xml:id="note-t-1"/> You may remember <rs type="pers" key="1742 1743">Mooijman</rs>’s state lottery office at the beginning of Spuistraat.<anchor n="2" xml:id="note-t-2"/> I passed it one rainy morning when a throng of people were standing there waiting to get lottery tickets. For the most part they were old women and the sort of people of whom it’s impossible to say what they do or how they live, but who evidently potter along and fret and get on with life. Of course, viewed superficially, a crowd of folk who evidently attach so much importance to ‘Draw today’<anchor n="3" xml:id="note-t-3"/> is something that almost makes you and me laugh, because we’re not in the least bit interested in the lottery. </ab>
<ab rend="indent">But the group of people — and their waiting expression — struck me, and it took on a larger, deeper meaning for me while I was working on it than in the first moment. It becomes more meaningful, I believe, if one thinks of it as <hi rend="sc">the poor and money</hi>. That, in fact, applies to nearly all figure groups: one occasionally has to think about them for a while before one understands what one is seeing. The curiosity and delusion about the lottery seem more or less childish to us, but it becomes serious when one thinks about the other side: misery and forlorn attempts by these poor souls to be saved, so they think, by buying a lottery ticket, paid for with pennies saved by going without food. 
<pb f="1v" n="2" xml:id="pb-trans-1v-2" facs="#zone-pb-1v-2"/> </ab>
<ab rend="indent">Be that as it may, I’m working on a large watercolour of it. </ab>
<ab rend="indent">I’m also working on one of a church pew<anchor n="4" xml:id="note-t-4"/> that I saw in a small church in the Geest district where the almsmen go<anchor n="5" xml:id="note-t-5"/> (they’re known here very expressively as ORPHAN <hi rend="ital">men</hi> and <hi rend="ital">orphan</hi> women).<anchor n="6" xml:id="note-t-6"/> The way things are going, being busily drawing again, I sometimes think there’s nothing so pleasant as drawing. </ab>
<vg:whiteline/>
<ab><figure facs="zone-sketch-1" n="A"/></ab>
<vg:whiteline/>
<ab>This is part of the bit with pews; there are other men’s heads in the background.<anchor n="7" xml:id="note-t-7"/></ab>
<ab rend="indent">Things like this are difficult, though, and won’t come off in one go. Success is sometimes the outcome of a whole string of failures. Speaking of orphan men, I was interrupted while writing this by the arrival of my <rs type="pers" key="811">model</rs>. </ab>
<ab rend="indent">And I worked with him until it got dark — wearing a big old overcoat which gave him a curiously broad figure. I believe you might perhaps enjoy this collection of orphan men in their Sunday and working clothes. Then I also tackled him sitting with a pipe.<anchor n="8" xml:id="note-t-8"/> He has an interesting bald head — big ears (<hi rend="ital">NB</hi>. <hi rend="ital">Deaf</hi>) <figure facs="zone-sketch-2" n="B"/> and white sideboards.<anchor n="9" xml:id="note-t-9"/></ab>
<vg:whiteline/>
<ab>
<pb f="1v" n="3" xml:id="pb-trans-1v-3" facs="#zone-pb-1v-3"/></ab>
<ab><figure facs="zone-sketch-3" n="C"/></ab>
<vg:whiteline/>
<ab>
<pb f="1r" n="4" xml:id="pb-trans-1r-4" facs="#zone-pb-1r-4"/></ab>
<ab>I did this scratch half in the dark, but perhaps it can give you an idea of the composition. Once it has been put together, something like this can be quickly scribbled down. Putting it together was less easy, and I don’t claim that it stands now as I wanted to have it. I would enjoy painting it with figures the length of roughly one foot, or slightly less, with the composition then a little broader. </ab>
<ab rend="indent">However, I don’t know whether I’ll do it. I’d need a large canvas, and if it didn’t work there might be considerable costs involved. I also think — although I would greatly enjoy it — that I’ll come to things like that of my own accord, by continuing to do types of figures. Then later it will come naturally from the studies from the model, either in this or another form, but with the same sentiment. </ab>
<ab rend="indent">I’m becoming more and more aware of how useful and very necessary it is to keep studies from the model. Though they have less value for others, the person who has made them recognizes the model in them, and things are brought vividly to mind again. When there’s an opportunity, remember to send some of the old studies back to me. I hope in time to use them to make more beautiful things. It goes without saying that there were wonderful colours in the group of figures of which I’m sending you a black scratch — blue smocks and brown jackets, white, black, yellowish worker’s trousers, faded shawls, an overcoat turned greenish, white caps and black top hats, muddy paving-stones and boots contrasting with pale faces or ones weathered by the elements. And that’s where painting or watercolouring comes in. Well, I’m toiling away at it. I count on you to write again, of course, but thank you again for sending the money in good time, which is badly needed if I’m to carry on vigorously.</ab>
<ab rend="indent">Adieu, old chap, accept a hearty handshake in thought, and believe me</ab>
<vg:whiteline/>
<ab>Ever yours,</ab>
<ab>Vincent</ab>
<vg:whiteline/>
<ab>There’s a little more foreground in the watercolour — here the figures are too far forward and one’s eye doesn’t grasp the foreground enough.</ab></div>
<div type="notes">
<note n="1" xml:id="n-1" target="#note-t-1">
<ab>Letter sketch C, <hi rend="ital">The poor and money</hi> (<rs type="sketch" key="71">F - / JH 223</rs>), was done after the watercolour with the same title, <rs type="ill" key="2398">F 970 / JH 222</rs>.</ab></note>
<note n="2" xml:id="n-2" target="#note-t-2">
<ab>The lottery office of the brothers <rs type="pers" key="1742">Cornelis Josephus</rs> and <rs type="pers" key="1743">Jacobus Wilhelmus Mooijman</rs> was at Spuistraat 17 (<hi rend="ital">Adresboek 1882</hi>).</ab></note>
<note n="3" xml:id="n-3" target="#note-t-3">
<ab>The text ‘HEDEN TREKKING Staats Loterij’ (State Lottery draw today) is in both the letter sketch and the watercolour.</ab></note>
<note n="4" xml:id="n-4" target="#note-t-4">
<ab>
      <hi rend="ital">Church pew with worshippers</hi> (<rs type="ill" key="2399">F 967 / JH 225</rs>); letter sketch A (<rs type="sketch" key="69">F - / JH 226</rs>) shows part of this.</ab></note>
<note n="a" xml:id="n-a" target="#note-o-a">
<ab>Variant of ‘klein’.</ab></note>
<note n="5" xml:id="n-5" target="#note-t-5">
<ab>The church meant is most probably the Bethlehemskerk, the ‘church of the poor’ behind Slijkeinde – this whole district was sometimes known as Geest. See exhib. cat. The Hague 1990, pp. 48, 52, 171. For the name ‘diakoniemannetje’, <ref target="let267.xml#n-20">see letter 267, n. 20.</ref></ab></note>
<note n="6" xml:id="n-6" target="#note-t-6">
<ab>For the terms ‘orphan man’ and ‘orphan woman’, <ref target="let268.xml#n-12">see letter 268, n. 12.</ref></ab></note>
<note n="7" xml:id="n-7" target="#note-t-7">
<ab>In choosing this subject Van Gogh may have been influenced by a print after <rs type="pers" key="1063">Charles Degroux</rs>’s <rs type="ill" key="1880"><hi rend="ital">The paupers’ pew</hi></rs> which he had: <ref target="let228.xml">see letters 228</ref> and <ref target="let245.xml">245</ref>.</ab></note>
<note n="8" xml:id="n-8" target="#note-t-8">
<ab>Possibly <hi rend="ital">Old man wearing a blouse, sitting with a pipe</hi> (<rs type="otherart" key="385">F 1046 / JH 282</rs>).</ab></note>
<note n="9" xml:id="n-9" target="#note-t-9">
<ab>This small sketch of the back of the head of Van Gogh’s model <rs type="pers" key="811">Zuyderland</rs> appears to have been copied from a drawing of the old man seen from the back; <ref target="let268.xml#n-13">see letter 268, n. 13.</ref></ab></note>
<note n="b" xml:id="n-b" target="#note-o-b">
<ab>Means: ‘nauwsluitende, korte jasjes zonder panden’.</ab></note></div></body></text></TEI>
