<?xml version="1.0" encoding="UTF-8"?>
<!-- Last Changed Date: 2018-07-18 12:32:41 +0200 (Wed, 18 Jul 2018) | SVN Revision: 2206 -->
<!--Licensed under Attribution-NonCommercial-ShareAlike 4.0 International (CC BY-NC-SA 4.0)-->
<?xml-model href="https://xmlschema.huygens.knaw.nl/vgodd.rng" type="application/xml" schematypens="http://relaxng.org/ns/structure/1.0"?>
<TEI xmlns:vg="http://www.vangoghletters.org/ns/" xmlns="http://www.tei-c.org/ns/1.0">
<teiHeader xmlns:xsi="http://www.w3.org/2001/XMLSchema-instance"><fileDesc>
<titleStmt>
<title>To Anthon van Rappard. The Hague, Tuesday, 6 June 1882.</title>
<editor>Leo Jansen</editor>
<editor>Hans Luijten</editor>
<editor>Nienke Bakker</editor></titleStmt>
<publicationStmt>
<publisher><name>Huygens Instituut voor Nederlandse Geschiedenis (KNAW)</name><email>info@huygens.knaw.nl</email></publisher>
<publisher>Van Gogh Museum</publisher>
<pubPlace>Amsterdam</pubPlace>
<date type="first" when="2009">2009</date>
<availability status="restricted">
<licence target="http://creativecommons.org/licenses/by-nc-sa/4.0/ https://creativecommons.org/licenses/by-nc-sa/4.0/legalcode">
<p>Attribution-NonCommercial-ShareAlike 4.0 International (CC BY-NC-SA 4.0) </p></licence></availability>
<ptr target="http://vangoghletters.org/orig/let236"/></publicationStmt><sourceDesc><vg:letDesc><vg:letIdentifier>
<idno type="jlb">236</idno>
<idno type="collectedletters">R9</idno>
<idno type="brieven1990">236</idno></vg:letIdentifier><vg:letHeading><author>Vincent van Gogh</author><vg:addressee>Anthon van Rappard</vg:addressee><vg:placeLet>The Hague</vg:placeLet><vg:dateLet>Tuesday, 6 June 1882</vg:dateLet></vg:letHeading><vg:letContents>
<p>To Anthon van Rappard. The Hague, Tuesday, 6 June 1882.</p>
<note type="ongoingTopic" n="1">
<p>Van Rappard’s visit <ref target="let231.xml">(231)</ref></p></note>
<note type="ongoingTopic" n="2">
<p>Second order for drawings from Uncle Cor <ref target="let214.xml">(214)</ref></p></note></vg:letContents>
<note type="sourceStatus" xml:id="sourceStatus">
<p>Original manuscript</p></note>
<note type="location" xml:id="location">
<p>Amsterdam, Van Gogh Museum, inv. no. b8343 V/2006</p></note>
<note type="date" xml:id="date">
<p>The letter was written after the receipt of a letter from Uncle Cor which arrived on 6 June (<ref target="let237.xml">see letter 237</ref>). Assuming that the present letter was written before Van Gogh’s admission to hospital on 7 June (he informs Van Rappard about that in <ref target="let240.xml">letter 240</ref>), the most likely date for it is 6 June 1882. </p></note></vg:letDesc></sourceDesc></fileDesc></teiHeader>
<facsimile xmlns:xsi="http://www.w3.org/2001/XMLSchema-instance">
<surface n="b 8343" xml:id="surf-pb-1r"><graphic mimeType="image/tiff" url="VGM001001588_01.TIF" rend="norend"/><graphic mimeType="image/tiff" url="VGM001001588_01_n.tif" rend="norend"/><graphic mimeType="image/jpeg" url="VGM001001588_01_nt.jpg" height="50px" rend="thumbnail"/><zone xml:id="zone-pb-1r-1">
<graphic mimeType="image/tiff" url="VGM001001588_01_nR.tif" rend="norend"/><graphic mimeType="image/jpeg" url="VGM001001588_01_nRt.jpg" height="50px" rend="thumbnail"/><graphic mimeType="image/png" url="VGM001001588_01_nRf.png" width="380px" rend="facstab"/></zone>
</surface>
<surface n="b 8343" xml:id="surf-pb-1v"><graphic mimeType="image/tiff" url="VGM001001588_02.TIF" rend="norend"/><graphic mimeType="image/tiff" url="VGM001001588_02_n.tif" rend="norend"/><graphic mimeType="image/jpeg" url="VGM001001588_02_nt.jpg" height="50px" rend="thumbnail"/><zone xml:id="zone-pb-1v-2">
<graphic mimeType="image/tiff" url="VGM001001588_02_nL.tif" rend="norend"/><graphic mimeType="image/jpeg" url="VGM001001588_02_nLt.jpg" height="50px" rend="thumbnail"/><graphic mimeType="image/png" url="VGM001001588_02_nLf.png" width="380px" rend="facstab"/></zone>
<zone xml:id="zone-pb-1v-3">
<graphic mimeType="image/tiff" url="VGM001001588_02_nR.tif" rend="norend"/><graphic mimeType="image/jpeg" url="VGM001001588_02_nRt.jpg" height="50px" rend="thumbnail"/><graphic mimeType="image/png" url="VGM001001588_02_nRf.png" width="380px" rend="facstab"/></zone>
</surface></facsimile><text xmlns:xsi="http://www.w3.org/2001/XMLSchema-instance"><body>
<div type="original">
<pb f="1r" n="1" xml:id="pb-orig-1r-1" facs="#zone-pb-1r-1"/><lb n="1" xml:id="l-1"/>
<ab>Amice Rappard,</ab><lb n="2" xml:id="l-2"/>
<ab>Ingesloten zend ik U in dank terug de <lb n="3" xml:id="l-3"/>f<c type="kp">_</c> 2.50 die gij zoo goed waart mij te leenen.<anchor n="1" xml:id="note-o-1"/> <lb n="4" xml:id="l-4"/>Ik heb antwoord op mijn teekeningen doch <lb n="5" xml:id="l-5"/>ontving er nog minder voor dan ik <lb n="6" xml:id="l-6"/>verwachtte ofschoon mijne verwachting f<c type="kp">_</c> 30.– voor <lb n="7" xml:id="l-7"/>7 stuks niet te boven ging<c type="kp">_</c> Ik ontving f<c type="kp">_</c> 20 met <lb n="8" xml:id="l-8"/>nog een soort standje op den koop toe: “dacht <lb n="9" xml:id="l-9"/>ik dan dat zulke teekeningen ook maar de <lb n="10" xml:id="l-10"/>minste handelswaarde hadden”.</ab><lb n="11" xml:id="l-11"/>
<ab rend="indent">Gij zult wel toegeven dat <lb n="12" xml:id="l-12"/>de tijden niet makkelijk zijn en soortgelijke <lb n="13" xml:id="l-13"/>ervaringen (en er zijn nog zooveel erger dingen<c type="kk">/</c> <lb n="14" xml:id="l-14"/>dit is in vergelijking van andere behandelingen nog <lb n="15" xml:id="l-15"/>royaal) en<c type="kk">/</c> zeg ik<c type="kk">/</c> soortgelijke ervaringen niet <lb n="16" xml:id="l-16"/>precies bijzonder encourageant zijn.</ab><lb n="17" xml:id="l-17"/>
<ab rend="indent">De kunst is jaloersch en vergt al onzen tijd<c type="kk">/</c> al <lb n="18" xml:id="l-18"/>onze kra<supplied>cht</supplied><anchor n="2" xml:id="note-o-2"/><hi rend="ital"> </hi>en dan<c type="kk">/</c> wanneer men die <lb n="19" xml:id="l-19"/>er aan toewijdt<c type="kk">/</c> door te gaan voor <lb n="20" xml:id="l-20"/>een soort onpraktisch mensch<anchor n="3" xml:id="note-o-3"/> &amp; weet ik <lb n="21" xml:id="l-21"/>wat meer<c type="kk">/</c> dat smaakt wel eens bitter.</ab><lb n="22" xml:id="l-22"/>
<ab rend="indent">Enfin – we moeten zien door te sabelen.</ab>
<pb f="1v" n="2" xml:id="pb-orig-1v-2" facs="#zone-pb-1v-2"/><lb n="23" xml:id="l-23"/>
<ab rend="indent">Ik heb geantwoord<anchor n="4" xml:id="note-o-4"/> dat ik niet de pretentie <lb n="24" xml:id="l-24"/>had au courant te zijn van de handelswaarde <lb n="25" xml:id="l-25"/>der dingen<c type="kk">/</c> dat nu hij als handelaar mij zeide <lb n="26" xml:id="l-26"/>dat er geen handelswaarde in zat ik zulks hem <lb n="27" xml:id="l-27"/>niet verlangde tegen te spreken of te betwisten<c type="kk">/</c> <lb n="28" xml:id="l-28"/>dat ik voor mij meer hechtte aan de artistieke <lb n="29" xml:id="l-29"/>dan aan de handelswaarde <lb n="29a" xml:id="l-29a"/>en mij liever verdiepte in de natuur dan in de berekening van prijzen<c type="kp">_</c> <lb n="29"/>En dat wanneer ik <lb n="30" xml:id="l-30"/>met hem sprak over den prijs en de dingen <lb n="31" xml:id="l-31"/>niet voor niets gaf<c type="kk">/</c> zulks was omdat ik toch <lb n="32" xml:id="l-32"/>als ieder ander mensch mijne menschelijke <lb n="33" xml:id="l-33"/>behoeften aan voeding<c type="kk">/</c> woning &amp;c<c type="kp">_</c> had en <lb n="34" xml:id="l-34"/>’t een pligt rekende te zorgen ik die betrekkelijk <lb n="35" xml:id="l-35"/>geringe zaken regelde. Maar dat ik ZEd. <lb n="36" xml:id="l-36"/>mijn werk niet wilde opdringen tegen zijn zin <lb n="37" xml:id="l-37"/>en bereid was hem op nieuw teekeningen te <lb n="38" xml:id="l-38"/>zenden als hij wilde<c type="kk">/</c> maar ook bereid <lb n="39" xml:id="l-39"/>mij er in te schikken zijn clandisie te verliezen. <lb n="40" xml:id="l-40"/>Ik weet echter zoo goed als zeker dat <lb n="41" xml:id="l-41"/>er nog bij zal komen dat deze handelwijs <lb n="42" xml:id="l-42"/>van mij zal aangemerkt worden als <lb n="43" xml:id="l-43"/>ondankbaar<c type="kk">/</c> grof en brutaal.</ab><lb n="44" xml:id="l-44"/>
<ab rend="indent">En mij verweten zal worden als ’t in de rede <lb n="45" xml:id="l-45"/>te pas komt<c type="kk">/</c> “Uw oom in Amsterda<supplied>m</supplied> die het <lb n="46" xml:id="l-46"/>zoo goed met U meende en zoo vriendelijk <lb n="47" xml:id="l-47"/>tegen U was en U zoo hielp<c type="kk">/</c> hebt gij <lb n="48" xml:id="l-48"/>door Uwe pretentieusheid en Uw onwil zóó ondankbaar <lb n="49" xml:id="l-49"/>behandeld dat het Uw eigen schuld is” &amp;c<c type="kp">_</c> &amp;c<c type="kp">_</c> &amp;c.</ab><lb n="50" xml:id="l-50"/>
<ab rend="indent">Amice Rappard, ik weet eigentlijk niet <lb n="51" xml:id="l-51"/>of ik met zoo’n geval moet lagchen of <lb n="52" xml:id="l-52"/>dat ik er om schreien zal. Ik vind het zoo echt<c type="kp">_</c> 
<pb f="1v" n="3" xml:id="pb-orig-1v-3" facs="#zone-pb-1v-3"/><lb n="53" xml:id="l-53"/>Natuurlijk – de rijke handelaars zijn <lb n="54" xml:id="l-54"/>de brave<c type="kk">/</c> eerlijke<c type="kk">/</c> opregte<c type="kk">/</c> loyale<c type="kk">/</c> fijngevoelige lui <lb n="55" xml:id="l-55"/>en wij arme donders die daar zitten te teekenen <lb n="56" xml:id="l-56"/>’t zij buiten, ’t zij op straat, ’t zij op ’t atelier, <lb n="57" xml:id="l-57"/>soms s’morgens vroeg, soms diep in den nacht<c type="kk">/</c> <lb n="58" xml:id="l-58"/>soms in ’t heet van de zon, soms in de sneeuw<c type="kk">/</c> <lb n="59" xml:id="l-59"/>wij zijn de menschen zonder fijngevoeligheid<c type="kk">/</c> <lb n="60" xml:id="l-60"/>zonder praktisch verstand<c type="kk">/</c> zonder “vormen” <lb n="61" xml:id="l-61"/>vooral<c type="kp">_</c> Best hoor!–</ab><lb n="63" xml:id="l-63"/>
<ab rend="indent">Die Oom van mij uit Amsterdam wist <lb n="64" xml:id="l-64"/>mij ook met veel aplomb te zeggen dat <lb n="65" xml:id="l-65"/>de Groux eigentlijk een slecht mensch was.<anchor n="5" xml:id="note-o-5"/> <lb n="66" xml:id="l-66"/>Gij begrijpt in hoeverre zulks mijne <lb n="67" xml:id="l-67"/>opinie omtrent vader de Groux heeft veranderd<c type="kp">_</c> <lb n="68" xml:id="l-68"/>Het eenige wat ik gezegd heb<c type="kk">/</c> waarop hij mij <lb n="69" xml:id="l-69"/>tot dusverre ’t antwoord schuldig is gebleven, <lb n="70" xml:id="l-70"/>die edele handelaar, is ’t geen ik hem zeide <lb n="71" xml:id="l-71"/>“cependant il me semble qu’il s’agit <lb n="72" xml:id="l-72"/>bien moins de <hi rend="ital">gagner</hi> que de <hi rend="ital">mériter</hi>”<c type="kp">_</c></ab><lb n="73" xml:id="l-73"/>
<ab rend="indent">Enfin – ik spreek er maar eens over <lb n="74" xml:id="l-74"/>met U bij wijze van de veiligheidsklep <lb n="75" xml:id="l-75"/>van de machine eens open te zetten<c type="kk">/</c> anders <lb n="76" xml:id="l-76"/>mogt ik over de geschiedenis soms rancune <lb n="77" xml:id="l-77"/>houden en ik wensch niets liever dan <lb n="78" xml:id="l-78"/>er niet meer over te denken en ’t te vergeten <lb n="79" xml:id="l-79"/>maar die lui beginnen zoo lief en weten zoo innemend <lb n="80" xml:id="l-80"/>te zijn aanvankelijk dat men te meer verbluft <lb n="81" xml:id="l-81"/>staat aan ’t einde van de markt<c type="kp">_</c></ab><lb n="82" xml:id="l-82"/>
<ab rend="indent">à dieu, nogmaals bedankt &amp; geloof me</ab>
<vg:whiteline/><lb n="83" xml:id="l-83"/>
<ab>t. à t.</ab><lb n="84" xml:id="l-84"/>
<ab>Vincent</ab>
<vg:whiteline/>
<div type="textualNotes">
<note target="l-18" n="18">kra<supplied>cht</supplied> &lt; <hi rend="ital">Text lost due to a blot</hi>.</note>
<note target="l-45" n="45">Amsterda<supplied>m</supplied> &lt; <hi rend="ital">Text lost due to an ink-blot</hi>.</note>
<note target="l-49" n="49">is” &lt; is</note></div></div>
<div type="translation">
<pb f="1r" n="1" xml:id="pb-trans-1r-1" facs="#zone-pb-1r-1"/>
<ab>My dear friend <rs type="pers" key="1306">Rappard</rs>,</ab>
<ab>I gratefully enclose the 2.50 guilders you were good enough to lend me.<anchor n="1" xml:id="note-t-1"/> I’ve had a reply to my drawings, but received even less for them than I expected, although my expectation was no more than 30 guilders for 7 items. I received 20 guilders with a sort of reprimand to boot: ‘did I imagine that such drawings had the least commercial value?’</ab>
<ab rend="indent">You must admit that the times aren’t easy, and that such experiences (and there are so many worse things; this is generous compared with other treatment) and, I say, that such experiences aren’t exactly very encouraging. </ab>
<ab rend="indent">Art is jealous and demands all our time, all our strength,<anchor n="2" xml:id="note-t-2"/> and then, when you give it all that, you’re made out to be a sort of impractical type<anchor n="3" xml:id="note-t-3"/> and I don’t know what else — that leaves a bitter taste. </ab>
<ab rend="indent">Well, we must keep hacking our way through. 
<pb f="1v" n="2" xml:id="pb-trans-1v-2" facs="#zone-pb-1v-2"/> </ab>
<ab rend="indent">I replied<anchor n="4" xml:id="note-t-4"/> that I didn’t pretend to be well-informed as to the commercial value of things, that now that <rs type="pers" key="422">he</rs>, as a dealer, told me that they were of no commercial value, I had no desire to contradict or question that, that for my part I attached more importance to the artistic than to the commercial value, and would rather immerse myself in nature than calculate prices. And that when I talked to him about the price and didn’t give him the things for nothing, that was because I, like everyone else, had my basic needs for food, accommodation, &amp;c., and saw it as a duty to ensure that I took care of these relatively minor matters. But that I didn’t want to force my work on <rs type="pers" key="422">His Hon.</rs> against his will, and was prepared to send him new drawings if he wanted, but was also prepared to accept the loss of his custom. I have little doubt, though, that my course of action will be viewed as ungrateful, rude and impertinent. </ab>
<ab rend="indent">And I’ll be accused as follows, when it suits the purpose: ‘With your pretensions and obstinacy you behaved so ungratefully towards your <rs type="pers" key="410">uncle</rs> in Amsterdam, who had your best interests at heart and was so kind to you and helped you so much, that it’s your own fault’ &amp;c. &amp;c. &amp;c.</ab>
<ab rend="indent">My dear friend <rs type="pers" key="1306">Rappard</rs>, I really don’t know whether to laugh or weep at this sort of thing. I find it so typical. 
<pb f="1v" n="3" xml:id="pb-trans-1v-3" facs="#zone-pb-1v-3"/> Of course, the rich dealers are the good, honest, genuine, loyal, sensitive characters, and we poor devils who sit there drawing, whether out of doors, on the street, or in the studio, sometimes in the early morning, sometimes deep at night, sometimes in the heat of the sun, sometimes in the snow, we’re the people without sensitivity, with no understanding of practical matters, without ‘manners’ above all. Fine by me!</ab>
<ab rend="indent">That <rs type="pers" key="422">uncle</rs> of mine in Amsterdam also informed me with considerable aplomb that <rs type="pers" key="1063">Degroux</rs> was in fact a bad person.<anchor n="5" xml:id="note-t-5"/> You will understand how much this has changed my opinion about <hi rend="ital">père</hi> Degroux. All I said to him, to which as yet he has given me no reply, the noble dealer, what I said to him was: ‘It seems to me much less a matter of <hi rend="ital">earning </hi>than of<hi rend="ital"> deserving</hi>.’ </ab>
<ab rend="indent">Anyway — I mention it to you as a way of opening the safety valve on the machine, otherwise I might remain bitter about the business, and my dearest wish is not to think about it any more and to forget it. But these people begin so kindly and manage to be so winning at first that you’re all the more amazed when you eventually see their true colours.</ab>
<ab rend="indent">Adieu, thanks again, and believe me</ab>
<vg:whiteline/>
<ab>Ever yours,</ab>
<ab>Vincent</ab></div>
<div type="notes">
<note n="1" xml:id="n-1" target="#note-t-1">
<ab>For this loan, <ref target="let231.xml">see letter 231</ref>. </ab></note>
<note n="2" xml:id="n-2" target="#note-t-2">
<ab>According to <rs type="pers" key="742">Silvestre</rs>, <rs type="pers" key="982">Eugène Delacroix</rs> characterized the art of painting as follows: ‘Cette maîtresse jalouse qui veut avoir son homme tout entier’ (This jealous mistress who wants to have her man all to herself); see Silvestre 1878, p. 23, and Silvestre, <hi rend="ital">Histoire</hi>, p. 69. Moreover, Ralph Waldo Emerson wrote in <hi rend="ital">The conduct of life</hi> (1860 and 1876 [revised]): ‘Art is a jealous mistress, and, if a man have a genius for painting, poetry, music, architecture or philosophy, he makes a bad husband and an ill provider, and should be wise in season, and not fetter himself with duties which will embitter his days, and spoil him for his proper work.’ See <hi rend="ital">Essays and lectures</hi>. Ed. Joel Porte. New York 1983, p. 1004. Quoted again in slightly different phrasing in <ref target="let249.xml">letter 249</ref>.</ab></note>
<note n="3" xml:id="n-3" target="#note-t-3">
<ab>Van Gogh originally wrote ‘everything that’s ugly’.</ab></note>
<note n="4" xml:id="n-4" target="#note-t-4">
<ab>But cf. 237, in which Vincent writes to Theo that he has not replied to the letter from <rs type="pers" key="422">Uncle Cor</rs> and does not intend to do so.</ab></note>
<note n="5" xml:id="n-5" target="#note-t-5">
<ab>Van Gogh referred earlier to this discussion with <rs type="pers" key="422">Uncle Cor</rs> in <ref target="let211.xml">letters 211</ref> and <ref target="let228.xml">228</ref>.</ab></note></div></body></text></TEI>
