<?xml version="1.0" encoding="UTF-8"?>
<!-- Last Changed Date: 2018-07-18 12:32:41 +0200 (Wed, 18 Jul 2018) | SVN Revision: 2206 -->
<!--Licensed under Attribution-NonCommercial-ShareAlike 4.0 International (CC BY-NC-SA 4.0)-->
<?xml-model href="https://xmlschema.huygens.knaw.nl/vgodd.rng" type="application/xml" schematypens="http://relaxng.org/ns/structure/1.0"?>
<TEI xmlns:vg="http://www.vangoghletters.org/ns/" xmlns="http://www.tei-c.org/ns/1.0">
<teiHeader xmlns:xsi="http://www.w3.org/2001/XMLSchema-instance"><fileDesc>
<titleStmt>
<title>To Theo van Gogh. The Hague, Saturday, 25 February 1882. </title>
<editor>Leo Jansen</editor>
<editor>Hans Luijten</editor>
<editor>Nienke Bakker</editor></titleStmt>
<publicationStmt>
<publisher><name>Huygens Instituut voor Nederlandse Geschiedenis (KNAW)</name><email>info@huygens.knaw.nl</email></publisher>
<publisher>Van Gogh Museum</publisher>
<pubPlace>Amsterdam</pubPlace>
<date type="first" when="2009">2009</date>
<availability status="restricted">
<licence target="http://creativecommons.org/licenses/by-nc-sa/4.0/ https://creativecommons.org/licenses/by-nc-sa/4.0/legalcode">
<p>Attribution-NonCommercial-ShareAlike 4.0 International (CC BY-NC-SA 4.0) </p></licence></availability>
<ptr target="http://vangoghletters.org/orig/let206"/></publicationStmt><sourceDesc><vg:letDesc><vg:letIdentifier>
<idno type="jlb">206</idno>
<idno type="collectedletters">177</idno>
<idno type="brieven1990">206</idno></vg:letIdentifier><vg:letHeading><author>Vincent van Gogh</author><vg:addressee>Theo van Gogh</vg:addressee><vg:placeLet>The Hague</vg:placeLet><vg:dateLet>Saturday, 25 February 1882</vg:dateLet></vg:letHeading><vg:letContents>
<p>To Theo van Gogh. The Hague, Saturday, 25 February 1882. </p>
<note type="ongoingTopic" n="1">
<p>Mr van Gogh’s 60th birthday on 8 February <ref target="let204.xml">(204)</ref></p></note></vg:letContents>
<note type="sourceStatus" xml:id="sourceStatus">
<p>Original manuscript</p></note>
<note type="location" xml:id="location">
<p>Amsterdam, Van Gogh Museum, inv. no. b198 V/1962</p></note>
<note type="date" xml:id="date">
<p>Letter headed ‘Zaturdag’. In <ref target="let205.xml">letter 205</ref> of Saturday, 18 February Vincent strongly urged Theo to send some money. In the present letter, written on a Saturday, he thanks his brother for the money he sent. Several days must have gone by in the meantime <ref target="#l-69">(l. 69)</ref>, so this letter must date from Saturday, 25 February 1882.</p></note></vg:letDesc></sourceDesc></fileDesc></teiHeader>
<facsimile xmlns:xsi="http://www.w3.org/2001/XMLSchema-instance">
<surface n="b 0198" xml:id="surf-pb-1r"><graphic mimeType="image/tiff" url="VGM001000225_01.TIF" rend="norend"/><graphic mimeType="image/tiff" url="VGM001000225_01_n.tif" rend="norend"/><graphic mimeType="image/jpeg" url="VGM001000225_01_nt.jpg" height="50px" rend="thumbnail"/><zone xml:id="zone-pb-1r-1">
<graphic mimeType="image/tiff" url="VGM001000225_01_nR.tif" rend="norend"/><graphic mimeType="image/jpeg" url="VGM001000225_01_nRt.jpg" height="50px" rend="thumbnail"/><graphic mimeType="image/png" url="VGM001000225_01_nRf.png" width="380px" rend="facstab"/></zone>
<zone xml:id="zone-pb-1r-4">
<graphic mimeType="image/tiff" url="VGM001000225_01_nL.tif" rend="norend"/><graphic mimeType="image/jpeg" url="VGM001000225_01_nLt.jpg" height="50px" rend="thumbnail"/><graphic mimeType="image/png" url="VGM001000225_01_nLf.png" width="380px" rend="facstab"/></zone>
</surface>
<surface n="b 0198" xml:id="surf-pb-1v"><graphic mimeType="image/tiff" url="VGM001000225_02.TIF" rend="norend"/><graphic mimeType="image/tiff" url="VGM001000225_02_n.tif" rend="norend"/><graphic mimeType="image/jpeg" url="VGM001000225_02_nt.jpg" height="50px" rend="thumbnail"/><zone xml:id="zone-pb-1v-2">
<graphic mimeType="image/tiff" url="VGM001000225_02_nL.tif" rend="norend"/><graphic mimeType="image/jpeg" url="VGM001000225_02_nLt.jpg" height="50px" rend="thumbnail"/><graphic mimeType="image/png" url="VGM001000225_02_nLf.png" width="380px" rend="facstab"/></zone>
<zone xml:id="zone-pb-1v-3">
<graphic mimeType="image/tiff" url="VGM001000225_02_nR.tif" rend="norend"/><graphic mimeType="image/jpeg" url="VGM001000225_02_nRt.jpg" height="50px" rend="thumbnail"/><graphic mimeType="image/png" url="VGM001000225_02_nRf.png" width="380px" rend="facstab"/></zone>
</surface></facsimile><text xmlns:xsi="http://www.w3.org/2001/XMLSchema-instance"><body>
<div type="original">
<pb f="1r" n="1" xml:id="pb-orig-1r-1" facs="#zone-pb-1r-1"/><lb n="1" xml:id="l-1"/>
<ab>Zaturdag.</ab>
<vg:whiteline/><lb n="2" xml:id="l-2"/>
<ab>Waarde Theo,</ab><lb n="3" xml:id="l-3"/>
<ab>Uw laatsten brief met ingesloten f<hi rend="ss">rs</hi> 100 is <lb n="4" xml:id="l-4"/>mij in orde geworden &amp; ik dank U van <lb n="5" xml:id="l-5"/>harte voor de toezending daarvan.<anchor n="1" xml:id="note-o-1"/></ab><lb n="6" xml:id="l-6"/>
<ab rend="indent">Zou U reeds onmiddelijk berigt van de <lb n="7" xml:id="l-7"/>goede ontvangst hebben gezonden maar ik heb <lb n="8" xml:id="l-8"/>het zeer druk gehad met een paar teekeningen <lb n="9" xml:id="l-9"/>waar ik model voor had.</ab><lb n="10" xml:id="l-10"/>
<ab rend="indent">Want gij moet wel weten dat als gij het druk hebt <lb n="11" xml:id="l-11"/>zulks met mij ook het geval is &amp; meer &amp; meer worden zal <lb n="12" xml:id="l-12"/>omdat ik meer oog op mijn werk krijg &amp; dus slechts <lb n="13" xml:id="l-13"/>met inspanning mij er uit losruk om te schrijven <lb n="14" xml:id="l-14"/>of den een of ander op te zoeken als het noodig <lb n="15" xml:id="l-15"/>is.</ab><lb n="16" xml:id="l-16"/>
<ab rend="indent">Hetgeen mij verheugde was dat gij schrijft dat <lb n="17" xml:id="l-17"/>ge welligt reeds spoedig eens naar Holland <lb n="18" xml:id="l-18"/>komt.<anchor n="2" xml:id="note-o-2"/> Wanneer gij nu weer eens zult <lb n="19" xml:id="l-19"/>gezien hebben ’t geen waar ik nu in den laatsten <lb n="20" xml:id="l-20"/>tijd aan bezig ben geweest dan kunnen <lb n="21" xml:id="l-21"/>we misschien nog wel meer helderheid krijgen <lb n="22" xml:id="l-22"/>omtrent de toekomst. Wanneer gij komt dan <lb n="23" xml:id="l-23"/>hoop ik dat wij eens rustig zamen op ’t atelier <lb n="24" xml:id="l-24"/>zullen zijn en ik hoop ook dat gij ’t mij vooruit <lb n="25" xml:id="l-25"/>zult schrijven omdat ik het dan met ’t model <lb n="26" xml:id="l-26"/>zoo schik dat ik dat niet neem gedurende de <lb n="27" xml:id="l-27"/>dagen van Uw bezoek.</ab>
<pb f="1v" n="2" xml:id="pb-orig-1v-2" facs="#zone-pb-1v-2"/><lb n="28" xml:id="l-28"/>
<ab rend="indent">Gij schrijft nog over Pa's verjaardag<c type="kk">/</c> ik <lb n="29" xml:id="l-29"/>moet U zeggen dat ik er mij zoo goed bij bevind <lb n="30" xml:id="l-30"/>van alles af te zijn<c type="kk">/</c> het is mij zoo'n rust die <lb n="31" xml:id="l-31"/>ik zoo noodig heb bij mijn werk, er kan niet <lb n="32" xml:id="l-32"/>meer in mijn hoofd dan er in kan. en nu <lb n="33" xml:id="l-33"/>zie ik er zoo zeer tegen op om eene nieuwe <lb n="34" xml:id="l-34"/>correspondentie te beginnen dat ik het <lb n="35" xml:id="l-35"/>voorloopig nog stil zoo laat.– Toen ik <lb n="36" xml:id="l-36"/>nog t'huis was bekommerde ik er mij over<c type="kk">/</c> <lb n="37" xml:id="l-37"/>nu ’t eenmaal zoover gekomen is<c type="kk">/</c> qu'y faire<c type="kp">_</c> <lb n="38" xml:id="l-38"/>Alles maar blaauw blaauw laten &amp; doen als of er <lb n="39" xml:id="l-39"/>niets gebeurd was – als Pa &amp; Moe dat <lb n="40" xml:id="l-40"/>kunnen<c type="kk">/</c> ik kan dat niet – ik voel dat <lb n="41" xml:id="l-41"/>er helaas wel wat gebeurd is.–</ab><lb n="42" xml:id="l-42"/>
<ab rend="indent">Als ik aan Etten denk dan krijg ik een soort rilling <lb n="43" xml:id="l-43"/>over mijn lijf net als of ik in een kerk was.</ab><lb n="44" xml:id="l-44"/>
<ab rend="indent">Enfin qu'y faire &amp; nog eens qu'y faire.–</ab><lb n="45" xml:id="l-45"/>
<ab rend="indent">à Propos, ge moet ’t me niet kwalijk nemen <lb n="46" xml:id="l-46"/>Theo of denken dat ik nu aan ’t vitten ga doch <lb n="47" xml:id="l-47"/>gij hebt mij iets geschreven dat ge misschien dacht dat mij <lb n="48" xml:id="l-48"/>pleizier zou doen &amp; het deed mij geen pleizier.</ab><lb n="49" xml:id="l-49"/>
<ab rend="indent">Ge zegt dat die kleine aquarel<anchor n="3" xml:id="note-o-3"/> ’t beste is dat ge van <lb n="50" xml:id="l-50"/>me gezien hebt – nu dat is toch niet zoo want de <lb n="51" xml:id="l-51"/>studies die gij van mij hebt die zijn veel beter <lb n="52" xml:id="l-52"/>en de penteekeningen van dezen zomer zijn ook beter <lb n="53" xml:id="l-53"/>want dat teekeningetje beteekent niets<c type="kk">/</c> althans ik zond het <lb n="54" xml:id="l-54"/>U alleen om te toonen dat het geen onmogelijke affaire <lb n="55" xml:id="l-55"/>was dat ik met der tijd met waterverf zou werken. 
<pb f="1v" n="3" xml:id="pb-orig-1v-3" facs="#zone-pb-1v-3"/><lb n="56" xml:id="l-56"/>Doch in die andere dingen zit veel meer <lb n="57" xml:id="l-57"/>serieuse studie &amp; meer degelijkheid ondanks <lb n="58" xml:id="l-58"/>dat zij er nog groenezeepachtig uitzien. <lb n="59" xml:id="l-59"/>En als ik iets tegen den Heer Tersteeg <lb n="60" xml:id="l-60"/>had (maar ik heb niets tegen hem) dan <lb n="61" xml:id="l-61"/>zou het datzelfde zijn. Dat hij n.l. <lb n="62" xml:id="l-62"/>mij encourageert niet op moeielijke studie <lb n="63" xml:id="l-63"/>naar model doch veeleer op een procedé <lb n="64" xml:id="l-64"/>dat eigentlijk maar half geschikt is om datgene <lb n="65" xml:id="l-65"/>wat ik volgens mijn eigen karakter en volgens <lb n="66" xml:id="l-66"/>mijn eigen temperament uit wil drukken<c type="kk">/</c> weer <lb n="67" xml:id="l-67"/>te geven.</ab><lb n="68" xml:id="l-68"/>
<ab rend="indent">Het spreekt van zelf dat ik erg blij zou <lb n="69" xml:id="l-69"/>zijn als ik een teekening verkocht doch <lb n="70" xml:id="l-70"/>het doet me nog meer pleizier als een <lb n="71" xml:id="l-71"/>waarachtig artist zooals Weissenbruch van <lb n="72" xml:id="l-72"/>een onverkoopbare (???) studie of teekening zegt<c type="kk">/</c> <lb n="73" xml:id="l-73"/>dat is trouw &amp; daar zou ik naar kunnen <lb n="74" xml:id="l-74"/>werken. Zie<c type="kk">/</c> ofschoon het geld vooral nu <lb n="75" xml:id="l-75"/>veel waarde voor me heeft zoo blijft toch <lb n="76" xml:id="l-76"/>iets te maken wat raisonable is voor mij N<hi rend="ss">o</hi> 1. <lb n="77" xml:id="l-77"/>Nu<c type="kk">/</c> iets dergelijks als wat Weissenbruch zei van een landschap<c type="kk">/</c> <lb n="78" xml:id="l-78"/>een plaggenveld<c type="kk">/</c><anchor n="4" xml:id="note-o-4"/> dat zei Mauve <lb n="79" xml:id="l-79"/>van een figuur<c type="kk">/</c> n.l. een oud boertje dat bij <lb n="80" xml:id="l-80"/>den haard zit te denken of te suffen als of <lb n="81" xml:id="l-81"/>hij dingen uit ver verleden zag opdokken in <lb n="82" xml:id="l-82"/>het schijnsel van het vuur of den rook.<anchor n="5" xml:id="note-o-5"/></ab><lb n="83" xml:id="l-83"/>
<ab rend="indent">Het moge wat langer of wat korter duren maar de <lb n="84" xml:id="l-84"/>weg is toch diep indringen in de natuur.</ab><lb n="85" xml:id="l-85"/>
<ab rend="indent"><hi rend="ital">Il reste à être vrai</hi><c type="kk">/</c> zegt Gavarni.<anchor n="6" xml:id="note-o-6"/> Men <lb n="86" xml:id="l-86"/>moge dan voor een tijd in pecuniaire petites miseres <lb n="87" xml:id="l-87"/>zijn<c type="kk">/</c> daar komt men bovenop en de teekeningen die <lb n="88" xml:id="l-88"/>vroeger geweigerd werden verkoopt men alsdan.</ab>
<pb f="1r" n="4" xml:id="pb-orig-1r-4" facs="#zone-pb-1r-4"/><lb n="89" xml:id="l-89"/>
<ab rend="indent">Nu heb ik eens aan C.M. geschreven om hem te vertellen <lb n="90" xml:id="l-90"/>dat ik hier een atelier genomen had &amp; hij heeft mij <lb n="91" xml:id="l-91"/>teruggeschreven dat hij binnen kort te s'Hage dacht <lb n="92" xml:id="l-92"/>te komen &amp; me dan eens zou opzoeken.</ab><lb n="93" xml:id="l-93"/>
<ab rend="indent">Ik heb onlangs ook de groete gehad van mijn ouden <lb n="94" xml:id="l-94"/>vriend Wisselingh uit Londen<c type="kk">/</c> die zou ook eens komen <lb n="95" xml:id="l-95"/>&amp; het deed hem pleizier dat ik aan ’t werk was. <lb n="96" xml:id="l-96"/>Nu<c type="kk">/</c> ik hoop dat het U maar lukken zal om er eens <lb n="97" xml:id="l-97"/>uit te breken want ik verlang erg naar U. Ik denk dat <lb n="98" xml:id="l-98"/>als gij nu de studies van dezen laatsten tijd zult <lb n="99" xml:id="l-99"/>gezien hebben<c type="kk">/</c> ge ’t wel heelemaal goed zult vinden <lb n="100" xml:id="l-100"/>dat ik geregeld model neem. Naarmate <lb n="101" xml:id="l-101"/>ik de modellen wat leer kennen kan ik ze natuurlijker<c type="shy">-</c><lb n="102" xml:id="l-102"/>wijs beter teekenen. En ik heb het nog al <lb n="103" xml:id="l-103"/>goed getroffen om modellen te vinden.</ab><lb n="104" xml:id="l-104"/>
<ab rend="indent">Vandaag<c type="kk">/</c> nu terwijl ik U zit te schrijven<c type="kk">/</c> heb ik een <lb n="105" xml:id="l-105"/>kind dat eens een half uurtje uitrusten moet <lb n="106" xml:id="l-106"/>&amp; dat half uurtje gebruik ik voor dezen brief.</ab><lb n="107" xml:id="l-107"/>
<ab rend="indent">Nogmaals dank voor ’t gezondene en <lb n="108" xml:id="l-108"/>een handdruk in gedachten, à Dieu,</ab>
<vg:whiteline/><lb n="109" xml:id="l-109"/>
<ab>t. à t.</ab><lb n="110" xml:id="l-110"/>
<ab>Vincent</ab>
<vg:whiteline/><lb n="111" xml:id="l-111"/>
<ab>P.S. ik heb er nog twee studies van <lb n="112" xml:id="l-112"/>het kindje gemaakt van daag.<anchor n="7" xml:id="note-o-7"/> <lb n="113" xml:id="l-113"/>het wordt nu donker. bonsoir.</ab>
<vg:whiteline/></div>
<div type="translation">
<pb f="1r" n="1" xml:id="pb-trans-1r-1" facs="#zone-pb-1r-1"/>
<ab>Saturday.</ab>
<vg:whiteline/>
<ab>My dear Theo,</ab>
<ab>I received your last letter with the 100 francs enclosed in good order, and I sincerely thank you for sending it.<anchor n="1" xml:id="note-t-1"/></ab>
<ab rend="indent">I’d have sent you news of its safe receipt immediately, but I’ve been very busy with a couple of drawings for which I had a model.</ab>
<ab rend="indent">For I’ll have you know that if you’re busy, so am I, and will be so more and more, because I’m getting more of an eye for my work, and so can tear myself away from it only with a great effort in order to write or to go and visit someone if necessary.</ab>
<ab rend="indent">What made me happy was that you write that you may be coming to Holland soon.<anchor n="2" xml:id="note-t-2"/> When you’ve seen what I’ve been doing recently, perhaps we’ll have a better idea of the future. When you come, I hope we’ll have some quiet time together in the studio, and I also hope that you’ll write to me in advance, so that I can arrange with the model not to come during the days of your visit.
<pb f="1v" n="2" xml:id="pb-trans-1v-2" facs="#zone-pb-1v-2"/></ab>
<ab rend="indent">You write about <rs type="pers" key="526">Pa</rs>’s birthday, I must say that I feel so good to have done with everything, it’s such a tranquillity, which I need so much in my work, my head can’t hold more than it does. And now I dread starting up a new correspondence, so much so that I’m quietly leaving things as they are for the present. When I was still at home I worried about it, but now that things have come to this, what can one do? Ignore everything and pretend that nothing happened – <rs type="pers" key="524 526">Pa and Ma</rs> might be able to do that, but I can’t – I feel that, sadly, something did in fact happen.</ab>
<ab rend="indent">When I think of Etten, a kind of shiver runs down my body as though I were in a church.</ab>
<ab rend="indent">In short, what can be done, and again, what can be done?</ab>
<ab rend="indent">Besides, you mustn’t blame me, Theo, or think that I’m carping, but you wrote something to me which you perhaps thought would make me happy, but it didn’t make me happy.</ab>
<ab rend="indent">You said that that small watercolour<anchor n="3" xml:id="note-t-3"/> is the best thing of mine you’ve seen – well, that isn’t true, because those studies of mine you have are much better, and the pen drawings of last summer are also better, because that little drawing means nothing; anyhow, I only sent it to you to show that my working with watercolour at some point wasn’t an impossibility. 
<pb f="1v" n="3" xml:id="pb-trans-1v-3" facs="#zone-pb-1v-3"/> But there’s much more serious study and more substance in those other things, despite the fact that they still look yellow-soap-like. And if I had something against <rs type="pers" key="787">Mr Tersteeg</rs> (but I don’t have anything against him), then it would be the same thing. Namely that he encourages me not to undertake difficult study from a model but rather to adopt a procedure that’s actually only half suited to the rendering of what I want to express, according to my own character and according to my own temperament.</ab>
<ab rend="indent">It goes without saying that I’d be very happy to sell a drawing, but it makes me much happier if a true artist like <rs type="pers" key="1443">Weissenbruch</rs> says of an unsaleable (???) study or drawing, that’s faithful and I’d be able to work from that. You see, although I place great value on money, especially now, still, for me the No. 1 thing is to make something that’s reasonable. Well, something like what Weissenbruch said of a landscape, a peat moor,<anchor n="4" xml:id="note-t-4"/> <rs type="pers" key="323">Mauve</rs> said it of a figure, namely an old peasant sitting by the fireplace, thinking or daydreaming, as though seeing things from the distant past taking shape in the glow of the fire or the smoke.<anchor n="5" xml:id="note-t-5"/></ab>
<ab rend="indent">It may take a longer or shorter time, but the way is really to penetrate deeply into nature.</ab>
<ab rend="indent"><hi rend="ital">To be true is what remains</hi>, says <rs type="pers" key="1043">Gavarni</rs>.<anchor n="6" xml:id="note-t-6"/> One may be caught up for a time in petty pecuniary vexations, but one will surmount them, and the drawings that were rejected earlier will then be sold.
<pb f="1r" n="4" xml:id="pb-trans-1r-4" facs="#zone-pb-1r-4"/></ab>
<ab rend="indent">I’ve written to <rs type="pers" key="422">C.M.</rs> to tell him that I’d taken a studio here, and he wrote back saying that he expected to be coming to The Hague soon and would come and visit me.</ab>
<ab rend="indent">Recently I was also given regards from my old friend <rs type="pers" key="821">Wisselingh</rs> from London, who’s also supposed to come, and he was glad that I was working. Well, I hope you’ll succeed in escaping, because I’m longing to see you. I think that when you’ve seen my recent studies you’ll agree completely with my taking a model regularly. The better I get to know the models, the better I can draw them, of course. And I’ve been rather lucky in finding models.</ab>
<ab rend="indent">Today, now as I’m writing to you, I have a child that has to rest once in a while for half an hour, and I’m using that half-hour for this letter.</ab>
<ab rend="indent">Thanks again for what you sent, and a handshake in thought, adieu,</ab>
<vg:whiteline/>
<ab>Ever yours,</ab>
<ab>Vincent</ab>
<vg:whiteline/>
<ab>P.S. I’ve made two studies of the child today.<anchor n="7" xml:id="note-t-7"/> It’s getting dark now. Good-night.</ab></div>
<div type="notes">
<note n="1" xml:id="n-1" target="#note-t-1">
<ab>Theo had last written on 18 February 1882 (<ref target="let208.xml">see letter 208</ref>).</ab></note>
<note n="2" xml:id="n-2" target="#note-t-2">
<ab>Theo did not in fact travel to the Netherlands until August (<ref target="let253.xml">see letter 253</ref>).</ab></note>
<note n="3" xml:id="n-3" target="#note-t-3">
<ab>This must be the small watercolour Vincent sent to Theo with <ref target="let203.xml">letter 203</ref>.</ab></note>
<note n="4" xml:id="n-4" target="#note-t-4">
<ab>It is not clear which drawing this refers to. Cf. in this context the watercolour <hi rend="ital">Barren field</hi> (<rs type="otherart" key="742">F 904 / JH 98</rs>).</ab></note>
<note n="5" xml:id="n-5" target="#note-t-5">
<ab>
      <hi rend="ital">Man sitting by the fireplace (‘Worn out’)</hi> (<rs type="ill" key="2345">F 863 / JH 34</rs>).</ab></note>
<note n="6" xml:id="n-6" target="#note-t-6">
<ab>This pronouncement occurs in <rs type="pers" key="617 618">Edmond and Jules de Goncourt</rs>’s biography of <rs type="pers" key="1043">Gavarni</rs>. See Goncourt 1873, p. 67. Gavarni’s <rs type="lit" key="237"><hi rend="ital">La mascarade humaine</hi></rs> likewise contains the words: ‘<hi rend="ital">To be true is what remains.</hi> In six words, it is the fullest and widest of professions of faith. A few days later, Gavarni wrote this other sentence: <hi rend="ital">It is from life that we must paint everything</hi>’ (<hi rend="ital">Il reste à être vrai</hi>. C’est en cinq mots la plus complète et la plus large des professions de foi. Gavarni, quelques jours après, écrit cette autre phrase: <hi rend="ital">C’est d’après la nature qui faut tout peindre</hi>’). Gavarni 1881, p. 6. In <ref target="let302.xml">letter 302</ref> Van Gogh says that he owns this book.</ab></note>
<note n="7" xml:id="n-7" target="#note-t-7">
<ab>The only two known drawings from this period in which a child is depicted are <hi rend="ital">Girl standing, knitting</hi> (<rs type="ill" key="2356">F 983 / JH 107</rs>) and <hi rend="ital">Girl sitting, knitting</hi> (<rs type="ill" key="2357">F 984 / JH 108</rs>).</ab></note></div></body></text></TEI>
