<?xml version="1.0" encoding="UTF-8"?>
<!-- Last Changed Date: 2018-07-18 12:32:41 +0200 (Wed, 18 Jul 2018) | SVN Revision: 2206 -->
<!--Licensed under Attribution-NonCommercial-ShareAlike 4.0 International (CC BY-NC-SA 4.0)-->
<?xml-model href="https://xmlschema.huygens.knaw.nl/vgodd.rng" type="application/xml" schematypens="http://relaxng.org/ns/structure/1.0"?>
<TEI xmlns:vg="http://www.vangoghletters.org/ns/" xmlns="http://www.tei-c.org/ns/1.0">
<teiHeader xmlns:xsi="http://www.w3.org/2001/XMLSchema-instance"><fileDesc>
<titleStmt>
<title>To Theo van Gogh. The Hague, on or about Friday, 21 July 1882.</title>
<editor>Leo Jansen</editor>
<editor>Hans Luijten</editor>
<editor>Nienke Bakker</editor></titleStmt>
<publicationStmt>
<publisher><name>Huygens Instituut voor Nederlandse Geschiedenis (KNAW)</name><email>info@huygens.knaw.nl</email></publisher>
<publisher>Van Gogh Museum</publisher>
<pubPlace>Amsterdam</pubPlace>
<date type="first" when="2009">2009</date>
<availability status="restricted">
<licence target="http://creativecommons.org/licenses/by-nc-sa/4.0/ https://creativecommons.org/licenses/by-nc-sa/4.0/legalcode">
<p>Attribution-NonCommercial-ShareAlike 4.0 International (CC BY-NC-SA 4.0) </p></licence></availability>
<ptr target="http://vangoghletters.org/orig/let249"/></publicationStmt><sourceDesc><vg:letDesc><vg:letIdentifier>
<idno type="jlb">249</idno>
<idno type="collectedletters">218</idno>
<idno type="brieven1990">250</idno></vg:letIdentifier><vg:letHeading><author>Vincent van Gogh</author><vg:addressee>Theo van Gogh</vg:addressee><vg:placeLet>The Hague</vg:placeLet><vg:dateLet>on or about Friday, 21 July 1882</vg:dateLet></vg:letHeading><vg:letContents>
<p>To Theo van Gogh. The Hague, on or about Friday, 21 July 1882.</p>
<note type="ongoingTopic" n="1">
<p>Van Gogh is recovering from his illness <ref target="let241.xml">(241)</ref></p></note>
<note type="ongoingTopic" n="2">
<p>Planned visit by Theo <ref target="let237.xml">(237)</ref></p></note></vg:letContents>
<note type="sourceStatus" xml:id="sourceStatus">
<p>Original manuscript</p></note>
<note type="location" xml:id="location">
<p>Amsterdam, Van Gogh Museum, inv. no. b240 V/1962</p></note>
<note type="date" xml:id="date">
<p>In its content <ref target="let249.xml">letter 249</ref> follows on from <ref target="let247.xml">247</ref> and <ref target="let248.xml">248</ref> (the last dates from Wednesday, 19 July), because Van Gogh returns to an earlier comment by Tersteeg (see <ref target="#l-12">ll. 12-13</ref>). It precedes <ref target="let250.xml">letter 250</ref>, which dates from Sunday, 23 July and in which it is said that the present letter must have crossed with a letter from Theo. For this reason <ref target="let249.xml">letter 249</ref> may be dated to on or about Friday, 21 July 1882.</p></note></vg:letDesc></sourceDesc></fileDesc></teiHeader>
<facsimile xmlns:xsi="http://www.w3.org/2001/XMLSchema-instance">
<surface n="b 0240" xml:id="surf-pb-1r"><graphic mimeType="image/tiff" url="VGM001000288_01.TIF" rend="norend"/><graphic mimeType="image/tiff" url="VGM001000288_01_n.tif" rend="norend"/><graphic mimeType="image/jpeg" url="VGM001000288_01_nt.jpg" height="50px" rend="thumbnail"/><zone xml:id="zone-pb-1r-1">
<graphic mimeType="image/tiff" url="VGM001000288_01_nR.tif" rend="norend"/><graphic mimeType="image/jpeg" url="VGM001000288_01_nRt.jpg" height="50px" rend="thumbnail"/><graphic mimeType="image/png" url="VGM001000288_01_nRf.png" width="380px" rend="facstab"/></zone>
<zone xml:id="zone-pb-1r-4">
<graphic mimeType="image/tiff" url="VGM001000288_01_nL.tif" rend="norend"/><graphic mimeType="image/jpeg" url="VGM001000288_01_nLt.jpg" height="50px" rend="thumbnail"/><graphic mimeType="image/png" url="VGM001000288_01_nLf.png" width="380px" rend="facstab"/></zone>
</surface>
<surface n="b 0240" xml:id="surf-pb-1v"><graphic mimeType="image/tiff" url="VGM001000288_02.TIF" rend="norend"/><graphic mimeType="image/tiff" url="VGM001000288_02_n.tif" rend="norend"/><graphic mimeType="image/jpeg" url="VGM001000288_02_nt.jpg" height="50px" rend="thumbnail"/><zone xml:id="zone-pb-1v-2">
<graphic mimeType="image/tiff" url="VGM001000288_02_nL.tif" rend="norend"/><graphic mimeType="image/jpeg" url="VGM001000288_02_nLt.jpg" height="50px" rend="thumbnail"/><graphic mimeType="image/png" url="VGM001000288_02_nLf.png" width="380px" rend="facstab"/></zone>
<zone xml:id="zone-pb-1v-3">
<graphic mimeType="image/tiff" url="VGM001000288_02_nR.tif" rend="norend"/><graphic mimeType="image/jpeg" url="VGM001000288_02_nRt.jpg" height="50px" rend="thumbnail"/><graphic mimeType="image/png" url="VGM001000288_02_nRf.png" width="380px" rend="facstab"/></zone>
</surface></facsimile><text xmlns:xsi="http://www.w3.org/2001/XMLSchema-instance"><body>
<div type="original">
<pb f="1r" n="1" xml:id="pb-orig-1r-1" facs="#zone-pb-1r-1"/><lb n="1" xml:id="l-1"/>
<ab>Beste Broer,</ab><lb n="2" xml:id="l-2"/>
<ab>Het is reeds laat maar toch<c type="kk">/</c> ik wou U nog <lb n="3" xml:id="l-3"/>eens schrijven<c type="kp">_</c>– Gij zijt niet hier – toch heb <lb n="4" xml:id="l-4"/>ik behoefte aan U &amp; is het mij als waren we soms <lb n="5" xml:id="l-5"/>niet ver van elkaar.</ab><lb n="6" xml:id="l-6"/>
<ab rend="indent">Ik heb vandaag iets met mezelf afgesproken, <lb n="7" xml:id="l-7"/>dat is mijn ongesteldheid of liever de restes er <lb n="8" xml:id="l-8"/>van te beschouwen als niet bestaande. Er is genoeg <lb n="9" xml:id="l-9"/>tijd verloren<c type="kk">/</c> het werk moet worden doorgezet<c type="kp">_</c></ab><lb n="10" xml:id="l-10"/>
<ab rend="indent">Dus wel of niet wel<c type="kk">/</c> ik ga weer teekenen geregeld <lb n="11" xml:id="l-11"/>van s’morgens tot s’avonds. Ik wil niet dat <lb n="12" xml:id="l-12"/>iemand me weer kan zeggen “o dat zijn maar <lb n="13" xml:id="l-13"/>oude teekeningen.”<anchor n="1" xml:id="note-o-1"/></ab><lb n="14" xml:id="l-14"/>
<ab rend="indent">Ik heb een studie geteekend van het kinderwiegje <lb n="15" xml:id="l-15"/>van daag met veegen kleur er in.<anchor n="2" xml:id="note-o-2"/></ab><lb n="16" xml:id="l-16"/>
<ab rend="indent">Verder ben ik ook doende aan een dito als die <lb n="17" xml:id="l-17"/>weilanden welke ik U ’t laatst zond.<anchor n="3" xml:id="note-o-3"/></ab><lb n="18" xml:id="l-18"/>
<ab rend="indent">Mijn handen zijn wat te blank geworden naar <lb n="19" xml:id="l-19"/>mijn zin maar wat kan ik er aan doen. <lb n="20" xml:id="l-20"/>Ik zal weer buiten gaan ook<c type="kk">/</c> het kan me <lb n="21" xml:id="l-21"/>minder scheelen dat het me mogelijk eens opbreekt <lb n="22" xml:id="l-22"/>dan dat ik langer van ’t werk afblijf. De kunst <lb n="23" xml:id="l-23"/>is jaloersch<c type="kk">/</c> zij wil niet dat men ongesteldheid <lb n="24" xml:id="l-24"/>stelt boven haar.<anchor n="4" xml:id="note-o-4"/> Dus ik geef haar haar zin. <lb n="25" xml:id="l-25"/>Gij zult dus hoop ik binnen kort wel weer <lb n="26" xml:id="l-26"/>eens een paar redelijken krijgen<c type="kp">_</c></ab><lb n="27" xml:id="l-27"/>
<ab rend="indent">Zulken als ik <hi rend="ital">mogen</hi> eigentlijk niet ziek zijn. <lb n="28" xml:id="l-28"/>Gij moet goed begrijpen hoe ik de kunst beschouw. <lb n="29" xml:id="l-29"/>Om te komen tot het waarachtige moet men <lb n="30" xml:id="l-30"/>lang &amp; veel werken<c type="kp">_</c>– Wat ik wil &amp; mij ten doel <lb n="31" xml:id="l-31"/>stel is bliksems moeielijk en toch geloof ik niet <lb n="32" xml:id="l-32"/>dat ik te hoog mik.– Ik wil teekeningen <lb n="33" xml:id="l-33"/>maken die sommige menschen <hi rend="ital">treffen</hi>. Sorrow<anchor n="5" xml:id="note-o-5"/> <lb n="34" xml:id="l-34"/>is een klein begin – misschien is zoo’n klein landschapje <lb n="35" xml:id="l-35"/>als de laan v<c type="kp">_</c> Meerdervoort<c type="kk">/</c><anchor n="6" xml:id="note-o-6"/> de Rijswijksche weilanden<c type="kk">/</c><anchor n="7" xml:id="note-o-7"/> de <lb n="36" xml:id="l-36"/>Scharrendroogerij<anchor n="8" xml:id="note-o-8"/> ook een klein begin. Daarin is ten <lb n="37" xml:id="l-37"/>minste iets direkt uit mijn eigen gemoed.</ab>
<pb f="1v" n="2" xml:id="pb-orig-1v-2" facs="#zone-pb-1v-2"/><lb n="38" xml:id="l-38"/>
<ab rend="indent">Hetzij in figuur hetzij in landschap zou <lb n="39" xml:id="l-39"/>ik wel willen uitdrukken niet iets sentimenteel <lb n="40" xml:id="l-40"/>weemoedigs doch ernstige smart<c type="kp">_</c></ab><lb n="41" xml:id="l-41"/>
<ab rend="indent">Enfin ik wil ’t zoo ver brengen dat men <lb n="42" xml:id="l-42"/>zegt van mijn werk<c type="kk">/</c> die man voelt diep en <lb n="43" xml:id="l-43"/>die man voelt fijn. Ondanks mijn zoogenaamde <lb n="44" xml:id="l-44"/>grofheid – begrijpt ge – misschien juist daarom. <lb n="45" xml:id="l-45"/>Het lijkt nu nog pretentieus om zoo te spreken <lb n="46" xml:id="l-46"/>maar dat is dan ook de reden waarom ik <lb n="47" xml:id="l-47"/>er kracht achter wil zetten.</ab><lb n="48" xml:id="l-48"/>
<ab rend="indent">Wat ben ik in ’t oog van de meesten – <lb n="49" xml:id="l-49"/>een nulliteit of een zonderling of een onaangenaam <lb n="50" xml:id="l-50"/>mensch – iemand die in de maatschappij <lb n="51" xml:id="l-51"/>geen positie heeft of hebben zal<c type="kk">/</c> enfin <lb n="52" xml:id="l-52"/>wat minder dan de minsten.</ab><lb n="53" xml:id="l-53"/>
<ab rend="indent">Goed – gesteld dat alles ware precies zoo<c type="kk">/</c> dan <lb n="54" xml:id="l-54"/>zou ik door mijn werk eens willen toonen <lb n="55" xml:id="l-55"/>wat er zit in ’t hart van zoo’n zonderling<c type="kk">/</c> <lb n="56" xml:id="l-56"/>van zoo’n niemand.</ab><lb n="57" xml:id="l-57"/>
<ab rend="indent">Dit is mijn ambitie die minder gegrond <lb n="58" xml:id="l-58"/>is op wrevel dan op liefde malgré tout<c type="kk">/</c> <lb n="59" xml:id="l-59"/>meer gegrond op een gevoel van sereniteit <lb n="60" xml:id="l-60"/>dan op hartstogt.</ab><lb n="61" xml:id="l-61"/>
<ab rend="indent">Al is het dat ik dikwijls in de beroerdigheid zit toch <lb n="62" xml:id="l-62"/>is er binnen in mij een kalme<c type="kk">/</c> reine harmonie <lb n="63" xml:id="l-63"/>en muziek. In het armste huisje<c type="kk">/</c> in het <lb n="64" xml:id="l-64"/>smerigste hoekje zie ik schilderijen of <lb n="65" xml:id="l-65"/>teekeningen<c type="kp">_</c> En als met onweerstaanbaren <lb n="66" xml:id="l-66"/>aandrang gaat mijn geest die rigting uit<c type="kp">_</c> 
<pb f="1v" n="3" xml:id="pb-orig-1v-3" facs="#zone-pb-1v-3"/><lb n="67" xml:id="l-67"/>Hoe langer hoe meer gaan andere dingen er <lb n="68" xml:id="l-68"/>uit en hoe meer zij er uitgaan hoe sneller <lb n="69" xml:id="l-69"/>wordt mijn blik om het schilderachtige te <lb n="70" xml:id="l-70"/>zien. De kunst vraagt een hardnekkig <lb n="71" xml:id="l-71"/>werken<c type="kk">/</c> een werken ondanks alles <lb n="72" xml:id="l-72"/>en een altijd doorgaande observatie<c type="kp">_</c></ab><lb n="73" xml:id="l-73"/>
<ab rend="indent">Met hardnekkig bedoel ik vooreerst een gedurigen <lb n="74" xml:id="l-74"/>arbeid maar ook het niet loslaten van <lb n="75" xml:id="l-75"/>zijn opvatting op ’t zeggen van dezen of genen<c type="kp">_</c> <lb n="76" xml:id="l-76"/>Ik heb wel hoop broer<c type="kk">/</c> dat over eenige <lb n="77" xml:id="l-77"/>jaren en ook zelfs reeds nu zoo gaandeweg <lb n="78" xml:id="l-78"/>gij zulke dingen van mij zien zult als <lb n="79" xml:id="l-79"/>U eenige satisfactie geven zullen voor <lb n="80" xml:id="l-80"/>Uwe opofferingen<c type="kp">_</c></ab><lb n="81" xml:id="l-81"/>
<ab rend="indent">Ik heb in den laatsten tijd al bijzonder weinig conversatie <lb n="82" xml:id="l-82"/>gehad met schilders. Ik heb mij daar niet slecht <lb n="83" xml:id="l-83"/>bij bevonden<c type="kp">_</c>– Het is niet de taal van de <lb n="84" xml:id="l-84"/>schilders zoozeer als de taal van de natuur <lb n="85" xml:id="l-85"/>waar men naar luisteren moet.<anchor n="9" xml:id="note-o-9"/> Ik kan <lb n="86" xml:id="l-86"/>me nu beter begrijpen dan ruim een half <lb n="87" xml:id="l-87"/>jaar geleden waarom Mauve zei: praat <lb n="88" xml:id="l-88"/>me toch niet over Dupré<c type="kk">/</c> praat me liever <lb n="89" xml:id="l-89"/>van dien slootkant, of zoo iets<c type="kp">_</c> Dat schijnt wel <lb n="90" xml:id="l-90"/>bar en toch is ’t volkomen juist<c type="kp">_</c> Het voelen <lb n="91" xml:id="l-91"/>van de dingen zelf<c type="kk">/</c> van de werkelijkheid<c type="kk">/</c> is <lb n="92" xml:id="l-92"/>van meer belang dan het voelen van schilderijen, <lb n="93" xml:id="l-93"/>althans het is vruchtbaarder en meer leven<c type="shy">-</c><lb n="94" xml:id="l-94"/>wekkend.</ab><lb n="95" xml:id="l-95"/>
<ab rend="indent">Omdat ik nu zoo’n breed<c type="kk">/</c> zoo’n ruim gevoel <lb n="96" xml:id="l-96"/>heb van de kunst en van het leven zelf<c type="kk">/</c> waar <lb n="97" xml:id="l-97"/>de kunst de essence van is ook<c type="kk">/</c> klinkt het <lb n="98" xml:id="l-98"/>me zoo schril en zoo valsch als er lui zijn <lb n="99" xml:id="l-99"/>die maar jagen zooals Tersteeg.</ab>
<pb f="1r" n="4" xml:id="pb-orig-1r-4" facs="#zone-pb-1r-4"/><lb n="100" xml:id="l-100"/>
<ab rend="indent">Ik voor mij vind toch in veel moderne schilderijen <lb n="101" xml:id="l-101"/>een eigenaardig charme dat de ouden niet hebben. <lb n="102" xml:id="l-102"/>Voor mij is een van de hoogste en nobelste uitdrukkingen <lb n="103" xml:id="l-103"/>van kunst altijd de Engelsche<c type="kk">/</c> b.v<c type="kp">_</c> Millais en Herkomer <lb n="104" xml:id="l-104"/>en Frank Holl. Wat ik zeggen wil met betrekking <lb n="105" xml:id="l-105"/>tot ’t verschil tusschen oude kunst &amp; hedendaagsche <lb n="106" xml:id="l-106"/>is – misschien zijn de nieuwen meer denkers<c type="kp">_</c><anchor n="10" xml:id="note-o-10"/></ab><lb n="107" xml:id="l-107"/>
<ab rend="indent">Er is nòg een groot onderscheid in sentiment tusschen <lb n="108" xml:id="l-108"/>de Chill October van Millais<anchor n="11" xml:id="note-o-11"/> en de bleekerijen van <lb n="109" xml:id="l-109"/>Overveen van Ruysdael<anchor n="12" xml:id="note-o-12"/> b.v. En evenzeer tusschen <lb n="110" xml:id="l-110"/>de Irish emigrants van Holl<anchor n="13" xml:id="note-o-13"/> en de vrouwen die <lb n="111" xml:id="l-111"/>in den Bijbel lezen van Rembrandt<c type="kp">_</c><anchor n="14" xml:id="note-o-14"/></ab><lb n="112" xml:id="l-112"/>
<ab rend="indent">Rembrandt &amp; Ruysdael zijn subliem en voor <lb n="113" xml:id="l-113"/>ons evenzeer als voor hun tijdgenooten maar <lb n="114" xml:id="l-114"/>er is iets in de modernen dat meer persoonlijk <lb n="115" xml:id="l-115"/>intiem bij ons ’thuiskomt<c type="kp">_</c></ab><lb n="116" xml:id="l-116"/>
<ab rend="indent">Zoo is ’t met de houtsneden van Swain &amp; die <lb n="117" xml:id="l-117"/>van de oude duitsche meesters eveneens<c type="kp">_</c></ab><lb n="118" xml:id="l-118"/>
<ab rend="indent">Het was dan ook een vergissing toen de modernen <lb n="119" xml:id="l-119"/>eenige jaren geleden een rage hadden om de <lb n="120" xml:id="l-120"/>ouden te imiteeren<c type="kp">_</c></ab><lb n="121" xml:id="l-121"/>
<ab rend="indent">Daarom vind ik zoo juist wat vader Millet zegt<c type="kk">/</c> <lb n="122" xml:id="l-122"/>Il me semble absurde que les hommes veuillent <lb n="123" xml:id="l-123"/>paraître autre chose que ce qu’ils sont.–<anchor n="15" xml:id="note-o-15"/> <lb n="124" xml:id="l-124"/>Dat schijnt maar een gewoon woord en toch is <lb n="125" xml:id="l-125"/>het peilloos diep als een oceaan en ik voor mij <lb n="126" xml:id="l-126"/>houd het er voor men wel doet het in alles ter <lb n="127" xml:id="l-127"/>harte te nemen.</ab><lb n="128" xml:id="l-128"/>
<ab rend="indent">Ik wou U maar eens zeggen dat het <lb n="129" xml:id="l-129"/>werk weer geregeld zijn gang zal gaan en moet <lb n="130" xml:id="l-130"/>gaan quand même – en ik wou er nog eens <lb n="131" xml:id="l-131"/>bij zeggen ik zoo naar een brief verlang <lb n="132" xml:id="l-132"/>en verder U wel te ruste wenschen<c type="kp">_</c></ab><lb n="133" xml:id="l-133"/>
<ab rend="indent">à dieu<c type="kk">/</c> met een handdruk<c type="kp">_</c></ab>
<vg:whiteline/><lb n="134" xml:id="l-134"/>
<ab>t. à t<c type="kp">_</c></ab><lb n="135" xml:id="l-135"/>
<ab>Vincent</ab>
<vg:whiteline/><lb n="136" xml:id="l-136"/>
<ab>Denk s.v.p. aan het <hi rend="ital">dikke</hi> <lb n="137" xml:id="l-137"/>Ingres als ge kunt<c type="kk">/</c> <lb n="138" xml:id="l-138"/>ingesloten nog een staaltje<c type="kp">_</c>–<anchor n="16" xml:id="note-o-16"/> <lb n="139" xml:id="l-139"/>Van het dunne ben ik nog voorzien<c type="kp">_</c> <lb n="140" xml:id="l-140"/>Op het <hi rend="ital">dikke Ingres</hi> kan ik wasschen met aquarel<c type="kk">/</c> <lb n="141" xml:id="l-141"/>op ’t Sans fin b.v<c type="kp">_</c> wordt het altijd <lb n="142" xml:id="l-142"/>troebel zonder dat zulks geheel mijn <lb n="143" xml:id="l-143"/>schuld is.</ab>
<vg:whiteline/><lb n="144" xml:id="l-144"/>
<ab>Ik zal ’t wiegje hoop ik <lb n="145" xml:id="l-145"/>nog wel honderd keer teekenen <lb n="146" xml:id="l-146"/>behalve die van van daag. met <lb n="147" xml:id="l-147"/><hi rend="ital">hardnekkigheid</hi><c type="kp">_</c></ab>
<vg:whiteline/></div>
<div type="translation">
<pb f="1r" n="1" xml:id="pb-trans-1r-1" facs="#zone-pb-1r-1"/>
<ab>Dear Brother,</ab>
<ab>It’s already late, but I wanted to write to you again. You aren’t here, yet I’m in need of you, and it seems to me as if we aren’t far apart sometimes. </ab>
<ab rend="indent">Today I made an agreement with myself, which was to regard my illness, or rather what’s left of it, as non-existent. Enough time has been lost, the work must be carried on. </ab>
<ab rend="indent">So, well or not well, I’m going to draw again regularly from morning till evening. I don’t want anyone else to be able to say, ‘Oh, those are only old drawings.’<anchor n="1" xml:id="note-t-1"/> </ab>
<ab rend="indent">I’ve drawn a study of the cradle today with touches of colour in it.<anchor n="2" xml:id="note-t-2"/> </ab>
<ab rend="indent">I’m also working on a ditto like the meadows I recently sent you.<anchor n="3" xml:id="note-t-3"/> </ab>
<ab rend="indent">My hands have become rather whiter than I care for, but what can I do about it? I’ll also go outdoors again. It matters less to me that it may strike me down than that I’m kept longer from my work. Art is jealous; she won’t allow illness to be placed above her.<anchor n="4" xml:id="note-t-4"/> So I’ll let her have her way. I hope, therefore, that you’ll soon have a few reasonable ones. </ab>
<ab rend="indent">People like me aren’t really <hi rend="ital">allowed</hi> to be ill. You must really understand how I regard art. One must work long and hard to arrive at the truthful. What I want and set as my goal is damned difficult, and yet I don’t believe I’m aiming too high. I want to make drawings that <hi rend="ital">move </hi>some people. Sorrow<anchor n="5" xml:id="note-t-5"/> is a small beginning — perhaps small landscapes like the Laan van Meerdervoort,<anchor n="6" xml:id="note-t-6"/> the Rijswijk meadows<anchor n="7" xml:id="note-t-7"/> and the Fish-drying barn<anchor n="8" xml:id="note-t-8"/> are also small beginnings. At least they contain something straight from my own feelings. 
<pb f="1v" n="2" xml:id="pb-trans-1v-2" facs="#zone-pb-1v-2"/> </ab>
<ab rend="indent">Whether in figures or in landscapes, I would like to express not something sentimentally melancholic but deep sorrow. </ab>
<ab rend="indent">In short, I want to reach the point where people say of my work, that man feels deeply and that man feels subtly. Despite my so-called coarseness — you understand — perhaps precisely because of it. It seems pretentious to talk like this now, but that’s why I want to push on.</ab>
<ab rend="indent">What am I in the eyes of most people? A nonentity or an oddity or a disagreeable person — someone who has and will have no position in society, in short a little lower than the lowest.</ab>
<ab rend="indent">Very well — assuming that everything is indeed like that, then through my work I’d like to show what there is in the heart of such an oddity, such a nobody. </ab>
<ab rend="indent">This is my ambition, which is based less on resentment than on love in spite of everything, based more on a feeling of serenity than on passion. </ab>
<ab rend="indent">Even though I’m often in a mess, inside me there’s still a calm, pure harmony and music. In the poorest little house, in the filthiest corner, I see paintings or drawings. And my mind turns in that direction as if with an irresistible urge. 
<pb f="1v" n="3" xml:id="pb-trans-1v-3" facs="#zone-pb-1v-3"/> As time passes, other things are increasingly excluded, and the more they are the faster my eyes see the picturesque. Art demands persistent work, work in spite of everything, and unceasing observation. </ab>
<ab rend="indent">By persistent I mean in the first place continued labour, but also not abandoning your approach because of what someone else says. I have hopes, brother, that in a few years, and even now already, you’ll gradually see things by me that will give you some recompense for your sacrifices. </ab>
<ab rend="indent">I’ve had very little conversation with painters lately. I felt none the worse for that. It isn’t the language of painters one ought to listen to but the language of nature.<anchor n="9" xml:id="note-t-9"/> I can now understand, better than six months ago or more, why <rs type="pers" key="323">Mauve</rs> said: don’t talk to me about <rs type="pers" key="986">Dupré</rs>, talk to me instead about the side of that ditch, or something like that. It sounds crude and yet it’s perfectly correct. Feeling things themselves, reality, is more important than feeling paintings, at least more productive and life-giving. </ab>
<ab rend="indent">Because I now have such a broad, such a large sense of art and of life itself, of which art is the essence, it sounds to me so shrill and false when there are people like <rs type="pers" key="787">Tersteeg</rs> who are always on the hunt.
<pb f="1r" n="4" xml:id="pb-trans-1r-4" facs="#zone-pb-1r-4"/></ab>
<ab rend="indent">For my part I find a peculiar charm in many modern paintings that the old ones don’t have. For me one of the highest and noblest expressions of art is always that of the English, for instance <rs type="pers" key="1227">Millais</rs> and <rs type="pers" key="1080">Herkomer</rs> and <rs type="pers" key="1089">Frank Holl</rs>. What I mean to say as regards the difference between old and contemporary art is: perhaps the new artists are deeper thinkers.<anchor n="10" xml:id="note-t-10"/></ab>
<ab rend="indent">There’s another great difference: in sentiment, between Chill October by <rs type="pers" key="1227">Millais</rs><anchor n="11" xml:id="note-t-11"/> and the Overveen bleaching grounds by <rs type="pers" key="1333">Ruisdael</rs>,<anchor n="12" xml:id="note-t-12"/> for example. And equally between the Irish emigrants by <rs type="pers" key="1089">Holl</rs><anchor n="13" xml:id="note-t-13"/> and the women reading the Bible by <rs type="pers" key="1295">Rembrandt</rs>.<anchor n="14" xml:id="note-t-14"/></ab>
<ab rend="indent"><rs type="pers" key="1295">Rembrandt</rs> and <rs type="pers" key="1333">Ruisdael</rs> are sublime, for us as much as for their contemporaries, but there’s something in the moderns that strikes us as more personally intimate. </ab>
<ab rend="indent">That’s how it is with the woodcuts by <rs type="pers" key="1382">Swain</rs>, and those by the old German masters too.</ab>
<ab rend="indent">So it was a mistake a few years ago when there was a vogue among the moderns for imitating the old masters. </ab>
<ab rend="indent">This is why I think what <hi rend="ital">père</hi> <rs type="pers" key="1226">Millet</rs> says is so right: I think it absurd that people want to appear to be something other than they are.<anchor n="15" xml:id="note-t-15"/> That seems to be an unremarkable observation and yet it’s as unfathomably deep as the ocean, and I for one think it advisable to take it to heart in all things. </ab>
<ab rend="indent">I just wanted to tell you that regular work will and must be resumed, come what may — and I want to add that I’m longing so much for a letter from you, and also to wish you good-night.</ab>
<ab rend="indent">Adieu, with a handshake.</ab>
<vg:whiteline/>
<ab>Ever yours,</ab>
<ab>Vincent</ab>
<vg:whiteline/>
<ab>Please remember the <hi rend="ital">thick </hi>Ingres if you can, a sample is enclosed.<anchor n="16" xml:id="note-t-16"/> I still have enough of the thin. I can wash in watercolour on the <hi rend="ital">thick Ingres</hi>; on the <hi rend="ital">sans fin</hi>, for example, it always gets muddy without it being entirely my fault.</ab>
<vg:whiteline/>
<ab>I’ll draw the cradle, I hope, a hundred times apart from the one today. With <hi rend="ital">persistence</hi>. </ab></div>
<div type="notes">
<note n="1" xml:id="n-1" target="#note-t-1">
<ab>A reference to <rs type="pers" key="787">Tersteeg</rs>’s remark as noted in <ref target="let247.xml">letter 247</ref>.</ab></note>
<note n="2" xml:id="n-2" target="#note-t-2">
<ab>In <hi rend="ital">De brieven</hi> 1990 it was assumed that <hi rend="ital">Child in a cradle by the stove</hi> (<rs type="otherart" key="276">F - / JH 155</rs>) was also sent. However, Van Gogh talks about touches of colour, but there are none to be seen – the possibility that they have disappeared over time cannot be ruled out.</ab></note>
<note n="3" xml:id="n-3" target="#note-t-3">
<ab>‘The meadows’ refers to one of the views from Van Gogh’s house. Around this time he was working on <hi rend="ital">Rooftops</hi> (<rs type="ill" key="2378">F 943 / JH 156</rs>), which he describes in <ref target="let250.xml">letter 250</ref> and of which he would send a letter sketch in <ref target="let251.xml">letter 251</ref>. The drawing of the meadows that Vincent ‘recently’ sent to Theo was <hi rend="ital">Carpenter’s yard and laundry</hi> (<rs type="ill" key="2376">F 944 / JH 153</rs>). <ref target="let235.xml">See letter 235</ref>.</ab></note>
<note n="4" xml:id="n-4" target="#note-t-4">
<ab>For this pronouncement, known from <rs type="pers" key="982">Delacroix</rs> and <rs type="pers" key="68">Emerson</rs>, <ref target="let236.xml#n-2">see letter 236, n. 2.</ref></ab></note>
<note n="5" xml:id="n-5" target="#note-t-5">
      <ab>There were four versions of <hi rend="ital">Sorrow</hi>; <ref target="let216.xml#n-3">see letters 216, n. 3</ref> and <ref target="let222.xml#n-1">222, n. 1.</ref></ab></note>
<note n="6" xml:id="n-6" target="#note-t-6">
<ab>This drawing of vegetable gardens in Laan van Meerdervoort, mentioned earlier in <ref target="let218.xml">letters 218</ref>, <ref target="let222.xml">222</ref> and <ref target="let231.xml">231</ref>, is not known.</ab></note>
<note n="7" xml:id="n-7" target="#note-t-7">
<ab>The Rijswijk meadows can be seen in the background of several drawings: <hi rend="ital">Carpenter’s yard and laundry</hi> (<rs type="ill" key="2375">F 939 / JH 150</rs>); <hi rend="ital">Carpenter’s yard and laundry</hi> (<rs type="ill" key="2376">F 944 / JH 153</rs>) and <hi rend="ital">Rooftops</hi> (<rs type="ill" key="2378">F 943 / JH 156</rs>); Theo probably had the second (cf. <ref target="#n-3">n. 3</ref> above).</ab></note>
<note n="8" xml:id="n-8" target="#note-t-8">
<ab>
      <hi rend="ital">Fish-drying barn</hi> (<rs type="ill" key="2377">F 940 / JH 154</rs>); <ref target="let235.xml">see letter 235</ref>.</ab></note>
<note n="9" xml:id="n-9" target="#note-t-9">
<ab>Given what follows, this idea is borrowed from <rs type="pers" key="323">Mauve</rs>.</ab></note>
<note n="10" xml:id="n-10" target="#note-t-10">
<ab>This remark may be based on a passage in <rs type="pers" key="563">Thomas Carlyle</rs>’s <rs type="lit" key="197"><hi rend="ital">Sartor resartus</hi></rs>. See Dorn in exhib. cat. Vienna 1996, pp. 33, 48 (n. 13). Van Gogh does not mention <hi rend="ital">Sartor resartus</hi> until March 1883, but he already knew the book in 1875, when he quoted from it in a poetry album (Pabst 1988, p. 25).</ab></note>
<note n="11" xml:id="n-11" target="#note-t-11">
<ab>For <rs type="pers" key="1227">Millais</rs>’ <rs type="ill" key="1839"><hi rend="ital">Chill October</hi></rs>, <ref target="let122.xml#n-19">see letter 122, n. 19.</ref></ab></note>
<note n="12" xml:id="n-12" target="#note-t-12">
<ab>For <rs type="pers" key="1333">Jacob van Ruisdael</rs>’s <rs type="ill" key="1671"><hi rend="ital">View of Haarlem with bleaching grounds</hi></rs>, <ref target="let037.xml#n-3">see letter 37, n. 3.</ref></ab></note>
<note n="13" xml:id="n-13" target="#note-t-13">
      <ab>Van Gogh may be referring to <rs type="pers" key="1089">Holl</rs>’s <rs type="ill" key="1906"><hi rend="ital">‘Gone’ – Euston station</hi></rs> or <rs type="pers" key="1027">FitzGerald</rs>’s <rs type="ill" key="1907"><hi rend="ital">Irish emigrants leaving Queenstown harbour</hi></rs>, <ref target="let199.xml#n-9">see letter 199, n. 9.</ref></ab></note>
<note n="14" xml:id="n-14" target="#note-t-14">
<ab>For <rs type="pers" key="1295">Rembrandt</rs>’s <rs type="ill" key="1724"><hi rend="ital">Reading the Bible</hi></rs>, <ref target="let037.xml#n-4">see letter 37, n. 4.</ref></ab></note>
<note n="15" xml:id="n-15" target="#note-t-15">
<ab>This observation does not occur in exactly this form in <rs type="pers" key="737">Sensier</rs>’s book about <rs type="pers" key="1226">Millet</rs>, but the picture of him that emerges is that of a sincere and modest artist, who does not pretend to be other than he is. </ab></note>
<note n="16" xml:id="n-16" target="#note-t-16">
<ab>Van Gogh had already asked for the thick Ingres in <ref target="let243.xml">letter 243</ref>. He had sent a sample then too.</ab></note></div></body></text></TEI>
