<?xml version="1.0" encoding="UTF-8"?>
<!-- Last Changed Date: 2018-07-18 12:32:41 +0200 (Wed, 18 Jul 2018) | SVN Revision: 2206 -->
<!--Licensed under Attribution-NonCommercial-ShareAlike 4.0 International (CC BY-NC-SA 4.0)-->
<?xml-model href="https://xmlschema.huygens.knaw.nl/vgodd.rng" type="application/xml" schematypens="http://relaxng.org/ns/structure/1.0"?>
<TEI xmlns:vg="http://www.vangoghletters.org/ns/" xmlns="http://www.tei-c.org/ns/1.0">
<teiHeader xmlns:xsi="http://www.w3.org/2001/XMLSchema-instance"><fileDesc>
<titleStmt>
<title>To Theo van Gogh. The Hague, Tuesday, 4 July 1882.</title>
<editor>Leo Jansen</editor>
<editor>Hans Luijten</editor>
<editor>Nienke Bakker</editor></titleStmt>
<publicationStmt>
<publisher><name>Huygens Instituut voor Nederlandse Geschiedenis (KNAW)</name><email>info@huygens.knaw.nl</email></publisher>
<publisher>Van Gogh Museum</publisher>
<pubPlace>Amsterdam</pubPlace>
<date type="first" when="2009">2009</date>
<availability status="restricted">
<licence target="http://creativecommons.org/licenses/by-nc-sa/4.0/ https://creativecommons.org/licenses/by-nc-sa/4.0/legalcode">
<p>Attribution-NonCommercial-ShareAlike 4.0 International (CC BY-NC-SA 4.0) </p></licence></availability>
<ptr target="http://vangoghletters.org/orig/let243"/></publicationStmt><sourceDesc><vg:letDesc><vg:letIdentifier>
<idno type="jlb">243</idno>
<idno type="collectedletters">211</idno>
<idno type="brieven1990">243</idno></vg:letIdentifier><vg:letHeading><author>Vincent van Gogh</author><vg:addressee>Theo van Gogh</vg:addressee><vg:placeLet>The Hague</vg:placeLet><vg:dateLet>Tuesday, 4 July 1882</vg:dateLet></vg:letHeading><vg:letContents>
<p>To Theo van Gogh. The Hague, Tuesday, 4 July 1882.</p>
<note type="ongoingTopic" n="1">
<p>Sien has given birth in Leiden <ref target="let242.xml">(242)</ref></p></note>
<note type="ongoingTopic" n="2">
<p>Van Gogh is recovering from his illness <ref target="let241.xml">(241)</ref></p></note></vg:letContents>
<note type="sourceStatus" xml:id="sourceStatus">
<p>Original manuscript</p></note>
<note type="location" xml:id="location">
<p>Amsterdam, Van Gogh Museum, inv. no. b233 V/1962</p></note>
<note type="date" xml:id="date">
<p>The letter was written on the Tuesday <ref target="#l-1">(l. 1)</ref> after the birth on 2 July 1882, and so dates from 4 July 1882.</p></note></vg:letDesc></sourceDesc></fileDesc></teiHeader>
<facsimile xmlns:xsi="http://www.w3.org/2001/XMLSchema-instance">
<surface n="b 0233" xml:id="surf-pb-1r"><graphic mimeType="image/tiff" url="VGM001000275_01.TIF" rend="norend"/><graphic mimeType="image/tiff" url="VGM001000275_01_n.tif" rend="norend"/><graphic mimeType="image/jpeg" url="VGM001000275_01_nt.jpg" height="50px" rend="thumbnail"/><zone xml:id="zone-pb-1r-1">
<graphic mimeType="image/tiff" url="VGM001000275_01_nR.tif" rend="norend"/><graphic mimeType="image/jpeg" url="VGM001000275_01_nRt.jpg" height="50px" rend="thumbnail"/><graphic mimeType="image/png" url="VGM001000275_01_nRf.png" width="380px" rend="facstab"/></zone>
<zone xml:id="zone-pb-1r-4">
<graphic mimeType="image/tiff" url="VGM001000275_01_nL.tif" rend="norend"/><graphic mimeType="image/jpeg" url="VGM001000275_01_nLt.jpg" height="50px" rend="thumbnail"/><graphic mimeType="image/png" url="VGM001000275_01_nLf.png" width="380px" rend="facstab"/></zone>
</surface>
<surface n="b 0233" xml:id="surf-pb-1v"><graphic mimeType="image/tiff" url="VGM001000275_02.TIF" rend="norend"/><graphic mimeType="image/tiff" url="VGM001000275_02_n.tif" rend="norend"/><graphic mimeType="image/jpeg" url="VGM001000275_02_nt.jpg" height="50px" rend="thumbnail"/><zone xml:id="zone-pb-1v-2">
<graphic mimeType="image/tiff" url="VGM001000275_02_nL.tif" rend="norend"/><graphic mimeType="image/jpeg" url="VGM001000275_02_nLt.jpg" height="50px" rend="thumbnail"/><graphic mimeType="image/png" url="VGM001000275_02_nLf.png" width="380px" rend="facstab"/></zone>
<zone xml:id="zone-pb-1v-3">
<graphic mimeType="image/tiff" url="VGM001000275_02_nR.tif" rend="norend"/><graphic mimeType="image/jpeg" url="VGM001000275_02_nRt.jpg" height="50px" rend="thumbnail"/><graphic mimeType="image/png" url="VGM001000275_02_nRf.png" width="380px" rend="facstab"/></zone>
</surface></facsimile><text xmlns:xsi="http://www.w3.org/2001/XMLSchema-instance"><body>
<div type="original">
<pb f="1r" n="1" xml:id="pb-orig-1r-1" facs="#zone-pb-1r-1"/><lb n="1" xml:id="l-1"/>
<ab>Dinsdag middag</ab>
<vg:whiteline/><lb n="2" xml:id="l-2"/>
<ab>Waarde Theo,</ab><lb n="3" xml:id="l-3"/>
<ab>Berigt van Sien dat alles goed gaat<c type="kk">/</c> <lb n="4" xml:id="l-4"/>God dank<c type="kp">_</c>– Als het zoo blijft dan <lb n="5" xml:id="l-5"/>moet zij met de 14 dagen na hare bevalling <lb n="6" xml:id="l-6"/>vertrekken.– Dit drong mij er toe mij te <lb n="7" xml:id="l-7"/>decideeren omtrent de nieuwe woning <lb n="8" xml:id="l-8"/>opdat zij een vriendelijk nestje vinde bij haar <lb n="9" xml:id="l-9"/>terugkomst na zoveel pijn. Nu heb ik <lb n="10" xml:id="l-10"/>dus met den eigenaar eene afspraak <lb n="11" xml:id="l-11"/>gemaakt.<anchor n="1" xml:id="note-o-1"/> Vooreerst dat hij me nu direkt <lb n="12" xml:id="l-12"/>zou helpen verhuizen<c type="kk">/</c> n.l. mij een paar <lb n="13" xml:id="l-13"/>mannen van de werf<anchor n="2" xml:id="note-o-2"/> afstaan voor een achtermiddag <lb n="14" xml:id="l-14"/>om al mijn boeltje over te brengen omdat <lb n="15" xml:id="l-15"/>ik zelf niet al te veel mag sjouwen en zelfs <lb n="16" xml:id="l-16"/>eigentlijk in ’t geheel niet. En vervolgens dat <lb n="17" xml:id="l-17"/>ik hem evenwel geen huur zal betalen <lb n="18" xml:id="l-18"/>voor en aleer ’t zij ik zelf t’zij de vrouw er <lb n="19" xml:id="l-19"/>definitief intrekt. Want misschien is Sien eer terug <lb n="20" xml:id="l-20"/>dan ik uit het gasthuis. Intusschen moet ik een <lb n="21" xml:id="l-21"/>accoord treffen met den ouden huisbaas<anchor n="3" xml:id="note-o-3"/> voor <lb n="22" xml:id="l-22"/>de loopende maand (want ik heb hem omdat <lb n="23" xml:id="l-23"/>ik ziek was &amp; niet wist wanneer ik beter zou zijn <lb n="24" xml:id="l-24"/>geen notitie kunnen geven ik vertrok)<c type="kp">_</c> Ik zal <lb n="25" xml:id="l-25"/>er hoop ik met 1 week of 14 dagen huur afkomen<c type="kk">/</c> <lb n="26" xml:id="l-26"/>althans ben niet van plan hem de heele maand <lb n="27" xml:id="l-27"/>te geven.</ab>
<pb f="1v" n="2" xml:id="pb-orig-1v-2" facs="#zone-pb-1v-2"/><lb n="28" xml:id="l-28"/>
<ab rend="indent">Misschien hebt gij al wat gestuurd &amp; dan <lb n="29" xml:id="l-29"/>vind ik Uw brief misschien morgen ochtend <lb n="30" xml:id="l-30"/>reeds bij dien portier van ’t gasthuis.<anchor n="4" xml:id="note-o-4"/> <lb n="31" xml:id="l-31"/>Doch hebt gij nog niet gezonden zou ik U <lb n="32" xml:id="l-32"/>vriendelijk willen verzoeken het spoedig te <lb n="33" xml:id="l-33"/>doen want ik raak à court en moet <lb n="34" xml:id="l-34"/>f<c type="kp">_</c> 10 vooruit betalen om weer in ’t gasthuis te gaan zoodat <lb n="35" xml:id="l-35"/>mijn teruggaan daar naar toe afhangt <lb n="36" xml:id="l-36"/>van de ontvangst van Uw brief. Van morgen <lb n="36a" xml:id="l-36a"/>was er nog geen brief bij den portier.</ab><lb n="37" xml:id="l-37"/>
<ab rend="indent">Nu is de verhuizing achter den rug grootendeels<c type="kk">/</c> <lb n="38" xml:id="l-38"/>de moeder van Sien helpt mij, het is een <lb n="39" xml:id="l-39"/>heele karwei want het heele huis is nog vol <lb n="40" xml:id="l-40"/>kalkstof &amp; moet geschrobd worden. Maar <lb n="41" xml:id="l-41"/>’t atelier en de alkoof is schoon en de <lb n="42" xml:id="l-42"/>meubels &amp;c. bijna allen over. Nu zitten <lb n="43" xml:id="l-43"/>we even te schoften.<anchor n="a" xml:id="note-o-a"/></ab><lb n="44" xml:id="l-44"/>
<ab rend="indent">Het gaat mij goed<c type="kk">/</c> ik voel mij veel beter <lb n="45" xml:id="l-45"/>dan ik in lang gedaan heb, alleen de <lb n="46" xml:id="l-46"/>boel van onderen met het wateren is nog <lb n="47" xml:id="l-47"/>niet zooals ’t zijn moet. Ofschoon het <lb n="48" xml:id="l-48"/>loopen, buiten zijn &amp;c. mij goed bekomt<c type="kp">_</c> <lb n="49" xml:id="l-49"/>Gisteren sprak ik de direkteur van ’t gasthuis<c type="kk">/</c> <lb n="50" xml:id="l-50"/>D<hi rend="ss">r</hi> Tienhoven<c type="kk">/</c><anchor n="5" xml:id="note-o-5"/> even op straat &amp; vertelde hem <lb n="51" xml:id="l-51"/>hoe het ging &amp; hij maakte geen bezwaar. <lb n="52" xml:id="l-52"/>Zoodat ik hoop heb het spoedig geheel klaar zal zijn.</ab>
<pb f="1v" n="3" xml:id="pb-orig-1v-3" facs="#zone-pb-1v-3"/><lb n="53" xml:id="l-53"/>
<ab rend="indent">Als ik zelf het plan gemaakt had <lb n="54" xml:id="l-54"/>voor deze nieuwe woning &amp; ze <lb n="55" xml:id="l-55"/>had willen laten inrigten expres <lb n="56" xml:id="l-56"/>voor atelier zou ik het niet <lb n="57" xml:id="l-57"/>beter hebben kunnen doen dan <lb n="58" xml:id="l-58"/>ze nu is. En geen een ander <lb n="59" xml:id="l-59"/>huis in de straat is als dit van <lb n="60" xml:id="l-60"/>binnen ofschoon van buiten zij <lb n="61" xml:id="l-61"/>allen er precies eender uitzien. <lb n="62" xml:id="l-62"/>Dat ik er in ben is eigentlijk de <lb n="63" xml:id="l-63"/>schuld van den storm die het <lb n="64" xml:id="l-64"/>raam van het vroegere atelier vernield <lb n="65" xml:id="l-65"/>heeft want was dat niet gebeurd<c type="kk">/</c> had <lb n="66" xml:id="l-66"/>ik van deze woning niets geweten<c type="kp">_</c><anchor n="6" xml:id="note-o-6"/> <lb n="67" xml:id="l-67"/>Het is de timmerman die bij die gelegenheid <lb n="68" xml:id="l-68"/>mij er attent op maakte en zei<c type="kk">/</c> <lb n="69" xml:id="l-69"/>waarom ga je niet hier naast <lb n="70" xml:id="l-70"/>wonen.</ab><lb n="71" xml:id="l-71"/>
<ab rend="indent">Nu broer, en tusschen het verhuizen <lb n="72" xml:id="l-72"/>in, heb ik er nog een teekening <lb n="73" xml:id="l-73"/>opgedonderd en wel weer eens <lb n="74" xml:id="l-74"/>een aquarel. Op een schets van <lb n="75" xml:id="l-75"/>vóór mijn ongesteldheid die half af <lb n="76" xml:id="l-76"/>gebleven was. Zoodat het leven er <lb n="77" xml:id="l-77"/>weer in komt. <lb n="77a" xml:id="l-77a"/>Het zijn pinken op het <lb n="77b" xml:id="l-77b"/>strand<c type="kk">/</c> groote rompen 
<pb f="1r" n="4" xml:id="pb-orig-1r-4" facs="#zone-pb-1r-4"/><lb n="78" xml:id="l-78"/>van schuiten die in ’t heete zand <lb n="79" xml:id="l-79"/>liggen met de zee heel wijd weg in <lb n="80" xml:id="l-80"/>een blaauwen nevel of stof want het was <lb n="81" xml:id="l-81"/>een dag met zon<c type="kk">/</c> maar het is met <lb n="82" xml:id="l-82"/>het licht mee<c type="kk">/</c> niet er tegen in<c type="kk">/</c> zoodat <lb n="83" xml:id="l-83"/>men de zon moet voelen door een <lb n="84" xml:id="l-84"/>paar korte slagschaduwtjes en door de <lb n="85" xml:id="l-85"/>tinteling van de warme lucht boven ’t zand.<anchor n="7" xml:id="note-o-7"/> <lb n="86" xml:id="l-86"/>Het is maar een impressie maar <lb n="87" xml:id="l-87"/>ik geloof ze nog al juist is<c type="kk">/</c> mijn vingers jeuken <lb n="89" xml:id="l-89"/>zoo om weer aan den slag te gaan &amp; ik behoef <lb n="90" xml:id="l-90"/>niet te zeggen ik liever naar Schevening dan <lb n="91" xml:id="l-91"/>naar ’t gasthuis ging. Doch wat moet dat <lb n="92" xml:id="l-92"/>moet.</ab><lb n="93" xml:id="l-93"/>
<ab rend="indent">Nu verlang ik erg naar Uw brief en <lb n="94" xml:id="l-94"/>nog meer naar Uw komst – mits ik <lb n="95" xml:id="l-95"/>dan maar niet in ’t gasthuis lig<c type="kp">_</c>– <lb n="96" xml:id="l-96"/>En wat gij zeggen zult van het <lb n="97" xml:id="l-97"/>nieuwe huis. Ook naar wat <lb n="98" xml:id="l-98"/>gij denken zult van Sien als gij <lb n="99" xml:id="l-99"/>haar ziet en van de kleine nieuwe <lb n="100" xml:id="l-100"/>wijsneus. Dat gij voor Sien dan wat <lb n="101" xml:id="l-101"/>sympathie zult voelen hoop ik van harte want <lb n="102" xml:id="l-102"/>zij verdient het. Nog iets... Zou er bij U te lande <lb n="103" xml:id="l-103"/>nog wat Papier Ingres zijn van de dikte van bijgaand <lb n="104" xml:id="l-104"/>staaltje<c type="kk">/</c> liefst wat tooniger? Zoo ja<c type="kk">/</c> <lb n="105" xml:id="l-105"/>breng ’t dan mee als ge komt alsmede datgene van <lb n="106" xml:id="l-106"/>de schetsen van mij in Uw bezit wat gij niet houden wilt. <lb n="107" xml:id="l-107"/>Natuurlijk hoop ik dat gij Sorrow en de besten er uit<c type="kk">/</c> ook de <lb n="108" xml:id="l-108"/>groote Sorrow<c type="kk">/</c><anchor n="8" xml:id="note-o-8"/> bepaald houden zult. à dieu<c type="kk">/</c> met een handdruk<c type="kp">_</c></ab>
<vg:whiteline/><lb n="109" xml:id="l-109"/>
<ab>t. à t<c type="kp">_</c></ab><lb n="110" xml:id="l-110"/>
<ab>Vincent</ab>
<vg:whiteline/></div>
<div type="translation">
<pb f="1r" n="1" xml:id="pb-trans-1r-1" facs="#zone-pb-1r-1"/>
<ab>Tuesday afternoon</ab>
<vg:whiteline/>
<ab>My dear Theo,</ab>
<ab>A message from <rs type="pers" key="463">Sien</rs> that all is going well, thank God. If that continues, she should leave a fortnight after the birth. This forced me to make a decision about the new house, so that she’d find a warm nest on her return after so much pain. So I reached an understanding with the <rs type="pers" key="813">owner</rs>.<anchor n="1" xml:id="note-t-1"/> First, that right away he’d help me move, namely by letting me have a few men from the yard<anchor n="2" xml:id="note-t-2"/> at the end of an afternoon to carry all my things, because I’m not allowed to lift much, in fact nothing at all. And then that I won’t pay him any rent until either I or the woman actually moves in, for Sien may be back from hospital before I am. Meanwhile I must reach an agreement with the previous <rs type="pers" key="63">landlord</rs><anchor n="3" xml:id="note-t-3"/> for the current month (because I was ill and didn’t know when I would be better, I was unable to give him notice that I was leaving). I hope to get away with paying for 1 week or a fortnight, anyway I’m not planning to give him the whole month. 
<pb f="1v" n="2" xml:id="pb-trans-1v-2" facs="#zone-pb-1v-2"/> </ab>
<ab rend="indent">Perhaps you’ve already sent something – then maybe I’ll find your letter tomorrow morning with the hospital porter.<anchor n="4" xml:id="note-t-4"/> But if you haven’t yet sent, I would ask you to please do so soon because I’m running short and must pay 10 guilders in advance to go back into hospital, so that my going back there depends on your letter. This morning there was still no letter with the porter.</ab>
<ab rend="indent">Now the move is largely done. Sien’s <rs type="pers" key="464">mother</rs> is helping me. It’s quite a job, because the whole house is still full of plaster dust and needs to be scrubbed. But the studio and alcove are clean, and nearly all the furniture &amp;c. has been brought over. Now we’re taking a break to eat.</ab>
<ab rend="indent">I’m fine, I feel much better than I’ve done for a long time, but my nether parts are still not completely in order when I pass water. Although walking, being out of doors &amp;c. agrees with me. Yesterday I spoke briefly to the director of the hospital, <rs type="pers" key="779">Dr Tienhoven</rs>,<anchor n="5" xml:id="note-t-5"/> in the street and told him how I was getting on, and he made no objection. So I have hopes of being fully cured soon. 
<pb f="1v" n="3" xml:id="pb-trans-1v-3" facs="#zone-pb-1v-3"/> </ab>
<ab rend="indent">If I had designed this new house myself, and had deliberately wanted to fit it out as a studio, I couldn’t have made it better than it is now. And not another house in the street is like this one inside, although from the outside they all look exactly the same. The fact that I’m in it is really the fault of the storm that broke the window of the old studio, for if that hadn’t happened I would never have known about this house.<anchor n="6" xml:id="note-t-6"/> It was on that occasion that the carpenter drew it to my attention and said, why don’t you move next door?</ab>
<ab rend="indent">Well brother, and during the move I’ve dashed off another drawing, a watercolour again. Based on a sketch done before my illness that was only half finished. So it’s coming to life again. It shows pinks on the beach, big hulls 
<pb f="1r" n="4" xml:id="pb-trans-1r-4" facs="#zone-pb-1r-4"/> of boats lying in the hot sand with the sea very far off in a blue mist or haze, for it was a day with sun, but it’s with the light behind, not into it, so that you have to feel the sun through a few short cast shadows and the shimmering of the warm air above the sand.<anchor n="7" xml:id="note-t-7"/> It’s only an impression but I believe it’s fairly accurate. My fingers are itching so much to get back to work, and needless to say I would rather have gone to Scheveningen than to the hospital. Still, what must be must be. </ab>
<ab rend="indent">Now I’m longing for your letter and even more for your arrival — provided I’m not then in the hospital. And for what you’ll say about the new house. And for what you’ll think of <rs type="pers" key="463">Sien</rs> when you see her, and of the new <rs type="pers" key="466">little clever-clogs</rs>. I do hope you’ll feel some sympathy for Sien, because she deserves it. Another thing… Might there be any more Ingres paper of the same thickness as the enclosed sample in your part of the world, ideally with slightly more tone? If so, bring some when you come, together with those of my sketches that you have but don’t want to keep. Of course I hope that you’ll definitely keep Sorrow and the best of them, and the large Sorrow.<anchor n="8" xml:id="note-t-8"/> Adieu, with a handshake.</ab>
<vg:whiteline/>
<ab>Ever yours,</ab>
<ab>Vincent</ab></div>
<div type="notes">
<note n="1" xml:id="n-1" target="#note-t-1">
    <ab>Van Gogh’s new address was Schenkweg 136 (from 1884 number 13), an upstairs flat immediately next to his previous dwelling. The rental business was looked after by <rs type="pers" key="812">M.A. de Zwart</rs>, the son of the owner <rs type="pers" key="813">P.W. de Zwart</rs> (<ref target="let222.xml#n-17">see letters 222, n. 17</ref> and <ref target="let241.xml#n-5">241,  n. 5</ref>).</ab></note>
<note n="2" xml:id="n-2" target="#note-t-2">
<ab>Men from <rs type="pers" key="813">P.W. de Zwart</rs>’s carpenter’s yard. Van Gogh drew this yard, which his house looked out on, more than once. See exhib. cat. The Hague 1990, pp. 21-29.</ab></note>
<note n="3" xml:id="n-3" target="#note-t-3">
<ab><rs type="pers" key="63">A.J. van der Drift</rs>.</ab></note>
    <note n="4" xml:id="n-4" target="#note-t-4">
<ab>The hospital porter was to keep any post that came for Van Gogh; <ref target="let241.xml">see letter 241</ref>.</ab></note>
<note n="a" xml:id="n-a" target="#note-o-a">
<ab>Variant of ‘schaften’.</ab></note>
<note n="5" xml:id="n-5" target="#note-t-5">
<ab>The director of the hospital where Van Gogh was treated was <rs type="pers" key="779">Gerrit Pieter van Tienhoven</rs>. See Haeseker and Koch 1992, p. 82.</ab></note>
<note n="6" xml:id="n-6" target="#note-t-6">
<ab>For this storm, <ref target="let222.xml">see letter 222</ref>.</ab></note>
<note n="7" xml:id="n-7" target="#note-t-7">
<ab>This drawing of fishing boats is unknown. Later in the month Van Gogh sent a letter sketch after a watercolour he had done of this subject (251).</ab></note>
<note n="8" xml:id="n-8" target="#note-t-8">
<ab>The small and the larger version of <hi rend="ital">Sorrow</hi> that Theo had in his possession at this point are not known. See also <ref target="let216.xml#n-3">letter 216, n. 3.</ref></ab></note></div></body></text></TEI>
