<?xml version="1.0" encoding="UTF-8"?>
<!-- Last Changed Date: 2018-07-18 12:32:41 +0200 (Wed, 18 Jul 2018) | SVN Revision: 2206 -->
<!--Licensed under Attribution-NonCommercial-ShareAlike 4.0 International (CC BY-NC-SA 4.0)-->
<?xml-model href="https://xmlschema.huygens.knaw.nl/vgodd.rng" type="application/xml" schematypens="http://relaxng.org/ns/structure/1.0"?>
<TEI xmlns:vg="http://www.vangoghletters.org/ns/" xmlns="http://www.tei-c.org/ns/1.0">
<teiHeader xmlns:xsi="http://www.w3.org/2001/XMLSchema-instance"><fileDesc>
<titleStmt>
<title>To Anthon van Rappard. The Hague, on or about Saturday, 23 September 1882.</title>
<editor>Leo Jansen</editor>
<editor>Hans Luijten</editor>
<editor>Nienke Bakker</editor></titleStmt>
<publicationStmt>
<publisher><name>Huygens Instituut voor Nederlandse Geschiedenis (KNAW)</name><email>info@huygens.knaw.nl</email></publisher>
<publisher>Van Gogh Museum</publisher>
<pubPlace>Amsterdam</pubPlace>
<date type="first" when="2009">2009</date>
<availability status="restricted">
<licence target="http://creativecommons.org/licenses/by-nc-sa/4.0/ https://creativecommons.org/licenses/by-nc-sa/4.0/legalcode">
<p>Attribution-NonCommercial-ShareAlike 4.0 International (CC BY-NC-SA 4.0) </p></licence></availability>
<ptr target="http://vangoghletters.org/orig/let268"/></publicationStmt><sourceDesc><vg:letDesc><vg:letIdentifier>
<idno type="jlb">268</idno>
<idno type="collectedletters">R14</idno>
<idno type="brieven1990">269</idno></vg:letIdentifier><vg:letHeading><author>Vincent van Gogh</author><vg:addressee>Anthon van Rappard</vg:addressee><vg:placeLet>The Hague</vg:placeLet><vg:dateLet>on or about Saturday, 23 September 1882</vg:dateLet></vg:letHeading><vg:physDesc><vg:decoration><vg:decoList xml:id="sketches"><vg:decoItem n="A" xml:id="sketch-1"><vg:decoDesc>
<p>
      <hi rend="ital">Old man with an umbrella seen from the back </hi> (<rs type="sketch" key="68">F - / JH 214</rs>), letter sketch</p></vg:decoDesc></vg:decoItem></vg:decoList></vg:decoration></vg:physDesc><vg:letContents>
<p>To Anthon van Rappard. The Hague, on or about Saturday, 23 September 1882.</p>
<note type="ongoingTopic" n="1">
<p>Van Gogh sends wood engravings to Van Rappard (<ref target="let263.xml">263</ref> and <ref target="let267.xml">267</ref>)</p></note>
<note type="ongoingTopic" n="2">
<p>Zuyderland is a model <ref target="let267.xml">(267)</ref></p></note></vg:letContents>
<note type="sourceStatus" xml:id="sourceStatus">
<p>Original manuscript</p></note>
<note type="location" xml:id="location">
<p>Amsterdam, Van Gogh Museum, inv. no. b8348 V/2006</p></note>
<note type="date" xml:id="date">
<p>Van Gogh has replied immediately to a letter from Van Rappard <ref target="#l-2">(l. 2)</ref>, who was replying to Van Gogh’s letter of on or about Tuesday, 19 September 1882 (<ref target="let267.xml">letter 267</ref>). <ref target="let269.xml">Letter 269</ref> of Monday, 25 September says: ‘I received a letter from Rappard the other day’ (<ref target="let269.xml#l-87">l. 87</ref>); this must have been the one mentioned in the present letter. Because Vincent wrote to Theo that he had begun drawing his new model (<ref target="let266.xml">letter 266</ref> of Monday, 18 September) and reports to Van Rappard that he is ‘busy’ <ref target="#l-80">(l. 80)</ref> with that, this letter must date from a few days after <ref target="let266.xml">letter 266</ref>. Based on this, we date it to on or about Saturday, 23 September 1882.</p></note></vg:letDesc></sourceDesc></fileDesc></teiHeader>
<facsimile xmlns:xsi="http://www.w3.org/2001/XMLSchema-instance">
<surface n="b 8348" xml:id="surf-pb-1r"><graphic mimeType="image/tiff" url="VGM001001594_01.TIF" rend="norend"/><graphic mimeType="image/tiff" url="VGM001001594_01_n.tif" rend="norend"/><graphic mimeType="image/jpeg" url="VGM001001594_01_nt.jpg" height="50px" rend="thumbnail"/><zone xml:id="zone-pb-1r-1">
<graphic mimeType="image/tiff" url="VGM001001594_01_nL.tif" rend="norend"/><graphic mimeType="image/jpeg" url="VGM001001594_01_nLt.jpg" height="50px" rend="thumbnail"/><graphic mimeType="image/png" url="VGM001001594_01_nLf.png" width="380px" rend="facstab"/></zone>
<zone xml:id="zone-pb-1r-2">
<graphic mimeType="image/tiff" url="VGM001001594_01_nR.tif" rend="norend"/><graphic mimeType="image/jpeg" url="VGM001001594_01_nRt.jpg" height="50px" rend="thumbnail"/><graphic mimeType="image/png" url="VGM001001594_01_nRf.png" width="380px" rend="facstab"/></zone>
</surface>
<surface n="b 8348" xml:id="surf-pb-1v"><graphic mimeType="image/tiff" url="VGM001001594_02.TIF" rend="norend"/><graphic mimeType="image/tiff" url="VGM001001594_02_n.tif" rend="norend"/><graphic mimeType="image/jpeg" url="VGM001001594_02_nt.jpg" height="50px" rend="thumbnail"/><zone xml:id="zone-pb-1v-3">
<graphic mimeType="image/tiff" url="VGM001001594_02_nL.tif" rend="norend"/><graphic mimeType="image/jpeg" url="VGM001001594_02_nLt.jpg" height="50px" rend="thumbnail"/><graphic mimeType="image/png" url="VGM001001594_02_nLf.png" width="380px" rend="facstab"/></zone>
<zone xml:id="zone-pb-1v-4">
<graphic mimeType="image/tiff" url="VGM001001594_02_nR.tif" rend="norend"/><graphic mimeType="image/jpeg" url="VGM001001594_02_nRt.jpg" height="50px" rend="thumbnail"/><graphic mimeType="image/png" url="VGM001001594_02_nRf.png" width="380px" rend="facstab"/></zone>
</surface></facsimile><text xmlns:xsi="http://www.w3.org/2001/XMLSchema-instance"><body>
<div type="original">
<pb f="1r" n="1" xml:id="pb-orig-1r-1" facs="#zone-pb-1r-1"/><lb n="1" xml:id="l-1"/>
<ab>Amice Rappard</ab><lb n="2" xml:id="l-2"/>
<ab>Daareven ontvang ik Uw schrijven waarvoor ik U dank. <lb n="3" xml:id="l-3"/>Het verheugt mij op nieuw daarin te zien dat gij toch <lb n="4" xml:id="l-4"/>in de houtsneden pleizier hebt. Verder respecteer ik <lb n="5" xml:id="l-5"/>Uwe zienswijs met betrekking tot hetgeen ik nu &amp; <lb n="6" xml:id="l-6"/>dan gezonden heb &amp; hoop te blijven zenden tenzij ge <lb n="7" xml:id="l-7"/>er op tegen mogt krijgen. Doch ik sta voor <lb n="8" xml:id="l-8"/>een lastige kwestie<c type="kk">/</c> voor mij eigentlijk onbeslisbaar <lb n="9" xml:id="l-9"/>ofschoon ik ze beslissen zal<c type="kk">/</c> n.l. te zeggen wat <lb n="10" xml:id="l-10"/>ze mij gekost hebben. Ik voor mij zooals ge weet <lb n="11" xml:id="l-11"/>heb een bijzondere liefhebberij voor de houtsneden. <lb n="12" xml:id="l-12"/>Meestal koop ik ze zeer goedkoop en toch besteed <lb n="13" xml:id="l-13"/>ik er voor mijn doen nog al wat aan &amp; heb <lb n="14" xml:id="l-14"/>daar nooit spijt van gehad. Of ik er nu meer <lb n="15" xml:id="l-15"/>of minder voor gaf is echter onafhankelijk van hetgeen <lb n="16" xml:id="l-16"/>ik aan U zond – daar ik U dubbelen zond <lb n="17" xml:id="l-17"/>en geen die ik zelf niet reeds had<c type="kk">/</c> zooals ge <lb n="18" xml:id="l-18"/>trouwens dezen zomer gezien hebt toen we <lb n="19" xml:id="l-19"/>zamen de dubbelen hebben uitgezocht.</ab><lb n="20" xml:id="l-20"/>
<ab rend="indent">Wat ik U zond kocht ik niet expres voor U – op <lb n="21" xml:id="l-21"/>een paar uitzonderingen na en voor die <lb n="22" xml:id="l-22"/>paar uitzonderingen gaf ik maar weinig en <lb n="23" xml:id="l-23"/>wenschte maar ik meer zulken kan vinden. <lb n="24" xml:id="l-24"/>Daar ge er echter op staat zoo zal ik er <lb n="25" xml:id="l-25"/>U voor rekenen b.v. een daalder<c type="kk">/</c><anchor n="1" xml:id="note-o-1"/> die ge <lb n="26" xml:id="l-26"/>als ge wilt me bij gelegenheid in postzegels b.v. <lb n="27" xml:id="l-27"/>zenden kunt en dan hoeft ge er geen <lb n="28" xml:id="l-28"/>gewetensbezwaar over te hebben mij in <lb n="29" xml:id="l-29"/>’t finantieele te kort gedaan te hebben. <lb n="30" xml:id="l-30"/>Dus op die manier is deze kwestie dunkt me <lb n="31" xml:id="l-31"/>beslist.–</ab>
<pb f="1r" n="2" xml:id="pb-orig-1r-2" facs="#zone-pb-1r-2"/><lb n="32" xml:id="l-32"/>
<ab rend="indent">Nu heb ik U gevraagd mij eens op te geven of gij <lb n="33" xml:id="l-33"/>tijdschriften als b.v. Illustr. of Graphic <lb n="34" xml:id="l-34"/>geregeld ontvangt – nl. die van ’t loopende <lb n="35" xml:id="l-35"/>jaar.– Dat is omdat ik in besprek ben <lb n="36" xml:id="l-36"/>met iemand die een aantal tijdschriften <lb n="37" xml:id="l-37"/>uit een leesinrigting<anchor n="2" xml:id="note-o-2"/> afkomstig te koop heeft. <lb n="38" xml:id="l-38"/>Ik ben besloten die in alle geval te nemen <lb n="39" xml:id="l-39"/>maar ik heb reeds een &amp; ander van ’t loopende <lb n="40" xml:id="l-40"/>jaar en dus ik zal waarschijnlijk weer <lb n="41" xml:id="l-41"/>dubbelen krijgen. Zijn die b.v. uit Illustration <lb n="42" xml:id="l-42"/>en weet ik gij de illustration reeds hebt dan <lb n="43" xml:id="l-43"/>geef ik de dubbelen bij gelegenheid aan <lb n="44" xml:id="l-44"/>een ander die er pleizier in hebben mogt &amp; ze <lb n="45" xml:id="l-45"/>verzamelt (ofschoon momenteel ik geen mensch er <lb n="46" xml:id="l-46"/>voor weet)<c type="kp">_</c> Maar weet ik gij hebt ze niet <lb n="47" xml:id="l-47"/>dan zijn ze natuurlijkerwijs voor U.</ab><lb n="48" xml:id="l-48"/>
<ab rend="indent">Ik ben juist afgesproken<c type="kk">/</c> reeds vóór ik Uw brief ontving<c type="kk">/</c> dat ik die partij maar <lb n="49" xml:id="l-49"/>nemen zou &amp; hoop ze binnen een dag of 14 <lb n="50" xml:id="l-50"/>te ontvangen, misschien reeds vroeger – dus <lb n="51" xml:id="l-51"/>als ge wilt geef mij dan maar op hoe <lb n="52" xml:id="l-52"/>gij gesteld zijt met tijdschriften over 1882.</ab><lb n="53" xml:id="l-53"/>
<ab rend="indent">Of ik meer of minder dubbelen hebben zal weet ik <lb n="54" xml:id="l-54"/>natuurlijk nog niet doch zoo goed als zeker toch <lb n="55" xml:id="l-55"/>een &amp; ander. <hi rend="ital">Wees dus zoo goed en laat</hi> <lb n="56" xml:id="l-56"/><hi rend="ital">me dit weten</hi>. Is ’t de moeite waard<c type="kk">/</c> <lb n="57" xml:id="l-57"/>ik zal er U ook weer wat voor rekenen <lb n="58" xml:id="l-58"/>of we vinden het wel bij gelegenheid <lb n="59" xml:id="l-59"/>doch doe me pleizier en zeg het als ik <lb n="60" xml:id="l-60"/>er U mee van dienst kan zijn. <lb n="61" xml:id="l-61"/>Ik stel belang in Uwe collectie en wou <lb n="62" xml:id="l-62"/>graag zien dat die heel mooi werd. <lb n="63" xml:id="l-63"/>Later kan ik misschien nog wel importanter <lb n="64" xml:id="l-64"/>dingen zenden.</ab>
<pb f="1v" n="3" xml:id="pb-orig-1v-3" facs="#zone-pb-1v-3"/><lb n="65" xml:id="l-65"/>
<ab rend="indent">Van Renouard heb ik reeds een 40tal grootere &amp; <lb n="66" xml:id="l-66"/>kleenere<anchor n="a" xml:id="note-o-a"/> bladen.<anchor n="3" xml:id="note-o-3"/> Zoo vond ik onlangs van hem la bourse<anchor n="4" xml:id="note-o-4"/> <lb n="67" xml:id="l-67"/>en Un discours de M. Gambetta<anchor n="5" xml:id="note-o-5"/> en nog bladen Enfants <lb n="68" xml:id="l-68"/>assistés.<anchor n="6" xml:id="note-o-6"/> Maar vooral weet ik zeker ge veel pleizier zoudt <lb n="69" xml:id="l-69"/>hebben in een paar groote Lançons<c type="kp">_</c><anchor n="7" xml:id="note-o-7"/></ab><lb n="70" xml:id="l-70"/>
<ab rend="indent"><hi rend="ital">Caton Woodville</hi><anchor n="8" xml:id="note-o-8"/> is ook wel erg knap<c type="kk">/</c> ik begin meer <lb n="71" xml:id="l-71"/>van hem te houden naarmate ik er meer van zie. <lb n="72" xml:id="l-72"/>Kent gij <hi rend="ital">Montbard </hi>– ik meen ge in elk geval <lb n="73" xml:id="l-73"/>landschappen van hem moet hebben – doch <lb n="74" xml:id="l-74"/>nu onlangs kreeg ik schetsen door hem <lb n="75" xml:id="l-75"/>uit <hi rend="ital">Ierland</hi><anchor n="9" xml:id="note-o-9"/> en van <hi rend="ital">Jernsey</hi><anchor n="10" xml:id="note-o-10"/> waarin bijzonder <lb n="76" xml:id="l-76"/>veel sentiment was.</ab><lb n="77" xml:id="l-77"/>
<ab rend="indent">Van harte hoop ik ge pleizier zult hebben van <lb n="78" xml:id="l-78"/>Uw Sch<hi rend="ss">ij</hi> op Arti,<anchor n="11" xml:id="note-o-11"/> ik denk niet ik die tentoon<c type="shy">-</c><lb n="79" xml:id="l-79"/>stelling zien zal<c type="kp">_</c> </ab><lb n="80" xml:id="l-80"/>
<ab rend="indent">Ik ben druk bezig met teekeningen van een <lb n="81" xml:id="l-81"/><hi rend="ital">wees</hi>man<c type="kk">/</c> zooals hier de diakoniemannetjes <lb n="82" xml:id="l-82"/>genoemd worden in de wandeling<c type="kp">_</c> Vindt gij <lb n="83" xml:id="l-83"/>die expressie weesman en weesvrouw niet echt.<anchor n="12" xml:id="note-o-12"/> <lb n="84" xml:id="l-84"/>’t Is niet makkelijk die types die men zoo op <lb n="85" xml:id="l-85"/>straat ziet te maken.</ab><lb n="86" xml:id="l-86"/>
<ab rend="indent">Wat aquarellen aangaat<c type="kk">/</c> ik heb er verscheiden die <lb n="87" xml:id="l-87"/>aangezet zijn<c type="kk">/</c> toch ben ik nog niet naar mijn <lb n="88" xml:id="l-88"/>zin er in geslaagd maar wel heb ik er meer pleizier in <lb n="89" xml:id="l-89"/>als vroeger. Ziehier nog een krabbel <lb n="90" xml:id="l-90"/>van een Weesman<anchor n="13" xml:id="note-o-13"/> – adieu<c type="kk">/</c> <lb n="91" xml:id="l-91"/>ik schrijf in haast – laat me dus <lb n="92" xml:id="l-92"/>maar eens spoedig vernemen hoe <lb n="93" xml:id="l-93"/>’t met die houtsneden staat, of ge ze hebt <lb n="94" xml:id="l-94"/>ja dan neen. Met een handdruk,</ab>
<vg:whiteline/><lb n="95" xml:id="l-95"/>
<ab>t. à t<c type="kp">_</c></ab><lb n="96" xml:id="l-96"/>
<ab>Vincent</ab>
<vg:whiteline/>
<pb f="1v" n="4" xml:id="pb-orig-1v-4" facs="#zone-pb-1v-4"/><figure facs="zone-sketch-1" n="A"/>
<vg:whiteline/></div>
<div type="translation">
<pb f="1r" n="1" xml:id="pb-trans-1r-1" facs="#zone-pb-1r-1"/>
<ab>My dear friend <rs type="pers" key="1306">Rappard</rs>,</ab>
<ab>Your letter has just arrived, for which I thank you. I’m glad to read once more that you take pleasure in the woodcuts. I also respect your views regarding what I’ve sent from time to time, and hope to go on sending unless you have an objection. But I’m faced by a difficult question — one that’s actually impossible for me to decide and yet I will decide it — namely, to say what they cost me. As you know, I have a particular liking for woodcuts. I usually buy them very cheaply, and yet by my standards I spend quite a lot on them and have never regretted that. Whether I paid more or less for them, though, has nothing to do with what I sent to you — since I sent you duplicates and nothing that I didn’t already have myself, as you saw in fact this summer when we sorted out the duplicates together. </ab>
<ab rend="indent">I didn’t buy what I sent you especially for you — apart from a few exceptions, and for those few exceptions I only paid a little and only wish I could find more like them. But since you insist, I will charge you, say one <hi rend="ital">daalder</hi>,<anchor n="1" xml:id="note-t-1"/> which you can send me if you like, for example in stamps at your convenience. Then you needn’t have any misgivings about not dealing fairly with me financially. So in this way I believe this question is settled. 
<pb f="1r" n="2" xml:id="pb-trans-1r-2" facs="#zone-pb-1r-2"/> </ab>
<ab rend="indent">Now I’ve asked you to tell me whether you receive magazines like, for example, L’Illustration or The Graphic regularly, that’s to say this year’s issues. This is because I’m in negotiations with someone who’s selling a number of magazines that come from a subscription library.<anchor n="2" xml:id="note-t-2"/> I’ve decided to take them in any case, but I already have one or two from the current year, so I’ll probably get some duplicates again. If they come from L’Illustration, for example, and if I know you already have L’Illustration, I’ll give the duplicates, when there’s an opportunity, to someone else who might enjoy them and collects them (though at the moment I don’t know of anyone for them). But if I know you don’t have them, then of course they’re yours. </ab>
<ab rend="indent">I had just agreed to take this batch, even before I had received your letter, and hope to have them within a fortnight or so, perhaps even sooner — so let me know, if you would, what your position is as regards magazines in 1882. </ab>
<ab rend="indent">Of course I don’t yet know whether I’ll have a lot of duplicates or not, but there are bound to be some. <hi rend="ital">So be so good as to let me know about this</hi>. I’ll charge you something again if it’s worth the trouble, or we can settle it when the opportunity arises, but oblige me by telling me if I can be of service. I take an interest in your collection, and would like to see it become a very fine one. Later I may be able to send more important things. 
<pb f="1v" n="3" xml:id="pb-trans-1v-3" facs="#zone-pb-1v-3"/> </ab>
<ab rend="indent">I already have about 40 large and small prints by <rs type="pers" key="1292">Renouard</rs>.<anchor n="3" xml:id="note-t-3"/> Recently I found The exchange<anchor n="4" xml:id="note-t-4"/> and A speech by M. Gambetta<anchor n="5" xml:id="note-t-5"/> and prints from the orphanage<anchor n="6" xml:id="note-t-6"/> by him. But above all I’m certain you would take great pleasure in a couple of large <rs type="pers" key="1146">Lançon</rs>s.<anchor n="7" xml:id="note-t-7"/></ab>
<ab rend="indent"><hi rend="ital">Caton Woodville </hi><anchor n="8" xml:id="note-t-8"/> is also very good. The more I see of him, the more I’m beginning to like him. Do you know <hi rend="ital"><rs type="pers" key="1170">Montbard</rs></hi>? I believe you do at least have landscapes by him. But lately I got some sketches by him of <hi rend="ital">Ireland</hi><anchor n="9" xml:id="note-t-9"/> and of <hi rend="ital">Jernsey</hi><anchor n="10" xml:id="note-t-10"/> in which there was a great deal of sentiment. </ab>
<ab rend="indent">I sincerely hope that you’ll take pleasure in your painting at Arti.<anchor n="11" xml:id="note-t-11"/> I don’t think I’ll see the exhibition. </ab>
<ab rend="indent">I’m very busy with drawings of an <hi rend="ital">orphan</hi> man, as the almsmen are usually called here. Don’t you think that the expressions orphan man and orphan woman are just right?<anchor n="12" xml:id="note-t-12"/> It isn’t easy to do the types one comes across on the street. </ab>
<ab rend="indent">As to watercolours, I have several that I’ve started, but they haven’t yet worked out as I wished, but I’m enjoying it more than in the past. Here’s a scratch of an orphan man<anchor n="13" xml:id="note-t-13"/> — adieu, I write in haste — so let me know soon about the woodcuts, whether you have them or not. With a handshake,</ab>
<vg:whiteline/>
<ab>Ever yours,</ab>
<ab>Vincent</ab>
<vg:whiteline/>
<ab>
<pb f="1v" n="4" xml:id="pb-trans-1v-4" facs="#zone-pb-1v-4"/></ab>
<ab><figure facs="zone-sketch-1" n="A"/></ab></div>
<div type="notes">
<note n="1" xml:id="n-1" target="#note-t-1">
<ab>A daalder is 1.50 guilders.</ab></note>
<note n="2" xml:id="n-2" target="#note-t-2">
<ab>For the subscription library, <ref target="let263.xml#n-1">see letter 263, n. 1.</ref></ab></note>
<note n="a" xml:id="n-a" target="#note-o-a">
<ab>Variant of ‘kleinere’.</ab></note>
<note n="3" xml:id="n-3" target="#note-t-3">
<ab>For the prints by Renouard in the estate, <ref target="let235.xml#n-44">see letter 235, n. 44.</ref></ab></note>
<note n="4" xml:id="n-4" target="#note-t-4">
<ab><rs type="pers" key="1292">Paul Renouard</rs>, <hi rend="ital">La bourse et les boursiers</hi> (The exchange and the brokers), in <hi rend="ital">L’Illustration</hi> 79 (18 February 1882), p. 104. <rs type="ill" key="381">Ill. 381</rs>. (t*22).</ab></note>
<note n="5" xml:id="n-5" target="#note-t-5">
<ab><rs type="pers" key="1292">Paul Renouard</rs>, <hi rend="ital">Un discours de M. Gambetta: Gestes et attitudes</hi> (A speech by M. Gambetta: Gestures and attitudes), in <hi rend="ital">L’Illustration</hi> 78 (17 September 1881), p. 188. <rs type="ill" key="385">Ill. 385</rs>. (t*23).</ab></note>
<note n="6" xml:id="n-6" target="#note-t-6">
<ab>The following prints from the series <hi rend="ital">Les enfants assistés</hi> (The orphanage) are in the estate: <hi rend="ital">La crèche</hi> (The crèche), engraved by Charles Baude<hi rend="ital">.</hi> <rs type="ill" key="1956">Ill. 1956</rs> (three copies: t*61, t*644 and t*768); <hi rend="ital">Le change</hi> (The change) engraved by <rs type="pers" key="1512">Charles Baude</rs>. <rs type="ill" key="1957">Ill. 1957</rs> (three copies: t*761, t*765 and t*766), in <hi rend="ital">L’Illustration</hi> 79 (25 March 1882), p. 192 and p. 197; <hi rend="ital">Le repas des sevrés – Scrofuleux – Rachitique – On apprend a marcher</hi> (The meal of the weaned babies – A scrofulous child – A rachitic child – They learn to walk) <rs type="ill" key="1970">Ill. 1970</rs> (t*762); <hi rend="ital">L’heure de la bouillie</hi> (Time for porridge) engraved by <rs type="pers" key="1600">Henry Thiriat</rs>.<hi rend="ital"> </hi><rs type="ill" key="1959">Ill. 1959</rs> (t*763); <hi rend="ital">La première division passe au réfectoire</hi> (The first group goes to the dining room), engraved by Henry Thiriat.<hi rend="ital"> </hi><rs type="ill" key="396">Ill. 396</rs> (t*747) and <hi rend="ital">Le numéro 68,782</hi> (Number 68.782), engraved by Henry Thiriat<hi rend="ital">. </hi><rs type="ill" key="395">Ill. 395</rs> (t*767), all from <hi rend="ital">L’Illustration</hi> 79 (1 April 1882), pp. 209, 213, 212. Van Gogh must also have had <hi rend="ital">Aux enfants trouvés. L’abandon</hi> (In the foundlings’ house. Abandonment) engraved by <rs type="pers" key="1583">Stéphane Pannemaker</rs>, in <hi rend="ital">L’Illustration</hi> 79 (25 March 1882), pp. 194-195, as is evident from <ref target="let321.xml">letter 321</ref>. <rs type="ill" key="1978">Ill. 1978</rs>.</ab></note>
<note n="7" xml:id="n-7" target="#note-t-7">
<ab>For the prints by <rs type="pers" key="1146">Lançon</rs> in the estate, <ref target="let235.xml#n-16">see letter 235, n. 16.</ref></ab></note>
<note n="8" xml:id="n-8" target="#note-t-8">
<ab>In the estate there are seven prints by <rs type="pers" key="1454">Richard Caton Woodville (II)</rs>, all from <hi rend="ital">The Illustrated London News</hi> 76-78 (1880-1881).</ab></note>
<note n="9" xml:id="n-9" target="#note-t-9">
<ab>In the estate there are the following prints by <rs type="pers" key="1170">G. Montbard</rs> on Irish themes: <hi rend="ital">Types et physionomies d’Irlande – Halte de paysans irlandais au retour d’une fête</hi> (Irish types and physiognomies – Irish peasants resting on the way back from a party), engraved by <rs type="pers" key="1581">Henri Pierre Paillard</rs>, in <hi rend="ital">L’Illustration</hi> 62 (16 August 1873), p. 116. <rs type="ill" key="1958">Ill. 1958</rs>; <hi rend="ital">Types et physionomies d’Irlande – Un intérieur irlandais </hi>(Irish types and physiognomies – An Irish interior), in <hi rend="ital">L’Illustration</hi> 62 (13 September 1873), p. 173 <rs type="ill" key="1979">Ill. 1979</rs>; and <hi rend="ital">Moeurs irlandaises – Une expulsion</hi> (Irish customs – An eviction), in <hi rend="ital">L’Illustration</hi> 63 (10 January 1874) <rs type="ill" key="1980">Ill. 1980</rs>, p. 25. (t*827, t*826 and t*478 respectively.)</ab></note>
<note n="10" xml:id="n-10" target="#note-t-10">
      <ab>The Channel Islands are <hi rend="ital">Jersey</hi> and <hi rend="ital">Guernsey</hi>. This must be a case of conflation. <rs type="pers" key="1170">Montbard</rs> did at least one work about Jersey, namely a view of <hi rend="ital">Montorgueil à Jersey</hi>. See Béraldi 1885-1892, p. 111, no. 17.</ab></note>
<note n="11" xml:id="n-11" target="#note-t-11">
<ab><rs type="pers" key="1306">Van Rappard</rs> had submitted a painting of a Drenthe woman at the spinning wheel (present whereabouts unknown) for the exhibition of ‘Levende Meesters’ (Living Masters) at the artists’ society <hi rend="ital">Arti et Amicitiae</hi>, of which he had been a member since 1881; the painting was to be rejected. See exhib. cat. Amsterdam 1974, pp. 12, 76, cat. nos. 75-77; and <ref target="let277.xml">letter 277</ref>.</ab></note>
<note n="12" xml:id="n-12" target="#note-t-12">
<ab>The term ‘orphan man’ was in fact used mainly for the elderly in the Roman Catholic Orphanage and Old People’s Home in Warmoezierstraat, but evidently more widely applied too. For Van Gogh’s model <rs type="pers" key="811">Zuyderland</rs>, <ref target="let267.xml#n-20">see letter 267, n. 20.</ref></ab></note>
<note n="13" xml:id="n-13" target="#note-t-13">
<ab>This letter sketch, <hi rend="ital">Old man with an umbrella seen from the back </hi>(<rs type="sketch" key="68">F - / JH 214</rs>), corresponds to the drawing of the same name (<rs type="ill" key="3026">F 968 / JH 213</rs>). The legend ‘N 199’ refers to the number that residents of the Old Men’s and Women’s Home were required to wear visibly. Van Gogh also sketched this number on the right sleeve – which eventually made it possible to identify the model as <rs type="pers" key="811">Zuyderland</rs>. See cat. Amsterdam 1996, pp. 128-131, cat. no. 31.</ab></note></div></body></text></TEI>
