<?xml version="1.0" encoding="UTF-8"?>
<!-- Last Changed Date: 2018-07-18 12:32:41 +0200 (Wed, 18 Jul 2018) | SVN Revision: 2206 -->
<!--Licensed under Attribution-NonCommercial-ShareAlike 4.0 International (CC BY-NC-SA 4.0)-->
<?xml-model href="https://xmlschema.huygens.knaw.nl/vgodd.rng" type="application/xml" schematypens="http://relaxng.org/ns/structure/1.0"?>
<TEI xmlns:vg="http://www.vangoghletters.org/ns/" xmlns="http://www.tei-c.org/ns/1.0">
<teiHeader xmlns:xsi="http://www.w3.org/2001/XMLSchema-instance"><fileDesc>
<titleStmt>
<title>To Theo van Gogh. The Hague, on or about Friday, 21 April 1882.</title>
<editor>Leo Jansen</editor>
<editor>Hans Luijten</editor>
<editor>Nienke Bakker</editor></titleStmt>
<publicationStmt>
<publisher><name>Huygens Instituut voor Nederlandse Geschiedenis (KNAW)</name><email>info@huygens.knaw.nl</email></publisher>
<publisher>Van Gogh Museum</publisher>
<pubPlace>Amsterdam</pubPlace>
<date type="first" when="2009">2009</date>
<availability status="restricted">
<licence target="http://creativecommons.org/licenses/by-nc-sa/4.0/ https://creativecommons.org/licenses/by-nc-sa/4.0/legalcode">
<p>Attribution-NonCommercial-ShareAlike 4.0 International (CC BY-NC-SA 4.0) </p></licence></availability>
<ptr target="http://vangoghletters.org/orig/let219"/></publicationStmt><sourceDesc><vg:letDesc><vg:letIdentifier>
<idno type="jlb">219</idno>
<idno type="collectedletters">189</idno>
<idno type="brieven1990">218</idno></vg:letIdentifier><vg:letHeading><author>Vincent van Gogh</author><vg:addressee>Theo van Gogh</vg:addressee><vg:placeLet>The Hague</vg:placeLet><vg:dateLet>on or about Friday, 21 April 1882</vg:dateLet></vg:letHeading><vg:letContents>
<p>To Theo van Gogh. The HagueHa, on or about Friday, 21 April 1882.</p>
<note type="ongoingTopic" n="1">
<p>Strained relations with Mauve and Tersteeg (<ref target="let209.xml">209</ref> and <ref target="let208.xml">208</ref>)</p></note>
<note type="ongoingTopic" n="2">
<p>Mauve’s <hi rend="ital">Fishing boat on the beach</hi> for the Salon <ref target="let194.xml">(194)</ref></p></note>
<note type="ongoingTopic" n="3">
<p>Breitner is in hospital <ref target="let214.xml">(214)</ref></p></note></vg:letContents>
<note type="sourceStatus" xml:id="sourceStatus">
<p>Original manuscript</p></note>
<note type="location" xml:id="location">
<p>Amsterdam, Van Gogh Museum, inv. no. b210 V/1962</p></note>
<note type="date" xml:id="date">
<p>
  <ref target="let219.xml">Letter 219</ref> was written after <ref target="let218.xml">218</ref>, because Van Gogh writes in this letter about his last ‘drawings’ <ref target="#l-5">(l. 5)</ref>, note the plural, and he had sent his second drawing with <ref target="let218.xml">letter 218</ref>. Furthermore, this letter precedes <ref target="let220.xml">letter 220</ref>, because Van Gogh refers in that letter <ref target="#l-2">(ll. 2-7)</ref> to what he says in the present letter about his hopes to re-establish contact with Mauve <ref target="#l-92">(ll. 92-100)</ref>.</p>
<p rend="indent">Regarding the date assigned to this letter – on or about Friday, 21 April 1882 – <ref target="let214.xml">see letter 214</ref>, <hi rend="ital">Date</hi>.</p></note></vg:letDesc></sourceDesc></fileDesc></teiHeader>
<facsimile xmlns:xsi="http://www.w3.org/2001/XMLSchema-instance">
<surface n="b 0210" xml:id="surf-pb-1r"><graphic mimeType="image/tiff" url="VGM001000240_01.TIF" rend="norend"/><graphic mimeType="image/tiff" url="VGM001000240_01_n.tif" rend="norend"/><graphic mimeType="image/jpeg" url="VGM001000240_01_nt.jpg" height="50px" rend="thumbnail"/><zone xml:id="zone-pb-1r-1">
<graphic mimeType="image/tiff" url="VGM001000240_01_nR.tif" rend="norend"/><graphic mimeType="image/jpeg" url="VGM001000240_01_nRt.jpg" height="50px" rend="thumbnail"/><graphic mimeType="image/png" url="VGM001000240_01_nRf.png" width="380px" rend="facstab"/></zone>
<zone xml:id="zone-pb-1r-4">
<graphic mimeType="image/tiff" url="VGM001000240_01_nL.tif" rend="norend"/><graphic mimeType="image/jpeg" url="VGM001000240_01_nLt.jpg" height="50px" rend="thumbnail"/><graphic mimeType="image/png" url="VGM001000240_01_nLf.png" width="380px" rend="facstab"/></zone>
</surface>
<surface n="b 0210" xml:id="surf-pb-1v"><graphic mimeType="image/tiff" url="VGM001000240_02.TIF" rend="norend"/><graphic mimeType="image/tiff" url="VGM001000240_02_n.tif" rend="norend"/><graphic mimeType="image/jpeg" url="VGM001000240_02_nt.jpg" height="50px" rend="thumbnail"/><zone xml:id="zone-pb-1v-2">
<graphic mimeType="image/tiff" url="VGM001000240_02_nL.tif" rend="norend"/><graphic mimeType="image/jpeg" url="VGM001000240_02_nLt.jpg" height="50px" rend="thumbnail"/><graphic mimeType="image/png" url="VGM001000240_02_nLf.png" width="380px" rend="facstab"/></zone>
<zone xml:id="zone-pb-1v-3">
<graphic mimeType="image/tiff" url="VGM001000240_02_nR.tif" rend="norend"/><graphic mimeType="image/jpeg" url="VGM001000240_02_nRt.jpg" height="50px" rend="thumbnail"/><graphic mimeType="image/png" url="VGM001000240_02_nRf.png" width="380px" rend="facstab"/></zone>
</surface></facsimile><text xmlns:xsi="http://www.w3.org/2001/XMLSchema-instance"><body>
<div type="original">
<pb f="1r" n="1" xml:id="pb-orig-1r-1" facs="#zone-pb-1r-1"/><lb n="1" xml:id="l-1"/>
<ab>Waarde Theo,</ab><lb n="1*" xml:id="l-1s"/>
<ab>Ik denk wel eens bij me zelven: als het <lb n="2" xml:id="l-2"/>eens wezen mogt dat mijn leven wat makkelijker was<c type="kk">/</c> wat <lb n="3" xml:id="l-3"/>zou ik dan nog veel meer &amp; beter kunnen werken als nu. <lb n="4" xml:id="l-4"/>Ik werk wel en<c type="kk">/</c> zoo als gij dunkt mij gezien hebt aan mijn <lb n="5" xml:id="l-5"/>laatste teekeningen<c type="kk">/</c> ik begin licht te <lb n="6" xml:id="l-6"/>zien om de moeielijkheden te overwinnen – maar ziet <lb n="7" xml:id="l-7"/>ge<c type="kk">/</c> er is haast geen dag of behalve de moeite van het <lb n="8" xml:id="l-8"/>teekenen komt er nog bovendien ’t een of ander dat <lb n="9" xml:id="l-9"/>op zich zelf – als men niets anders had<c type="kk">/</c> reeds moeielijk genoeg <lb n="10" xml:id="l-10"/>te dragen zou zijn. En ziet ge<c type="kk">/</c> er is verdriet dat <lb n="11" xml:id="l-11"/>mij eigentlijk geloof ik niet toekomt – althans ik <lb n="12" xml:id="l-12"/>weet niet waarmee ik dat verdien &amp; dat ik wel uit <lb n="13" xml:id="l-13"/>den weg wilde ruimen. Gij moet mij eens openhartig <lb n="14" xml:id="l-14"/>zeggen, als ge zoo goed wilt zijn<c type="kk">/</c> of gij iets weet van <lb n="15" xml:id="l-15"/>de oorzaak van het onderstaande en mij inlichting kunt geven.</ab><lb n="16" xml:id="l-16"/>
<ab rend="indent">In ’t eind van Januarij<c type="kk">/</c> ik denk een 14 dagen na mijn komst hier<c type="kk">/</c> <lb n="17" xml:id="l-17"/>was Mauve plotseling zeer veranderd van stemming jegens <lb n="18" xml:id="l-18"/>mij – even onvriendelijk als te voren vriendelijk.<anchor n="1" xml:id="note-o-1"/></ab><lb n="19" xml:id="l-19"/>
<ab rend="indent">Ik heb dat toegeschreven aan ontevredenheid over mijn <lb n="20" xml:id="l-20"/>werk en ben er zoo in spanning &amp; onrust over geweest dat <lb n="21" xml:id="l-21"/>ik er gansch van streek en ziek van geworden ben<c type="kk">/</c> zooals <lb n="22" xml:id="l-22"/>ik U toen ook geschreven heb.</ab><lb n="23" xml:id="l-23"/>
<ab rend="indent">Mauve kwam toen bij me en verzekerde mij op nieuw dat <lb n="24" xml:id="l-24"/>alles teregt zou komen &amp; sprak mij moed in.</ab>
<pb f="1v" n="2" xml:id="pb-orig-1v-2" facs="#zone-pb-1v-2"/><lb n="27" xml:id="l-27"/>
<ab rend="indent">Maar ziet<c type="kk">/</c> op zekeren avond kort daarna begint hij mij <lb n="28" xml:id="l-28"/>te spreken weer op eene wijze zoo gansch anders<c type="kk">/</c> <lb n="29" xml:id="l-29"/>dat het mij was als had ik met een heel ander man te <lb n="30" xml:id="l-30"/>doen. Ik dacht, mijn beste vriend<c type="kk">/</c> ’t is net als of men <lb n="31" xml:id="l-31"/>U vergif in ’t oor heeft gegoten<c type="kk">/</c> n.l. kwaadsprekerij doch <lb n="32" xml:id="l-32"/>ik was in ’t duister in mijn gissing van welken <lb n="33" xml:id="l-33"/>kant die giftigen wind geblazen had.</ab><lb n="34" xml:id="l-34"/>
<ab rend="indent">Mauve begon onder anderen mijn spraak en manieren <lb n="35" xml:id="l-35"/>na te doen zeggende “zoo’n gezigt trek je”<c type="kk">/</c> “zoo spreek je”<c type="kk">/</c> <lb n="36" xml:id="l-36"/>op hatelijke wijze maar hij kan dat heel goed en <lb n="37" xml:id="l-37"/>ik moet zeggen<c type="kk">/</c> ’t was als een welgelijkend doch <lb n="38" xml:id="l-38"/>met haat geteekend karrikatuur van me.</ab><lb n="39" xml:id="l-39"/>
<ab rend="indent">Bij die gelegenheid zei hij een paar dingen die anders <lb n="40" xml:id="l-40"/>alleen H.G.T<c type="kp">_</c> gewoon was van me te zeggen.</ab><lb n="41" xml:id="l-41"/>
<ab rend="indent">En ik vroeg hem: Mauve hebt gij Tersteeg in lang<anchor n="a" xml:id="note-o-a"/> gezien<c type="kp">_</c> <lb n="42" xml:id="l-42"/>Neen<c type="kk">/</c> zei Mauve. En we spraken weer door doch hij <lb n="43" xml:id="l-43"/>laat zich een minuut of 10 later ontvallen dat Tersteeg <lb n="44" xml:id="l-44"/>toch juist dien dag bij hem geweest was. Toen bleef de <lb n="45" xml:id="l-45"/>gedachte aan Tersteeg onwillekeurig bij me hangen en dacht ik<c type="kk">/</c> <lb n="46" xml:id="l-46"/>is ’t mogelijk, mijn waarde H<c type="kp">_</c>G.T<c type="kp">_</c>, dat UEd<c type="kp">_</c> daar achter zit. <lb n="47" xml:id="l-47"/>En ik schreef H.G.T<c type="kp">_</c> een briefje maar <hi rend="ital">niet onbeleefd</hi>.</ab><lb n="48" xml:id="l-48"/>
<ab>met opzet niet onbeleefd<c type="kk">/</c> alleen ik zei hem<c type="kk">/</c> Mijnheer het <lb n="49" xml:id="l-49"/>doet mij zoo leed als dit of dat van me gezegd wordt<c type="kk">/</c> b.v. <lb n="50" xml:id="l-50"/>ge verdient uw brood niet of renteniert<c type="kk">/</c> U begrijpt dat zulke dingen wat te <lb n="51" xml:id="l-51"/>kras zijn dan dat ik ze over mijn kant kan laten gaan en <lb n="52" xml:id="l-52"/>het maakt mij het hart week.<anchor n="2" xml:id="note-o-2"/> In de laatste jaren heb ik <lb n="53" xml:id="l-53"/>moeite genoeg gehad door al zulke dingen en mij dunkt dat <lb n="54" xml:id="l-54"/>daar nu een eind aan komen moest.</ab><lb n="55" xml:id="l-55"/>
<ab rend="indent">Dat was het bewuste briefje waarover H.G.T. U sprak <lb n="56" xml:id="l-56"/>bij gelegenheid van zijn <hi rend="ital">eerste</hi> bezoek te Parijs<c type="kp">_</c><anchor n="3" xml:id="note-o-3"/></ab><lb n="57" xml:id="l-57"/>
<ab rend="indent">Toen hij terug kwam uit Parijs zocht ik hem op en zei <lb n="58" xml:id="l-58"/>dat als ik dingen gezegd had die niet op ZEd<c type="kp">_</c> toepasselijk waren <lb n="59" xml:id="l-59"/>ik hoopte dat hij mij zulks niet kwalijk nemen zou omdat <lb n="60" xml:id="l-60"/>ik in ’t duister was omtrent de oorzaak van mijn moeielijkheid. <lb n="61" xml:id="l-61"/>Enfin toen was hij weer heel vriendelijk tegen me – <lb n="62" xml:id="l-62"/>doch ofschoon ik toen nog bij Mauve aan huis kwam <lb n="63" xml:id="l-63"/>bleef Mauve ongedurig en tamelijk onvriendelijk. 
<pb f="1v" n="3" xml:id="pb-orig-1v-3" facs="#zone-pb-1v-3"/></ab><lb n="66" xml:id="l-66"/>
<ab rend="indent">En ik kreeg een paar keer niet t’huis &amp; enfin er waren <lb n="67" xml:id="l-67"/>alle kenteekenen van eene gedecideerde verkoeling. <lb n="68" xml:id="l-68"/>Ik begon al minder en minder te komen en Mauve in ’t <lb n="69" xml:id="l-69"/>geheel niet meer bij mij ofschoon ’t toch niet ver af is.</ab><lb n="70" xml:id="l-70"/>
<ab rend="indent">Mauve werd ook in zijn praten even <lb n="71" xml:id="l-71"/>kleingeestig<c type="kk">/</c> als ik ’t zoo zeggen mag<c type="kk">/</c> als vroeger breed. <lb n="72" xml:id="l-72"/>ik moest pleister teekenen<c type="kk">/</c> dat vooral.– Ik heb <lb n="73" xml:id="l-73"/>vreesselijk het land aan pleister teekenen – toch had ik<c type="kk">/</c> <lb n="74" xml:id="l-74"/>doch niet om ze na te teekenen<c type="kk">/</c> een paar handen &amp; voeten <lb n="75" xml:id="l-75"/>op ’t atelier hangen<c type="kp">_</c>– Eens sprak hij me zóó over ’t pleisterteekenen <lb n="76" xml:id="l-76"/>als de ergste leeraar aan de akademie niet eens zou gedaan hebben <lb n="77" xml:id="l-77"/>en ik hield mij in doch werd ’thuis er zoo boos over dat <lb n="78" xml:id="l-78"/>ik die arme pleistermoulures in den kolenbak gooide en kapot. <lb n="79" xml:id="l-79"/>En dacht ik: ik zal pleister teekenen als jelui weer <lb n="80" xml:id="l-80"/>heel en wit wordt en er geen handen en voeten van <lb n="81" xml:id="l-81"/>levende menschen meer te teekenen zijn.</ab><lb n="82" xml:id="l-82"/>
<ab rend="indent">Ik zei toen tegen Mauve, kerel spreek me niet meer over pleister <lb n="83" xml:id="l-83"/>want het is me onuitstaanbaar. Daarop een briefje <lb n="84" xml:id="l-84"/>van Mauve dat in twee maanden hij zich niet met me <lb n="85" xml:id="l-85"/>zou bemoeien. Die twee maanden heeft hij <lb n="86" xml:id="l-86"/>zich dan ook niet met me bemoeid doch ik heb niet stilgezeten <lb n="87" xml:id="l-87"/>intusschen<lb n="87a" xml:id="l-87a"/> ofschoon ik waarachtig geen pleister geteekend heb <lb n="87"/>en ik moet zeggen<c type="kk">/</c> werkte met meer animo en <lb n="88" xml:id="l-88"/>lust toen ik vrij was. Toen nu de twee maanden <lb n="89" xml:id="l-89"/>zoowat om waren heb ik hem eens geschreven om hem <lb n="90" xml:id="l-90"/>te feliciteeren met zijn groote sch<hi rend="ss">ij</hi> dat af was en sprak <lb n="91" xml:id="l-91"/>hem eens heel even op straat.</ab><lb n="92" xml:id="l-92"/>
<ab rend="indent">Nu zijn de twee maanden al lang om en hij is <lb n="93" xml:id="l-93"/>nog niet bij me geweest. En er gebeurden sedert dingen <lb n="94" xml:id="l-94"/>met H.G.T<c type="kp">_</c> die mij er toe drongen om te zeggen tot M.<c type="kk">/</c> <lb n="95" xml:id="l-95"/>laat ons elkaar de hand geven en geen wrok of <lb n="96" xml:id="l-96"/>bitterheid jegens elkander er op na houden doch ’t is U te <lb n="97" xml:id="l-97"/>moeielijk mij te leiden en mij te moeielijk door U geleid <lb n="98" xml:id="l-98"/>te worden als gij “stipte opvolging” verlangt van al wat ge zegt <lb n="99" xml:id="l-99"/>en ik die niet kan geven. Dus aan het leiden en geleid <lb n="100" xml:id="l-100"/>worden is een eind. Dat neemt mijn gevoel van <lb n="101" xml:id="l-101"/>verpligting &amp; dankbaarheid jegens U niet weg.–</ab><lb n="102" xml:id="l-102"/>
<ab rend="indent">Mauve heeft mij hierop niet geantwoord en ik heb <lb n="103" xml:id="l-103"/>hem niet gezien.–</ab>
<pb f="1r" n="4" xml:id="pb-orig-1r-4" facs="#zone-pb-1r-4"/><lb n="105" xml:id="l-105"/>
<ab rend="indent">’t Geen me drong om tot M. te zeggen<c type="kk">/</c> we moeten elk zijns <lb n="106" xml:id="l-106"/>weegs gaan<c type="kk">/</c> is dat ik de zekerheid kreeg dat Tersteeg <lb n="107" xml:id="l-107"/>wel degelijk M. influenceerde.</ab><lb n="108" xml:id="l-108"/>
<ab rend="indent">Dat merkte ik door H.G.T<c type="kp">_</c> zelf toen hij <lb n="109" xml:id="l-109"/>mij te kennen gaf dat hij zorgen zou dat hij <lb n="110" xml:id="l-110"/>het geld dat gij mij zendt zou coupeeren “Mauve en ik <lb n="111" xml:id="l-111"/>zullen er ons mee bemoeien dat daar een eind aan <lb n="112" xml:id="l-112"/>komt”. Ik heb toen H.G.T<c type="kp">_</c> een minder vriendelijk <lb n="113" xml:id="l-113"/>briefje geschreven als het eerste – en hem vooral <lb n="114" xml:id="l-114"/>bedankt voor zijn hulp om mij te “leiden”<c type="kp">_</c></ab><lb n="115" xml:id="l-115"/>
<ab rend="indent">Ik heb hem toen maar eens mijn gevoelen gezegd Theo<c type="kk">/</c> want <lb n="116" xml:id="l-116"/>ziet ge<c type="kk">/</c> ik herinnerde mij dat Mauve dien eersten avond <lb n="117" xml:id="l-117"/>toen ik een expressie van H.G.T<c type="kp">_</c> herkende er niet voor uit <lb n="118" xml:id="l-118"/>wilde komen dat hij hem gezien had. En toen dacht <lb n="119" xml:id="l-119"/>ik: Zoo Tersteeg<c type="kk">/</c> zijn dat Uwe “vormen”<c type="kk">/</c> dat gij eerst <lb n="120" xml:id="l-120"/>Mauve ’t een of ander giftigs in ’t oor blaast en daarna <lb n="121" xml:id="l-121"/>beproefd mij het eenige geld dat ik nog <lb n="122" xml:id="l-122"/>ontvang te ontnemen. Ik wist niet dat zulke <lb n="123" xml:id="l-123"/>dingen “goede vormen” heetten<c type="kk">/</c> ik dacht <lb n="124" xml:id="l-124"/>dat was VERRAAD. Theo ik ben een <lb n="125" xml:id="l-125"/>man met fouten en miseres en hartstogten doch <lb n="126" xml:id="l-126"/>ik geloof niet dat ik ooit getracht heb iemand <lb n="127" xml:id="l-127"/>broodeloos te maken of zijn vrienden te onderkruipen<c type="kp">_</c> <lb n="128" xml:id="l-128"/>Ik heb wel eens gevochten met iemand in woorden <lb n="129" xml:id="l-129"/>maar ziet gij<c type="kk">/</c> om verschil van inzigten elkaar <lb n="130" xml:id="l-130"/>in ’t leven zelf te grijpen<c type="kk">/</c> dat doet mijns inziens <lb n="131" xml:id="l-131"/>geen eerlijk man<c type="kk">/</c> althans ’t zijn geen eerlijke wapenen<c type="kp">_</c>– Begrijpt gij nu dat ik <lb n="132" xml:id="l-132"/>wel eens bedroefd ben over veel dingen<c type="kk">/</c> bedroefd in <lb n="133" xml:id="l-133"/>merg en been. En dat toch ik niet zal toegaan naar <lb n="134" xml:id="l-134"/>Mauve of Tersteeg gelijk zulks me in ’t oor werd gefluisterd <lb n="135" xml:id="l-135"/>om excuus te vragen. Want wat Mauve betreft<c type="kk">/</c> waarom <lb n="136" xml:id="l-136"/>heeft hij niet zooals in ’t begin toen Tersteeg er om lachte <lb n="137" xml:id="l-137"/>dat ik schilder zou worden gezegd: houd U daarbuiten want <lb n="138" xml:id="l-138"/>ge hebt in die dingen niet zooveel inzigt als ik. Dat deed <lb n="139" xml:id="l-139"/>hij eerst<c type="kk">/</c> zooals ik van Weissenbruch hoorde. En ziet ge Theo<c type="kk">/</c> daarom <lb n="140" xml:id="l-140"/>grieft het me van Mauve want ofschoon ik niet weer op nieuw <lb n="141" xml:id="l-141"/>“leiding” zou willen hebben op zoo’n manier<c type="kk">/</c> zou ik hem toch graag weer <lb n="142" xml:id="l-142"/>eens de hand geven en wenschte hij ’t mij wilde doen.</ab><lb n="143" xml:id="l-143"/>
<ab rend="indent">Weet gij in dezen soms iets dat ik niet weet<c type="kp">_</c> Kunt gij misschien <lb n="144" xml:id="l-144"/>mij inlichting geven omtrent deze zaak. à Dieu<c type="kp">_</c></ab>
<vg:whiteline/><lb n="144"/>
<ab>t. à t.</ab><lb n="145" xml:id="l-145"/>
<ab>Vincent</ab>
<vg:whiteline/><lb n="146" xml:id="l-146"/>
<ab>Vergeef me ik er U mee lastig val doch ge ziet<c type="kk">/</c> ik zit zoo in ’t donker.</ab>
<vg:whiteline/><lb n="64»" xml:id="l-64"/>
<ab><hi rend="ital">bij verschil van inzigten in artistieke zaken is het mijns inziens geen eerlijk wapen iemand broodeloos te maken of</hi> <lb n="65" xml:id="l-65"/><hi rend="ital">demarches te doen om vrienden afkeerig te maken wegens dingen die ’t privé leven betreffen</hi>.</ab>
<vg:whiteline/><lb n="147»" xml:id="l-147"/>
<ab>Ik heb wel eens een standje willen maken met iemand die van mij dikwijls brood kreeg. Neen dacht ik, van hem zal ik ’t verdragen <lb n="148" xml:id="l-148"/>want anders heeft hij niet te eten. Ziet gij<c type="kk">/</c> maar menschen met zekere vormen begrijpen zulks anders.</ab>
<vg:whiteline/><lb n="25»" xml:id="l-25"/>
<ab>Ik heb weer een teekening van zoo’n vrouwenfiguur als Sorrow maar grooter<anchor n="4" xml:id="note-o-4"/> en ik geloof beter dan ’t eerste. <lb n="26" xml:id="l-26"/>en ik ben bezig aan een teekening van een straat waar ’t riool of de waterleiding opgebroken wordt, spitters in een kuil dus.<anchor n="5" xml:id="note-o-5"/></ab>
<vg:whiteline/><lb n="104»" xml:id="l-104"/>
<ab>Breitner is nog in ’t gasthuis &amp; zal er misschien nog wel een maand moeten blijven.</ab>
<vg:whiteline/>
<div type="textualNotes">
<note target="l-35" n="35">trek je”<c type="kk">/</c> &lt; trek je</note>
<note target="l-35" n="35">spreek je”<c type="kk">/</c> &lt; spreek je</note>
<note target="l-108" n="108">mij &lt; me mij</note>
<note target="l-112" n="112">komt”. &lt; komt.</note>
<note target="l-64" targetEnd="l-65" n="64-65"><hi rend="ital">In the left margin on p. 2, (</hi>Maar ziet <supplied>...</supplied> onvriendelijk<hi rend="ital">)</hi>.</note>
<note target="l-147" targetEnd="l-148" n="147-148"><hi rend="ital">In the left margin on p. 4, (</hi>'T Geen me <supplied>...</supplied> Vincent<hi rend="ital">)</hi>.</note>
<note target="l-25" targetEnd="l-26" n="25-26"><hi rend="ital">In the left margin on p. 1, (</hi>Waarde <supplied>...</supplied> moed in<hi rend="ital">).</hi></note>
<note target="l-104" n="104"><hi rend="ital">In the left margin on p. 3, (</hi>En ik kreeg <supplied>...</supplied> niet gezien<hi rend="ital">).</hi></note></div></div>
<div type="translation">
<pb f="1r" n="1" xml:id="pb-trans-1r-1" facs="#zone-pb-1r-1"/>
<ab>My dear Theo,</ab>
<ab>I sometimes think to myself: if only my life were a bit easier, how much more and better I’d be able to work than now. I do work and, as I think you’ve seen from my last drawings, I’m beginning to understand how to overcome the difficulties – but you see, almost no day goes by without something else cropping up besides the effort of drawing, which would be difficult enough even if one had nothing else to endure. And, you see, there’s sorrow which I believe is really not my due – at least I don’t know what I’ve done to deserve it – and which I’d very much like to dispel. Be so good as to tell me frankly whether you know anything about the cause of the following and can enlighten me.</ab>
<ab rend="indent">At the end of January – about a fortnight after my arrival here, I think – <rs type="pers" key="323">Mauve</rs>’s attitude towards me suddenly changed very much – as unfriendly as he had been friendly.<anchor n="1" xml:id="note-t-1"/></ab>
<ab rend="indent">I attributed it to dissatisfaction with my work, and was so anxious and agitated about it that I became extremely upset and fell ill, as I wrote to you at the time.</ab>
<ab rend="indent"><rs type="pers" key="323">Mauve</rs> then came to see me and reassured me that everything would be all right and put courage into me.
<pb f="1v" n="2" xml:id="pb-trans-1v-2" facs="#zone-pb-1v-2"/></ab>
  <ab rend="indent">But one evening shortly afterwards he started talking to me again in such a totally different way that it seemed to me that I was confronted with a completely different man. I thought, my dear friend, it’s just as if someone has poured poison in your ear – slander, in fact – but I was in the dark as to where the venomous wind was coming from.</ab>
<ab rend="indent"><rs type="pers" key="323">Mauve</rs> began to do things like imitate my speech and my mannerisms, saying ‘that’s the face you pull’, ‘this is how you talk’, in a hateful way, but he’s very good at it, and I must admit it was a striking yet hatefully drawn caricature of me.</ab>
<ab rend="indent">On that occasion he said a couple of things which otherwise only <rs type="pers" key="787">H.G.T.</rs> used to say about me.</ab>
<ab rend="indent">And I asked him: <rs type="pers" key="323">Mauve</rs>, have you seen <rs type="pers" key="787">Tersteeg</rs> recently? No, said Mauve. And we went on talking, but around 10 minutes later he let slip that Tersteeg had in fact been to see him that very day. After that I couldn’t get the thought of Tersteeg out of my mind, and I thought, is it possible, my dear H.G.T., that Your Hon. is behind this? And I wrote a short but <hi rend="ital">not impolite</hi> letter to H.G.T. Deliberately not impolite, though I said to him: Sir, it grieves me so if this or that is said of me, for example, you don’t earn your bread or you idle, you must realize that things like that are too crass for me to let them pass, and it makes my heart weak.<anchor n="2" xml:id="note-t-2"/> These last few years I’ve had trouble enough because of that kind of thing, and it seems to me that now they should come to an end.</ab>
<ab rend="indent"> That was the letter which <rs type="pers" key="787">H.G.T.</rs> spoke to you about on his <hi rend="ital">first</hi> visit to Paris.<anchor n="3" xml:id="note-t-3"/></ab>
<ab rend="indent">When he returned from Paris, I went to see him and said that I hoped he’d forgive me if I’d said things about His Hon. that weren’t applicable, because I was in the dark as to the cause of my predicament. At any rate, he was again very friendly to me – but although I still went to see <rs type="pers" key="323">Mauve</rs>, Mauve remained uneasy and rather unfriendly.
<pb f="1v" n="3" xml:id="pb-trans-1v-3" facs="#zone-pb-1v-3"/></ab>
<ab rend="indent">And a couple of times I was told he wasn’t at home, and anyway there was every sign of a decided coolness. I began going there less and less, and <rs type="pers" key="323">Mauve</rs> never came to see me any more, even though it’s not far away.</ab>
<ab rend="indent">The way <rs type="pers" key="323">Mauve</rs> talked also became just as narrow-minded, if I may put it like that, as previously broad-minded. First and foremost, I had to draw from plaster casts. I utterly detest drawing from plaster casts – yet I had a couple of hands and feet hanging in the studio, though not for drawing. Once he spoke to me about drawing from plaster casts in a tone that even the worst teacher at the academy wouldn’t have used, and I held my peace, but at home I got so angry about it that I threw the poor plaster mouldings into the coal-scuttle, broken. And I thought: I’ll draw from plaster casts when you lot become whole and white again and there are no longer any hands and feet of living people to draw.</ab>
<ab rend="indent">I then said to <rs type="pers" key="323">Mauve</rs>, old chap, don’t speak to me of plaster casts any more, because I can’t stand it. In reply to this, a note from Mauve saying he’d have nothing to do with me for two months. He did indeed have nothing to do with me for those two months, but in that time I wasn’t sitting still, though I can assure you I wasn’t drawing from plaster casts and, I must say, worked with more spirit and passion once I was free. When the two months were more or less up, I wrote to him to congratulate him on his large painting that was finished, and spoke to him once very briefly in the street.</ab>
<ab rend="indent">Now the two months are long over, but he hasn’t been to see me yet. And things have happened since with <rs type="pers" key="787">H.G.T.</rs> which have prompted me to say to <rs type="pers" key="323">M.,</rs> let’s shake hands and not bear a grudge or any bitterness towards one another, but it’s too difficult for you to guide me and too difficult for me to be guided by you if you demand ‘strict obedience’ in everything you say and I’m unable to comply. So there’s an end to guiding and being guided. That does nothing to diminish my feeling of obligation and gratitude towards you.</ab>
<ab rend="indent"><rs type="pers" key="323">Mauve</rs> didn’t reply to this, and I haven’t seen him.
<pb f="1r" n="4" xml:id="pb-trans-1r-4" facs="#zone-pb-1r-4"/></ab>
<ab rend="indent">What drove me to say to <rs type="pers" key="323">M.</rs>, we must go our separate ways, was that I had proof that Tersteeg had in fact influenced M.</ab>
<ab rend="indent">I gleaned it from <rs type="pers" key="787">H.G.T.</rs> himself, when he told me that he would see to it that the money you sent me was cut: ‘<rs type="pers" key="323">Mauve</rs> and I will make sure that a stop is put to it’. I then wrote H.G.T. a less friendly letter than the first one – making sure to thank him for his help in ‘guiding’ me.</ab>
<ab rend="indent">I then simply told him how I felt, Theo, because you see, I remembered that on that first evening when I recognized one of <rs type="pers" key="787">H.G.T.</rs>’s expressions, <rs type="pers" key="323">Mauve</rs> wouldn’t admit to having seen him. And I thought: So, Tersteeg, are these your ‘manners’, first of all whispering something venomous in Mauve’s ear and then trying to take from me the only income I have? I didn’t know that such things are called ‘good manners’, I thought it was BETRAYAL. Theo, I’m a man with faults and miseries and emotions, but I don’t think I’ve ever tried to rob anyone of his means of subsistence or to undermine his friends. Sometimes I’ve battled with someone verbally but, you see, in my opinion no honest man interferes in someone else’s life because of a difference of opinion, at any rate those aren’t honest weapons. Do you understand now why I’m sometimes sad about many things, sad to the depths of my soul? And that I really won’t go to Mauve or Tersteeg, not even if it’s suggested that I beg their pardon. Because as far as Mauve is concerned, why didn’t he say, as he did in the beginning when Tersteeg laughed about my becoming a painter: stay out of it, because you don’t know as much about these things as I do. At first he did that, as I heard from <rs type="pers" key="1443">Weissenbruch</rs>. And you see, Theo, that’s why it hurts me about Mauve, because even though I wouldn’t want to have any more of such ‘guidance’, I would in fact like to shake his hand again, and wish he wanted to do the same.</ab>
<ab rend="indent">Do you perhaps know something about this that I don’t? Could you perhaps enlighten me on this subject? Adieu.</ab>
<vg:whiteline/>
<ab>Ever yours,</ab>
<ab>Vincent</ab>
<vg:whiteline/>
<ab>Forgive me for bothering you with this, but you see, I’m so much in the dark.</ab>
<vg:whiteline/>
<ab><hi rend="ital">In a case of differing views on artistic matters it is, in my opinion, not fair to rob someone of his means of subsistence or attempt to turn his friends against him for reasons relating to his private life.</hi></ab>
<vg:whiteline/>
<ab>I once wanted to reprimand someone who often received bread from me. No, I thought, I’ll endure it from him, because otherwise he’ll have nothing to eat. You understand, but people with certain manners see things like that differently.</ab>
<vg:whiteline/>
<ab>I have another drawing of a female figure like Sorrow only larger<anchor n="4" xml:id="note-t-4"/> and, I believe, better than the first. And I’m working on a drawing of a street in which the sewerage or the water pipes are being dug up, i.e. diggers in a hole.<anchor n="5" xml:id="note-t-5"/></ab>
<vg:whiteline/>
<ab><rs type="pers" key="903">Breitner</rs> is still in hospital and will have to stay there another month perhaps.</ab></div>
<div type="notes">
<note n="1" xml:id="n-1" target="#note-t-1">
<ab>For this change in <rs type="pers" key="323">Mauve</rs>’s attitude, <ref target="let209.xml">see letter 209</ref>. The first signs of tension were mentioned as early as <ref target="let202.xml">letters 202</ref>-<ref target="let203.xml">203</ref>; Van Gogh wrote at the time that it actually made him ill.</ab></note>
<note n="a" xml:id="n-a" target="#note-o-a">
<ab>Meaning: ‘onlangs’ (‘recently’).</ab></note>
<note n="2" xml:id="n-2" target="#note-t-2">
  <ab>Cf. the line from the poem ‘<rs type="lit" key="146">My lost youth</rs>’ by <rs type="pers" key="696">Henry Wadsworth Longfellow</rs> (‘There are thoughts that make the strong heart weak’), quoted in <ref target="let126.xml">letter 126</ref>.</ab></note>
<note n="3" xml:id="n-3" target="#note-t-3">
<ab>Regarding <rs type="pers" key="787">Tersteeg</rs>’s visit to Paris, <ref target="let204.xml">see letter 204</ref>.</ab></note>
<note n="4" xml:id="n-4" target="#note-t-4">
<ab>This drawing of a female figure is not known; it appears from <ref target="let222.xml">letter 222</ref> to be like <hi rend="ital">Sorrow</hi> (see <ref target="let216.xml#n-1">letter 216, n. 1</ref>).</ab></note>
<note n="5" xml:id="n-5" target="#note-t-5">
<ab>
      <hi rend="ital">Torn-up Noordstraat with diggers</hi> (<rs type="ill" key="2366">F 930 a / JH 131</rs>), drawn from the house at no. 16 where <rs type="pers" key="463">Sien</rs> and her <rs type="pers" key="464">mother</rs> lived. See exhib. cat. The Hague 1990, pp. 48-49.</ab></note></div></body></text></TEI>
