<?xml version="1.0" encoding="UTF-8"?>
<!-- Last Changed Date: 2018-07-18 12:32:41 +0200 (Wed, 18 Jul 2018) | SVN Revision: 2206 -->
<!--Licensed under Attribution-NonCommercial-ShareAlike 4.0 International (CC BY-NC-SA 4.0)-->
<?xml-model href="https://xmlschema.huygens.knaw.nl/vgodd.rng" type="application/xml" schematypens="http://relaxng.org/ns/structure/1.0"?>
<TEI xmlns:vg="http://www.vangoghletters.org/ns/" xmlns="http://www.tei-c.org/ns/1.0">
<teiHeader xmlns:xsi="http://www.w3.org/2001/XMLSchema-instance"><fileDesc>
<titleStmt>
<title>To Anthon van Rappard. The Hague, Wednesday, 1 November 1882.</title>
<editor>Leo Jansen</editor>
<editor>Hans Luijten</editor>
<editor>Nienke Bakker</editor></titleStmt>
<publicationStmt>
<publisher><name>Huygens Instituut voor Nederlandse Geschiedenis (KNAW)</name><email>info@huygens.knaw.nl</email></publisher>
<publisher>Van Gogh Museum</publisher>
<pubPlace>Amsterdam</pubPlace>
<date type="first" when="2009">2009</date>
<availability status="restricted">
<licence target="http://creativecommons.org/licenses/by-nc-sa/4.0/ https://creativecommons.org/licenses/by-nc-sa/4.0/legalcode">
<p>Attribution-NonCommercial-ShareAlike 4.0 International (CC BY-NC-SA 4.0) </p></licence></availability>
<ptr target="http://vangoghletters.org/orig/let279"/></publicationStmt><sourceDesc><vg:letDesc><vg:letIdentifier>
<idno type="jlb">279</idno>
<idno type="collectedletters">R17</idno>
<idno type="brieven1990">280</idno></vg:letIdentifier><vg:letHeading><author>Vincent van Gogh</author><vg:addressee>Anthon van Rappard</vg:addressee><vg:placeLet>The Hague</vg:placeLet><vg:dateLet>Wednesday, 1 November 1882</vg:dateLet></vg:letHeading><vg:letContents>
<p>To Anthon van Rappard. The Hague, Wednesday, 1 November 1882.</p>
<note type="ongoingTopic" n="1">
<p>Van Rappard sends extracts from an article by Herkomer <ref target="let278.xml">(278)</ref></p></note></vg:letContents>
<note type="sourceStatus" xml:id="sourceStatus">
<p>Original manuscript</p></note>
<note type="location" xml:id="location">
<p>Amsterdam, Van Gogh Museum, inv. no. b8351 V/2006</p></note>
<note type="date" xml:id="date">
<p>Letter headed: ‘1 Nov.’ This is the same day that <ref target="let278.xml">letter 278</ref> was written: Wednesday, 1 November 1882.</p></note></vg:letDesc></sourceDesc></fileDesc></teiHeader>
<facsimile xmlns:xsi="http://www.w3.org/2001/XMLSchema-instance">
<surface n="b 8351" xml:id="surf-pb-1r"><graphic mimeType="image/tiff" url="VGM001001597_01.TIF" rend="norend"/><graphic mimeType="image/tiff" url="VGM001001597_01_n.tif" rend="norend"/><graphic mimeType="image/jpeg" url="VGM001001597_01_nt.jpg" height="50px" rend="thumbnail"/><zone xml:id="zone-pb-1r-1">
<graphic mimeType="image/tiff" url="VGM001001597_01_nR.tif" rend="norend"/><graphic mimeType="image/jpeg" url="VGM001001597_01_nRt.jpg" height="50px" rend="thumbnail"/><graphic mimeType="image/png" url="VGM001001597_01_nRf.png" width="380px" rend="facstab"/></zone>
<zone xml:id="zone-pb-1r-4">
<graphic mimeType="image/tiff" url="VGM001001597_01_nL.tif" rend="norend"/><graphic mimeType="image/jpeg" url="VGM001001597_01_nLt.jpg" height="50px" rend="thumbnail"/><graphic mimeType="image/png" url="VGM001001597_01_nLf.png" width="380px" rend="facstab"/></zone>
</surface>
<surface n="b 8351" xml:id="surf-pb-1v"><graphic mimeType="image/tiff" url="VGM001001597_02.TIF" rend="norend"/><graphic mimeType="image/tiff" url="VGM001001597_02_n.tif" rend="norend"/><graphic mimeType="image/jpeg" url="VGM001001597_02_nt.jpg" height="50px" rend="thumbnail"/><zone xml:id="zone-pb-1v-2">
<graphic mimeType="image/tiff" url="VGM001001597_02_nL.tif" rend="norend"/><graphic mimeType="image/jpeg" url="VGM001001597_02_nLt.jpg" height="50px" rend="thumbnail"/><graphic mimeType="image/png" url="VGM001001597_02_nLf.png" width="380px" rend="facstab"/></zone>
<zone xml:id="zone-pb-1v-3">
<graphic mimeType="image/tiff" url="VGM001001597_02_nR.tif" rend="norend"/><graphic mimeType="image/jpeg" url="VGM001001597_02_nRt.jpg" height="50px" rend="thumbnail"/><graphic mimeType="image/png" url="VGM001001597_02_nRf.png" width="380px" rend="facstab"/></zone>
</surface></facsimile><text xmlns:xsi="http://www.w3.org/2001/XMLSchema-instance"><body>
<div type="original">
<pb f="1r" n="1" xml:id="pb-orig-1r-1" facs="#zone-pb-1r-1"/><lb n="1" xml:id="l-1"/>
<ab>1 Nov.</ab>
<vg:whiteline/><lb n="2" xml:id="l-2"/>
<ab>Amice Rappard,</ab><lb n="2*" xml:id="l-2s"/>
<ab>ten zeerste interesseert mij het artikel van Herkomer<c type="kk">/</c> <lb n="3" xml:id="l-3"/>waarvoor mijn hartelijken dank. Sedert de ontvangst er van ben <lb n="4" xml:id="l-4"/>ik er zeer mede vervuld &amp; hoop wel dat ik voor mij zelf nut <lb n="5" xml:id="l-5"/>zal trekken uit wat hij zegt.</ab><lb n="6" xml:id="l-6"/>
<ab rend="indent">Zal zijn discours begrepen worden – ziedaar iets wat ik <lb n="7" xml:id="l-7"/>betwijfel – ik vrees dat over ’t algemeen hij zal worden <lb n="8" xml:id="l-8"/>misverstaan en velen consequenties zullen trekken uit <lb n="9" xml:id="l-9"/>zijn woorden<c type="kk">/</c> door hem zelf niet bedoeld.</ab><lb n="10" xml:id="l-10"/>
<ab rend="indent">’t Geen hij zegt vind ik door &amp; door waar<c type="kk">/</c> op zijn <lb n="11" xml:id="l-11"/>plaats en ernstig, alleen ik herhaal<c type="kk">/</c> men moet <lb n="12" xml:id="l-12"/>eeniger mate op de hoogte zijn der zaak – meer dan <lb n="13" xml:id="l-13"/>de meesten – om niet een gevolg te trekken uit zijn <lb n="14" xml:id="l-14"/>discours dat verkeerd zou zijn.</ab><lb n="15" xml:id="l-15"/>
<ab rend="indent">Menigeen zou ’t ten onregte zoo opvatten dat <lb n="16" xml:id="l-16"/>Herkomer de amerikanen &amp; de school van Small <lb n="17" xml:id="l-17"/>verwerpt en veroordeelt en zulks is m.i<c type="kp">_</c> geenszins ’t geval. <lb n="18" xml:id="l-18"/>Hij spreekt van decadence &amp; niet zonder reden<c type="kp">_</c></ab><lb n="19" xml:id="l-19"/>
<ab rend="indent">hij wijst op de daadzaak dat de verdienste van menige <lb n="20" xml:id="l-20"/>houtgravure voornamelijk toekomt aan den houtgraveur <lb n="21" xml:id="l-21"/>en niet aan den teekenaar<c type="kp">_</c> Wijst dus op de verslapping <lb n="22" xml:id="l-22"/>der teekenaars<c type="kk">/</c> vindt die onuitstaanbaar &amp; <lb n="23" xml:id="l-23"/>fataal<c type="kp">_</c>– Ik vind dit volkomen waar<c type="kp">_</c>– <lb n="24" xml:id="l-24"/>Vergelijk b.v. dat blad van <hi rend="sc">Ridley</hi><c type="kk">/</c> <lb n="25" xml:id="l-25"/><hi rend="ital">The miner</hi><c type="kk">/</c><anchor n="1" xml:id="note-o-1"/> dat ge me schreeft onlangs gevonden te <lb n="26" xml:id="l-26"/>hebben<c type="kk">/</c> bij de groote types of beauty die de <lb n="27" xml:id="l-27"/>Graphic later leverde<c type="kk">/</c><anchor n="2" xml:id="note-o-2"/> of neem een ander blad <lb n="28" xml:id="l-28"/>van Ridley<c type="kk">/</c> de kinderkamer van een gasthuis<c type="kk">/</c> <lb n="29" xml:id="l-29"/>dat ik heb<c type="kk">/</c> sober &amp; streng gegraveerd door Swain<c type="kk">/</c><anchor n="3" xml:id="note-o-3"/> <lb n="30" xml:id="l-30"/>en men voelt dan die dingen welke ik door <lb n="31" xml:id="l-31"/>personen die voor eerste kenners doorgaan <lb n="32" xml:id="l-32"/>heb hooren ligt achten met een “nu ja<c type="kk">/</c> dat’s <lb n="33" xml:id="l-33"/>de ouderwetsche manier” – en dan komen we <lb n="34" xml:id="l-34"/>op t’geen HH<anchor n="4" xml:id="note-o-4"/> zeggen wil. Die oude manier <lb n="35" xml:id="l-35"/>van graveeren<c type="kk">/</c> die doorwrochte eerlijke onopgeschroefde <lb n="36" xml:id="l-36"/>teekening is verreweg de beste.</ab><lb n="37" xml:id="l-37"/>
<ab rend="indent">Herkomer zegt – pas op<c type="kk">/</c> laat dat niet verloren <lb n="38" xml:id="l-38"/>gaan<c type="kk">/</c> mist de kunst dat dan heeft de kunst een méningite <lb n="39" xml:id="l-39"/>of ruggemergstering.<anchor n="5" xml:id="note-o-5"/> Maar toch geloof ik niet dat hij <lb n="40" xml:id="l-40"/>Small zelf en Chs Green b.v. en meer anderen veroordeelt – <lb n="41" xml:id="l-41"/>ik ken reproducties van teekeningen van Herkomer, b.v<c type="kp">_</c> Bavarian sketches<c type="kk">/</c><anchor n="6" xml:id="note-o-6"/> <lb n="42" xml:id="l-42"/>op diezelfde manier gedaan.</ab>
<pb f="1v" n="2" xml:id="pb-orig-1v-2" facs="#zone-pb-1v-2"/><lb n="43" xml:id="l-43"/>
<ab rend="indent">Maar b.v. de uitdeeling van turfkaartjes <lb n="44" xml:id="l-44"/>in Ierland van Caton Woodville<anchor n="7" xml:id="note-o-7"/> of the <lb n="45" xml:id="l-45"/>X<hi rend="ss">mas</hi> in olden times van Howard Pyle<anchor n="8" xml:id="note-o-8"/> <lb n="46" xml:id="l-46"/>zal Herkomer niet afkeuren ofschoon <lb n="47" xml:id="l-47"/>Caton Woodv. en H. Pyle beiden wel <lb n="48" xml:id="l-48"/>eens voor die nieuwere manier van illustreeren <lb n="49" xml:id="l-49"/>hebben gewerkt en “the marginline” overschreden.<anchor n="9" xml:id="note-o-9"/></ab><lb n="50" xml:id="l-50"/>
<ab rend="indent">Van eerstgenoemde C.W. vindt ik het jammer <lb n="51" xml:id="l-51"/>dat hij de enorm groote militaire dingen gemaakt heeft<c type="kk">/</c><anchor n="10" xml:id="note-o-10"/> <lb n="52" xml:id="l-52"/>hoe knap ook op zich zelf<c type="kk">/</c> en liever zie ik zijn <lb n="53" xml:id="l-53"/>bladen in den trant van de turfmarkt<c type="kp">_</c> <lb n="54" xml:id="l-54"/>Bovendien denk ik bij ’t discours tegen Harper<c type="kk">/</c> <lb n="55" xml:id="l-55"/>tegen de Amerikanen<c type="kk">/</c> aan Chs Dickens.</ab><lb n="56" xml:id="l-56"/>
<ab rend="indent">Die heeft tegen hen gesproken<c type="kk">/</c> zie chuzzlewit &amp;c.<c type="kk">/</c> <lb n="57" xml:id="l-57"/>en heeft later<c type="kk">/</c> ziende dat men uit zijn woorden <lb n="58" xml:id="l-58"/>verkeerde consequenties maakte, als kon er uit <lb n="59" xml:id="l-59"/>Amerika niets goeds zijn, in de latere uitgaven <lb n="60" xml:id="l-60"/>van Chuzzlewit eene voorrede geplaatst <lb n="61" xml:id="l-61"/>waarin hij zijn andere impressies over Amerika <lb n="62" xml:id="l-62"/>mededeelt en zijn <lb n="63" xml:id="l-63"/>ervaringen op zijn tweede reis naar Amerika. <lb n="64" xml:id="l-64"/>Zie als ge ’t hebt er <hi rend="ital">Forsters life of Ch</hi><hi rend="ss"><hi rend="ital">s</hi></hi><hi rend="ital"> D.</hi> <lb n="65" xml:id="l-65"/>eens op na en gij zult zien<c type="kk">/</c> duidelijker dan <lb n="66" xml:id="l-66"/>in mijn woorden<c type="kk">/</c> wat ik bedoel.<anchor n="11" xml:id="note-o-11"/></ab><lb n="67" xml:id="l-67"/>
<ab rend="indent">Dus met betrekking tot de Amerikanen en <lb n="68" xml:id="l-68"/>de hedendaagsche houtgraveurs<c type="kk">/</c> laat ons <lb n="69" xml:id="l-69"/>niet te snel veroordeelen en denken aan <lb n="70" xml:id="l-70"/>het oude woord <lb n="71" xml:id="l-71"/>“opdat ge met het onkruid de tarwe niet uittrekt.”<anchor n="12" xml:id="note-o-12"/> <lb n="72" xml:id="l-72"/>Zijn verwijt tegen de Graphic<c type="kk">/</c> tegen de uitgevers in ’t <lb n="73" xml:id="l-73"/>algemeen is voorwaar niet ten onpas. <hi rend="ital">Pleasing</hi><c type="kk">/</c> <lb n="74" xml:id="l-74"/><hi rend="ital">Saleable</hi>,<anchor n="13" xml:id="note-o-13"/> zijn woorden voor mij afschuwelijk<c type="kp">_</c> 
<pb f="1v" n="3" xml:id="pb-orig-1v-3" facs="#zone-pb-1v-3"/><lb n="75" xml:id="l-75"/>En ik heb nooit een handelaar ontmoet <lb n="76" xml:id="l-76"/>die daarvan niet doortrokken was en <lb n="77" xml:id="l-77"/>’t is een pest. De kunst heeft geen erger <lb n="78" xml:id="l-78"/>vijanden ofschoon de managers der groote kunstzaken <lb n="79" xml:id="l-79"/>den naam hebben van zich verdienstelijk te maken <lb n="80" xml:id="l-80"/>door ’t protegeeren der artisten.</ab><lb n="81" xml:id="l-81"/>
<ab rend="indent">Ze doen het niet goed – wel zijn de zaken zoo dat<c type="kk">/</c> <lb n="82" xml:id="l-82"/>’t publiek bij hen komende<c type="kk">/</c> niet bij de artisten zelf<c type="kk">/</c> de <lb n="83" xml:id="l-83"/>artisten er toe gebragt worden om tot hen de toevlugt <lb n="84" xml:id="l-84"/>te nemen – doch er is geen enkel artist die <lb n="85" xml:id="l-85"/>niet uitgesproken of stilgehouden een klagt tegen hen <lb n="86" xml:id="l-86"/>in ’t hart heeft. Zij vleijen ’t publiek in zijn <lb n="87" xml:id="l-87"/>slechtste en meest barbaarsche neigingen en wansmaak. <lb n="88" xml:id="l-88"/>Suffit<c type="kp">_</c>– Wat U en mij aangaat uit ’t discours <lb n="89" xml:id="l-89"/>van H.H. is<c type="kk">/</c> Teeken streng<c type="kk">/</c> wees serieus<c type="kk">/</c> <lb n="90" xml:id="l-90"/>wees eerlijk.</ab><lb n="91" xml:id="l-91"/>
<ab rend="indent">Hoor eens<c type="kk">/</c> dezen laatsten brief van U en de impressie die <lb n="92" xml:id="l-92"/>de energieke woorden van HH op U zoowel als op <lb n="93" xml:id="l-93"/>mij maakten<c type="kk">/</c> doet mij te meer er naar verlangen <lb n="94" xml:id="l-94"/>dat we wat meer van elkaars werk mogten zien<c type="kp">_</c> <lb n="95" xml:id="l-95"/>Het trof mij op de laatste prachtige <lb n="96" xml:id="l-96"/>tentoonstelling van Pictura<anchor n="14" xml:id="note-o-14"/> dat<c type="kk">/</c> ofschoon Israels<c type="kk">/</c> Mauve <lb n="97" xml:id="l-97"/>Maris<c type="kk">/</c> Neuhuys<c type="kk">/</c> Weissenbruch<anchor n="15" xml:id="note-o-15"/> en veel anderen natuurlijk <lb n="98" xml:id="l-98"/>zich zelven bleven<c type="kk">/</c> in hun volgelingen men <lb n="99" xml:id="l-99"/>ook <hi rend="ital">decadence</hi><anchor n="16" xml:id="note-o-16"/> ziet &amp; niet vooruitgang bespeuren kan <lb n="100" xml:id="l-100"/>indien men niet hen op zich zelf beschouwt doch <lb n="101" xml:id="l-101"/>in verband met een tentoonstelling van <lb n="102" xml:id="l-102"/>die dagen<c type="kk">/</c> in welke de <hi rend="ital">Sommités</hi> van tegenwoordig <lb n="103" xml:id="l-103"/>rising men waren. De rising men van <lb n="104" xml:id="l-104"/>nu zijn niet wat de rising men van <lb n="105" xml:id="l-105"/>het vorige geslacht waren<c type="kp">_</c>– Meer effekt<c type="kk">/</c> <lb n="106" xml:id="l-106"/>minder gehalte tegenwoordig.<anchor n="17" xml:id="note-o-17"/> Ik schreef ’t U reeds meer dan <lb n="107" xml:id="l-107"/>eens<c type="kk">/</c> ook in de persoonlijkheden zelf der rising men <lb n="108" xml:id="l-108"/>van nu zie ik onderscheid. Ge weet het zelf en <lb n="109" xml:id="l-109"/>ondervindt het zelf<c type="kk">/</c> gij en ik worden door hen beschouwd <lb n="110" xml:id="l-110"/>als een soort mauvais coucheurs<anchor n="18" xml:id="note-o-18"/> en nulliteiten en <lb n="111" xml:id="l-111"/>vooral worden we zwaar op de hand &amp; vervelend gevonden in ons werk <lb n="112" xml:id="l-112"/>en in onze personen.</ab>
<pb f="1r" n="4" xml:id="pb-orig-1r-4" facs="#zone-pb-1r-4"/><lb n="113" xml:id="l-113"/>
<ab rend="indent">En geloof me dat zoo wie de sommités van tegenwoordig <lb n="114" xml:id="l-114"/>als menschen zoowel als artisten gezien heeft 10 jaren <lb n="115" xml:id="l-115"/>geleden – toen ze allen veel armer waren – ze <lb n="116" xml:id="l-116"/>hebben die laatste 10 jaar enorm verdiend – regretteert <lb n="117" xml:id="l-117"/>die dagen van 10 jaar terug.</ab><lb n="118" xml:id="l-118"/>
<ab rend="indent">Ik herhaal bij deze gelegenheid mijn felicitatie met <lb n="119" xml:id="l-119"/>Uw weigering op Arti<c type="kp">_</c><anchor n="19" xml:id="note-o-19"/> Indien gij in den tegenwoordigen <lb n="120" xml:id="l-120"/>stand der zaken opgang maaktet zou ik minder <lb n="121" xml:id="l-121"/>respect en sympathie voor U hebben dan nu. <lb n="122" xml:id="l-122"/>Ik zie duidelijk en klaar dat gij en ik wel <lb n="123" xml:id="l-123"/>degelijk heel wat mooier werk zullen leveren <lb n="124" xml:id="l-124"/>dan nu en ons tegenwoordig werk niet slecht <lb n="125" xml:id="l-125"/>is<c type="kp">_</c> Voor ons zelf moeten we streng blijven <lb n="126" xml:id="l-126"/>en er kracht achter zetten doch er is geen <lb n="127" xml:id="l-127"/>enkele reden om zich te laten decourageeren <lb n="128" xml:id="l-128"/>of van streek brengen door ’t geen zulken zeggen <lb n="129" xml:id="l-129"/>van ons werk die meenen een betere <lb n="130" xml:id="l-130"/>rigting te kennen dan wij die datgene maken <lb n="131" xml:id="l-131"/>of trachten te maken wat ons in ’t huiselijk leven <lb n="132" xml:id="l-132"/>of op straat of in ’t gasthuis &amp;c. treft.</ab><lb n="133" xml:id="l-133"/>
<ab rend="indent">Indien gij wist wat b.v. de Groux heeft uitgestaan <lb n="134" xml:id="l-134"/>van critiek en kwaadwilligheid zoo zoudt ge versteld <lb n="135" xml:id="l-135"/>staan.<anchor n="20" xml:id="note-o-20"/> Wij moeten ons geen illusies maken <lb n="136" xml:id="l-136"/>doch ons voorbereiden op niet begrepen te worden<c type="kk">/</c> <lb n="137" xml:id="l-137"/>veracht en beschonden<anchor n="a" xml:id="note-o-a"/> en onder dat alles<c type="kk">/</c> <lb n="138" xml:id="l-138"/>ook als ’t nog veel erger zal zijn dan nu<c type="kk">/</c> <lb n="139" xml:id="l-139"/>zullen we toch moed en warmte moeten <lb n="140" xml:id="l-140"/>behouden. Ik geloof we er ons goed bij bevinden <lb n="141" xml:id="l-141"/>zullen onze attentie gevestigd te houden op ’t werk <lb n="142" xml:id="l-142"/>en de mannen van vroeger<c type="kk">/</c> n.l. een 20<c type="kk">/</c> 30 jaar <lb n="143" xml:id="l-143"/>vroeger<c type="kk">/</c> willen we niet dat met regt <lb n="144" xml:id="l-144"/>van ons gezegd zal worden later – en ook Rappard <lb n="145" xml:id="l-145"/>en Vincent kunnen geteld worden onder de lui <lb n="146" xml:id="l-146"/>van de <hi rend="ital">decadence</hi>. Dit woord is streng<c type="kk">/</c> <lb n="147" xml:id="l-147"/>ik meen het ten volle en ik voor mij zal stil mijn <lb n="148" xml:id="l-148"/>weggetje gaan zonder veel notitie te nemen van de school <lb n="149" xml:id="l-149"/>van nu. adieu<c type="kk">/</c> met een handdruk<c type="kp">_</c></ab>
<vg:whiteline/><lb n="149*" xml:id="l-149s"/>
<ab>t. à t.</ab><lb n="150" xml:id="l-150"/>
<ab>Vincent</ab>
<vg:whiteline/>
<div type="textualNotes">
<note target="l-13" n="13">meesten – &lt; meesten</note>
<note target="l-30" n="30">dan &lt; dat</note>
<note target="l-31" n="31">manier” &lt; manier</note>
<note target="l-71" n="71">tarwe niet &lt; tarwe</note></div></div>
<div type="translation">
<pb f="1r" n="1" xml:id="pb-trans-1r-1" facs="#zone-pb-1r-1"/>
<ab>1 Nov.</ab>
<vg:whiteline/>
<ab>My dear friend <rs type="pers" key="1306">Rappard</rs>,</ab>
<ab>The article by <rs type="pers" key="1080">Herkomer</rs> is extremely interesting, for which many thanks. I’ve been completely absorbed by it since its arrival, and hope that I’ll make good use of what he says. </ab>
<ab rend="indent">Will his lecture be understood? — now that’s something I doubt — I fear that in general he’ll be misinterpreted, and that many will draw conclusions from his words that he didn’t intend. </ab>
<ab rend="indent">I believe what he says is absolutely true, right and serious, but, I repeat, one must be to some extent familiar with the matter — more than most people are — to avoid drawing a conclusion from his lecture that would be wrong. </ab>
<ab rend="indent">Many would mistakenly interpret it as meaning that <rs type="pers" key="1080">Herkomer</rs> rejects and condemns the Americans and the school of <rs type="pers" key="1359">Small</rs>, and in my view that isn’t the case at all. He speaks of decadence, and not without reason.</ab>
<ab rend="indent">He points out that the credit for many a wood engraving goes largely to the engraver and not to the draughtsman. Thus points out the enfeebling of the draughtsmen, finds this intolerable and fatal. I consider this absolutely true. Compare, for example, that print by <hi rend="sc"><rs type="pers" key="1314">Ridley</rs></hi>,<hi rend="ital"> The miner</hi>,<anchor n="1" xml:id="note-t-1"/> which you wrote to me about finding recently, with the large Types of beauty that The Graphic later published,<anchor n="2" xml:id="note-t-2"/> or take another print by Ridley, the children’s ward of a hospital, which I have, soberly and austerely engraved by <rs type="pers" key="1382">Swain</rs>,<anchor n="3" xml:id="note-t-3"/> and then one feels the things which I’ve heard dismissed by people who pass for first-rate connoisseurs with a ‘yes, well, that’s the old-fashioned manner’ — and that brings us to what <rs type="pers" key="1080">HH</rs><anchor n="4" xml:id="note-t-4"/> means. The old manner of engraving, that solid, honest, uncontrived drawing, is by far the best. </ab>
<ab rend="indent"><rs type="pers" key="1080">Herkomer</rs> says: be careful, don’t let that be lost, if art lacks that then art has meningitis or spinal consumption.<anchor n="5" xml:id="note-t-5"/> Yet I don’t believe that he condemns <rs type="pers" key="1359">Small</rs> himself and <rs type="pers" key="1058">Chas Green</rs>, for instance, or others — I know of reproductions of drawings by Herkomer, Bavarian sketches for example,<anchor n="6" xml:id="note-t-6"/> done in the same manner. 
<pb f="1v" n="2" xml:id="pb-trans-1v-2" facs="#zone-pb-1v-2"/></ab>
<ab rend="indent">But <rs type="pers" key="1080">Herkomer</rs> wouldn’t reject, for example, the distribution of turf tickets in Ireland by <rs type="pers" key="1454">Caton Woodville</rs><anchor n="7" xml:id="note-t-7"/> or Xmas in olden times by <rs type="pers" key="1285">Howard Pyle</rs>,<anchor n="8" xml:id="note-t-8"/> even though both Caton Woodv. and H. Pyle have occasionally worked for the newer manner of illustration and gone over ‘the margin line’.<anchor n="9" xml:id="note-t-9"/> </ab>
<ab rend="indent">I think it a pity that <rs type="pers" key="1454">C.W.</rs> did the huge military things,<anchor n="10" xml:id="note-t-10"/> however clever in themselves, and I prefer his prints in the manner of the turf market. Moreover, the criticism of Harper, and the Americans, reminds me of <rs type="pers" key="580">Chas Dickens</rs>.</ab>
  <ab rend="indent">He spoke out against them, see Chuzzlewit &amp;c., and later, seeing that people drew the wrong conclusions from his words, such as that nothing good could come out of America, he added a preface to the later editions of Chuzzlewit in which he described his other impressions of America and his experiences on his second journey to America. Look it up in <hi rend="ital"><rs type="pers" key="608">Forster</rs>’s life of Chas D</hi>., if you have it, and you’ll see what I mean, more clearly than in my words.<anchor n="11" xml:id="note-t-11"/> </ab>
<ab rend="indent">So when it comes to the Americans and the contemporary wood engravers, let’s not judge too hastily, and recall the old saying ‘lest ye root up also the wheat with the tares’.<anchor n="12" xml:id="note-t-12"/> To be sure, his complaint against The Graphic, against publishers in general, isn’t out of place. <hi rend="ital">Pleasing</hi>, <hi rend="ital">Saleable</hi><anchor n="13" xml:id="note-t-13"/><hi rend="ital"> </hi>are<hi rend="ital"> </hi>horrible words to me. 
<pb f="1v" n="3" xml:id="pb-trans-1v-3" facs="#zone-pb-1v-3"/> And I’ve never met a dealer who wasn’t steeped in that, and it’s a plague. Art has no greater enemies, although the managers of the big art firms have a reputation for performing a useful service by taking artists under their wing.</ab>
<ab rend="indent">They don’t do it right; although matters are such that, with the public coming to them, not to the artists themselves, the artists are persuaded to resort to them — yet there’s not a single artist who doesn’t have a spoken or silent complaint against them in his heart. They flatter the public in its worst and most barbaric tendencies and bad taste. Enough. What concerns you and me in <rs type="pers" key="1080">H.H.</rs>’s lecture is: Draw austerely, be serious, be honest. </ab>
<ab rend="indent">Now listen, this last letter of yours and the impression made on both you and me by <rs type="pers" key="1080">HH</rs>’s forceful words make me wish all the more that we could see rather more of each other’s work. It struck me at the last splendid Pictura<anchor n="14" xml:id="note-t-14"/> exhibition that although <rs type="pers" key="1107">Israëls</rs>, <rs type="pers" key="323">Mauve</rs>, <rs type="pers" key="1201 1203">Maris</rs>, <rs type="pers" key="1248 154">Neuhuys</rs>, <rs type="pers" key="1443">Weissenbruch</rs><anchor n="15" xml:id="note-t-15"/> and many others of course remain themselves, in their followers one also sees <hi rend="ital">decadence</hi><anchor n="16" xml:id="note-t-16"/> and can’t detect progress if one doesn’t consider them on their own but in connection with an exhibition at that time when today’s <hi rend="ital">leading lights</hi> were rising men. The rising men of today are not what the rising men of the previous generation were. More effect, less substance these days.<anchor n="17" xml:id="note-t-17"/> I’ve written this to you before more than once: I also see a difference in the very personalities of the rising men of today. You know it yourself and experience it yourself: you and I are regarded by them as awkward customers<anchor n="18" xml:id="note-t-18"/> and nonentities, and above all we’re thought to be heavy going and tedious in our work and in our persons. 
<pb f="1r" n="4" xml:id="pb-trans-1r-4" facs="#zone-pb-1r-4"/></ab>
<ab rend="indent">And believe me, those who saw the leading lights of today both as people and as artists 10 years ago — when they were all much poorer — they’ve earned a huge amount in those 10 years — miss those days of 10 years ago. </ab>
<ab rend="indent">I take this opportunity to repeat my congratulations to you on your refusal at Arti.<anchor n="19" xml:id="note-t-19"/> If you were to be a rising star in the current state of affairs, I would have less respect and sympathy for you than I do now. It’s crystal clear to me that you and I will certainly produce much finer work than we do now, and that our present work isn’t bad. For ourselves, we must remain strict and put our shoulders to the wheel, but there’s absolutely no reason to let oneself be discouraged or upset by what’s said about our work by those who think they know a better direction than we who make or try to make what strikes us in domestic life or on the streets or in the hospital &amp;c. </ab>
<ab rend="indent">If you knew what <rs type="pers" key="1063">Degroux</rs>, for example, has endured by way of criticism and malice, you would be astonished.<anchor n="20" xml:id="note-t-20"/> We must have no illusions, but prepare ourselves for being misunderstood, despised and vilified, and under all that, even when it gets much worse than it is now, we’ll have to hold on to courage and fervour. I believe we’ll do well to keep our attention fixed on the work and on the men of the past, namely 20, 30 years ago, if we don’t want it to be rightly said of us later: and <rs type="pers" key="1306">Rappard</rs> and Vincent, too, can be counted among the <hi rend="ital">decadent</hi> fellows. This is a harsh word, I absolutely mean it, and for my part I’ll go my way quietly without taking much notice of today’s school. Adieu, with a handshake.</ab>
<vg:whiteline/>
<ab>Ever yours,</ab>
<ab>Vincent</ab></div>
<div type="notes">
<note n="1" xml:id="n-1" target="#note-t-1">
<ab><rs type="pers" key="1314">Matthew White Ridley</rs>, <hi rend="ital">The miner</hi>, engraved by <rs type="pers" key="1537">Eugène Froment</rs>, in <hi rend="ital">The Graphic</hi> 13 (15 April 1876), p. 376. The print belongs to the series <hi rend="ital">Heads of the people</hi>. The estate has two copies. <rs type="ill" key="1278">Ill. 1278</rs>. (t*123; and t*469).</ab></note>
<note n="2" xml:id="n-2" target="#note-t-2">
<ab>Van Gogh is referring to the series of engravings ‘Types of beauty’, which was published in 1880-1882 as a supplement to <hi rend="ital">The Graphic</hi>; it included portrait no. 1 by <rs type="pers" key="1719">Frank Dicksee</rs> (<rs type="ill" key="1993">Ill. 1993</rs>) and no. 6 by <rs type="pers" key="1725">Frederick Leighton</rs>, engraved by <rs type="pers" key="1591">Charles Roberts</rs> (<rs type="ill" key="1994">Ill. 1994</rs>). See <hi rend="ital">The Graphic</hi> 22 (28 August 1880), between pp. 221 and 222, and <hi rend="ital">The Graphic</hi> 24 (24 December 1881), between pp. 650 and 651, respectively. The sheet <hi rend="ital">Types of beauty, No. 1 – Mrs. Braddyll</hi>, after a painting by <rs type="pers" key="1296">Joshua Reynolds</rs>, had served as the frontispiece for the ninth volume of <hi rend="ital">The Graphic</hi> (3 January 1874), Supplement; nos. 4 (Edwin Long) and 5 (J.J. Tissot, in colour) were in volume 24. The current volumes 25 and 26 (1882) contained no. 7 (Paul Baudry), no. 8 (Henri Lévy) and no. 9 (G.A. Storey).</ab></note>
<note n="3" xml:id="n-3" target="#note-t-3">
<ab><rs type="pers" key="1314">Matthew White Ridley</rs>, <hi rend="ital">The East London Hospital for children</hi>, engraved by <rs type="pers" key="1382">Joseph Swain</rs>, in <hi rend="ital">The Illustrated London News</hi> 60 (27 April 1872), pp. 408-409. <rs type="ill" key="1276">Ill. 1276</rs>.</ab></note>
<note n="4" xml:id="n-4" target="#note-t-4">
<ab><rs type="pers" key="1080">Hubert von Herkomer</rs>.</ab></note>
  <note n="5" xml:id="n-5" target="#note-t-5">
<ab>These words are Van Gogh’s own; they are not found in <rs type="pers" key="1080">Herkomer</rs>’s article – of which Van Gogh only had <rs type="pers" key="1306">Van Rappard</rs>’s extract (<ref target="let278.xml">see letter 278</ref>). </ab></note>
<note n="6" xml:id="n-6" target="#note-t-6">
<ab>The series ‘Bavarian sketches’ consisted of nine prints that appeared in <hi rend="ital">The Graphic</hi> in December 1871 to April 1878. Some of them are in the estate: <hi rend="ital">A wood carving school in the Bavarian Alps</hi>, in <hi rend="ital">The Graphic</hi> 4 (2 December 1871), p. 549. <rs type="ill" key="161">Ill. 161</rs> (t*164); <hi rend="ital">A Wirtshaus</hi>, engraved by <rs type="pers" key="1537">Eugène Froment</rs>, in <hi rend="ital">The Graphic</hi> 11 (30 January 1875), p. 112. <rs type="ill" key="183">Ill. 183</rs> (t*92); <hi rend="ital">Auf der Alm</hi> (In the Alps), in <hi rend="ital">The Graphic</hi> 11 (27 March 1875), p. 297. <rs type="ill" key="1995">Ill. 1995</rs> (t*461); and <hi rend="ital">Sketches in the Bavarian Alps –</hi> <hi rend="ital">Arrest of a poacher</hi>, engraved by <rs type="pers" key="1591">Charles Roberts</rs>, in <hi rend="ital">The Graphic</hi> 7 (17 May 1873), p. 465. <rs type="ill" key="159">Ill. 159</rs> (t*460).</ab></note>
<note n="7" xml:id="n-7" target="#note-t-7">
<ab>For <rs type="pers" key="1454">Richard Caton Woodville (<hi rend="sc">ii</hi>)</rs>, <rs type="ill" key="1972"><hi rend="ital">The state of Ireland: distributing relief tickets in the turf-market, Westport, County Mayo</hi></rs>, <ref target="let278.xml#n-11">see letter 278, n. 11.</ref></ab></note>
  <note n="8" xml:id="n-8" target="#note-t-8">
<ab>Van Gogh most probably means the print after <rs type="pers" key="1285">Howard Pyle</rs>’s <hi rend="ital">Christmas morning in Old New York</hi>, in <hi rend="ital">Harper’s Weekly</hi> 24 (25 December 1880), pp. 828-829; it is mentioned in <ref target="let346.xml">letter 346</ref>. <rs type="ill" key="1224">Ill. 1224</rs>.</ab></note>
<note n="9" xml:id="n-9" target="#note-t-9">
<ab>In his article <rs type="pers" key="1080">Herkomer</rs> disparages the virtuosity of the engravers for American magazines like <hi rend="ital">Harper’s Weekly</hi> because they steal the limelight from the original draughtsman: ‘You marvel at the handling of the engraver, and forget the artist. Correct or honest drawing is no longer wanted; complete designs are no longer in request; a “bit,” just covering an awkward corner of the page, is all that is required. And if the dress of a lady hangs into the letter-press, or a tree grows out of the margin of the drawing, breaking the margin line, people are made to believe that it is the newest and most enlightened style of illustration’ (Herkomer 1882, p. 167, col. 2).</ab></note>
<note n="10" xml:id="n-10" target="#note-t-10">
<ab><rs type="pers" key="1454">Woodville</rs> travelled as an illustrator to the Russo-Turkish War in 1878 and to the Egyptian War for <hi rend="ital">The Illustrated London News</hi> in 1882. He also painted military scenes. </ab></note>
<note n="11" xml:id="n-11" target="#note-t-11">
<ab><rs type="pers" key="580">Dickens</rs> first visited America in 1842. His calls for an Anglo-American copyright law put an end to the enthusiasm with which he was initially greeted. The American press turned against him and he was accused of being the mouthpiece of British publishers. Dickens incorporated his experiences, and his objections to such things as slavery, in the satirical ‘American chapters’ of <rs type="lit" key="271"><hi rend="ital">Martin Chuzzlewit</hi></rs> (which appeared in book form in 1850). In the preface Dickens wrote about the earlier clashes with the Americans. When he also published <rs type="lit" key="272"><hi rend="ital">American notes</hi></rs>, which included an attack on the American press, irritation escalated into a wrangle that would continue for 25 years. </ab>
<ab rend="indent">When Dickens was preparing for a new visit for a series of readings in 1867, he toned down his pronouncements in a foreword he wrote to Martin Chuzzlewit, which was being published in American newspapers. Through this conciliatory gesture he won over public opinion and the tour was a success. See Martin Chuzzlewit. Ed. Margaret Cardwell. Oxford 1982, pp. 855-856; Dickens on America &amp; the Americans. Ed. Michael Slater. Austin and London 1978; and Sidney P. Moss, Charles Dickens’ quarrel with America. New York 1984.</ab>
<ab rend="indent">In The life of Charles Dickens (1871-1873) <rs type="pers" key="608">John Forster</rs> deals with this matter at length, especially in vol. 1, chapter 19: ‘First Impressions of America’ and 20: ‘Second Impressions of America’; vol. 2, chapter 3: ‘Chuzzlewit disappointments &amp; Christmas Carol’; and vol. 3, chapter 15: ‘America Revisited. November and December, 1867’ and 16: ‘America Revisited. January to April, 1868’. Van Gogh knew this biography, which was included as the last volume in the <rs type="lit" key="242">Household Edition</rs> of Ch. Dickens, Works. With illustrations. 22 vols. London 1877-1880: <ref target="let280.xml">see letter 280</ref>.</ab></note>
<note n="12" xml:id="n-12" target="#note-t-12">
<ab>
  <bibleref xmlns="http://www.vangoghletters.org/ns/" book="Matt" chap="13" v="29">Matt. 13:29</bibleref>.</ab></note>
<note n="13" xml:id="n-13" target="#note-t-13">
<ab>The word ‘saleable’ would have been suggested by what <rs type="pers" key="1080">Herkomer</rs> expects from the artist: ‘an independent spirit that is free from the anxiety of sale’ (Herkomer 1882, p. 168, col. 2).</ab></note>
<note n="14" xml:id="n-14" target="#note-t-14">
<ab>The ‘Zevende tentoonstelling van teekeningen door de gewone- en eereleden van de Hollandsche Teeken-Maatschappij’ (Seventh exhibition of drawings by the ordinary and honorary members of the Dutch Drawing Society), held at the Academy of Fine Arts in The Hague; <ref target="let256.xml">see letters 256</ref> and <ref target="let257.xml">257</ref>. The term ‘Pictura’ comes from the earlier name of the academy, ‘De schildersconfrerie Pictura’. See Johan Gram, <hi rend="ital">De schildersconfrerie Pictura en hare Academie van Beeldende Kunsten te ’s Gravenhage, 1682-1882</hi>. Rotterdam 1882. For the Hollandsche Teeken-Maatschappij, <ref target="let256.xml#n-8">see letter 256, n. 8.</ref></ab></note>
<note n="15" xml:id="n-15" target="#note-t-15">
<ab><rs type="pers" key="1107">Jozef Israëls</rs>; <rs type="pers" key="1248">Albert</rs> or <rs type="pers" key="154">Jozef Neuhuys</rs>; <rs type="pers" key="1203">Jacob</rs> or <rs type="pers" key="1203">Willem Maris</rs>; <rs type="pers" key="1443">Jan Hendrik Weissenbruch</rs>.</ab></note>
  <note n="16" xml:id="n-16" target="#note-t-16">
<ab>A literal reference to <rs type="pers" key="1080">Herkomer</rs>; <ref target="let278.xml#n-3">see letter 278, n. 3.</ref></ab></note>
<note n="17" xml:id="n-17" target="#note-t-17">
<ab><rs type="pers" key="1080">Herkomer</rs> writes ‘Effect is the one aim’: see Herkomer 1882, p. 167, col. 2.</ab></note>
<note n="18" xml:id="n-18" target="#note-t-18">
<ab>For this expression, <ref target="let234.xml#n-4">see letter 234, n. 4.</ref></ab></note>
<note n="19" xml:id="n-19" target="#note-t-19">
<ab>For Arti’s refusal of <rs type="pers" key="1306">Van Rappard</rs>’s work, <ref target="let268.xml#n-11">see letter 268, n. 11.</ref></ab></note>
<note n="20" xml:id="n-20" target="#note-t-20">
<ab>Particularly at the beginning of his career, <rs type="pers" key="1063">Charles Degroux</rs> was fiercely criticized for his realistic paintings of scenes of misery. See exhib. cat. Ypres 1995, pp. 21-32.</ab></note>
<note n="a" xml:id="n-a" target="#note-o-a">
<ab>Means: ‘belasterd’ (despised).</ab></note></div></body></text></TEI>
