<?xml version="1.0" encoding="UTF-8"?>
<!-- Last Changed Date: 2018-07-18 12:32:41 +0200 (Wed, 18 Jul 2018) | SVN Revision: 2206 -->
<!--Licensed under Attribution-NonCommercial-ShareAlike 4.0 International (CC BY-NC-SA 4.0)-->
<?xml-model href="https://xmlschema.huygens.knaw.nl/vgodd.rng" type="application/xml" schematypens="http://relaxng.org/ns/structure/1.0"?>
<TEI xmlns:vg="http://www.vangoghletters.org/ns/" xmlns="http://www.tei-c.org/ns/1.0">
<teiHeader xmlns:xsi="http://www.w3.org/2001/XMLSchema-instance"><fileDesc>
<titleStmt>
<title>To Theo van Gogh. The Hague, Tuesday, 18 July 1882.</title>
<editor>Leo Jansen</editor>
<editor>Hans Luijten</editor>
<editor>Nienke Bakker</editor></titleStmt>
<publicationStmt>
<publisher><name>Huygens Instituut voor Nederlandse Geschiedenis (KNAW)</name><email>info@huygens.knaw.nl</email></publisher>
<publisher>Van Gogh Museum</publisher>
<pubPlace>Amsterdam</pubPlace>
<date type="first" when="2009">2009</date>
<availability status="restricted">
<licence target="http://creativecommons.org/licenses/by-nc-sa/4.0/ https://creativecommons.org/licenses/by-nc-sa/4.0/legalcode">
<p>Attribution-NonCommercial-ShareAlike 4.0 International (CC BY-NC-SA 4.0) </p></licence></availability>
<ptr target="http://vangoghletters.org/orig/let247"/></publicationStmt><sourceDesc><vg:letDesc><vg:letIdentifier>
<idno type="jlb">247</idno>
<idno type="collectedletters">216</idno>
<idno type="brieven1990">248</idno></vg:letIdentifier><vg:letHeading><author>Vincent van Gogh</author><vg:addressee>Theo van Gogh</vg:addressee><vg:placeLet>The Hague</vg:placeLet><vg:dateLet>Tuesday, 18 July 1882</vg:dateLet></vg:letHeading><vg:letContents>
<p>To Theo van Gogh. The Hague, Tuesday, 18 July 1882.</p>
<note type="ongoingTopic" n="1">
<p>Van Gogh is recovering from his illness <ref target="let241.xml">(241)</ref></p></note></vg:letContents>
<note type="sourceStatus" xml:id="sourceStatus">
<p>Original manuscript</p></note>
<note type="location" xml:id="location">
<p>Amsterdam, Van Gogh Museum, inv. nos. b238 a-c V/1962</p></note>
<note type="date" xml:id="date">
<p>The letter was written on a Tuesday <ref target="#l-1">(l. 1)</ref>, when Sien had given birth 14 days ago <ref target="#l-9">(l. 9)</ref> and was back in The Hague. Since Sien had given birth on 2 July, the letter must date from Tuesday, 18 July 1882.</p>
<p> </p></note></vg:letDesc></sourceDesc></fileDesc></teiHeader>
<facsimile xmlns:xsi="http://www.w3.org/2001/XMLSchema-instance">
<surface n="b 0238 a" xml:id="surf-pb-1r"><graphic mimeType="image/tiff" url="VGM001000283_01.TIF" rend="norend"/><graphic mimeType="image/tiff" url="VGM001000283_01_n.tif" rend="norend"/><graphic mimeType="image/jpeg" url="VGM001000283_01_nt.jpg" height="50px" rend="thumbnail"/><zone xml:id="zone-pb-1r-1">
<graphic mimeType="image/tiff" url="VGM001000283_01_nR.tif" rend="norend"/><graphic mimeType="image/jpeg" url="VGM001000283_01_nRt.jpg" height="50px" rend="thumbnail"/><graphic mimeType="image/png" url="VGM001000283_01_nRf.png" width="380px" rend="facstab"/></zone>
<zone xml:id="zone-pb-1r-4">
<graphic mimeType="image/tiff" url="VGM001000283_01_nL.tif" rend="norend"/><graphic mimeType="image/jpeg" url="VGM001000283_01_nLt.jpg" height="50px" rend="thumbnail"/><graphic mimeType="image/png" url="VGM001000283_01_nLf.png" width="380px" rend="facstab"/></zone>
</surface>
<surface n="b 0238 a" xml:id="surf-pb-1v"><graphic mimeType="image/tiff" url="VGM001000283_02.TIF" rend="norend"/><graphic mimeType="image/tiff" url="VGM001000283_02_n.tif" rend="norend"/><graphic mimeType="image/jpeg" url="VGM001000283_02_nt.jpg" height="50px" rend="thumbnail"/><zone xml:id="zone-pb-1v-2">
<graphic mimeType="image/tiff" url="VGM001000283_02_nL.tif" rend="norend"/><graphic mimeType="image/jpeg" url="VGM001000283_02_nLt.jpg" height="50px" rend="thumbnail"/><graphic mimeType="image/png" url="VGM001000283_02_nLf.png" width="380px" rend="facstab"/></zone>
<zone xml:id="zone-pb-1v-3">
<graphic mimeType="image/tiff" url="VGM001000283_02_nR.tif" rend="norend"/><graphic mimeType="image/jpeg" url="VGM001000283_02_nRt.jpg" height="50px" rend="thumbnail"/><graphic mimeType="image/png" url="VGM001000283_02_nRf.png" width="380px" rend="facstab"/></zone>
</surface>
<surface n="b 0238 b" xml:id="surf-pb-2r"><graphic mimeType="image/tiff" url="VGM001000284_01.TIF" rend="norend"/><graphic mimeType="image/tiff" url="VGM001000284_01_n.tif" rend="norend"/><graphic mimeType="image/jpeg" url="VGM001000284_01_nt.jpg" height="50px" rend="thumbnail"/><zone xml:id="zone-pb-2r-5">
<graphic mimeType="image/tiff" url="VGM001000284_01_nR.tif" rend="norend"/><graphic mimeType="image/jpeg" url="VGM001000284_01_nRt.jpg" height="50px" rend="thumbnail"/><graphic mimeType="image/png" url="VGM001000284_01_nRf.png" width="380px" rend="facstab"/></zone>
<zone xml:id="zone-pb-2r-8">
<graphic mimeType="image/tiff" url="VGM001000284_01_nL.tif" rend="norend"/><graphic mimeType="image/jpeg" url="VGM001000284_01_nLt.jpg" height="50px" rend="thumbnail"/><graphic mimeType="image/png" url="VGM001000284_01_nLf.png" width="380px" rend="facstab"/></zone>
</surface>
<surface n="b 0238 b" xml:id="surf-pb-2v"><graphic mimeType="image/tiff" url="VGM001000284_02.TIF" rend="norend"/><graphic mimeType="image/tiff" url="VGM001000284_02_n.tif" rend="norend"/><graphic mimeType="image/jpeg" url="VGM001000284_02_nt.jpg" height="50px" rend="thumbnail"/><zone xml:id="zone-pb-2v-6">
<graphic mimeType="image/tiff" url="VGM001000284_02_nL.tif" rend="norend"/><graphic mimeType="image/jpeg" url="VGM001000284_02_nLt.jpg" height="50px" rend="thumbnail"/><graphic mimeType="image/png" url="VGM001000284_02_nLf.png" width="380px" rend="facstab"/></zone>
<zone xml:id="zone-pb-2v-7">
<graphic mimeType="image/tiff" url="VGM001000284_02_nR.tif" rend="norend"/><graphic mimeType="image/jpeg" url="VGM001000284_02_nRt.jpg" height="50px" rend="thumbnail"/><graphic mimeType="image/png" url="VGM001000284_02_nRf.png" width="380px" rend="facstab"/></zone>
</surface>
<surface n="b 0238 c" xml:id="surf-pb-3r"><graphic mimeType="image/tiff" url="VGM001000285_01.TIF" rend="norend"/><graphic mimeType="image/tiff" url="VGM001000285_01_n.tif" rend="norend"/><graphic mimeType="image/jpeg" url="VGM001000285_01_nt.jpg" height="50px" rend="thumbnail"/><zone xml:id="zone-pb-3r-9">
<graphic mimeType="image/tiff" url="VGM001000285_01_nR.tif" rend="norend"/><graphic mimeType="image/jpeg" url="VGM001000285_01_nRt.jpg" height="50px" rend="thumbnail"/><graphic mimeType="image/png" url="VGM001000285_01_nRf.png" width="380px" rend="facstab"/></zone>
<zone xml:id="zone-pb-3r-12">
<graphic mimeType="image/tiff" url="VGM001000285_01_nL.tif" rend="norend"/><graphic mimeType="image/jpeg" url="VGM001000285_01_nLt.jpg" height="50px" rend="thumbnail"/><graphic mimeType="image/png" url="VGM001000285_01_nLf.png" width="380px" rend="facstab"/></zone>
</surface>
<surface n="b 0238 c" xml:id="surf-pb-3v"><graphic mimeType="image/tiff" url="VGM001000285_02.TIF" rend="norend"/><graphic mimeType="image/tiff" url="VGM001000285_02_n.tif" rend="norend"/><graphic mimeType="image/jpeg" url="VGM001000285_02_nt.jpg" height="50px" rend="thumbnail"/><zone xml:id="zone-pb-3v-10">
<graphic mimeType="image/tiff" url="VGM001000285_02_nL.tif" rend="norend"/><graphic mimeType="image/jpeg" url="VGM001000285_02_nLt.jpg" height="50px" rend="thumbnail"/><graphic mimeType="image/png" url="VGM001000285_02_nLf.png" width="380px" rend="facstab"/></zone>
<zone xml:id="zone-pb-3v-11">
<graphic mimeType="image/tiff" url="VGM001000285_02_nR.tif" rend="norend"/><graphic mimeType="image/jpeg" url="VGM001000285_02_nRt.jpg" height="50px" rend="thumbnail"/><graphic mimeType="image/png" url="VGM001000285_02_nRf.png" width="380px" rend="facstab"/></zone>
</surface></facsimile><text xmlns:xsi="http://www.w3.org/2001/XMLSchema-instance"><body>
<div type="original">
<pb f="1r" n="1" xml:id="pb-orig-1r-1" facs="#zone-pb-1r-1"/><lb n="1" xml:id="l-1"/>
<ab>Dinsdag morgen.</ab>
<vg:whiteline/><lb n="2" xml:id="l-2"/>
<ab>Waarde Theo,</ab><lb n="3" xml:id="l-3"/>
<ab>Ik heb U ditmaal iets te vertellen om<c type="shy">-</c><lb n="4" xml:id="l-4"/>trent een bezoek van den Heer Tersteeg. <lb n="5" xml:id="l-5"/>Deze kwam van morgen hier – en zag Sien <lb n="6" xml:id="l-6"/>en de kinderen. Ik had wel gewenscht <lb n="7" xml:id="l-7"/>dat hij ten minste een vriendelijk gezigt <lb n="8" xml:id="l-8"/>had gezet tegen een jong moedertje <lb n="9" xml:id="l-9"/>dat 14 dagen kraams is. Maar ook dat <lb n="10" xml:id="l-10"/>scheen er niet op te kunnen overschieten. <lb n="11" xml:id="l-11"/>Waarde Theo<c type="kk">/</c> tegen mij heeft hij gesproken <lb n="12" xml:id="l-12"/>op een manier die gij U mogelijk begrijpen <lb n="13" xml:id="l-13"/>kunt:</ab><lb n="14" xml:id="l-14"/>
<ab rend="indent">Wat beteekenden die vrouw en dat kind? <lb n="15" xml:id="l-15"/>Hoe kwam het mij in ’t hoofd er aan <lb n="16" xml:id="l-16"/>te denken met een vrouw te gaan leven <lb n="17" xml:id="l-17"/>&amp; kinderen bovendien?</ab><lb n="18" xml:id="l-18"/>
<ab rend="indent">Was het niet even bespottelijk als dat <lb n="19" xml:id="l-19"/>ik met een eigen equipage door de <lb n="20" xml:id="l-20"/>stad ging rijden. Waarop ik geantwoord heb<c type="kk">/</c> <lb n="21" xml:id="l-21"/>zeer zeker was ’t een geheel ander geval.</ab><lb n="22" xml:id="l-22"/>
<ab rend="indent">Scheelde het mij in het hoofd? Het was <lb n="23" xml:id="l-23"/>zeker iets dat uit een ziekelijk hoofd <lb n="24" xml:id="l-24"/>en gestel voortkwam.</ab><lb n="25" xml:id="l-25"/>
<ab rend="indent">Ik heb hem gezegd dat ik nog pas van <lb n="26" xml:id="l-26"/>meer competente personen dan hij<c type="kk">/</c> n.l. <lb n="27" xml:id="l-27"/>dokters uit ’t gasthuis<c type="kk">/</c> zoowel omtrent <lb n="28" xml:id="l-28"/>mijn gestel als de kracht van mijn hoofd <lb n="29" xml:id="l-29"/>om inspanning te kunnen volhouden volkomen <lb n="30" xml:id="l-30"/>gerustgesteld was.</ab>
<pb f="1v" n="2" xml:id="pb-orig-1v-2" facs="#zone-pb-1v-2"/><lb n="31" xml:id="l-31"/>
<ab rend="indent">Zoo is hij van ’t een op ’t ander gesprongen<c type="kk">/</c> <lb n="32" xml:id="l-32"/>haalde er mijn Vader en<c type="kk">/</c> verbeeld U<c type="kk">/</c> <lb n="33" xml:id="l-33"/><hi rend="ital">mijn Oom van Prinsenhage</hi>!!!<anchor n="1" xml:id="note-o-1"/> bij<c type="kp">_</c> <lb n="34" xml:id="l-34"/>Zou er zich mee bemoeien. Zou schrijven.</ab><lb n="35" xml:id="l-35"/>
<ab rend="indent">Waarde Theo – ter wille van de vrouw<c type="kk">/</c> <lb n="36" xml:id="l-36"/>ter wille van mij zelf heb ik mij <lb n="37" xml:id="l-37"/>zeer ingehouden<c type="kk">/</c> ik ben niet driftig <lb n="38" xml:id="l-38"/>geworden – ik heb op zijn mijns inziens <lb n="39" xml:id="l-39"/>al te indiscrete vragen kortaf en droog <lb n="40" xml:id="l-40"/>geantwoord<c type="kk">/</c> misschien wat al te zacht <lb n="41" xml:id="l-41"/>maar ik prefereerde in al te zacht te <lb n="42" xml:id="l-42"/>vervallen boven mij misschien driftig te <lb n="43" xml:id="l-43"/>maken. Langzamerhand is hij wat <lb n="44" xml:id="l-44"/>bedaard. Ik vroeg hem of ’t niet wat <lb n="45" xml:id="l-45"/>bespottelijk zou zijn als zij t’huis een <lb n="46" xml:id="l-46"/>brief op hooge pooten van hem ontvingen <lb n="47" xml:id="l-47"/>en erna een vriendelijk verzoek van <lb n="48" xml:id="l-48"/>mij om op mijn kosten een reisje naar <lb n="49" xml:id="l-49"/>mij te maken om te spreken over die <lb n="50" xml:id="l-50"/>zelfde zaak. Dit had effekt in zoo ver <lb n="51" xml:id="l-51"/>dat hij opkeek<c type="kk">/</c> zou ik dan zelf schrijven? <lb n="52" xml:id="l-52"/>Vraagt U dat? zei ik, natuurlijk – maar <lb n="53" xml:id="l-53"/>nu zult U toegeven ’t een weinig geschikt <lb n="54" xml:id="l-54"/>moment is daar zij ’thuis in verhuisdrukte <lb n="55" xml:id="l-55"/>zitten<anchor n="2" xml:id="note-o-2"/> en daar de vrouw zóó is dat de <lb n="56" xml:id="l-56"/>minste emotie haar eene verzakking <lb n="57" xml:id="l-57"/>die nooit meer teregt zou komen veroorzaken <lb n="58" xml:id="l-58"/>kan<c type="kp">_</c>– Nu haar emotie geven van angst<c type="kk">/</c> <lb n="59" xml:id="l-59"/>spanning<c type="kk">/</c> zenuwachtigheid<c type="kk">/</c> is een moord. 
<pb f="1v" n="3" xml:id="pb-orig-1v-3" facs="#zone-pb-1v-3"/><lb n="60" xml:id="l-60"/>O dan zou hij natuurlijk niet schrijven<c type="kk">/</c> <lb n="61" xml:id="l-61"/>en toch weer op nieuw sprak hij van<c type="kk">/</c> <lb n="62" xml:id="l-62"/>ik was zoo dwaas als iemand die in ’t water <lb n="63" xml:id="l-63"/>wou springen en hij wilde mij daarvan <lb n="64" xml:id="l-64"/>terug houden. Ik zei dat ik niet twijfelde <lb n="65" xml:id="l-65"/>aan zijn goede intentie en dat ik <lb n="66" xml:id="l-66"/>daarom trachtte niet driftig te worden om <lb n="67" xml:id="l-67"/>zijn woorden hoewel een zoodanig gesprek <lb n="68" xml:id="l-68"/>mij zeer onaangenaam was.</ab><lb n="69" xml:id="l-69"/>
<ab rend="indent">En eindelijk omdat ik toonde bepaald het gesprek te <lb n="70" xml:id="l-70"/>willen coupeeren is hij vertrokken.</ab><lb n="71" xml:id="l-71"/>
<ab rend="indent">Ik schrijf het U direkt. Ik heb hem gezegd <lb n="72" xml:id="l-72"/>dat ik er met U over schreef<c type="kk">/</c> meer <lb n="73" xml:id="l-73"/>niet. Dit deed hem ook wat bedaren<c type="kp">_</c>–</ab><lb n="74" xml:id="l-74"/>
<ab rend="indent">Gij weet ik wil het niet verbergen doch <lb n="75" xml:id="l-75"/>voor Sien<c type="kk">/</c> voor het kleine kindje<c type="kk">/</c> ook <lb n="76" xml:id="l-76"/>voor mij is het wenschelijk zulke scènes <lb n="77" xml:id="l-77"/>niet meer gebeuren<c type="kp">_</c> De vrouw te veront<c type="shy">-</c><lb n="78" xml:id="l-78"/>rusten is haar een <hi rend="ital">harden slag</hi> geven<c type="kp">_</c> <lb n="79" xml:id="l-79"/>Ik kan dit niet genoeg zeggen. Zij is wel<c type="kk">/</c> <lb n="80" xml:id="l-80"/>maar zwak en zeer gevoelig. Een kleinigheid <lb n="81" xml:id="l-81"/>kan haar zog bederven en nog veel erger <lb n="82" xml:id="l-82"/>dingen te weeg brengen<c type="kk">/</c> de eerste zes <lb n="83" xml:id="l-83"/>weken althans.</ab><lb n="84" xml:id="l-84"/>
<ab rend="indent">Ik trachtte het nog op de teekeningen te brengen <lb n="85" xml:id="l-85"/>maar hij keek slechts even rond<c type="kk">/</c> o dat zijn <lb n="86" xml:id="l-86"/>de ouden<c type="kp">_</c>– Er waren nieuwe bij maar <lb n="87" xml:id="l-87"/>die scheen hij niet te zien – nu<c type="kk">/</c> gij weet de <lb n="88" xml:id="l-88"/>meeste laatsten zijn bij U, of C.M<c type="kp">_</c> heeft <lb n="89" xml:id="l-89"/>er nog &amp;c. In alles was hij overhaast<c type="kp">_</c></ab><lb n="90" xml:id="l-90"/>
<ab rend="indent">een ding staat slechts vast<c type="kk">/</c> ik ben al wat <lb n="91" xml:id="l-91"/>gek en verkeerd is. Ik vraag U<c type="kk">/</c> hoe is <lb n="92" xml:id="l-92"/>het mogelijk op zoo’n manier met iemand te <lb n="93" xml:id="l-93"/>spreken en waar kan het goed voor zijn.</ab>
<pb f="1r" n="4" xml:id="pb-orig-1r-4" facs="#zone-pb-1r-4"/><lb n="94" xml:id="l-94"/>
<ab rend="indent">Dat is juist wat ik vrees<c type="kk">/</c> een onsympathieke<c type="kk">/</c> <lb n="95" xml:id="l-95"/>meesterachtige<c type="kk">/</c> weinig fijngevoelige en discreete <lb n="96" xml:id="l-96"/>inmenging in mijn meest intieme en <lb n="97" xml:id="l-97"/>privé zaken. Geen man kan daar kalm <lb n="98" xml:id="l-98"/>onder blijven. Ofschoon dus ik mij niet driftig <lb n="99" xml:id="l-99"/>gemaakt heb neem ik het den Heer Tersteeg <lb n="100" xml:id="l-100"/>hoogst kwalijk en ik wil niets met hem <lb n="101" xml:id="l-101"/>te maken hebben en hem niet meer te woord <lb n="102" xml:id="l-102"/>staan zoolang hij in die politieagentstemming <lb n="103" xml:id="l-103"/>is. Ik schrijf er U direkt over. Ik reken <lb n="104" xml:id="l-104"/>hem in staat allerlei miseres in ’t leven <lb n="105" xml:id="l-105"/>te roepen door zijn ontijdige inmenging <lb n="106" xml:id="l-106"/>thuis en te Prinsenhage (en Prinsenhage heeft <lb n="107" xml:id="l-107"/>er niets<c type="kk">/</c> absoluut niets mee te maken) onrust <lb n="108" xml:id="l-108"/>te verwekken en de boel van streek te maken. <lb n="109" xml:id="l-109"/><hi rend="ital">Is dit niet te stoppen</hi>???</ab><lb n="110" xml:id="l-110"/>
<ab rend="indent">Het is nu wel met ’thuis en ziedaar<c type="kk">/</c> wie weet <lb n="111" xml:id="l-111"/>of hij niet weer alles bederft.</ab><lb n="112" xml:id="l-112"/>
<ab rend="indent">Zoo spoedig mogelijk wil ik zelf schrijven, <lb n="113" xml:id="l-113"/>maar wat is het beroerd van Tersteeg om <lb n="114" xml:id="l-114"/>zoo te duveljagen<c type="kp">_</c>– En wie – een <lb n="115" xml:id="l-115"/>arme zwakke vrouw<c type="kk">/</c> 14 daag kraams<c type="kp">_</c>–</ab><lb n="116" xml:id="l-116"/>
<ab rend="indent">Neen – ik vind het leelijk – maar dat <lb n="117" xml:id="l-117"/>voelt hij niet en ’t is bij hem altijd <lb n="118" xml:id="l-118"/>en eeuwig dat eene ding <hi rend="ital">geld</hi><c type="kp">_</c> <lb n="119" xml:id="l-119"/>Een anderen <hi rend="ital">God</hi> heeft hij niet schijnt het<c type="kk">/</c> <lb n="120" xml:id="l-120"/>ik voor mij gevoel dat voor vrouwen<c type="kk">/</c> kinderen<c type="kk">/</c> <lb n="121" xml:id="l-121"/>zwakken<c type="kk">/</c> men zacht en goed moet zijn <lb n="122" xml:id="l-122"/>en ik heb daar tegenover een soort respect <lb n="123" xml:id="l-123"/>en emotie.</ab>
<pb f="2r" n="5" xml:id="pb-orig-2r-5" facs="#zone-pb-2r-5"/><lb n="124" xml:id="l-124"/>
<ab rend="indent">Hij had dan nog een schimpscheut – ik zou <lb n="125" xml:id="l-125"/>die vrouw ongelukkig maken – &amp;c. Ik zei<c type="kk">/</c> <lb n="126" xml:id="l-126"/>hij was niet in staat dit nu te beoordeelen <lb n="127" xml:id="l-127"/>en ik verzocht hem zoo iets niet meer te zeggen. <lb n="128" xml:id="l-128"/>Sien heeft mij lief en ik heb Sien lief<c type="kk">/</c> <lb n="129" xml:id="l-129"/>wij willen en kunnen leven zamen met ons beiden van <lb n="130" xml:id="l-130"/>’t geen ik anders alleen zou hebben – ons <lb n="131" xml:id="l-131"/>bekrimpen en zuinig zijn in alle opzigten <lb n="132" xml:id="l-132"/>en zooveel mogelijk<c type="kk">/</c> gij weet genoeg hoe ik <lb n="133" xml:id="l-133"/>U hierover sprak.</ab><lb n="134" xml:id="l-134"/>
<ab rend="indent">Ik kan U niet genoeg zeggen broer, <lb n="135" xml:id="l-135"/>hoe mijn heele toekomst er van afhangt. <lb n="136" xml:id="l-136"/>Een mensch kan er boven op komen <lb n="137" xml:id="l-137"/>voor een keer als hij gefnuikt wordt en <lb n="138" xml:id="l-138"/>gekrenkt in liefde en in zijn zaken en <lb n="139" xml:id="l-139"/>plannen. Maar dat moet niet te dikwijls <lb n="140" xml:id="l-140"/>gebeuren. En nu<c type="kk">/</c> ik ben hersteld <lb n="141" xml:id="l-141"/>of aan het herstellen naar ligchaam en <lb n="142" xml:id="l-142"/>ziel en Sien ook doch het zou fataal <lb n="143" xml:id="l-143"/>kunnen zijn als op nieuw om zoo <lb n="144" xml:id="l-144"/>te zeggen ons den kop werd ingeslagen. <lb n="145" xml:id="l-145"/>Denk hier dus eens over na en tracht <lb n="146" xml:id="l-146"/>als gij er iets aan doen kunt te voor<c type="shy">-</c><lb n="147" xml:id="l-147"/>komen dat ik door Tersteeg of door <lb n="148" xml:id="l-148"/>andere personen te veel tegengewerkt wordt. <lb n="149" xml:id="l-149"/>Ik zelf ben eigentlijk nu nog niet zoo <lb n="150" xml:id="l-150"/>dat ik mij verdedigen kan als ware ik <lb n="151" xml:id="l-151"/>in mijn gewone doen. Zachtjes<c type="kk">/</c> <lb n="152" xml:id="l-152"/>heel zachtjes aan moet ik weer in <lb n="153" xml:id="l-153"/>mijn werk mij verdiepen maar ik 
<pb f="2v" n="6" xml:id="pb-orig-2v-6" facs="#zone-pb-2v-6"/><lb n="154" xml:id="l-154"/>kan werkelijk nog niet tegen zulke bezoeken <lb n="155" xml:id="l-155"/>als dat van dezen morgen.</ab><lb n="156" xml:id="l-156"/>
<ab rend="indent">Gij weet van de zaak ten minste meer dan <lb n="157" xml:id="l-157"/>Tersteeg maar gij kent Sien nog te <lb n="158" xml:id="l-158"/>weinig om te weten hoe veel wij van elkaar <lb n="159" xml:id="l-159"/>houden en hoe goed wij het met elkaar kunnen <lb n="160" xml:id="l-160"/>vinden.</ab><lb n="161" xml:id="l-161"/>
<ab rend="indent">Als Tersteeg zijn zin had en meer anderen<c type="kk">/</c> <lb n="162" xml:id="l-162"/>dan zouden zij natuurlijk Sien en mij <lb n="163" xml:id="l-163"/>van elkaar scheuren.</ab><lb n="164" xml:id="l-164"/>
<ab rend="indent">Daar is het hem om te doen en zij <lb n="165" xml:id="l-165"/>zouden geen geweld ontzien.</ab><lb n="166" xml:id="l-166"/>
<ab rend="indent">Het hangt er van af of wij het maandgeld <lb n="167" xml:id="l-167"/>van U hebben om bij elkaar te blijven.</ab><lb n="168" xml:id="l-168"/>
<ab rend="indent">Ik voor mij weiger het maandgeld <lb n="169" xml:id="l-169"/>van U zoodra gij U stellen zoudt op het <lb n="170" xml:id="l-170"/>standpunt van Tersteeg. Ik wil Sien <lb n="171" xml:id="l-171"/>niet in den steek laten. Als ik haar niet <lb n="172" xml:id="l-172"/>heb dan ben ik gebroken en dan zou <lb n="173" xml:id="l-173"/>ik ook gebroken zijn in mijn werk en <lb n="174" xml:id="l-174"/>in alles. Dan zou ik er nooit bovenop <lb n="175" xml:id="l-175"/>komen en<c type="kk">/</c> U niet tot kosten of last meer <lb n="176" xml:id="l-176"/>willende zijn<c type="kk">/</c> maar U zeggen: Theo ik ben een <lb n="177" xml:id="l-177"/>gebroken man en alles is naar de maan<c type="kk">/</c> <lb n="178" xml:id="l-178"/>het is nutteloos dat gij mij langer helpt<c type="kp">_</c></ab>
<pb f="2v" n="7" xml:id="pb-orig-2v-7" facs="#zone-pb-2v-7"/><lb n="179" xml:id="l-179"/>
<ab rend="indent"><hi rend="ital">Met de vrouw blijvende</hi> ben ik goedsmoeds <lb n="180" xml:id="l-180"/>en dan zeg ik: het maandgeld van U <lb n="181" xml:id="l-181"/>zal een flink schilder van mij maken<c type="kp">_</c> <lb n="182" xml:id="l-182"/>Met Sien wil ik werken met alle kracht en <lb n="183" xml:id="l-183"/>inspanning maar zonder haar geef ik het op.</ab><lb n="184" xml:id="l-184"/>
<ab rend="indent">Zoo staat het dus.– Zoo dikwijls hebt <lb n="185" xml:id="l-185"/>gij mij getoond mij beter te begrijpen en <lb n="186" xml:id="l-186"/>oneindig beter te behandelen dan anderen. <lb n="187" xml:id="l-187"/>Ik hoop dat ook ditmaal dit zoo blijven zal. <lb n="188" xml:id="l-188"/>Er is tusschen U en tusschen mij werkelijk <lb n="189" xml:id="l-189"/>sympathie in veel dingen en het <lb n="190" xml:id="l-190"/>komt mij voor Theo<c type="kk">/</c> dat al Uw moeite <lb n="191" xml:id="l-191"/>en al mijn moeite niet te vergeefsch <lb n="192" xml:id="l-192"/>zullen zijn. Steeds zijt gij mij blijven <lb n="193" xml:id="l-193"/>helpen<c type="kk">/</c> steeds ben ik ook blijven werken <lb n="194" xml:id="l-194"/>en voel nu terwijl ik beter wordt nieuwe <lb n="195" xml:id="l-195"/>krachten zich ontwikkelen. Zie<c type="kk">/</c> dat wat <lb n="196" xml:id="l-196"/>er is tusschen U en mij is geloof ik serieuser <lb n="197" xml:id="l-197"/>dan het standje van Tersteeg en kan <lb n="198" xml:id="l-198"/>door zijn inmenging of de inmenging <lb n="199" xml:id="l-199"/>van anderen niet bedorven worden. <lb n="200" xml:id="l-200"/>Toch moeten we ter wille van <lb n="201" xml:id="l-201"/>orde en vrede die inmenging bedaard <lb n="202" xml:id="l-202"/>zien te stoppen. Alleen neem mij niet <lb n="203" xml:id="l-203"/>kwalijk dat ik er wat door van streek ben. <lb n="204" xml:id="l-204"/>Het is voor de vrouw en mij het eerste <lb n="205" xml:id="l-205"/>beroerde uurtje geweest sedert wij uit het gasthuis <lb n="206" xml:id="l-206"/>zijn.</ab>
<pb f="2r" n="8" xml:id="pb-orig-2r-8" facs="#zone-pb-2r-8"/><lb n="207" xml:id="l-207"/>
<ab rend="indent">Als gij het goedvindt trekken wij het ons echter <lb n="208" xml:id="l-208"/>verder niet aan en laten er ons niet door van streek <lb n="209" xml:id="l-209"/>brengen.</ab><lb n="210" xml:id="l-210"/>
<ab rend="indent">Schrijf ons echter eens spoedig, want ik heb groote <lb n="211" xml:id="l-211"/>behoefte aan een brief van U. Ik wil niet <lb n="212" xml:id="l-212"/>dat mijn hoofd vol wordt van onrust en zorg omdat van <lb n="213" xml:id="l-213"/>kalm blijven mijn beter worden afhangt.</ab><lb n="214" xml:id="l-214"/>
<ab rend="indent">Het gaat mij anders wel<c type="kk">/</c> de vrouw en het kind <lb n="215" xml:id="l-215"/>zijn zóó lief<c type="kk">/</c> zoo goed en stil dat men er <lb n="216" xml:id="l-216"/>wel van opfleuren moet. Alleen Sien veranderde <lb n="217" xml:id="l-217"/>als een blad van een boom toen ze Tersteeg hoorde <lb n="218" xml:id="l-218"/>praten – en ik zelf ook.</ab><lb n="219" xml:id="l-219"/>
<ab rend="indent">Ik heb den dokter<anchor n="3" xml:id="note-o-3"/> weer eens gesproken en heb <lb n="220" xml:id="l-220"/>weer wat om in te nemen<c type="kk">/</c> juist om de herstelling <lb n="221" xml:id="l-221"/>nog zoo mogelijk te bespoedigen. Het wateren <lb n="222" xml:id="l-222"/>blijft god dank goed gaan. Een paar dagen <lb n="223" xml:id="l-223"/>bijna normaal. En ik sterk aan ook<c type="kk">/</c> de binnenkoorts<anchor n="a" xml:id="note-o-a"/> wordt <lb n="223a" xml:id="l-223a"/>minder.</ab><lb n="224" xml:id="l-224"/>
<ab rend="indent">Nu – ik wilde om reden van Tersteeg <lb n="225" xml:id="l-225"/>mijn brief aan Pa en Moe wel wat bespoedigen <lb n="226" xml:id="l-226"/>ofschoon later mijns inziens te prefereeren ware. <lb n="227" xml:id="l-227"/>Zoodra gij omstreeks den twintigsten wat <lb n="228" xml:id="l-228"/>zult gezonden hebben zal ik schrijven <lb n="229" xml:id="l-229"/>maar liever had ik gewacht tot zij <lb n="230" xml:id="l-230"/>hun verhuizing achter den rug hadden en de <lb n="231" xml:id="l-231"/>vrouw ware aangesterkt<c type="kp">_</c> En ook nu zou <lb n="232" xml:id="l-232"/>ik veel<c type="kk">/</c> veel beter vinden tot dan te <lb n="233" xml:id="l-233"/>wachten<c type="kk">/</c> alleen Tersteeg zou me <lb n="234" xml:id="l-234"/>misschien vóór zijn<c type="kp">_</c> Het reisgeld voor <lb n="235" xml:id="l-235"/>Pa er bij te sturen is een teeken van mijn stemming geloof <lb n="236" xml:id="l-236"/>ik<c type="kk">/</c> en een attentie waaruit zij hoop ik zullen begrijpen <lb n="237" xml:id="l-237"/>dat ik hun apprecieer.</ab>
<pb f="3r" n="9" xml:id="pb-orig-3r-9" facs="#zone-pb-3r-9"/><lb n="238" xml:id="l-238"/>
<ab rend="indent">Schrijf dus spoedig en mogt dit <lb n="239" xml:id="l-239"/>een en ander reden zijn, broer, dat <lb n="240" xml:id="l-240"/>wij sterker aan elkaar hechten en <lb n="241" xml:id="l-241"/>meer elkaar begrijpen &amp; vertrouwen <lb n="242" xml:id="l-242"/>inplaats van door inmengingen van <lb n="243" xml:id="l-243"/>Tersteeg of wie dan ook ons van elkaar te <lb n="244" xml:id="l-244"/>laten brengen<c type="kk">/</c> dan betreur ik de <lb n="245" xml:id="l-245"/>onaangenaamheid van dezen morgen niet. <lb n="246" xml:id="l-246"/>Nog eens<c type="kk">/</c> ik heb de pretentie niet om <lb n="247" xml:id="l-247"/>stand te voeren of het goed te moeten <lb n="248" xml:id="l-248"/>hebben. Het allernoodigste voor de vrouw <lb n="249" xml:id="l-249"/>zijn alle kosten die ze meebrengt en die moeten <lb n="250" xml:id="l-250"/>gevonden worden <hi rend="ital">niet door meer te ontvangen</hi> <lb n="251" xml:id="l-251"/>maar <hi rend="ital">door ons te behelpen.</hi> Dit behelpen <lb n="252" xml:id="l-252"/>is haar en mij om reden van de liefde tusschen <lb n="253" xml:id="l-253"/>ons niet een last maar een feest om <lb n="254" xml:id="l-254"/>zoo te zeggen. Het gevoel van <lb n="255" xml:id="l-255"/>beter worden doortintelt haar en <lb n="256" xml:id="l-256"/>mij, het verlangen om weer binnen <lb n="257" xml:id="l-257"/>heel korten tijd aan ’t werk te zijn <lb n="258" xml:id="l-258"/>en er heel &amp; al in op te gaan.</ab><lb n="259" xml:id="l-259"/>
<ab rend="indent">Zij is een heel<c type="kk">/</c> heel lief moedertje<c type="kk">/</c> <lb n="260" xml:id="l-260"/>zoo eenvoudig<c type="kk">/</c> zoo touchant – als men maar <lb n="261" xml:id="l-261"/>eenmaal haar kent. Er kwam echter een <lb n="262" xml:id="l-262"/>leelijke trek van pijn of ik weet niet wat in haar <lb n="263" xml:id="l-263"/>toen ze Tersteeg met mij hoorde praten en eenige <lb n="264" xml:id="l-264"/>woorden opving. Het kan wel zijn Tersteeg zoo <lb n="265" xml:id="l-265"/>was omdat hij er niet op verdacht was – <lb n="266" xml:id="l-266"/>toch kan ik ’t niet aardig vinden of <lb n="267" xml:id="l-267"/>geheel excuseeren.</ab>
<pb f="3v" n="10" xml:id="pb-orig-3v-10" facs="#zone-pb-3v-10"/><lb n="268" xml:id="l-268"/>
<ab rend="indent">Wat hij ook zij voor anderen – ik wil ook nu graag <lb n="269" xml:id="l-269"/>gelooven hij eigentlijk beter is – voor mij is hij onuitstaanbaar<c type="kp">_</c> <lb n="270" xml:id="l-270"/>Als Tersteeg zijn zin kon doen was ik ongelukkig <lb n="271" xml:id="l-271"/>en een verloren man – Sien zou hij geloof ik met groote <lb n="272" xml:id="l-272"/>koelbloedigheid zien verzuipen of zoo iets<c type="kk">/</c> en zeggen het <lb n="273" xml:id="l-273"/>heilzaam was voor de beschaafde maatschappij.</ab><lb n="274" xml:id="l-274"/>
<ab rend="indent">Als ik er dan maar bij verzuip laat het mij vrij koel<c type="kp">_</c> <lb n="275" xml:id="l-275"/>Maar dat haar leven en mijn leven één is hebben <lb n="276" xml:id="l-276"/>we genoeg gevoeld toen we elkaar bij het wiegje van <lb n="277" xml:id="l-277"/>’t kindje in ’t gasthuis weer zagen.</ab><lb n="278" xml:id="l-278"/>
<ab rend="indent">Hallo broer! maar ik moet niet in die <lb n="279" xml:id="l-279"/>dingen vervallen. Gezonder is het kalm <lb n="280" xml:id="l-280"/>te blijven denken aan werken &amp; beter worden, <lb n="281" xml:id="l-281"/>en stilletjes dag bij dag te leven<c type="kp">_</c></ab><lb n="282" xml:id="l-282"/>
<ab rend="indent">Toch bestaat er tusschen Sien en mij <lb n="283" xml:id="l-283"/>een afspraak voor het uiterste geval dat <lb n="284" xml:id="l-284"/>men tegen ons geweld zou gebruiken. <lb n="285" xml:id="l-285"/>die is dat als wij niet leven kunnen met <lb n="286" xml:id="l-286"/>elkaar wij zamen ten minste emigreeren <lb n="287" xml:id="l-287"/>kunnen. Dat is 10 tegen één een gewissen <lb n="288" xml:id="l-288"/>dood als men geen geld heeft en niet sterk is maar wij zouden dat prefereeren boven <lb n="289" xml:id="l-289"/>van elkander scheiden.</ab><lb n="290" xml:id="l-290"/>
<ab rend="indent"><hi rend="ital">Tusschen haar &amp; mij bestaat liefde en</hi> <lb n="291" xml:id="l-291"/><hi rend="ital">tusschen haar en mij zijn beloften van</hi> <lb n="292" xml:id="l-292"/><hi rend="ital">wederkeerige trouw</hi>.</ab><lb n="293" xml:id="l-293"/>
<ab rend="indent">Hieraan, Theo, mogen menschen niet <lb n="294" xml:id="l-294"/>tornen want dat is het heiligste wat er in <lb n="295" xml:id="l-295"/>’t leven is.</ab><lb n="296" xml:id="l-296"/>
<ab rend="indent">Haar verlangen &amp; ’t mijne is dat de <lb n="297" xml:id="l-297"/>zaken geen dramatischen keer zullen 
<pb f="3v" n="11" xml:id="pb-orig-3v-11" facs="#zone-pb-3v-11"/><lb n="298" xml:id="l-298"/>nemen; wij zijn te vol nieuwen levenslust<c type="kk">/</c> <lb n="299" xml:id="l-299"/>te vol verlangen om te werken en te ploeteren <lb n="300" xml:id="l-300"/>dan dat we niet alles zouden doen om extrêmes <lb n="301" xml:id="l-301"/>te vermijden.</ab><lb n="302" xml:id="l-302"/>
<ab rend="indent">Doch als er veel menschen – vooral gij – in <lb n="303" xml:id="l-303"/>een stemming als die van Tersteeg waren jegens <lb n="304" xml:id="l-304"/>ons<c type="kk">/</c> ware het niet te houden en dan <lb n="305" xml:id="l-305"/>zou het wel treurig moeten afloopen. <lb n="306" xml:id="l-306"/>Blijft het rustig dan strijden wij onzen <lb n="307" xml:id="l-307"/>strijd hier door te werken en dat is <lb n="308" xml:id="l-308"/>wel maar alledaagsch en gewoon doch <lb n="309" xml:id="l-309"/>ook niet makkelijk en hoort er moed toe en <lb n="310" xml:id="l-310"/>energie om het krachtig aan te vatten en vol te houden<c type="kp">_</c> <lb n="311" xml:id="l-311"/>Den heelen winter zijn wij doorgekomen en <lb n="312" xml:id="l-312"/>met Gods hulp zullen we wel nog wat verder <lb n="313" xml:id="l-313"/>komen.</ab><lb n="314" xml:id="l-314"/>
<ab rend="indent">Ik zeg met Gods hulp omdat ik behalve <lb n="315" xml:id="l-315"/>U zelf ook God dankbaar ben voor de hulp <lb n="316" xml:id="l-316"/>die ik van U ontving en nog ontvang.</ab><lb n="317" xml:id="l-317"/>
<ab rend="indent">Tersteeg is een energiek man maar ik <lb n="318" xml:id="l-318"/>hoop dat hij zijn energie niet zal besteden <lb n="319" xml:id="l-319"/>om Sien en mij te vervolgen of zoo. Misschien <lb n="320" xml:id="l-320"/>zal hij van zelf wel inzien hij niet verpligt <lb n="321" xml:id="l-321"/>is zich er in te mengen en stilletjes er buiten <lb n="322" xml:id="l-322"/>blijven<c type="kp">_</c> Hij geeft toch niet om mij<c type="kk">/</c> ik <lb n="323" xml:id="l-323"/>ben hem eigentlijk geheel onverschillig doch <lb n="324" xml:id="l-324"/>hij doet het omdat hij denkt hij Oom Cent of <lb n="325" xml:id="l-325"/>Pa er aangenaam mee is of dienst mee doet. <lb n="326" xml:id="l-326"/>Mijn belang<c type="kk">/</c> mijn gevoelens spaart of ontziet hij <lb n="327" xml:id="l-327"/>niet in ’t minst. Hij komt hier binnen – <lb n="328" xml:id="l-328"/>neemt de vrouw die ’t kindje de borst geeft op met een <lb n="329" xml:id="l-329"/>paar oogen dat zij in elkaar krimpt en zonder één vriendelijk <lb n="330" xml:id="l-330"/>woord tegen haar – (wat men tegen een moedertje toch <lb n="331" xml:id="l-331"/>alligt zegt al kent men ze niet) – zegt hij tegen mij 
<pb f="3r" n="12" xml:id="pb-orig-3r-12" facs="#zone-pb-3r-12"/><lb n="332" xml:id="l-332"/>“is dat je model of is ’t wat anders”? Zie dat is <lb n="333" xml:id="l-333"/>toch niet humaan en niet fijngevoelig<c type="kp">_</c>–</ab><lb n="334" xml:id="l-334"/>
<ab rend="indent">Ben ik niet altijd beleefd tegen mannen<c type="kk">/</c> ’k zou <lb n="335" xml:id="l-335"/>me toch in acht nemen tegen over een zwak vrouwtje<c type="kp">_</c> <lb n="336" xml:id="l-336"/>Over teekeningen<c type="kk">/</c> over ’t atelier &amp;c<c type="kp">_</c> zegt hij niets<c type="kk">/</c> neen <lb n="337" xml:id="l-337"/>maar wel over mijn Oom te Prinsenhage <lb n="338" xml:id="l-338"/>die me niets schelen kan<c type="kk">/</c> met wie ik geen zaken <lb n="339" xml:id="l-339"/>heb<c type="kp">_</c>– En over mijn vader – al dadelijk a priori <lb n="340" xml:id="l-340"/>aan nemende dat ik op slechten voet met hem sta <lb n="341" xml:id="l-341"/>terwijl het al lang aan ’t beteren is.</ab><lb n="342" xml:id="l-342"/>
<ab rend="indent">Nu genoeg – doch kerel<c type="kk">/</c> schrijf me <lb n="343" xml:id="l-343"/>spoedig want ik verzeker U dat een hartelijken <lb n="344" xml:id="l-344"/>brief van U me meer vooruithelpt dan mijn pillen &amp;c. <lb n="345" xml:id="l-345"/>Wat mijn gestel betreft – Tersteeg is mijn dokter <lb n="346" xml:id="l-346"/>niet en begrijpt mijn gestel ook volstrekt niet – als ik <lb n="347" xml:id="l-347"/>daaromtrent inlichting noodig heb zal ik ’t mijn eigen <lb n="348" xml:id="l-348"/>dokter vragen maar met hem verkies ik er nooit meer <lb n="349" xml:id="l-349"/>over te spreken. Maar zeer zeker is het dat weinig dingen <lb n="350" xml:id="l-350"/>’t zij de vrouw ’t zij mij meer kwaad kunnen dan <lb n="351" xml:id="l-351"/>dergelijke bezoeken als dat van daar even. Die te vermijden <lb n="352" xml:id="l-352"/>is absoluut een van de eerste voorschriften die ik in acht <lb n="353" xml:id="l-353"/>moet nemen. <hi rend="ital">Nooit</hi> heeft een dokter me gezegd dat ik iets <lb n="354" xml:id="l-354"/>abnormaals had op de wijs en in den zin als Tersteeg ’t mij van morgen <lb n="355" xml:id="l-355"/>durfde zeggen<c type="kp">_</c> Dat ik niet zou kunnen denken of mijn hoofd niet <lb n="356" xml:id="l-356"/>in orde was. Noch vroeger – noch nu – heeft een <hi rend="ital">dokter</hi> dat gezegd. ik heb een zenuwachtig <lb n="357" xml:id="l-357"/>gestel doch daar is volstrekt geen bepaald kwaad bij. Het <lb n="358" xml:id="l-358"/>worden dus bij Tersteeg ernstige beleedigingen<c type="kp">_</c>– <lb n="359" xml:id="l-359"/>Zoo als ’t bij Pa was<c type="kk">/</c> maar nog sterker<c type="kk">/</c> toen hij mij naar <lb n="360" xml:id="l-360"/>Gheel wou sturen.<anchor n="4" xml:id="note-o-4"/> Zulke dingen mag ik niet over mijn <lb n="361" xml:id="l-361"/>kant laten gaan. Ik verlang er naar om met U <lb n="362" xml:id="l-362"/>eens te spreken nog over mijn ongesteldheid en hoe <lb n="363" xml:id="l-363"/>die kwam enz<c type="kp">_</c> Als Tersteeg in zijn overijling zou <lb n="364" xml:id="l-364"/>voortjagen dan zou hij veel onrust stoken<c type="kk">/</c> dat weet <lb n="365" xml:id="l-365"/>ik wel. Nu adieu kerel – weet het<c type="kk">/</c> Sien<c type="kk">/</c> <lb n="366" xml:id="l-366"/>als ze rustig is<c type="kk">/</c> is een moedertje nu geworden zoo <lb n="367" xml:id="l-367"/>stil, zoo fijn, zoo touchant, als een ets of teekening <lb n="368" xml:id="l-368"/>of schilderij van Feyen Perrin. Ik verlang naar ’t teekenen<c type="kk">/</c> <lb n="369" xml:id="l-369"/>naar ’t poseeren<c type="kk">/</c> naar ’t geheel beter zijn van haar en <lb n="370" xml:id="l-370"/>van mij – naar orde en bedaardheid en wat <lb n="371" xml:id="l-371"/>sympathie van U vooral.</ab><lb n="371a" xml:id="l-371a"/>
<ab rend="indent">Gegroet van Sien hoor en een handdruk <lb n="371b" xml:id="l-371b"/>in gedachten &amp; geloof me</ab>
<vg:whiteline/><lb n="371b*" xml:id="l-371bs"/>
<ab>t. à t.</ab><lb n="372" xml:id="l-372"/>
<ab>Vincent</ab>
<vg:whiteline/>
<div type="textualNotes">
<note target="l-47" n="47">en erna &lt; er en na</note></div></div>
<div type="translation">
<pb f="1r" n="1" xml:id="pb-trans-1r-1" facs="#zone-pb-1r-1"/>
<ab>Tuesday morning.</ab>
<vg:whiteline/>
<ab>My dear Theo,</ab>
<ab>This time I have something to tell you about a visit from <rs type="pers" key="787">Mr Tersteeg</rs>. He came here this morning — and saw <rs type="pers" key="463">Sien</rs> and the <rs type="pers" key="466 467">children</rs>. I would have wished that he could at least have put on a friendly face for a young mother who gave birth a fortnight ago, but apparently that was asking too much. My dear Theo, he spoke to me in a way you can perhaps understand:</ab>
<ab rend="indent">What was the meaning of this <rs type="pers" key="463">woman</rs> and that child? Where on earth did I get the idea of living with a woman, and with <rs type="pers" key="466 467">children</rs> as well? </ab>
<ab rend="indent">Wasn’t it as ridiculous as if I were to drive about the city in my own carriage? To which I replied that it was most definitely a different matter entirely.</ab>
<ab rend="indent">Was I not right in the head? It was obviously the product of a sick mind and body. </ab>
<ab rend="indent">I told him that I’d just received ample reassurances from people much better qualified than he, namely the doctors at the hospital, as regards both my body and my mental strength being capable of making a sustained effort. 
<pb f="1v" n="2" xml:id="pb-trans-1v-2" facs="#zone-pb-1v-2"/></ab>
<ab rend="indent">He kept chopping and changing from one subject to another, dragging in my <rs type="pers" key="526">Father</rs> and, just imagine, <hi rend="ital">my <rs type="pers" key="423">uncle</rs> in Princenhage</hi>!!!<anchor n="1" xml:id="note-t-1"/> Would get involved. Would write. </ab>
<ab rend="indent">My dear Theo, for the <rs type="pers" key="463">woman</rs>’s sake, for my own sake, I restrained myself, I didn’t get angry. I gave curt and plain answers to his in my view all too indiscreet questions, perhaps too gently, but I preferred to resort to too gently rather than perhaps getting angry. He gradually calmed down a little. I asked him if it wouldn’t seem rather ridiculous if at home they received an outraged letter from him followed by a friendly invitation from me to come here at my expense to discuss the very same matter. This had some effect in that he looked surprised. Was I going to write? Do you question that?, I said, of course – but now you must admit that this is hardly a suitable moment, just when they’re in the middle of moving at home<anchor n="2" xml:id="note-t-2"/> and the woman is in such a state that the least emotion could cause a prolapse of the womb that might never be put right. Making her feel fearful, anxious and nervous now is murder. 
<pb f="1v" n="3" xml:id="pb-trans-1v-3" facs="#zone-pb-1v-3"/> Oh in that case, of course, he wouldn’t write, and then again saying that I was as foolish as someone who wanted to jump into the water and he was trying to hold me back. I said that I didn’t doubt his good intentions, and that for that reason I tried not to be angered by his words, even though I found such a conversation most disagreeable.</ab>
<ab rend="indent">And finally, because I clearly showed that I wanted to end the conversation, he left.</ab>
<ab rend="indent">I’m writing to you immediately. I told him that I wrote to you about it, no more than that. This also calmed him somewhat. </ab>
<ab rend="indent">You know that I don’t want to hide it, but for <rs type="pers" key="463">Sien</rs>, for the <rs type="pers" key="466">baby</rs>, and for me too, it would be better if there were no more scenes like this. Causing the woman to become agitated is to give her a <hi rend="ital">hard blow</hi>. I can’t say this often enough. She is well, but weak and highly sensitive. The slightest thing can spoil her milk and lead to far worse, at least in the first six weeks. </ab>
<ab rend="indent">I tried to turn the conversation to the drawings, but he just looked around quickly – Oh, those are the old ones. There were some new ones but he didn’t seem to see them. As you know, most of the recent ones are either with you, or <rs type="pers" key="422">C.M.</rs> still has them &amp;c. He was overhasty in everything. </ab>
<ab rend="indent">Only one thing is clear: I am as mad and wrong as can be. I ask you, how is it possible to speak to someone like that, and what good can it do? 
<pb f="1r" n="4" xml:id="pb-trans-1r-4" facs="#zone-pb-1r-4"/> </ab>
<ab rend="indent">This is exactly what I fear: an unsympathetic, schoolmasterly, unfeeling and indiscreet meddling in my most intimate and private affairs. No one could remain calm in the face of that. So although I didn’t get angry, I do severely blame <rs type="pers" key="787">Mr Tersteeg</rs>, and I don’t want to have anything to do with him or speak to him as long as he’s in this police officer mood. I’m writing to you about it immediately. I believe he’s capable of causing all sorts of misery with his untimely meddling at home and by sowing unrest in <rs type="pers" key="423">Princenhage</rs> (and Princenhage has nothing, absolutely nothing to do with it), and upsetting everyone. <hi rend="ital">Can’t this be stopped</hi>???</ab>
<ab rend="indent">Things are all right with home at the moment, but, you’ll see, who knows whether he won’t ruin it all again. </ab>
<ab rend="indent">I intend writing myself as soon as possible, but it’s so rotten of <rs type="pers" key="787">Tersteeg</rs> to be such a troublemaker. And to whom? — a poor, weak <rs type="pers" key="463">woman</rs> who gave birth a fortnight ago. </ab>
<ab rend="indent">No, it’s an ugly business, but he doesn’t feel that. With him it’s always and forever the same old thing, <hi rend="ital">money</hi>. He has no other <hi rend="ital">God</hi>, it seems. For my part I feel that one should be kind and gentle to women, children and the weak, and I have a sort of respect and emotion for them. 
<pb f="2r" n="5" xml:id="pb-trans-2r-5" facs="#zone-pb-2r-5"/> </ab>
<ab rend="indent">He had another gibe — I would make the woman unhappy, &amp;c. I said that he wasn’t in a position to judge that now, and I asked him not to say such a thing again. <rs type="pers" key="463">Sien</rs> loves me and I love Sien. We want to and can live together, the two of us, on what I would otherwise have on my own — we can scrimp and scrape in every way and as much as possible. You know well enough how I’ve talked about this before.</ab>
<ab rend="indent">I can’t repeat too often, brother, how my whole future depends on this. A person can get over it once if he is crippled and wounded in love and in his affairs and plans. But that mustn’t happen too often. And now I have recovered or am in the process of recovering in body and soul, and <rs type="pers" key="463">Sien</rs> too, but it could be fatal if we were again hammered into the ground, so to speak. So give this some thought and, if you’re able to do anything, try to prevent <rs type="pers" key="787">Tersteeg</rs> or others from working against me too much. I can’t yet defend myself as I could if I were back to normal. I must become immersed in my work again, carefully, very carefully, but I 
<pb f="2v" n="6" xml:id="pb-trans-2v-6" facs="#zone-pb-2v-6"/> really can’t yet bear visits like the one this morning. </ab>
<ab rend="indent">You at least know more about the matter than <rs type="pers" key="787">Tersteeg</rs>, but you still know <rs type="pers" key="463">Sien</rs> too little to know how much we love each other and how well we get on together. </ab>
<ab rend="indent">If <rs type="pers" key="787">Tersteeg</rs> had his way, and others too, they’d of course tear <rs type="pers" key="463">Sien</rs> and me apart. </ab>
<ab rend="indent">That’s what he’s after, and they wouldn’t shrink from using force. </ab>
<ab rend="indent">It depends on whether we have the monthly sum from you to allow us to stay together. </ab>
<ab rend="indent">For my part, I shall refuse the monthly sum from you as soon as you adopt the same point of view as <rs type="pers" key="787">Tersteeg</rs>. I don’t want to leave <rs type="pers" key="463">Sien</rs> in the lurch. If I don’t have her I’ll be broken, and then I would also be broken in my work and everything else. Then I would never get over that and, not wishing to be a burden or expense to you any longer, would only say to you: Theo, I’m a broken man and everything is shattered into pieces, there’s no use in your helping me any more. 
<pb f="2v" n="7" xml:id="pb-trans-2v-7" facs="#zone-pb-2v-7"/> </ab>
<ab rend="indent"><hi rend="ital">Staying with the woman</hi>, I’m in good spirits, and then I say: the monthly sum from you will make a capable painter of me. With <rs type="pers" key="463">Sien</rs>, I can make the effort and put all my strength into work, but without her I give up.</ab>
<ab rend="indent">So that’s the way it is. You have so often shown that you understand me better and treat me infinitely better than others. I hope that this will continue to be the case now. There really is a sympathy between you and me in many things, and it seems to me, Theo, that all your trouble and all my trouble won’t be in vain. You have always gone on helping me, and I’ve always gone on working and now feel new powers developing as I get better. You see, what exists between you and me is, I believe, more serious than that lecture from <rs type="pers" key="787">Tersteeg</rs>, and can’t be spoiled by his meddling or that of others. Yet for the sake of peace and good order we must calmly put an end to this meddling. Just excuse me for being rather upset. For the <rs type="pers" key="463">woman</rs> and me it was the first awful hour since we came out of hospital. 
<pb f="2r" n="8" xml:id="pb-trans-2r-8" facs="#zone-pb-2r-8"/> </ab>
<ab rend="indent">If you agree, we’ll take no further notice of it, however, and not let ourselves be upset.</ab>
<ab rend="indent">But write to us soon, for I’m in great need of a letter from you. I don’t want my head to be full of worry and care, since my getting better depends on keeping calm. </ab>
<ab rend="indent">Otherwise I’m getting on well; the <rs type="pers" key="463">woman</rs> and the <rs type="pers" key="466">child</rs> are so sweet, so good and quiet that one can’t help cheering up. But Sien changed on the spot when she heard <rs type="pers" key="787">Tersteeg</rs> speak — and so did I. </ab>
<ab rend="indent">I’ve seen the <rs type="pers" key="151">doctor</rs><anchor n="3" xml:id="note-t-3"/> again, and again have something to take, just to hasten my recovery if possible. Passing water continues to go well, thank God. Nearly normal for several days. And I’m growing stronger; the chronic fever is getting less. </ab>
<ab rend="indent">Now, because of <rs type="pers" key="787">Tersteeg</rs>, I want to write to <rs type="pers" key="524 526">Pa and Ma</rs> a little sooner, although I believe later would be preferable. I’ll write as soon as you’ve sent something around the twentieth, although I would rather have waited until they’d finished moving and the woman was stronger. And even now I think it would be much, much better to wait till then, except that Tersteeg might beat me to it. Enclosing the money for the journey for Pa is a sign of my feelings, I believe, and a courtesy from which they’ll understand, I hope, that I appreciate them. 
<pb f="3r" n="9" xml:id="pb-trans-3r-9" facs="#zone-pb-3r-9"/> </ab>
<ab rend="indent">So write soon, and if one thing or another proves to be a reason, brother, for us to become more attached and understand and trust each other more, instead of letting us be driven apart through the meddling of <rs type="pers" key="787">Tersteeg</rs> or anyone else, then I don’t regret this morning’s unpleasantness. Let me repeat, I make no claim to keep up a social position or to live well. The bare essentials for the <rs type="pers" key="463">woman</rs> are the only expenses she brings with her, and they must be met <hi rend="ital">not by receiving more </hi>but<hi rend="ital"> by making do ourselves</hi>. Because of the love between us, this making do is a joy, so to speak, rather than a burden for her and me. The sense of getting better sets her and me aglow, the desire to be back at work in a very short time and to be entirely absorbed in it. </ab>
<ab rend="indent">She’s a very, very sweet mother, so simple, so touching — once you know her. But there was a nasty expression of pain or I don’t know what in her when she heard <rs type="pers" key="787">Tersteeg</rs> talking to me and caught a few words. It may be that Tersteeg was like that because he was taken by surprise — still I can’t consider it nice or entirely excuse it. 
<pb f="3v" n="10" xml:id="pb-trans-3v-10" facs="#zone-pb-3v-10"/> </ab>
<ab rend="indent">Whatever he may be for others — even now I’m willing to believe that he’s actually better — for me he is insufferable. If <rs type="pers" key="787">Tersteeg</rs> had his way, I would be miserable and a lost man. I believe he would very cold-bloodedly watch <rs type="pers" key="463">Sien</rs> drown or something, and then claim it was beneficial for civilized society. </ab>
<ab rend="indent">As long as I can drown with her, I don’t much care. But we felt sufficiently that her life and my life were one when we saw each other again beside the baby’s cradle in the hospital. </ab>
<ab rend="indent">Hallo, brother! But I mustn’t lapse into things like that. It’s healthier to continue thinking calmly about working and getting better, and living quietly day by day. </ab>
<ab rend="indent"><rs type="pers" key="463">Sien</rs> and I have an agreement, however, in the extreme event that force is used against us. This is that if we can’t live together, at least we can emigrate together. It’s 10 to one that that means certain death if one has no money and isn’t strong, but we’d prefer that to being parted. </ab>
<ab rend="indent"><hi rend="ital">There is love between her and me, and promises of mutual loyalty between her and me</hi>. </ab>
<ab rend="indent">There may be no tampering with this, Theo, for it’s the holiest thing there is in life. </ab>
<ab rend="indent">Her wish and mine is that matters shouldn’t take a dramatic 
<pb f="3v" n="11" xml:id="pb-trans-3v-11" facs="#zone-pb-3v-11"/> turn. We’re too full of new zest for life, too full of a desire to work and to plough on, for us not to want to do everything to avoid extremes. </ab>
<ab rend="indent">Yet if there were many people — especially you — who felt towards us as <rs type="pers" key="787">Tersteeg</rs> does, we couldn’t hold out, and the end would inevitably be tragic. If things stay quiet, we’ll fight our fight here by working, and that may be just everyday and ordinary but it isn’t easy either, and courage and energy are needed to set about it vigorously and keep it up. We came through the whole winter, and with God’s help we’ll get a little further. </ab>
<ab rend="indent">I say with God’s help, because I’m grateful to God as well as to you for the help I’ve received and still receive from you. </ab>
<ab rend="indent"><rs type="pers" key="787">Tersteeg</rs> is an energetic man, but I hope he won’t devote his energy to persecuting <rs type="pers" key="463">Sien</rs> and me or anything. Perhaps he’ll realize that he isn’t obliged to interfere, and quietly stay out of it. He doesn’t care about me — I’m really a matter of complete indifference to him — he does it because he thinks he will please or be of service to <rs type="pers" key="423">Uncle Cent</rs> or <rs type="pers" key="526">Pa</rs>. He doesn’t spare or take the slightest account of my interests or feelings. He comes in here, takes in the <rs type="pers" key="463">woman</rs> breast-feeding the baby with a look that makes her cringe, and without one kind word to her (which you would expect for a mother, even if one doesn’t know her) he says to me 
<pb f="3r" n="12" xml:id="pb-trans-3r-12" facs="#zone-pb-3r-12"/> ‘Is that your model or is it something else?’ You see, that’s neither humane nor tactful. </ab>
<ab rend="indent">I may not always be polite to men, but I watch my manners in front of a weak woman. He says nothing about drawings, about the studio, &amp;c. No, but he does talk about my <rs type="pers" key="423">uncle</rs> in Princenhage, about whom I care nothing, whom I have nothing to do with. And about my <rs type="pers" key="526">father</rs> — immediately taking it for granted <hi rend="ital">a priori</hi> that I’m on bad terms with him, whereas in fact relations have long been improving.</ab>
<ab rend="indent">Enough now. But write soon, old chap, for I assure you a warm-hearted letter from you helps me more than my pills, &amp;c. As for my constitution — <rs type="pers" key="787">Tersteeg</rs> isn’t my doctor and doesn’t understand my constitution in the slightest — if I need information about that I’ll ask my own doctor, but I never wish to discuss the subject with him again. But there’s no doubt at all that few things can do either the <rs type="pers" key="463">woman</rs> or me more harm than visits like the one we’ve just had. Avoiding them is definitely one of the first rules I must observe. <hi rend="ital">Never</hi> has a doctor told me I was in any way abnormal in the tone and the sense in which Tersteeg dared to say it to me this morning. That I couldn’t think or that I wasn’t right in the head. Never in the past, or now, has a <hi rend="ital">doctor</hi> said that. I have a nervous constitution, but there’s absolutely no harm in that. With Tersteeg these things become serious insults. The same as with <rs type="pers" key="526">Pa</rs> when he wanted to send me to Geel, but more so.<anchor n="4" xml:id="note-t-4"/> I may not let that kind of thing go unchallenged. I long to talk to you about my illness and how that happened and so on. If Tersteeg were to persist in his rash efforts, he would sow a great deal of unrest, that I know for sure. Well, adieu old chap — you know, Sien, when she’s calm, has become so quiet, so fine, so touching a mother, like an etching or drawing or painting by <rs type="pers" key="1022">Feyen-Perrin</rs>. I long for drawing, for posing, for her and me to be completely better — for order and tranquillity and some sympathy from you above all.</ab>
<ab rend="indent">Regards from <rs type="pers" key="463">Sien</rs> and a handshake in thought, and believe me</ab>
<vg:whiteline/>
<ab>Ever yours,</ab>
<ab>Vincent</ab></div>
<div type="notes">
<note n="1" xml:id="n-1" target="#note-t-1">
<ab><rs type="pers" key="423">Uncle Vincent van Gogh</rs>, who lived in Princenhage.</ab></note>
<note n="2" xml:id="n-2" target="#note-t-2">
<ab><rs type="pers" key="526">Rev. Van Gogh</rs> was called to the Reformed Congregation at Nuenen and accepted the call on 7 June 1882, after which he took up his duties on 12 August. The family must have moved at the beginning of August, and on 7 August Rev. Van Gogh, <rs type="pers" key="524">his wife</rs>, <rs type="pers" key="420">Cor</rs> and two servants were registered at the Civil Registration in Nuenen as living at the address De Berg F 523. They were followed by <rs type="pers" key="407">Willemien</rs> on 22 November. See De Brouwer 1984, p. 13.</ab></note>
<note n="3" xml:id="n-3" target="#note-t-3">
<ab>Van Gogh was treated by <rs type="pers" key="151">C.A. Molenaar</rs>; <ref target="let237.xml#n-7">see letter 237, n. 7.</ref></ab></note>
<note n="a" xml:id="n-a" target="#note-o-a">
<ab>Means: ‘a persistent fever that slowly undermines the constitution’.</ab></note>
<note n="4" xml:id="n-4" target="#note-t-4">
<ab>For the ‘Geel affair’, <ref target="let185.xml">see letter 185</ref>.</ab></note></div></body></text></TEI>
