<?xml version="1.0" encoding="UTF-8"?>
<!-- Last Changed Date: 2018-07-18 12:32:41 +0200 (Wed, 18 Jul 2018) | SVN Revision: 2206 -->
<!--Licensed under Attribution-NonCommercial-ShareAlike 4.0 International (CC BY-NC-SA 4.0)-->
<?xml-model href="https://xmlschema.huygens.knaw.nl/vgodd.rng" type="application/xml" schematypens="http://relaxng.org/ns/structure/1.0"?>
<TEI xmlns:vg="http://www.vangoghletters.org/ns/" xmlns="http://www.tei-c.org/ns/1.0">
<teiHeader xmlns:xsi="http://www.w3.org/2001/XMLSchema-instance"><fileDesc>
<titleStmt>
<title>To Theo van Gogh. The Hague, on or about Tuesday, 16 May 1882.</title>
<editor>Leo Jansen</editor>
<editor>Hans Luijten</editor>
<editor>Nienke Bakker</editor></titleStmt>
<publicationStmt>
<publisher><name>Huygens Instituut voor Nederlandse Geschiedenis (KNAW)</name><email>info@huygens.knaw.nl</email></publisher>
<publisher>Van Gogh Museum</publisher>
<pubPlace>Amsterdam</pubPlace>
<date type="first" when="2009">2009</date>
<availability status="restricted">
<licence target="http://creativecommons.org/licenses/by-nc-sa/4.0/ https://creativecommons.org/licenses/by-nc-sa/4.0/legalcode">
<p>Attribution-NonCommercial-ShareAlike 4.0 International (CC BY-NC-SA 4.0) </p></licence></availability>
<ptr target="http://vangoghletters.org/orig/let228"/></publicationStmt><sourceDesc><vg:letDesc><vg:letIdentifier>
<idno type="jlb">228</idno>
<idno type="collectedletters">193</idno>
<idno type="brieven1990">227</idno></vg:letIdentifier><vg:letHeading><author>Vincent van Gogh</author><vg:addressee>Theo van Gogh</vg:addressee><vg:placeLet>The Hague</vg:placeLet><vg:dateLet>on or about Tuesday, 16 May 1882</vg:dateLet></vg:letHeading><vg:letContents>
<p>To Theo van Gogh. The Hague, on or about Tuesday, 16 May 1882.</p>
<note type="ongoingTopic" n="1">
<p>Van Gogh’s relationship with Sien <ref target="let224.xml">(224)</ref></p></note>
<note type="ongoingTopic" n="2">
<p>Strained relations with Mauve and Tersteeg (<ref target="let209.xml">209</ref> and <ref target="let208.xml">208</ref>)</p></note>
<note type="ongoingTopic" n="3">
<p>Vincent rejected by Kee Vos (<ref target="let179.xml">179</ref> and <ref target="let193.xml">193</ref>)</p></note>
<note type="ongoingTopic" n="4">
<p>Orders for drawings from Uncle Cor (<ref target="let210.xml">210</ref> and <ref target="let214.xml">214</ref>)</p></note>
<note type="ongoingTopic" n="5">
<p>Van Gogh wants to move to the house next door <ref target="let222.xml">(222)</ref></p></note>
<note type="ongoingTopic" n="6">
<p>Sien will give birth in Leiden <ref target="let224.xml">(224)</ref></p></note></vg:letContents>
<note type="sourceStatus" xml:id="sourceStatus">
<p>Original manuscript</p></note>
<note type="location" xml:id="location">
<p>Amsterdam, Van Gogh Museum, inv. nos. b214 a-d V/1962</p></note>
<note type="date" xml:id="date">
<p>Vincent explicitly continues with his first response to Theo’s reaction after the news about Sien, i.e. with <ref target="let227.xml">letter 227</ref>: he wants to give Theo a ‘better understanding’ <ref target="#l-2">(l. 2)</ref>. Assuming that Theo did not send a second letter in the interval, the 50 francs must have been enclosed with Theo’s letter of 13 May. Vincent had not thanked him for them in <ref target="let227.xml">letter 227</ref>, which is why he does so here ‘first of all’ (that is, before writing anything else) (<ref target="#l-7">l. 7a</ref>, which was added later).</p>
<p rend="indent">Both the need to correct this omission and the urge to justify his actions in more detail make it likely that the letter was written shortly after <ref target="let227.xml">letter 227</ref>. The interval cannot be determined exactly, but we assume it was one or two days after <ref target="let227.xml">letter 227</ref>, thus on or about Tuesday, 16 May 1882. (See also under <hi rend="ital">Additional details</hi>.)</p></note>
<note type="additionalDetail" xml:id="additionalDetail">
<p>The fourth sheet <ref target="#l-397">(ll. 397-508)</ref> is a different kind of paper; moreover, Van Gogh writes before the signature that it is late and he is tired. Given, however, that there is no other letter to which this sheet could more justifiably be added, it is left here, as in previous editions. It is possible nonetheless that the letter was continued at a later date. </p></note></vg:letDesc></sourceDesc></fileDesc></teiHeader>
<facsimile xmlns:xsi="http://www.w3.org/2001/XMLSchema-instance">
<surface n="b 0214 a" xml:id="surf-pb-1r"><graphic mimeType="image/tiff" url="VGM001000246_01.TIF" rend="norend"/><graphic mimeType="image/tiff" url="VGM001000246_01_n.tif" rend="norend"/><graphic mimeType="image/jpeg" url="VGM001000246_01_nt.jpg" height="50px" rend="thumbnail"/><zone xml:id="zone-pb-1r-1">
<graphic mimeType="image/tiff" url="VGM001000246_01_nR.tif" rend="norend"/><graphic mimeType="image/jpeg" url="VGM001000246_01_nRt.jpg" height="50px" rend="thumbnail"/><graphic mimeType="image/png" url="VGM001000246_01_nRf.png" width="380px" rend="facstab"/></zone>
<zone xml:id="zone-pb-1r-4">
<graphic mimeType="image/tiff" url="VGM001000246_01_nL.tif" rend="norend"/><graphic mimeType="image/jpeg" url="VGM001000246_01_nLt.jpg" height="50px" rend="thumbnail"/><graphic mimeType="image/png" url="VGM001000246_01_nLf.png" width="380px" rend="facstab"/></zone>
</surface>
<surface n="b 0214 a" xml:id="surf-pb-1v"><graphic mimeType="image/tiff" url="VGM001000246_02.TIF" rend="norend"/><graphic mimeType="image/tiff" url="VGM001000246_02_n.tif" rend="norend"/><graphic mimeType="image/jpeg" url="VGM001000246_02_nt.jpg" height="50px" rend="thumbnail"/><zone xml:id="zone-pb-1v-2">
<graphic mimeType="image/tiff" url="VGM001000246_02_nL.tif" rend="norend"/><graphic mimeType="image/jpeg" url="VGM001000246_02_nLt.jpg" height="50px" rend="thumbnail"/><graphic mimeType="image/png" url="VGM001000246_02_nLf.png" width="380px" rend="facstab"/></zone>
<zone xml:id="zone-pb-1v-3">
<graphic mimeType="image/tiff" url="VGM001000246_02_nR.tif" rend="norend"/><graphic mimeType="image/jpeg" url="VGM001000246_02_nRt.jpg" height="50px" rend="thumbnail"/><graphic mimeType="image/png" url="VGM001000246_02_nRf.png" width="380px" rend="facstab"/></zone>
</surface>
<surface n="b 0214 b" xml:id="surf-pb-2r"><graphic mimeType="image/tiff" url="VGM001000247_01.TIF" rend="norend"/><graphic mimeType="image/tiff" url="VGM001000247_01_n.tif" rend="norend"/><graphic mimeType="image/jpeg" url="VGM001000247_01_nt.jpg" height="50px" rend="thumbnail"/><zone xml:id="zone-pb-2r-5">
<graphic mimeType="image/tiff" url="VGM001000247_01_nR.tif" rend="norend"/><graphic mimeType="image/jpeg" url="VGM001000247_01_nRt.jpg" height="50px" rend="thumbnail"/><graphic mimeType="image/png" url="VGM001000247_01_nRf.png" width="380px" rend="facstab"/></zone>
<zone xml:id="zone-pb-2r-8">
<graphic mimeType="image/tiff" url="VGM001000247_01_nL.tif" rend="norend"/><graphic mimeType="image/jpeg" url="VGM001000247_01_nLt.jpg" height="50px" rend="thumbnail"/><graphic mimeType="image/png" url="VGM001000247_01_nLf.png" width="380px" rend="facstab"/></zone>
</surface>
<surface n="b 0214 b" xml:id="surf-pb-2v"><graphic mimeType="image/tiff" url="VGM001000247_02.TIF" rend="norend"/><graphic mimeType="image/tiff" url="VGM001000247_02_n.tif" rend="norend"/><graphic mimeType="image/jpeg" url="VGM001000247_02_nt.jpg" height="50px" rend="thumbnail"/><zone xml:id="zone-pb-2v-6">
<graphic mimeType="image/tiff" url="VGM001000247_02_nL.tif" rend="norend"/><graphic mimeType="image/jpeg" url="VGM001000247_02_nLt.jpg" height="50px" rend="thumbnail"/><graphic mimeType="image/png" url="VGM001000247_02_nLf.png" width="380px" rend="facstab"/></zone>
<zone xml:id="zone-pb-2v-7">
<graphic mimeType="image/tiff" url="VGM001000247_02_nR.tif" rend="norend"/><graphic mimeType="image/jpeg" url="VGM001000247_02_nRt.jpg" height="50px" rend="thumbnail"/><graphic mimeType="image/png" url="VGM001000247_02_nRf.png" width="380px" rend="facstab"/></zone>
</surface>
<surface n="b 0214 c" xml:id="surf-pb-3r"><graphic mimeType="image/tiff" url="VGM001000248_01.TIF" rend="norend"/><graphic mimeType="image/tiff" url="VGM001000248_01_n.tif" rend="norend"/><graphic mimeType="image/jpeg" url="VGM001000248_01_nt.jpg" height="50px" rend="thumbnail"/><zone xml:id="zone-pb-3r-9">
<graphic mimeType="image/tiff" url="VGM001000248_01_nR.tif" rend="norend"/><graphic mimeType="image/jpeg" url="VGM001000248_01_nRt.jpg" height="50px" rend="thumbnail"/><graphic mimeType="image/png" url="VGM001000248_01_nRf.png" width="380px" rend="facstab"/></zone>
<zone xml:id="zone-pb-3r-12">
<graphic mimeType="image/tiff" url="VGM001000248_01_nL.tif" rend="norend"/><graphic mimeType="image/jpeg" url="VGM001000248_01_nLt.jpg" height="50px" rend="thumbnail"/><graphic mimeType="image/png" url="VGM001000248_01_nLf.png" width="380px" rend="facstab"/></zone>
</surface>
<surface n="b 0214 c" xml:id="surf-pb-3v"><graphic mimeType="image/tiff" url="VGM001000248_02.TIF" rend="norend"/><graphic mimeType="image/tiff" url="VGM001000248_02_n.tif" rend="norend"/><graphic mimeType="image/jpeg" url="VGM001000248_02_nt.jpg" height="50px" rend="thumbnail"/><zone xml:id="zone-pb-3v-10">
<graphic mimeType="image/tiff" url="VGM001000248_02_nL.tif" rend="norend"/><graphic mimeType="image/jpeg" url="VGM001000248_02_nLt.jpg" height="50px" rend="thumbnail"/><graphic mimeType="image/png" url="VGM001000248_02_nLf.png" width="380px" rend="facstab"/></zone>
<zone xml:id="zone-pb-3v-11">
<graphic mimeType="image/tiff" url="VGM001000248_02_nR.tif" rend="norend"/><graphic mimeType="image/jpeg" url="VGM001000248_02_nRt.jpg" height="50px" rend="thumbnail"/><graphic mimeType="image/png" url="VGM001000248_02_nRf.png" width="380px" rend="facstab"/></zone>
</surface>
<surface n="b 0214 d" xml:id="surf-pb-4r"><graphic mimeType="image/tiff" url="VGM001000249_01.TIF" rend="norend"/><graphic mimeType="image/tiff" url="VGM001000249_01_n.tif" rend="norend"/><graphic mimeType="image/jpeg" url="VGM001000249_01_nt.jpg" height="50px" rend="thumbnail"/><zone xml:id="zone-pb-4r-13">
<graphic mimeType="image/tiff" url="VGM001000249_01_nR.tif" rend="norend"/><graphic mimeType="image/jpeg" url="VGM001000249_01_nRt.jpg" height="50px" rend="thumbnail"/><graphic mimeType="image/png" url="VGM001000249_01_nRf.png" width="380px" rend="facstab"/></zone>
<zone xml:id="zone-pb-4r-16">
<graphic mimeType="image/tiff" url="VGM001000249_01_nL.tif" rend="norend"/><graphic mimeType="image/jpeg" url="VGM001000249_01_nLt.jpg" height="50px" rend="thumbnail"/><graphic mimeType="image/png" url="VGM001000249_01_nLf.png" width="380px" rend="facstab"/></zone>
</surface>
<surface n="b 0214 d" xml:id="surf-pb-4v"><graphic mimeType="image/tiff" url="VGM001000249_02.TIF" rend="norend"/><graphic mimeType="image/tiff" url="VGM001000249_02_n.tif" rend="norend"/><graphic mimeType="image/jpeg" url="VGM001000249_02_nt.jpg" height="50px" rend="thumbnail"/><zone xml:id="zone-pb-4v-14">
<graphic mimeType="image/tiff" url="VGM001000249_02_nL.tif" rend="norend"/><graphic mimeType="image/jpeg" url="VGM001000249_02_nLt.jpg" height="50px" rend="thumbnail"/><graphic mimeType="image/png" url="VGM001000249_02_nLf.png" width="380px" rend="facstab"/></zone>
<zone xml:id="zone-pb-4v-15">
<graphic mimeType="image/tiff" url="VGM001000249_02_nR.tif" rend="norend"/><graphic mimeType="image/jpeg" url="VGM001000249_02_nRt.jpg" height="50px" rend="thumbnail"/><graphic mimeType="image/png" url="VGM001000249_02_nRf.png" width="380px" rend="facstab"/></zone>
</surface></facsimile><text xmlns:xsi="http://www.w3.org/2001/XMLSchema-instance"><body>
<div type="original">
<pb f="1r" n="1" xml:id="pb-orig-1r-1" facs="#zone-pb-1r-1"/><lb n="1" xml:id="l-1"/>
<ab>Waarde Theo,</ab><lb n="2" xml:id="l-2"/>
<ab>Wil ’t mij lukken U verder inzigt te geven in ’t geen <lb n="3" xml:id="l-3"/>waarover ik reeds schreef zoo moet gij wel begrijpen waar <lb n="4" xml:id="l-4"/>de wortel zit. En ik moet van mijn bezoek te <lb n="5" xml:id="l-5"/>Amsterdam niets verzachten. Doch ik begin <lb n="6" xml:id="l-6"/>met U te verzoeken het niet als eene brutaliteit <lb n="7" xml:id="l-7"/>te beschouwen als ik U moet tegenspreken<c type="kp">_</c> <hi rend="ital">En U</hi> <lb n="7a" xml:id="l-7a"/><hi rend="ital">voor alles hartelijk te danken voor de ingeslotene frs 50.–</hi> <lb n="8" xml:id="l-8"/>Als ik ’t niet krachtig zeg hebt ge er toch niets <lb n="9" xml:id="l-9"/>aan maar ik zou zwijgen indien gij op <lb n="10" xml:id="l-10"/>den voorgrond steldet dat ik U moet toegeven. <lb n="11" xml:id="l-11"/>Ik geloof niet gij zulks op den voorgrond stelt <lb n="12" xml:id="l-12"/>en gij zult zelf misschien ’t wel niet onnatuurlijk <lb n="13" xml:id="l-13"/>vinden dat er kanten zijn in ’t leven die bij <lb n="14" xml:id="l-14"/>U minder ontwikkeld zijn als Uw inzigt in de <lb n="15" xml:id="l-15"/>zaken<c type="kk">/</c> waar ik U graag dubbel en dwars <lb n="16" xml:id="l-16"/>als beter op de hoogte dan ik beschouw<c type="kk">/</c> en <lb n="17" xml:id="l-17"/>’t niet ligt wagen zal U te zeggen<c type="kk">/</c> dit of dat <lb n="18" xml:id="l-18"/>is zoo niet. Integendeel<c type="kk">/</c> vooral wanneer gij <lb n="19" xml:id="l-19"/>’t mij wat uitlegt gevoel ik dikwijls dat gij <lb n="20" xml:id="l-20"/>de dingen beter weet dan ik. Maar <lb n="21" xml:id="l-21"/>van den anderen kant<c type="kk">/</c> als het betreft <lb n="22" xml:id="l-22"/>liefde – dan sta ik soms versteld over <lb n="23" xml:id="l-23"/>Uwe zienswijs. En ik wil er zelfs – neem het mij <lb n="24" xml:id="l-24"/>niet kwalijk – iets nieuws bijvoegen. Uw laatste <lb n="25" xml:id="l-25"/>brief betreffende M. &amp; H.G.T. bewees mij dat in <lb n="26" xml:id="l-26"/>den kring en stand van M. &amp; H.G.T<c type="kp">_</c> gij vasten voet <lb n="27" xml:id="l-27"/>schijnt te hebben en een manier van doen die <lb n="28" xml:id="l-28"/>de mijne niet is – zoodat gij met hen vlot – doch <lb n="29" xml:id="l-29"/>ik niet<c type="kk">/</c> <lb n="29a" xml:id="l-29a"/>maar buiten dien stand ziet gij oppervlakkig en met vooroordeel<c type="kp">_</c> <lb n="29"/>Want die laatste brief van U heeft mij <lb n="30" xml:id="l-30"/>meer te denken gegeven dan gij misschien weet. <lb n="31" xml:id="l-31"/>Mijn fout zit hem dunkt me hier en de eigentlijke reden <lb n="32" xml:id="l-32"/>van mijn afgescheept worden. Als men geen geld heeft <lb n="33" xml:id="l-33"/>dan is men van zelf reeds buiten kwestie en het is <lb n="34" xml:id="l-34"/>dus eene vergissing en kortzigtigheid van mij geweest <lb n="35" xml:id="l-35"/>’t geen M. zeide letterlijk op te nemen en ook maar een oogenblik <lb n="36" xml:id="l-36"/>te denken<c type="kk">/</c> H.G.T. zal zich herinneren dat ik reeds zooveel moeite <lb n="37" xml:id="l-37"/>gehad heb.</ab>
<pb f="1v" n="2" xml:id="pb-orig-1v-2" facs="#zone-pb-1v-2"/><lb n="38" xml:id="l-38"/>
<ab rend="indent">Het geld is tegenwoordig wat het regt van den sterkste <lb n="39" xml:id="l-39"/>vroeger was. Iemand tegen te spreken is fataal <lb n="40" xml:id="l-40"/>en doet men het<c type="kk">/</c> de reactie is niet tot nadenken wekken <lb n="41" xml:id="l-41"/>doch men haalt zich een vuistslag op den hals. <lb n="42" xml:id="l-42"/>Dat wil zeggen<c type="kk">/</c> in den vorm van “ik koop niets meer van hem” <lb n="43" xml:id="l-43"/>of “ik help hem niet meer”.–</ab><lb n="44" xml:id="l-44"/>
<ab rend="indent">Dit zoo zijnde – waag ik mijn hoofd als <lb n="45" xml:id="l-45"/>ik U tegenspreek – maar ik weet niet <lb n="46" xml:id="l-46"/>Theo<c type="kk">/</c> hoe ik anders zou kunnen doen<c type="kk">/</c> moet <lb n="47" xml:id="l-47"/>het er af<c type="kk">/</c> ziehier mijn nek. Gij kent mijn <lb n="48" xml:id="l-48"/>omstandigheden en weet dat van Uwe hulp <lb n="49" xml:id="l-49"/>als ’t ware mijn leven of niet leven afhangt<c type="kp">_</c> <lb n="50" xml:id="l-50"/>Maar ik sta tusschen twee – als ik <lb n="51" xml:id="l-51"/>antwoord op Uw brief<c type="kk">/</c> Ja Theo gij hebt gelijk<c type="kk">/</c> <lb n="52" xml:id="l-52"/>ik zal Christien laten loopen<c type="kk">/</c> <lb n="53" xml:id="l-53"/>dan zeg ik primo eene onwaarheid door <lb n="54" xml:id="l-54"/>U gelijk te geven en ten tweede verbind <lb n="55" xml:id="l-55"/>ik mij iets afschuwelijks te doen. <lb n="56" xml:id="l-56"/>Als ik U tegenspreek en gij doet als <lb n="57" xml:id="l-57"/>H.G.T<c type="kp">_</c> en M. dan is om zoo te zeggen mijn <lb n="58" xml:id="l-58"/>nek er af.–</ab><lb n="59" xml:id="l-59"/>
<ab rend="indent"><hi rend="ital">Nu</hi><c type="kk">/</c><hi rend="ital"> dan in Godsnaam maar kop af</hi> <lb n="60" xml:id="l-60"/><hi rend="ital">als ’t moet</hi>.– ’t andere is nog erger.</ab><lb n="61" xml:id="l-61"/>
<ab rend="indent">Hier begint dus een kort geschrift waarin ik <lb n="62" xml:id="l-62"/>ronduit eenige dingen zal verklaren waarvan ik <lb n="63" xml:id="l-63"/>’t mogelijk acht dat zij door U zoo zullen worden <lb n="64" xml:id="l-64"/>opgenomen dat gij mij Uwe hulp onttrekt <lb n="65" xml:id="l-65"/>maar ze te zwijgen om Uwe hulp te houden komt <lb n="66" xml:id="l-66"/>mij voor een leelijke manier van doen te zijn <lb n="67" xml:id="l-67"/>en ik waag liever het ergste. Lukt het mij U <lb n="68" xml:id="l-68"/>aan ’t verstand te brengen ’t geen gij nu geloof ik nog <lb n="69" xml:id="l-69"/>niet begrijpt dan zal het Christien en haar kind en <lb n="70" xml:id="l-70"/>mijzelf beter gaan. En om dat te bereiken moet ik wagen te zeggen <lb n="71" xml:id="l-71"/>wat ik zeggen zal.</ab>
<pb f="1v" n="3" xml:id="pb-orig-1v-3" facs="#zone-pb-1v-3"/><lb n="72" xml:id="l-72"/>
<ab rend="indent">Om uit te drukken wat ik gevoelde voor Kee Vos <lb n="73" xml:id="l-73"/>zeide ik ronduit: zij en geen ander.<anchor n="1" xml:id="note-o-1"/> Haar nooit <lb n="74" xml:id="l-74"/>neen nimmer was niet voldoende mij van haar <lb n="75" xml:id="l-75"/>te doen afzien.– Ik had nog hoop en ondanks <lb n="76" xml:id="l-76"/>dat – ’t welk ik meende te zijn een stuk ijs dat smelten <lb n="77" xml:id="l-77"/>zou – bleef mijne liefde levendig.</ab><lb n="78" xml:id="l-78"/>
<ab rend="indent">Evenwel ik had geen rust. ’t was eene spanning <lb n="79" xml:id="l-79"/>die ondragelijk werd omdat zij maar altijd zweeg<c type="kk">/</c> <lb n="80" xml:id="l-80"/>omdat ik nooit een syllabe antwoord ontving..</ab><lb n="81" xml:id="l-81"/>
<ab rend="indent">Toen ging ik naar Amsterdam<c type="kp">_</c>– Aldaar werd mij <lb n="82" xml:id="l-82"/>gezegd..... Als gij in huis zijt dan gaat Kee het <lb n="83" xml:id="l-83"/>huis uit<c type="kp">_</c>– Tegenover Uw “zij en geen ander” staat <lb n="84" xml:id="l-84"/>haar “hij zeker niet” – uw volhouden is <hi rend="ital">walgelijk</hi><c type="kp">_</c> <lb n="85" xml:id="l-85"/>Ik stak mijn vingers in de vlam van de lamp <lb n="86" xml:id="l-86"/>en zei<c type="kk">/</c> laat mij haar zien voor zoolang als <lb n="87" xml:id="l-87"/>ik mijn hand in de vlam houd<c type="kk">/</c> en <lb n="88" xml:id="l-88"/>’t is geen wonder dat toen later misschien <lb n="89" xml:id="l-89"/>H.G.T. naar mijn hand gekeken heeft.</ab><lb n="90" xml:id="l-90"/>
<ab rend="indent">Doch zij bliezen de lamp uit geloof ik<c type="kk">/</c> en zeiden <lb n="91" xml:id="l-91"/><hi rend="ital">gij zult haar niet zien</hi>. En toen daarna <lb n="92" xml:id="l-92"/>had ik nog een gesprek met haar broer<anchor n="2" xml:id="note-o-2"/> die <lb n="93" xml:id="l-93"/>officieel of officieus zei dat niets dan <hi rend="ital">rijksdaalders</hi><anchor n="3" xml:id="note-o-3"/> <lb n="94" xml:id="l-94"/>iets bewerken konden. Officieel of officieus<c type="kk">/</c> ik vind ’t <lb n="95" xml:id="l-95"/>allebei even gemeen, en toen ik Amsterdam verliet <lb n="96" xml:id="l-96"/>had ik een gevoel als was ik op de slavenmarkt geweest. <lb n="97" xml:id="l-97"/>Zie<c type="kk">/</c> dat was mij te kras, vooral toen men sprak van mijn forceeren <lb n="98" xml:id="l-98"/>en ik gevoelde dat de dingen die men mij zeide doodslagers <lb n="99" xml:id="l-99"/>waren en dat mijn “zij en geen ander” doodgeslagen werd<c type="kp">_</c> <lb n="100" xml:id="l-100"/>Ik heb toen niet direkt geheel en al maar toch snel <lb n="101" xml:id="l-101"/>genoeg die liefde <hi rend="ital">voelen sterven</hi><c type="kk">/</c> een ledig<c type="kk">/</c> een <lb n="102" xml:id="l-102"/>oneindig ledig er voor in de plaats. Nu<c type="kk">/</c> gij weet, ik <lb n="103" xml:id="l-103"/>geloof in God<c type="kk">/</c> ik twijfelde niet aan de magt van liefde. toch<c type="kk">/</c> <lb n="104" xml:id="l-104"/>toen heb ik iets gevoeld van<c type="kk">/</c> Mijn God mijn God<c type="kk">/</c> waarom <lb n="105" xml:id="l-105"/>hebt gij mij verlaten<c type="kk">/</c><anchor n="4" xml:id="note-o-4"/> en ik begreep niets meer<c type="kk">/</c> ik <lb n="106" xml:id="l-106"/>dacht<c type="kk">/</c> heb ik mij dan bedrogen......... o God, er is geen God!<anchor n="5" xml:id="note-o-5"/> 
<pb f="1r" n="4" xml:id="pb-orig-1r-4" facs="#zone-pb-1r-4"/><lb n="107" xml:id="l-107"/>Tegen die koude afschuwelijke ontvangst <lb n="108" xml:id="l-108"/>in Amsterdam kon ik niet tegen – bij ’t scheiden van <lb n="109" xml:id="l-109"/>de mart<anchor n="a" xml:id="note-o-a"/> leert men de kooplui kennen<c type="kp">_</c>–</ab><lb n="110" xml:id="l-110"/>
<ab rend="indent">Zou D<hi rend="ss">s</hi> J.P.S. en D<hi rend="ss">s</hi> T.v.G. van af den <lb n="111" xml:id="l-111"/>preekstoel als zij er in hun toga &amp; met hun grijs <lb n="112" xml:id="l-112"/>haar zoo eerwaardig uitzien<c type="kk">/</c> zóó durven preeken <lb n="113" xml:id="l-113"/>over de liefde als zij er in de binnenkamer over <lb n="114" xml:id="l-114"/>spreken. Zij zouden dat wel laten.</ab><lb n="115" xml:id="l-115"/>
<ab rend="indent">Ik dacht nog aan ’t woord van den profeet:<lb n="116" xml:id="l-116"/> “Ouden van Israel wat doet ge in ’t donker”<c type="kk">/</c><anchor n="6" xml:id="note-o-6"/> <lb n="117" xml:id="l-117"/>’t welk woord gerigt was tot bedriegelijke priesters die <lb n="118" xml:id="l-118"/>zich door geld lieten influenceeren.</ab><lb n="119" xml:id="l-119"/>
<ab rend="indent">Suffit. Ik had toen afleiding en opbeuring door Mauve<c type="kk">/</c> <lb n="120" xml:id="l-120"/>ik wierp mij in mijn werk met alle kracht. Toen<c type="kk">/</c> <lb n="121" xml:id="l-121"/>nadat M. mij in den steek gelaten had &amp; ik eenige dagen <lb n="122" xml:id="l-122"/>niet wel geweest was – einde Januarij heb ik Christien <lb n="123" xml:id="l-123"/>ontmoet.<anchor n="7" xml:id="note-o-7"/></ab><lb n="124" xml:id="l-124"/>
<ab rend="indent">Gij zegt Theo<c type="kk">/</c> dat “als ik K.V. werkelijk lief gehad had ik <lb n="125" xml:id="l-125"/>nu dat niet doen zou.” Begrijpt gij nu echter beter <lb n="126" xml:id="l-126"/>dat na ’t geen te Amsterdam gezegd werd ik niet verder <lb n="127" xml:id="l-127"/>kon – had ik toen moeten wanhopen – waarom <lb n="128" xml:id="l-128"/>zou een eerlijk man wanhopen – ik ben geen <lb n="129" xml:id="l-129"/>slechtaard<c type="kk">/</c> ik verdien niet zoo beestachtig <lb n="130" xml:id="l-130"/>behandeld te worden. Nu<c type="kk">/</c> wat kunnen ze<c type="kp">_</c> ’t is <lb n="131" xml:id="l-131"/>waar<c type="kk">/</c> ze hebben de overhand gehad, mij toen gedwarsboomd <lb n="132" xml:id="l-132"/>te Amsterdam. Nu vraag ik echter verder hun advies <lb n="133" xml:id="l-133"/>niet meer en als meerderjarig vraag ik<c type="kk">/</c> <lb n="134" xml:id="l-134"/>staat het mij vrij <lb n="135" xml:id="l-135"/>te trouwen ja dan neen. Staat het <lb n="136" xml:id="l-136"/>mij vrij een werkmanspak aan te trekken <lb n="137" xml:id="l-137"/>en te leven als werkman ja dan <lb n="138" xml:id="l-138"/>neen. Aan wie ben ik verantwoording verpligt<c type="kk">/</c> <lb n="139" xml:id="l-139"/>wie zal probeeren mij te dwingen.</ab><lb n="140" xml:id="l-140"/>
<ab rend="indent">Wie lust heeft mij te hinderen<c type="kk">/</c> laat hem opdokken! 
<pb f="2r" n="5" xml:id="pb-orig-2r-5" facs="#zone-pb-2r-5"/><lb n="141" xml:id="l-141"/>Ziet gij Theo, ik ben het moede en mat<c type="kp">_</c><anchor n="8" xml:id="note-o-8"/> <lb n="142" xml:id="l-142"/>Denk na en ge zult het begrijpen. Pa, Oom Stricker<c type="kk">/</c> <lb n="143" xml:id="l-143"/>H.G.T. en weet ik wie meer<c type="kk">/</c> noemen zich <lb n="144" xml:id="l-144"/>menschen van vormen &amp; beschaving en <lb n="145" xml:id="l-145"/>ze handelen met een grofheid<c type="kk">/</c> een <lb n="146" xml:id="l-146"/>jesuitisme<c type="kk">/</c> een onregtvaardigheid waarvan <lb n="147" xml:id="l-147"/>mijn ziel een afschuw heeft. Nooit<c type="kk">/</c> nooit <lb n="148" xml:id="l-148"/>een schijn of schaduw van berouw of <lb n="149" xml:id="l-149"/>een opregt terugkeeren om te zeggen<c type="kk">/</c> ik <lb n="150" xml:id="l-150"/>deed dit of dat<c type="kk">/</c> het was slecht.–</ab><lb n="151" xml:id="l-151"/>
<ab rend="indent">Zij vinden te veel bijval<c type="kk">/</c> zij weten te goed <lb n="152" xml:id="l-152"/>dat de meeste menschen het zoo hebben willen <lb n="153" xml:id="l-153"/>en zij houden de wereld te vriend.</ab><lb n="154" xml:id="l-154"/>
<ab rend="indent">Hebben ze daar pleizier in<c type="kk">/</c> denken ze dat <lb n="155" xml:id="l-155"/>zij er goed mee uit zullen komen en er <lb n="156" xml:id="l-156"/>vrede van hebben ook in ’t eind – welnu <lb n="157" xml:id="l-157"/>laat hun dan hun gang gaan – ik kan hen <lb n="158" xml:id="l-158"/>niet stoppen. Doch ik voor mij mag &amp; moet <lb n="159" xml:id="l-159"/>gaan volgens mijn eigen geweten. En <lb n="160" xml:id="l-160"/>is mijn weg er minder regt om omdat <lb n="161" xml:id="l-161"/>de een of ander zegt “gij gaat van den <lb n="162" xml:id="l-162"/>regten weg<anchor n="9" xml:id="note-o-9"/> af”<c type="kp">_</c>– C.M. praat ook altijd <lb n="163" xml:id="l-163"/>van den regten weg net als H.G.T. en de <lb n="164" xml:id="l-164"/>dominés. Maar C.M<c type="kp">_</c> noemt <lb n="165" xml:id="l-165"/>de Groux ook een gemeene kerel<c type="kk">/</c><anchor n="10" xml:id="note-o-10"/> dus: <lb n="166" xml:id="l-166"/>wat is C.M.<c type="kk">/</c> ik laat hem praten <lb n="167" xml:id="l-167"/>voortaan, mijn ooren zijn het moe. Ik ga om <lb n="168" xml:id="l-168"/>het te vergeten in ’t zand liggen voor een ouden boomwortel <lb n="169" xml:id="l-169"/>en een teekening daarvan maken.<anchor n="11" xml:id="note-o-11"/> Met een linnen kiel aan<c type="kk">/</c> <lb n="170" xml:id="l-170"/>en rook mijn pijp en kijk in de diepe blaauwe lucht.... <lb n="171" xml:id="l-171"/>of naar het mos of het gras.</ab>
<pb f="2v" n="6" xml:id="pb-orig-2v-6" facs="#zone-pb-2v-6"/><lb n="172" xml:id="l-172"/>
<ab rend="indent">Dat calmeert mij. En evenzeer voel ik mij <lb n="173" xml:id="l-173"/>kalm als b.v. Christien of haar moeder poseert en <lb n="174" xml:id="l-174"/>ik de proportie bereken en het ligchaam met zijn <lb n="175" xml:id="l-175"/>lange golvende lijnen zoek te doen voelen onder <lb n="176" xml:id="l-176"/>de plooien van een zwarte japon.</ab><lb n="177" xml:id="l-177"/>
<ab rend="indent">Ik ben dan 1000 mijlen ver van C.M.<c type="kk">/</c> J.P.S.<c type="kk">/</c> <lb n="178" xml:id="l-178"/>H.G.T. en veel gelukkiger.</ab><lb n="179" xml:id="l-179"/>
<ab rend="indent">Doch... helaas dan komt de zorg en ik <lb n="180" xml:id="l-180"/>moet ’t zij spreken ’t zij schrijven over geld en <lb n="181" xml:id="l-181"/>dan begint het van voren af aan. Ik denk dan<c type="kk">/</c> <lb n="182" xml:id="l-182"/>H<c type="kp">_</c>G.T<c type="kp">_</c> en C<c type="kp">_</c>M. konden <lb n="183" xml:id="l-183"/>zooveel beter doen als zij zich niet met <lb n="184" xml:id="l-184"/>mijn “weg” bemoeiden maar mijn teekenen encourageerden<c type="kp">_</c> <lb n="185" xml:id="l-185"/>Gij zult zeggen<c type="kk">/</c> C.M. doet dat<c type="kk">/</c> maar ziehier <lb n="186" xml:id="l-186"/>waarom de bestelling nog niet uitgevoerd is. <lb n="187" xml:id="l-187"/>Mauve zeide mij<c type="kk">/</c> die Oom van je heeft <lb n="188" xml:id="l-188"/>het enkel gedaan om dat hij eens bij je is geweest <lb n="189" xml:id="l-189"/>maar ge moet wel begrijpen dat dat niets <lb n="190" xml:id="l-190"/>beteekent en dat het onmiddelijk weer uit zal zijn, <lb n="191" xml:id="l-191"/>en dan hebt ge geen mensch meer.</ab><lb n="192" xml:id="l-192"/>
<ab rend="indent">Gij moet weten Theo<c type="kk">/</c> <hi rend="ital">dat ik daar niet tegen kan</hi><c type="kk">/</c> <lb n="193" xml:id="l-193"/>wordt zoo iets me gezegd – mijn hand valt slap <lb n="194" xml:id="l-194"/>neer als verlamd. <lb n="194a" xml:id="l-194a"/>Vooral als C.M. toch ook al dingen gezegd heeft <lb n="194b" xml:id="l-194b"/>van vormen geloof ik<c type="kp">_</c></ab><lb n="195" xml:id="l-195"/>
<ab rend="indent">ik heb voor C.M. gemaakt 12 teekeningen <lb n="196" xml:id="l-196"/>voor f<c type="kp">_</c> 30. dus f<c type="kp">_</c> 2.50 per stuk. het is een lastige <lb n="197" xml:id="l-197"/>karwei waar voor meer dan f<c type="kp">_</c> 30 moeite aan zit <lb n="198" xml:id="l-198"/>en ik verdien niet dat ik ’t dan nog als een <lb n="199" xml:id="l-199"/>genade moet beschouwen of iets dergelijks. <lb n="200" xml:id="l-200"/>Voor de 6 anderen had ik reeds veel moeite <lb n="201" xml:id="l-201"/>gedaan<c type="kk">/</c> ik had er studies voor gemaakt – <lb n="202" xml:id="l-202"/>’t is daarbij gebleven. <hi rend="ital">De moeite heb ik ook voor</hi> <lb n="203" xml:id="l-203"/><hi rend="ital">de nieuwen reeds gehad</hi><c type="kk">/</c> het is dus geen 
<pb f="2v" n="7" xml:id="pb-orig-2v-7" facs="#zone-pb-2v-7"/><lb n="204" xml:id="l-204"/>luiheid maar ik sta verlamd.</ab><lb n="205" xml:id="l-205"/>
<ab rend="indent">Ik redeneer dan tegen mijzelven<c type="kk">/</c> ik <lb n="206" xml:id="l-206"/>zal ’t me niet aan trekken maar ik ben <lb n="207" xml:id="l-207"/>zenuwachtig en zoo iets blijft bij me hangen <lb n="208" xml:id="l-208"/>en keert terug als ik er weer aan begin. <lb n="209" xml:id="l-209"/>Zoodat ik dan met mij zelven moet laveeren <lb n="210" xml:id="l-210"/>en aan ander werk werken.</ab><lb n="211" xml:id="l-211"/>
<ab rend="indent">Ik begrijp Mauve niet – het was vriendelijker <lb n="212" xml:id="l-212"/>van hem geweest als hij zich nooit met me <lb n="213" xml:id="l-213"/>bemoeid had. <lb n="213a" xml:id="l-213a"/><hi rend="ital">Wat raad gij mij</hi><c type="kk">/</c><hi rend="ital"> de bestelling van C.M<c type="kp">_</c></hi> <lb n="213b" xml:id="l-213b"/><hi rend="ital">door te zetten of niet</hi>?– ik stond als niet wetende <lb n="213c" xml:id="l-213c"/>wat te doen.</ab><lb n="214" xml:id="l-214"/>
<ab rend="indent">In vroeger jaren was er een anderen toon onder <lb n="215" xml:id="l-215"/>de schilders – nu vreten ze elkaar op <lb n="216" xml:id="l-216"/>en zijn groote heeren die in villa’s wonen <lb n="217" xml:id="l-217"/>en intrigueeren. Ik ben liever op de <lb n="218" xml:id="l-218"/>Geest of in een andere achterstraat<c type="kk">/</c> <lb n="219" xml:id="l-219"/>graauw – armzalig – slikkerig, somber<c type="kk">/</c> <lb n="220" xml:id="l-220"/>maar daar verveel ik mij nooit doch <lb n="221" xml:id="l-221"/>in die mooie huizen embêteer ik me en <lb n="222" xml:id="l-222"/>zich verveelen vind ik slecht<c type="kk">/</c> dus dan <lb n="223" xml:id="l-223"/>zeg ik<c type="kk">/</c> daar hoor ik niet &amp; ik kom <lb n="224" xml:id="l-224"/>er niet meer. Goddank dat ik mijn werk <lb n="225" xml:id="l-225"/>heb maar om te kunnen werken heb ik <lb n="226" xml:id="l-226"/>nog geld noodig inplaats van te verdienen, <lb n="227" xml:id="l-227"/>en daar zit hem de knoop. Als ik over een <lb n="228" xml:id="l-228"/>jaar<c type="kk">/</c> of ik weet niet hoe lang of hoe kort<c type="kk">/</c> die Geest <lb n="229" xml:id="l-229"/>of een andere straat zoo teeken als ik ’t zie met <lb n="230" xml:id="l-230"/>die figuren van oude wijven<c type="kk">/</c> arbeiders<c type="kk">/</c> meiden<c type="kk">/</c> <lb n="231" xml:id="l-231"/>dan zal H<c type="kp">_</c>G.T. &amp;c<c type="kp">_</c> heel lief zijn, maar <lb n="232" xml:id="l-232"/>dan krijgen ze mijn “donder op” en <lb n="233" xml:id="l-233"/>ik zal zeggen<c type="kk">/</c> ge hebt mij in den steek gelaten <lb n="234" xml:id="l-234"/>toen ik in de moeite zat, vriend, ik ken u niet<c type="kk">/</c> <lb n="235" xml:id="l-235"/>ga weg, ge staat mij in ’t licht.–</ab>
<pb f="2r" n="8" xml:id="pb-orig-2r-8" facs="#zone-pb-2r-8"/><lb n="236" xml:id="l-236"/>
<ab rend="indent">Och heer – waarom zou ik bang zijn – <lb n="237" xml:id="l-237"/>wat kan mij ’t “onbehagelijk”<c type="kk">/</c> “onverkoopbaar” van <lb n="238" xml:id="l-238"/>H.G.T. scheelen. Als ik eens moedeloos ben dan <lb n="239" xml:id="l-239"/>kijk ik naar Les bêcheurs van Millet<anchor n="12" xml:id="note-o-12"/> en le banc <lb n="240" xml:id="l-240"/>des pauvres van de Groux<anchor n="13" xml:id="note-o-13"/> en dan wordt H.G.T<c type="kp">_</c> <lb n="241" xml:id="l-241"/>zoo klein, zoo niets, en al die praatjes <lb n="242" xml:id="l-242"/>zoo armzalig dat ik weer in mijn humeur raak <lb n="243" xml:id="l-243"/>en mijn pijp aansteek en weer aan ’t teekenen ga. <lb n="244" xml:id="l-244"/>Maar komt op zoo’n moment<c type="kk">/</c> vroeger of later<c type="kk">/</c> <lb n="245" xml:id="l-245"/>iemand van de beschaving me in den weg dan zou <lb n="246" xml:id="l-246"/>hij wel eens dingen kunnen hooren die zoo tamelijk <lb n="247" xml:id="l-247"/>ontnuchterend waren.</ab><lb n="248" xml:id="l-248"/>
<ab rend="indent">Gij zult mij nu vragen Theo<c type="kk">/</c> of dit een <lb n="249" xml:id="l-249"/>en ander ook op U slaat<c type="kk">/</c> ik zeg daarop<c type="kk">/</c> <lb n="250" xml:id="l-250"/>Theo wie heeft mij brood gegeven en geholpen<c type="kp">_</c> <lb n="251" xml:id="l-251"/>ik meen gij – het slaat dus zeer zeker <lb n="252" xml:id="l-252"/>niet op U. Alleen komt de gedachte wel eens <lb n="253" xml:id="l-253"/>bij mij op<c type="kk">/</c> waarom is Theo geen schilder<c type="kk">/</c> zal <lb n="254" xml:id="l-254"/>hij zich in die beschaving niet eindelijk gaan vervelen. <lb n="255" xml:id="l-255"/>Zal hij niet later spijt hebben dat hij de beschaving <lb n="256" xml:id="l-256"/>maar gelaten heeft en een handwerk geleerd<c type="kk">/</c> een vrouw <lb n="257" xml:id="l-257"/>getrouwd<c type="kk">/</c> een kiel aangetrokken. Maar <lb n="258" xml:id="l-258"/>er kunnen redenen zijn die ik niet <lb n="259" xml:id="l-259"/>apprecieeren kan<c type="kk">/</c> dus genoeg. In zake <lb n="260" xml:id="l-260"/>van liefde weet ik niet of gij datgene reeds weet <lb n="261" xml:id="l-261"/>wat eigentlijk ’t A<c type="kp">_</c>B.C. is. Vind ge dat pretentieus <lb n="262" xml:id="l-262"/>van me. Ik bedoel er mede dat men ’t best <lb n="263" xml:id="l-263"/>voelt wat liefde is als men zit bij een ziekbed<c type="kk">/</c> <lb n="264" xml:id="l-264"/>soms zonder een cent in den zak. Het is <lb n="265" xml:id="l-265"/>geen aardbeien plukken in de lente<anchor n="14" xml:id="note-o-14"/> – dat duurt <lb n="266" xml:id="l-266"/>maar enkele dagen en de meeste maanden <lb n="267" xml:id="l-267"/>zijn graauw en somberder, doch in die somberheid <lb n="268" xml:id="l-268"/>leert men iets nieuws en soms is het mij als wist <lb n="269" xml:id="l-269"/>gij dat en soms denk ik<c type="kk">/</c> hij weet het niet<c type="kp">_</c></ab>
<pb f="3r" n="9" xml:id="pb-orig-3r-9" facs="#zone-pb-3r-9"/><lb n="270" xml:id="l-270"/>
<ab rend="indent">Ik wil het huiselijk lief en leed zelf door <lb n="271" xml:id="l-271"/>om het te kunnen teekenen uit eigen <lb n="272" xml:id="l-272"/>ondervinding. Toen ik uit Amsterdam <lb n="273" xml:id="l-273"/>was voelde ik mijn liefde die toch opregt<c type="kk">/</c> <lb n="274" xml:id="l-274"/>toch ongeveinsd was en sterk<c type="kk">/</c> letterlijk <lb n="275" xml:id="l-275"/><hi rend="ital">doodgeslagen</hi> – doch na den dood <lb n="276" xml:id="l-276"/>staat men op uit den dood<c type="kp">_</c> Resurgam.<anchor n="15" xml:id="note-o-15"/> <lb n="277" xml:id="l-277"/>Ik heb toen Christien gevonden. Aarzelen<c type="kk">/</c> <lb n="278" xml:id="l-278"/>uitstellen kwam niet te pas. Er moest <lb n="279" xml:id="l-279"/>gehandeld worden. Als ik haar niet <lb n="280" xml:id="l-280"/>trouw dan was het vriendelijker van <lb n="281" xml:id="l-281"/>mij geweest indien ik mij maar niet <lb n="282" xml:id="l-282"/>met haar had bemoeid. Doch door <lb n="283" xml:id="l-283"/>dezen stap ontstaat er een kloof<c type="kk">/</c> <lb n="284" xml:id="l-284"/>ik doe dan zoo beslist als ’t maar kan <lb n="285" xml:id="l-285"/>wat men noemt “uit zijn stand gaan” <lb n="286" xml:id="l-286"/>maar dat is niet verboden en dat is <lb n="287" xml:id="l-287"/>niet slecht ofschoon de wereld het <lb n="288" xml:id="l-288"/>verkeerd noemt. Ik rigt mijn huishouden <lb n="289" xml:id="l-289"/>in als een arbeidershuishouden. Ik ben <lb n="290" xml:id="l-290"/>daar meer in t’huis<c type="kk">/</c> ik heb het reeds <lb n="291" xml:id="l-291"/>vroeger gewild doch het toen <lb n="292" xml:id="l-292"/>niet kunnen uitvoeren. Ik hoop dat <lb n="293" xml:id="l-293"/>gij over de kloof heen mij de hand <lb n="294" xml:id="l-294"/>zult blijven reiken. Ik heb gesproken <lb n="295" xml:id="l-295"/>over frs 150 per maand. gij zegt dat ik <lb n="296" xml:id="l-296"/>meer noodig heb. Wacht eens. Mijn uitgaven <lb n="297" xml:id="l-297"/>gingen nooit gemiddeld frs 100 per maand <lb n="298" xml:id="l-298"/>te boven sedert ik bij Goupil vertrok behalve als er <lb n="299" xml:id="l-299"/>reizen tusschenbeiden kwam. En bij Goupil had ik eerst <lb n="300" xml:id="l-300"/>dertig gulden en later frs 100<c type="kp">_</c></ab>
<pb f="3v" n="10" xml:id="pb-orig-3v-10" facs="#zone-pb-3v-10"/><lb n="301" xml:id="l-301"/>
<ab rend="indent">Nu deze laatste maanden had ik meer <lb n="302" xml:id="l-302"/>uitgaven doch ik heb mij moeten <lb n="303" xml:id="l-303"/>vestigen<c type="kk">/</c> en ik vraag het U<c type="kk">/</c> zijn die <lb n="304" xml:id="l-304"/>uitgaven onredelijk of buitensporig<c type="kp">_</c> <lb n="305" xml:id="l-305"/>Te meer als gij weet wat daar bij kwam<c type="kp">_</c> <lb n="306" xml:id="l-306"/>En hoe dikwijls dikwijls in die lange jaren <lb n="307" xml:id="l-307"/>had ik veel minder dan frs 100.– <lb n="307a" xml:id="l-307a"/>En als ik door reizen soms <lb n="307b" xml:id="l-307b"/>uitgaven had<c type="kk">/</c> heb <lb n="307c" xml:id="l-307c"/>ik mijn talen niet geleerd en mij ontwikkeld – is dat geld in ’t water.</ab><lb n="308" xml:id="l-308"/>
<ab rend="indent">Nu is het noodig ik een regt pad <lb n="309" xml:id="l-309"/>voor mijn voeten maak.<anchor n="16" xml:id="note-o-16"/> Stel ik het <lb n="310" xml:id="l-310"/>trouwen uit dan is er iets scheefs in <lb n="311" xml:id="l-311"/>mijn positie dat mij tegen de borst stuit<c type="kp">_</c> <lb n="312" xml:id="l-312"/>Zij en ik willen ons bekrimpen en behelpen <lb n="313" xml:id="l-313"/>mits wij maar trouwen.</ab><lb n="314" xml:id="l-314"/>
<ab rend="indent">Ik ben 30<c type="kk">/</c><anchor n="17" xml:id="note-o-17"/> zij 32<c type="kk">/</c> dus wij beginnen niet <lb n="315" xml:id="l-315"/>als kinderen. Wat betreft haar moeder <lb n="316" xml:id="l-316"/>en haar kind<c type="kk">/</c> het laatste neemt haar <lb n="317" xml:id="l-317"/>smet weg; voor eene vrouw die moeder <lb n="318" xml:id="l-318"/>is heb ik respect <lb n="318a" xml:id="l-318a"/>en ik vraag niet naar haar verleden. <lb n="318"/>Ik ben blij dat zij een kind <lb n="319" xml:id="l-319"/>heeft<c type="kk">/</c> daardoor juist weet zij wat zij weten moet<c type="kp">_</c> <lb n="320" xml:id="l-320"/>Haar moeder is zeer werkzaam en verdiende <lb n="321" xml:id="l-321"/>wel een ridderkruis omdat zij gedurende jaren <lb n="322" xml:id="l-322"/>een gezin van 8 kinderen<anchor n="18" xml:id="note-o-18"/> er boven op gehouden <lb n="323" xml:id="l-323"/>heeft. Zij zou geen afhankelijkheid willen<c type="kk">/</c> zij <lb n="324" xml:id="l-324"/>verdient haar onderhoud door uit werken te gaan<c type="kp">_</c></ab><lb n="325" xml:id="l-325"/>
<ab rend="indent">Ik schrijf U s’avonds laat. Christien is niet wel <lb n="326" xml:id="l-326"/>en de tijd van haar vertrek naar Leiden is <lb n="327" xml:id="l-327"/>op handen. Gij moet ’t mij vergeven als dit <lb n="328" xml:id="l-328"/>schrijven slordig is want ik ben moede.<anchor n="19" xml:id="note-o-19"/></ab>
<pb f="3v" n="11" xml:id="pb-orig-3v-11" facs="#zone-pb-3v-11"/><lb n="329" xml:id="l-329"/>
<ab rend="indent">En toch<c type="kk">/</c> na Uw brief wilde ik U schrijven. <lb n="330" xml:id="l-330"/>Te Amsterdam ben ik zoo gedecideerd geweigerd<c type="kk">/</c> <lb n="331" xml:id="l-331"/>zoo afgescheept dat het dolzinnig geweest <lb n="332" xml:id="l-332"/>ware van mij door te gaan.</ab><lb n="333" xml:id="l-333"/>
<ab rend="indent">Maar had ik toen wanhopig moeten worden<c type="kk">/</c> <lb n="334" xml:id="l-334"/>in ’t water springen of zoo iets<c type="kp">_</c> à Dieu <lb n="335" xml:id="l-335"/>ne plaise<c type="kp">_</c>– <lb n="335a" xml:id="l-335a"/>Dat zou ik gedaan hebben als ik een slecht mensch geweest was.– <lb n="335"/>Ik heb mij vernieuwd<c type="kk">/</c> <lb n="336" xml:id="l-336"/>niet expres doch omdat ik gelegenheid <lb n="337" xml:id="l-337"/>tot vernieuwing vond en niet <lb n="338" xml:id="l-338"/>weigerde op nieuw te beginnen.</ab><lb n="339" xml:id="l-339"/>
<ab rend="indent">Nu echter is het een ander geval en <lb n="340" xml:id="l-340"/>Christien en ik begrijpen elkaar beter<c type="kk">/</c> <lb n="341" xml:id="l-341"/>wij hoeven aan niemand ons te storen <lb n="342" xml:id="l-342"/>doch zijn er natuurlijk verre van daan <lb n="343" xml:id="l-343"/>de pretentie te hebben een stand te voeren.</ab><lb n="344" xml:id="l-344"/>
<ab rend="indent">De vooroordeelen van de wereld kennende <lb n="345" xml:id="l-345"/>weet ik dat ’t geen mij te doen staat <lb n="346" xml:id="l-346"/>is zelf mij terug te trekken uit den kring <lb n="347" xml:id="l-347"/>van mijn stand die trouwens al lang mij <lb n="348" xml:id="l-348"/>uitgestooten heeft. Maar dan is er ook niets <lb n="349" xml:id="l-349"/>meer te zeggen en verder mag men niet <lb n="350" xml:id="l-350"/>gaan. Mijn persoonlijke vrijheid mag men <lb n="351" xml:id="l-351"/>niet aantasten<c type="kk">/</c> zulks heb ik mijn Vader in <lb n="352" xml:id="l-352"/>der tijd vierkant genoeg gezegd bij gelegenheid van <lb n="353" xml:id="l-353"/>de affaire Gheel<anchor n="20" xml:id="note-o-20"/> waar hij me caseeren<anchor n="b" xml:id="note-o-b"/> wilde in een <lb n="354" xml:id="l-354"/>gekkenhuis.– Zij en ik zijn meerderjarig dus als Pa zich <lb n="355" xml:id="l-355"/>verzet dan moet hij zijne weigering maar overeenkomstig de <lb n="356" xml:id="l-356"/>wet opstellen en moet de regter beslissen. Ik <lb n="357" xml:id="l-357"/>hoop echter zulks niet noodig zal zijn en wij het wat vreedzamer <lb n="358" xml:id="l-358"/>zullen kunnen tot stand brengen.</ab><lb n="359" xml:id="l-359"/>
<ab rend="indent">Het kan zijn ik nog een tijd wacht voor wij zamen <lb n="360" xml:id="l-360"/>gaan wonen in geval van al te 
<pb f="3r" n="12" xml:id="pb-orig-3r-12" facs="#zone-pb-3r-12"/><lb n="361" xml:id="l-361"/>moeielijke omstandigheden doch ook dan wil ik <lb n="362" xml:id="l-362"/>trouwen – zonder iemand er <lb n="363" xml:id="l-363"/>kennis van te geven<c type="kk">/</c> geheel in stilte<c type="kp">_</c> <lb n="364" xml:id="l-364"/>Maakt iemand er leven over<c type="kk">/</c> ik zal er mij niets van <lb n="365" xml:id="l-365"/>aan trekken. Daar zij Roomsch is is het trouwen nog <lb n="366" xml:id="l-366"/>eenvoudiger want de kerk is van zelf buiten kwestie<c type="kk">/</c> <lb n="367" xml:id="l-367"/>noch zij noch ik willen er iets mee te maken hebben. <lb n="368" xml:id="l-368"/>Ge zult zeggen<c type="kk">/</c> dat’s kort en bondig<c type="kp">_</c>– Que soit. <lb n="369" xml:id="l-369"/>Ik wil van een ding maar weten: het teekenen<c type="kk">/</c> en <lb n="370" xml:id="l-370"/>zij heeft ook èèn vast werk: poseeren. Ik wenschte <lb n="371" xml:id="l-371"/>van harte dat ’t mij mogelijk was de woning hier naast te <lb n="372" xml:id="l-372"/>nemen<c type="kk">/</c> die is precies groot genoeg omdat de zolder <lb n="373" xml:id="l-373"/>zoo is dat men er slaapvertrek van maken kan en <lb n="374" xml:id="l-374"/>het atelier<c type="kk">/</c> goed van grootte en licht<c type="kk">/</c> veel beter <lb n="375" xml:id="l-375"/>dan hier. Doch zal dat kunnen? Maar al <lb n="376" xml:id="l-376"/>was het maar een hok waarin ik moet <lb n="377" xml:id="l-377"/>gaan wonen<c type="kk">/</c> ik heb liever een korst brood <lb n="378" xml:id="l-378"/>bij mijn eigen haard<c type="kk">/</c> hoe arm ook<c type="kk">/</c> dan <lb n="379" xml:id="l-379"/>te leven zonder haar te trouwen.</ab><lb n="380" xml:id="l-380"/>
<ab rend="indent">Zij weet wat armoede is<c type="kk">/</c> ik ook<c type="kk">/</c> Tersteeg <lb n="381" xml:id="l-381"/>weet daar geen bliksem van en gij Theo<c type="kk">/</c> <lb n="382" xml:id="l-382"/>weet het ook niet. Armoede heeft voor en heeft <lb n="383" xml:id="l-383"/>tegen<c type="kp">_</c> Ondanks armoede wagen wij het<c type="kp">_</c> <lb n="384" xml:id="l-384"/>De visschers weten dat de zee gevaarlijk is <lb n="385" xml:id="l-385"/>en de storm geducht <hi rend="ital">maar hebben nooit</hi> <lb n="386" xml:id="l-386"/><hi rend="ital">kunnen inzien dat de gevaren</hi> <lb n="387" xml:id="l-387"/><hi rend="ital">redenen waren om op ’t strand te</hi> <lb n="388" xml:id="l-388"/><hi rend="ital">blijven kuijeren</hi>. Die wijsheid laten ze over <lb n="389" xml:id="l-389"/>voor wie er trek in heeft. Komt de storm – daalt <lb n="390" xml:id="l-390"/>de nacht – wat is erger<c type="kk">/</c> het gevaar of de vrees <lb n="391" xml:id="l-391"/>van het gevaar. Dan maar de werkelijkheid<c type="kk">/</c> <lb n="392" xml:id="l-392"/>’t gevaar zelf. adieu Theo, het is laat. neem mij dit schrijven <lb n="393" xml:id="l-393"/>niet kwalijk<c type="kk">/</c> ik ben moe en wilde toch schrijven<c type="kk">/</c> ik wou dat gij ’t be<c type="shy">-</c><lb n="394" xml:id="l-394"/>grijpen kondet en dat ik het duidelijker en vriendelijker wist te zeggen doch <lb n="395" xml:id="l-395"/>neem het niet op als eene beleediging, &amp; geloof me</ab>
<vg:whiteline/><lb n="395*" xml:id="l-395s"/>
<ab>t. à t<c type="kp">_</c></ab><lb n="396" xml:id="l-396"/>
<ab>Vincent</ab>
<vg:whiteline/>
<pb f="4r" n="13" xml:id="pb-orig-4r-13" facs="#zone-pb-4r-13"/><lb n="397" xml:id="l-397"/>
<ab>Ik geloof <lb n="397a" xml:id="l-397a"/>(of liever er is een schemering van beginnen <lb n="397b" xml:id="l-397b"/>te gelooven) <lb n="397"/>dat de mogelijkheid bestaat dat <lb n="398" xml:id="l-398"/>de gedachte “Theo zal zijn hulp intrekken indien <lb n="399" xml:id="l-399"/>ik hem tegenspreek” &amp;c<c type="kp">_</c> &amp;c. misschien ten <lb n="400" xml:id="l-400"/>eene male overbodig is. Doch Theo<c type="kk">/</c> ik heb <lb n="401" xml:id="l-401"/>het zoo dikwijls gezien dat dergelijke dingen <lb n="402" xml:id="l-402"/>gedaan werden<c type="kk">/</c> dat ik er U niet <lb n="403" xml:id="l-403"/>minder om achten zou en niet boos op U <lb n="404" xml:id="l-404"/>zijn indien gij zulks deed. Omdat ik <lb n="405" xml:id="l-405"/>denken zou<c type="kk">/</c> hij weet niet beter<c type="kk">/</c> ze doen allemaal <lb n="406" xml:id="l-406"/>zoo<c type="kk">/</c> in onnadenkendheid doch niet uit <lb n="407" xml:id="l-407"/>kwaadaardigheid. Indien ik Uwe hulp <lb n="408" xml:id="l-408"/>behoud zoo is dat iets geheel nieuws<c type="kk">/</c> <lb n="409" xml:id="l-409"/>een buitenkansje op ’t welk ik niet <lb n="410" xml:id="l-410"/>gerekend heb. Want ik heb geruimen tijd <lb n="411" xml:id="l-411"/>geloopen om zoo te zeggen, steeds met <lb n="412" xml:id="l-412"/>dat allerergste voor oogen en Christien <lb n="413" xml:id="l-413"/>ook omdat ik haar steeds voorgespiegeld heb: <lb n="414" xml:id="l-414"/>“meid<c type="kk">/</c> maar ik vrees dat er een tijd zal komen <lb n="415" xml:id="l-415"/>dat ik geheel broodeloos ben”. Ik heb U dat <lb n="416" xml:id="l-416"/>echter niet gezegd voor ’t in de rede te pas <lb n="417" xml:id="l-417"/>kwam. Indien gij mij Uwe hulp laat behouden dan 
<pb f="4v" n="14" xml:id="pb-orig-4v-14" facs="#zone-pb-4v-14"/><lb n="418" xml:id="l-418"/>is dat eene uitkomst<c type="kk">/</c> eene verlossing <lb n="419" xml:id="l-419"/>zóó ongedacht, zóó ongehoopt dat ik er <lb n="420" xml:id="l-420"/>geheel door van streek zou zijn van vreugde<c type="kk">/</c> <lb n="421" xml:id="l-421"/>en nu<c type="kk">/</c> ik durf er niet aan denken <lb n="422" xml:id="l-422"/>en schuif de gedachte met wilskracht van mij af<c type="kk">/</c> zelfs <lb n="423" xml:id="l-423"/>terwijl ik er U er over schrijf met vaste hand<c type="kk">/</c> <lb n="424" xml:id="l-424"/>om niet zwak te worden.</ab><lb n="425" xml:id="l-425"/>
<ab rend="indent">Het geen ik dezen winter ondervond <lb n="426" xml:id="l-426"/>in zake Mauve is mij een les geweest <lb n="427" xml:id="l-427"/>waardoor ik sedert mij voorbereid heb <lb n="428" xml:id="l-428"/>op het ergste... een doodvonnis van U. <lb n="429" xml:id="l-429"/>n.l. het ophouden van Uwe hulp.</ab><lb n="430" xml:id="l-430"/>
<ab rend="indent">Gij zult zeggen<c type="kk">/</c> die hulp heeft toch niet <lb n="431" xml:id="l-431"/>opgehouden... maar ik ontving haar <lb n="432" xml:id="l-432"/>met eene zekere koelheid<c type="kk">/</c> denkende<c type="kk">/</c> hij <lb n="433" xml:id="l-433"/>weet nog niet alles wat hij eens weten <lb n="434" xml:id="l-434"/>zal en voor de crisis er geweest is heb <lb n="435" xml:id="l-435"/>ik geen rust en blijf waken<c type="kk">/</c> bereid op <lb n="436" xml:id="l-436"/>’t ergste.</ab><lb n="437" xml:id="l-437"/>
<ab rend="indent">Nu is de crisis en ik kan nog niet beslissen<c type="kk">/</c> <lb n="438" xml:id="l-438"/>ik durf nog niet te hopen. Tot Christien heb ik <lb n="439" xml:id="l-439"/>gezegd<c type="kk">/</c> ik zal U wel brengen tot Leiden. <lb n="440" xml:id="l-440"/>Als ge uit Leiden terugkomt weet ik niet hoe <lb n="441" xml:id="l-441"/>ge mij vinden zult<c type="kk">/</c> met of zonder brood doch 
<pb f="4v" n="15" xml:id="pb-orig-4v-15" facs="#zone-pb-4v-15"/><lb n="442" xml:id="l-442"/>wat ik heb dat is van U en van ’t kind evenzeer <lb n="443" xml:id="l-443"/>als van mijzelf. Christien weet geen details – <lb n="444" xml:id="l-444"/>en vraagt ook niet<c type="kk">/</c> wetende dat ik opregt <lb n="445" xml:id="l-445"/>met haar doe en willende met mij zijn quand bien même. <lb n="446" xml:id="l-446"/>Het postcriptum in Uw laatsten brief gaf mij te <lb n="447" xml:id="l-447"/>denken... ik dacht hoe bedoelt hij dat.. <lb n="448" xml:id="l-448"/>Maar tot nu toe heb ik U steeds beschouwd <lb n="449" xml:id="l-449"/>als zullende waarschijnlijk U van mij afkeeren <lb n="450" xml:id="l-450"/>zoodra gij alles wist<c type="kp">_</c></ab><lb n="451" xml:id="l-451"/>
<ab rend="indent">Zoodat ik leefde bij den dag maar met <lb n="452" xml:id="l-452"/>eene sombere vrees voor het ergste waarvan ik <lb n="453" xml:id="l-453"/>mij nog niet ontheven durf rekenen. Ik heb <lb n="454" xml:id="l-454"/>ook gewerkt bij den dag<c type="kk">/</c> niet durvende <lb n="455" xml:id="l-455"/>meer teeken- of schilderbehoeften bestellen <lb n="456" xml:id="l-456"/>dan ik bij den dag betalen kon, geen <lb n="457" xml:id="l-457"/>dingen van schilderen b.v. durvende te ondernemen<c type="kk">/</c> niet <lb n="458" xml:id="l-458"/>’t zoo durvende aanpakken als ik <lb n="459" xml:id="l-459"/>doen zou indien ik er op rekende dat de <lb n="460" xml:id="l-460"/>verhouding met Mauve &amp; H<c type="kp">_</c>G.T<c type="kp">_</c> teregt zou <lb n="461" xml:id="l-461"/>komen. Denkende dat indien hun <lb n="462" xml:id="l-462"/>vriendelijkheid oppervlakkig was<c type="kk">/</c> hun <lb n="463" xml:id="l-463"/>onvriendelijkheid dieper zat en enfin<c type="kk">/</c> <lb n="464" xml:id="l-464"/>’t woord van Mauve “’t is glad uit” heb ik <lb n="465" xml:id="l-465"/>serieus opgenomen<c type="kk">/</c> niet toen hij ’t mij zeide (want toen <lb n="466" xml:id="l-466"/>was ik er koel genoeg tegen in en braveerde het zooals <lb n="467" xml:id="l-467"/>de indianen als zij gemarteld worden zeggen “’t doet me geen zeer”) <lb n="468" xml:id="l-468"/>maar sedert hij mij schreef “in twee maanden bemoei ik mij <lb n="469" xml:id="l-469"/>niet met U.” Sedert ik het pleister kapot gooide enfin.–<anchor n="21" xml:id="note-o-21"/></ab><lb n="470" xml:id="l-470"/>
<ab rend="indent">Kortom, <hi rend="ital">voor mij zelf</hi> heb ik steeds gerekend<c type="kk">/</c> ik heb van Mauve <lb n="471" xml:id="l-471"/>en Tersteeg niets meer te wachten en ik zal God danken <lb n="472" xml:id="l-472"/>als Theo ’t zoo lang volhoud mij ’t noodige te zenden dat ik <lb n="473" xml:id="l-473"/>Christien behouden te Leiden kan brengen en dan zal ik ’t hem 
<pb f="4r" n="16" xml:id="pb-orig-4r-16" facs="#zone-pb-4r-16"/><lb n="479" xml:id="l-479"/>verklaren en zeggen<c type="kk">/</c> houd op – dit en dat heb ik gedaan.</ab><lb n="480" xml:id="l-480"/>
<ab rend="indent">Begrijpt gij hier iets van –..</ab><lb n="481" xml:id="l-481"/>
<ab rend="indent">Zoodat ik nu U schrijf zoo als ik sprak tot <lb n="482" xml:id="l-482"/>Mauve toen hij zei<c type="kk">/</c> ’t is glad uit – haast <lb n="483" xml:id="l-483"/>uitdagend – op ’t ergste bereid – koelbloedig – <lb n="484" xml:id="l-484"/>sarkastisch – en toch doodelijk ernstig<c type="kk">/</c> <lb n="485" xml:id="l-485"/>U niet sparend<c type="kk">/</c> U hekelend om Uw <lb n="486" xml:id="l-486"/>vormen doch niet ligtzinnig maar..... <lb n="487" xml:id="l-487"/>IN DAMNED EARNEST<c type="kp">_</c>–<anchor n="22" xml:id="note-o-22"/> </ab><lb n="488" xml:id="l-488"/>
<ab rend="indent">Verstaat ge nu – pas doorgemaakt <lb n="489" xml:id="l-489"/>hebbende die vreeselijke spanning met Christien <lb n="490" xml:id="l-490"/>maar zij gered zijnde<c type="kk">/</c> nu mij verklarende<c type="kk">/</c> <lb n="491" xml:id="l-491"/>zeggende: Heeren: ziehier mijn <lb n="492" xml:id="l-492"/>nek – ik verklaar mij schuldig <lb n="493" xml:id="l-493"/>in zoover dat ik voor U allen iets <lb n="494" xml:id="l-494"/>achterwege gehouden heb dat geld <lb n="495" xml:id="l-495"/>gekost heeft maar er was een menschen<c type="shy">-</c><lb n="496" xml:id="l-496"/>leven te redden en ik wilde er niet over <lb n="497" xml:id="l-497"/>spreken doch wilde ’t redden quand même<c type="kk">/</c> <lb n="498" xml:id="l-498"/>maar nu – ... ik ben als ge <lb n="499" xml:id="l-499"/>mij veroordeelt schuldig en zal <lb n="500" xml:id="l-500"/>niet protesteeren<c type="kp">_</c>– Voor Uw geld lever <lb n="501" xml:id="l-501"/>ik werk maar is ’t niet voldoende dan <lb n="502" xml:id="l-502"/>ben ik U schuldig en heb niet om terug te <lb n="503" xml:id="l-503"/>geven<c type="kp">_</c>– Ik ben bereid op Uwe ongenade <lb n="504" xml:id="l-504"/>doch niet op Uwe genade... <lb n="505" xml:id="l-505"/>daar heb ik nooit op gerekend en ik <lb n="506" xml:id="l-506"/>weet niet hoe ik ’t heb...... hoe is het ??? <lb n="507" xml:id="l-507"/>ik heb mij bereid op het ergste en heb niet gehoopt op iets minder erg, hoe staat <lb n="508" xml:id="l-508"/>het – maar spreek duidelijk.–</ab><lb n="474" xml:id="l-474"/>
<ab rend="indent">Kortom ik wist zeer wel dat ik mij in ’t oog van de wereld compromitteerde door X<hi rend="ss">tn</hi> te helpen <lb n="475" xml:id="l-475"/>en ik rekende er of liever reken er nog niet op dat gij nog met mij zoudt willen te doen hebben nadat gij weten zoudt <lb n="476" xml:id="l-476"/>dat ik mij gecompromitteerd had<c type="kp">_</c>– Maar ik kon haar niet aan haar lot overlaten<c type="kk">/</c> ik wilde haar redden <lb n="477" xml:id="l-477"/>ofschoon mijn kop er misschien bij gewaagd was. En nu weet ik nog niet of het “POLLICE VERSO”<anchor n="23" xml:id="note-o-23"/> is <hi rend="ital">ja</hi> dan <hi rend="ital">neen</hi>??? <lb n="478" xml:id="l-478"/>indien ja: “<hi rend="ital">Morituri te salutant</hi>”<c type="kp">_</c><anchor n="24" xml:id="note-o-24"/> <lb n="478a" xml:id="l-478a"/>ik heb wel de duimen zien <lb n="478b" xml:id="l-478b"/>bewegen doch weet niet of zij naar boven <lb n="478c" xml:id="l-478c"/>of naar onderen wijzen.</ab>
<vg:whiteline/>
<div type="textualNotes">
<note target="l-7" targetEnd="l-7" n="7-7">a <hi rend="ital">En U [...] 50.–</hi> &lt; <hi rend="ital">Added later.</hi></note>
<note target="l-43" n="43">meer”.– &lt; meer.–</note>
<note target="l-94" n="94">officieel &lt; officeel</note>
<note target="l-369" n="369">weten: &lt; weten</note>
<note target="l-370" n="370">werk: &lt; werk</note>
<note target="l-397" n="397">a (of &lt; of</note>
<note target="l-416" n="416">rede &lt; reden</note>
<note target="l-455" n="455">teeken- &lt; teeken</note>
<note target="l-469" n="469">U.” &lt; U.</note>
<note target="l-483" n="483">koelbloedig – &lt; koelbloedig</note>
<note target="l-487" n="487">IN DAMNED EARNEST &lt; <hi rend="ital">Written in very large and anomolous letters.</hi></note></div></div>
<div type="translation">
<pb f="1r" n="1" xml:id="pb-trans-1r-1" facs="#zone-pb-1r-1"/>
<ab>My dear Theo,</ab>
<ab>If I’m to give you a better understanding of what I’ve already written to you about, you’ll have to know where its origin lies. And I mustn’t tone down anything about my visit to Amsterdam. But I begin by asking you not to regard it as impertinent if I have to disagree with you. <hi rend="ital">And first of all thank you sincerely for the 50 francs you enclosed</hi>. If I don’t put it forcefully it will be no use to you, but I would keep silent if you made it a precondition that I give in. I don’t believe that you’re making such a precondition, and you yourself will perhaps not find it unnatural that there are aspects of life that are less developed in you than your understanding of business, about which I freely grant that you’re far better informed than I, and shan’t lightly dare to say to you this or that isn’t so. On the contrary, especially when you explain a little to me, I often feel that your grasp of things is better than mine. But on the other hand, when it comes to love — I’m sometimes astonished by your views. And I even want — please forgive me — to add something new. Your last letter about <rs type="pers" key="323">M.</rs> and <rs type="pers" key="787">H.G.T.</rs> proved to me that you appear to have a firm foothold in the circle and class of M. and H.G.T. and a way of behaving that isn’t mine, so that you get on well with them whereas I do not. But outside that class your view is superficial and prejudiced. For your last letter gave me more food for thought than you may realize. My mistake lies here, it seems to me, and this is the true reason for my being fobbed off. If one has no money, one is by definition ineligible from the start, and so it was a mistake and short-sighted of me to take what M. said literally, and to think even for a moment: H.G.T. will remember that I’ve already been through so much trouble.
<pb f="1v" n="2" xml:id="pb-trans-1v-2" facs="#zone-pb-1v-2"/></ab>
<ab rend="indent">These days, money is what might is right was in the past. Contradicting someone is fatal, and if you do it their reaction is not to reflect but to give you a punch in the throat. That’s to say, in the shape of ‘I shan’t buy anything by him any more’ or ‘I won’t help him again’. </ab>
<ab rend="indent">This being the case, I risk my head if I argue with you but, Theo, I don’t know what else I can do — if it must go, here’s my neck. You know my circumstances and that my living or not living, as it were, depends on your help. But I’m caught in a dilemma. If I reply to your letter: Yes, Theo, you’re right, I’ll give up <rs type="pers" key="463">Christien</rs>, then in the first place I’ll be telling an untruth by saying you’re right, and in the second I’ll be committing myself to do something terrible. If I contradict you, and you do the same as <rs type="pers" key="787">H.G.T.</rs> and <rs type="pers" key="323">M.</rs>, I get it in the neck, in a manner of speaking. </ab>
<ab rend="indent"><hi rend="ital">Well, in God’s name off with my head if you must</hi>. The alternative is even worse.</ab>
<ab rend="indent">So here begins a short text in which I’ll state some things frankly which I think you may take in such a way that you withdraw your help, but to be silent in order to keep your help seems to me a poor way to act, and I would rather risk the worst. If I can make clear to you what I believe you do not yet understand, things will go better for <rs type="pers" key="463">Christien</rs> and her <rs type="pers" key="467">child</rs> and myself. And to achieve that, I must venture to say what I shall say.
<pb f="1v" n="3" xml:id="pb-trans-1v-3" facs="#zone-pb-1v-3"/></ab>
<ab rend="indent">To express what I felt for <rs type="pers" key="776">Kee Vos</rs>, I said plainly: she and no other.<anchor n="1" xml:id="note-t-1"/> Her ‘no, nay, never’ wasn’t enough to make me give her up. I still had hope, and despite that — which I believed was a block of ice that would melt — my love remained strong. </ab>
<ab rend="indent">Yet I had no rest. The tension became unbearable because she stayed silent all the time, because I never received so much as a syllable in reply. </ab>
<ab rend="indent">Then I went to Amsterdam. There I was told... When you are in the house <rs type="pers" key="776">Kee</rs> will leave it. Your ‘she and no other’ is opposed by her ‘certainly not him’ — your persistence is <hi rend="ital">sickening</hi>. I put my fingers in the flame of the lamp and said, let me see her for as long as I hold my hand in the flame, and it’s no wonder that later <rs type="pers" key="787">H.G.T.</rs> might have looked at my hand. </ab>
<ab rend="indent">But they blew the lamp out, I believe, and said, <hi rend="ital">you shall not see her</hi>. And then afterwards I had a talk with her <rs type="pers" key="778">brother</rs>,<anchor n="2" xml:id="note-t-2"/> who said, officially or unofficially, that nothing but <hi rend="ital">rijksdaalders</hi><anchor n="3" xml:id="note-t-3"/> would have any effect. Official or unofficial, I find both equally vile, and when I left Amsterdam I felt as if I had been on the slave market. You see, to me that was just crass, especially when they spoke of my coercion, and I felt that the things they told me were meant to beat me to death, and that my ‘she and no other’ was beaten to death. It wasn’t straightaway but still quickly enough that I <hi rend="ital">felt </hi>that love<hi rend="ital"> die</hi>, to be replaced by a void, an infinite void. Now, as you know, I believe in God, I did not doubt the power of love. But then I felt something like, My God, my God, why hast thou forsaken me?<anchor n="4" xml:id="note-t-4"/> And nothing made sense any more. I thought, have I deluded myself?......... O God, there is no God!<anchor n="5" xml:id="note-t-5"/> 
<pb f="1r" n="4" xml:id="pb-trans-1r-4" facs="#zone-pb-1r-4"/> I couldn’t bear that horrible, cold reception in Amsterdam —people reveal their true colours when it comes to settling accounts.</ab>
<ab rend="indent">Would the<rs type="pers" key="318"> Rev. J.P.S.</rs> and the <rs type="pers" key="526">Rev. T. v. G.</rs>, looking so respectable in their robes and with their grey hair, dare to preach about love from the pulpit the way they talk about it behind closed doors? They would not.</ab>
<ab rend="indent">I thought of the words of the prophet: ‘Ancients of Israel, what do ye in the dark?’,<anchor n="6" xml:id="note-t-6"/> words directed at deceitful priests who were influenced by bribes. </ab>
<ab rend="indent">Enough. I was distracted and cheered up by <rs type="pers" key="323">Mauve</rs>. I threw myself into my work with all my strength. Then, after M. let me down and I was ill for a few days, at the end of January I met <rs type="pers" key="463">Christien</rs>.<anchor n="7" xml:id="note-t-7"/></ab>
<ab rend="indent">Theo, you say that if I had truly loved <rs type="pers" key="776">K.V.</rs> I wouldn’t have done that. But now do you understand better that I couldn’t go on after what had been said in Amsterdam? — should I have despaired then? — why should an honest man despair? — I’m no blackguard, I do not deserve to be treated so dreadfully. Well, what can they do? True, they had the whip hand, they thwarted me in Amsterdam. But now I no longer ask their advice and, being of age, I ask: am I at liberty to marry, yes or no? Am I at liberty to put on a working man’s clothes and to live as a working man, yes or no? To whom am I accountable? Who will try to coerce me? </ab>
<ab rend="indent">If anyone wants to stop me, let him come forward! 
<pb f="2r" n="5" xml:id="pb-trans-2r-5" facs="#zone-pb-2r-5"/> You see, Theo, I am faint and weary.<anchor n="8" xml:id="note-t-8"/> Think it over and you will understand. <rs type="pers" key="526">Pa</rs>, <rs type="pers" key="318">Uncle Stricker</rs>, <rs type="pers" key="787">H.G.T.</rs> and I don’t know who else call themselves well-mannered, civilized people and they behave with a coarseness, a Jesuitism, an injustice that my soul abhors. Never ever is there a hint or shadow of remorse or an honest turning back to say, I did this or that, it was wrong. </ab>
<ab rend="indent">They have too much support, they know all too well that most people want to have things that way, and they keep in with everybody. </ab>
<ab rend="indent">If they take pleasure in that, if they think that it will work out well for them and that they’ll also be at peace with it at the end — well, let them go ahead — I can’t stop them. But for myself I may and must act according to my own conscience. And is my way less right because someone says, ‘You are straying from the right way’? <rs type="pers" key="422">C.M.</rs> always talks about the right way too, just like <rs type="pers" key="787">H.G.T.</rs> and the clergymen.<anchor n="9" xml:id="note-t-9"/> But C.M. also calls <rs type="pers" key="1063">Degroux</rs> a common fellow,<anchor n="10" xml:id="note-t-10"/> so what is C.M.? In future I’ll let him talk; my ears are tired. To put it out of my mind, I’m going to lie in the sand in front of the roots of an old tree and draw them.<anchor n="11" xml:id="note-t-11"/> Wearing a linen smock and smoking my pipe and looking at the deep blue sky... or at the moss or the grass.
<pb f="2v" n="6" xml:id="pb-trans-2v-6" facs="#zone-pb-2v-6"/></ab>
<ab rend="indent">That calms me down. And I feel equally calm when, for example, <rs type="pers" key="463">Christien</rs> or her <rs type="pers" key="464">mother</rs> poses and I work out the proportions and try to make the body with its long, undulating lines palpable under the folds of a black dress. </ab>
<ab rend="indent">Then I’m a thousand miles away from <rs type="pers" key="422">C.M.</rs>, <rs type="pers" key="318">J.P.S.</rs> and <rs type="pers" key="787">H.G.T.</rs>, and much happier. </ab>
<ab rend="indent">But... alas, then the cares come and I have either to speak or write about money and it starts all over again. Then I think: <rs type="pers" key="787">H.G.T.</rs> and <rs type="pers" key="422">C.M.</rs> would do so much better if they didn’t interfere with my ‘way’ and just encouraged me to draw. You will say: C.M. does that, but let me explain why the order hasn’t been completed yet. <rs type="pers" key="323">Mauve</rs> said to me: that uncle of yours only did that because he’d paid you a visit, but you should realize that it doesn’t mean anything and that immediately afterwards it will all be over, and then you won’t have anyone left. </ab>
<ab rend="indent">You must understand, Theo, <hi rend="ital">that I can’t bear that</hi>; if something like that is said to me, my hand goes limp as if paralyzed. Especially since <rs type="pers" key="422">C.M.</rs> has also made remarks about manners, I believe.</ab>
<ab rend="indent">For <rs type="pers" key="422">C.M.</rs> I’ve done 12 drawings for 30 guilders, that’s 2.50 apiece. It’s a tricky job involving more than 30 guilders’ worth of effort, and it isn’t fair to ask me to see it as a favour or something like that. I had already gone to a great deal of trouble for the other 6, I had done studies for them. That’s as far as I got. <hi rend="ital">I’ve already put the effort in for the new ones</hi>, so it’s not laziness 
<pb f="2v" n="7" xml:id="pb-trans-2v-7" facs="#zone-pb-2v-7"/> — I am paralyzed. </ab>
<ab rend="indent">Then I reason with myself: I shan’t take it to heart, but I’m nervous and a thing like that stays with me and comes back when I start work again. So that I have to change tack and work on other things.</ab>
<ab rend="indent">I don’t understand <rs type="pers" key="323">Mauve</rs> — it would have been kinder of him never to have bothered with me. <hi rend="ital">What do you advise: should I carry on with the order for <rs type="pers" key="422">C.M.</rs> or not</hi>? I didn’t know what to do.</ab>
<ab rend="indent">Years ago there was a different tone among painters — now they devour each other and are fine gentlemen living in villas and intriguing. I prefer to be in Geest or another back street — drab, down at heel, muddy, sombre — but I’m never bored there, whereas I’m bored stiff in those mansions, and I think it’s a bad thing to be bored and so I say: I don’t belong there and I’m not going there any more. Thank God I have my work, but in order to work I still need money instead of earning it, and that’s the difficulty. If in a year’s time, or I don’t know how much longer or shorter, I can draw that Geest district or another street as I see it with the figures of old women, workers, girls, then <rs type="pers" key="787">H.G.T.</rs> &amp;c. will be very pleasant, but then they’ll get my ‘go to hell’ and I’ll say, you left me in the lurch when I was in trouble, friend, I don’t know you, go away, you’re standing in my light. 
<pb f="2r" n="8" xml:id="pb-trans-2r-8" facs="#zone-pb-2r-8"/></ab>
<ab rend="indent">Oh Lord, why should I be afraid? What do I care about <rs type="pers" key="787">H.G.T.</rs>’s ‘disagreeable’ and ‘unsaleable’? If occasionally I lose heart, I look at The diggers by <rs type="pers" key=" 1226">Millet</rs><anchor n="12" xml:id="note-t-12"/> and The paupers’ pew by <rs type="pers" key="1063">Degroux</rs><anchor n="13" xml:id="note-t-13"/> and then H.G.T. seems so small, so negligible, and all those remarks so pathetic that my good humour comes back and I light my pipe and get on with drawing. But if at such a moment, sooner or later, someone from civilization were to cross my path, he might just hear some things that were pretty sobering. </ab>
<ab rend="indent">Now you will ask, Theo, whether this applies to you too. In reply I say: Theo, who has given me bread and helped me? You, I believe, so it certainly doesn’t apply to you. Only sometimes the thought occurs to me: why isn’t Theo a painter, won’t he eventually become bored in that civilization in the end? Won’t he later be sorry that he abandoned civilization to learn a craft, marry a woman, put on a smock? But there may be reasons that I can’t appreciate, so enough. As for love, I don’t know whether you already know what its ABC really is. Do you think me arrogant? By that I mean that you feel what love is best when you sit beside a sickbed, sometimes without a penny in your pocket. This isn’t picking strawberries in the spring<anchor n="14" xml:id="note-t-14"/> — that only lasts a few days and most months are drab and more sombre, but in that sombreness one learns something new, and sometimes it seems to me that you know that, and sometimes I think, he doesn’t know it. 
<pb f="3r" n="9" xml:id="pb-trans-3r-9" facs="#zone-pb-3r-9"/></ab>
<ab rend="indent">I want to go through the domestic joys and sorrows myself so that I can draw them from experience. After I had left Amsterdam I felt that my love, which was truly honest, truly unfeigned and strong, had been literally <hi rend="ital">beaten to death </hi>— yet after death one rises from the dead. Resurgam.<anchor n="15" xml:id="note-t-15"/> Then I found <rs type="pers" key="463">Christien</rs>. It was no time to hesitate or delay. Action was required. If I don’t marry her, it would have been kinder of me not to have taken any interest in her. Yet through this step a gulf opens; I then ‘marry beneath my station’, as they say, as decisively as I possibly can, but that is not forbidden and not bad, even if the world calls it wrong. My domestic arrangements will be like those in a worker’s household. I’m more at home with that, I wanted to do it before but couldn’t put it into practice then. I hope that you’ll still extend your hand to me across the gulf. I mentioned 150 francs a month. You say I need more. Wait a moment. My expenses have never been more than 100 francs a month on average since I left Goupil, except for occasional travelling. And at Goupil I first had thirty guilders and later 100 francs. 
<pb f="3v" n="10" xml:id="pb-trans-3v-10" facs="#zone-pb-3v-10"/></ab>
<ab rend="indent">Now, these last months I’ve had more expenses, but I’ve had to settle in, and I ask you: are these expenses unreasonable or excessive? Especially since you know what else was involved. And how often in those long years I had much less than 100 francs. And if I sometimes had expenses because of travelling, have I not improved my knowledge of languages and developed my mind? Was that money down the drain?</ab>
<ab rend="indent">Now I need to make a straight path for my feet.<anchor n="16" xml:id="note-t-16"/> If I postpone marriage, there will be something false in my position that will be repugnant to me. She and I are willing to scrimp and scrape as long as we marry.</ab>
<ab rend="indent">I am 30,<anchor n="17" xml:id="note-t-17"/> she 32, so we’re not starting out as children. As for her <rs type="pers" key="464">mother</rs> and her <rs type="pers" key="467">child</rs>, the latter removes her stain; I have respect for a woman who is a mother and I don’t enquire into her past. I’m glad that she has a child; because of that she knows what she should know. Her mother is very hard-working and deserves a medal for the way she has raised a family of 8 children<anchor n="18" xml:id="note-t-18"/> for years and kept their heads above water. She wouldn’t want there to be any dependence, she earns her living by going out to work.</ab>
<ab rend="indent">I’m writing to you late at night. <rs type="pers" key="463">Christien</rs> is unwell and the time of her departure for Leiden is at hand. You must forgive me if my writing is sloppy, for I’m tired.<anchor n="19" xml:id="note-t-19"/> 
<pb f="3v" n="11" xml:id="pb-trans-3v-11" facs="#zone-pb-3v-11"/></ab>
<ab rend="indent">And yet, after your letter I wanted to write to you. In Amsterdam I was so flatly refused, so fobbed off that it would have been lunacy to persist.</ab>
<ab rend="indent">But should I have despaired at that point? Jumped into the water or something like that? God forbid. I would have done that if I had been a bad person. I renewed myself, not on purpose but because I found an opportunity for renewal and didn’t refuse to begin again.</ab>
<ab rend="indent">This time, though, things are different and <rs type="pers" key="463">Christien</rs> and I understand each other better. We needn’t take account of anyone, but of course are far from pretending to keep up a position. </ab>
<ab rend="indent">Knowing the prejudices of the world, I’m aware that what I must do is withdraw from my social circle, which cast me out long ago anyway. But then there’s nothing more to be said and one may go no further. My personal liberty may not be infringed. I told my Father that plainly enough at the time of the Geel affair,<anchor n="20" xml:id="note-t-20"/> when he wanted to pack me off to a madhouse. She and I are of age, so if <rs type="pers" key="526">Pa</rs> is opposed he’ll have to register his refusal formally according to the law and the judge will have to decide. However, I hope that this won’t be necessary and that we can reach a resolution by rather more peaceful means.</ab>
<ab rend="indent">It may be that I wait a while before we start living together if our 
<pb f="3r" n="12" xml:id="pb-trans-3r-12" facs="#zone-pb-3r-12"/> circumstances are particularly difficult, but even then I want to get married — without telling anyone, completely quietly. If anybody makes a fuss, I won’t take any notice. Since she’s a Catholic, the wedding will be all the simpler, for the church is naturally out of the question; neither she nor I want to have anything to do with it. You will say, that’s short and to the point. So be it. I want to be concerned with one thing only, drawing, and she too has one regular occupation, posing. I sincerely wish that it were possible for me to take the house next door. It’s exactly big enough, because the attic can be turned into a bedroom and the studio is a good size and light, much better than here. But would it be possible? But even if I had to live in a hovel, I would rather have a crust of bread beside my own hearth, however poor, than live without marrying her. </ab>
<ab rend="indent">She knows what poverty is, so do I. <rs type="pers" key="787">Tersteeg</rs> doesn’t know a damned thing about it, and neither do you, Theo. Poverty has its advantages and disadvantages. Despite poverty, we’ll take the chance. The fishermen know that the sea is dangerous and the storm fearsome, <hi rend="ital">but could never see that the dangers were a reason to continue strolling on the beach</hi>. They leave that wisdom to those to whom it appeals. When the storm comes — when night falls — what’s worse: the danger or the fear of danger? Give me reality, the danger itself. Adieu Theo, it’s late. Pardon me for this letter, I’m tired but wanted to write anyway. I wish you could understand and that I could put it in a clearer and friendlier way, but don’t take offence, and believe me</ab>
<vg:whiteline/>
<ab>Ever yours,</ab>
<ab>Vincent</ab>
<vg:whiteline/>
<ab>
<pb f="4r" n="13" xml:id="pb-trans-4r-13" facs="#zone-pb-4r-13"/></ab>
<ab>I believe (or rather there’s a glimmer of beginning to believe) that there’s a possibility that the notion ‘Theo will withdraw his help if I argue with him’ &amp;c. &amp;c. may be utterly needless. But, Theo, I’ve seen things like that done so often that I wouldn’t respect you less and not be angry with you if you did likewise. Because I would think, he knows no better; they all behave like that, unthinkingly but not from malice. If I continue to receive your help, that will be something utterly new, a rare chance I haven’t counted on. Because for a considerable time I’ve gone around, so to speak, always with the prospect of the very worst before me, as has <rs type="pers" key="463">Christien</rs>, because I continually said to her ‘Lass, I fear a time will come when I’m completely penniless’. But I haven’t said that to you before it was necessary. If you continue your help 
<pb f="4v" n="14" xml:id="pb-trans-4v-14" facs="#zone-pb-4v-14"/> it is a solution, a deliverance, so unexpected, so undreamt-of, that I would be utterly overwhelmed by joy. And now, I daren’t think about it and resolutely push the thought away, even while I write to you about it with a steady hand, so as not to weaken.</ab>
<ab rend="indent">What I experienced this winter with <rs type="pers" key="323">Mauve</rs> has been a lesson to me, making me prepare myself since then for the worst... a death sentence from you, that is, the ending of your help.</ab>
<ab rend="indent">You’ll say, but that help hasn’t stopped... but I received it with a certain reserve, thinking he doesn’t yet know everything he will know one day, and until the crisis comes I’ll have no rest and remain on guard, prepared for the worst.</ab>
<ab rend="indent">Now the crisis is here and I still can’t decide, I don’t dare hope yet. I’ve told <rs type="pers" key="463">Christien</rs>: I’ll support you until Leiden. When you come back from Leiden, I don’t know how you’ll find me — with or without a penny — but 
<pb f="4v" n="15" xml:id="pb-trans-4v-15" facs="#zone-pb-4v-15"/> what I have is as much yours and the <rs type="pers" key="467">child</rs>’s as mine. Christien doesn’t know the details — and doesn’t ask, knowing that I deal honestly with her and wanting to be with me come what may. The postscript in your last letter made me think... I thought, how does he mean that?... But up to now I’ve always thought of you as likely to turn away from me as soon as you knew everything.</ab>
<ab rend="indent">So I lived by the day but with a sombre fear of the worst from which I dare not yet account myself freed. I also worked by the day, not daring to order more drawing or painting materials than I could pay for by the day, not daring to undertake anything in the way of painting, for example, not daring to tackle it as I would have done had I counted on relations with <rs type="pers" key="323">Mauve</rs> and <rs type="pers" key="787">H.G.T.</rs> being restored. Thinking that if their friendliness was superficial, their unfriendliness went deeper, and anyway, I took seriously what Mauve said, ‘it’s all over’, not when he said it to me (for then I took it coolly enough in a spirit of bravado like the Indians who say ‘it doesn’t hurt at all’ when they’re tortured), but since he wrote to me ‘I don’t want to have anything to do with you for two months’. Since I broke the plaster casts.<anchor n="21" xml:id="note-t-21"/></ab>
<ab rend="indent">In short, I’ve always argued <hi rend="ital">to myself</hi>: I can expect nothing more from <rs type="pers" key="323">Mauve</rs> and <rs type="pers" key="787">Tersteeg</rs>, and I’ll thank God if Theo carries on sending me the needful long enough for me to support <rs type="pers" key="463">Christien</rs> safely until Leiden, and then I’ll 
<pb f="4r" n="16" xml:id="pb-trans-4r-16" facs="#zone-pb-4r-16"/> explain to him and say, stop, this is what I’ve done. </ab>
<ab rend="indent">Do you understand any of this?... </ab>
<ab rend="indent">So I’m writing to you now as I spoke to <rs type="pers" key="323">Mauve</rs> when he said, ‘it’s all over’ — almost as a challenge — prepared for the worst — cold-bloodedly — sarcastically — and yet deadly serious, not sparing you, criticizing you for your conventions, yet not frivolously but... IN DAMNED EARNEST.<anchor n="22" xml:id="note-t-22"/> </ab>
<ab rend="indent">Do you understand now? Having just gone through the dreadful suspense with <rs type="pers" key="463">Christien</rs>, but she having pulled through, I am now pleading, declaring, Gentlemen, here is my neck. I plead guilty in that I hid from all of you something that has cost money, but there was a human life to be saved and I wanted to save it come what may, not talk about it. But now... if you condemn me I’ll be guilty and shan’t protest. I supply work for your money, but if it isn’t enough then I’m in your debt and can’t repay you. I’m prepared for your displeasure but not for your mercy... I’ve never counted on that and I don’t know how I stand...... what is it to be??? I’ve prepared myself for the worst and not hoped for anything less bad. What’s the position? But speak clearly. </ab>
  <ab rend="indent">In short, I knew very well that I was compromising myself in the eyes of the world by helping <rs type="pers" key="463">Christien</rs>, and I did not, or rather still do not, count on your wanting to have anything to do with me after knowing that I compromised myself. But I couldn’t leave her to her fate. I wanted to save her, even though my head might be at stake. And now I still don’t know whether it’s to be ‘POLLICE VERSO’,<anchor n="23" xml:id="note-t-23"/> <hi rend="ital">yes</hi> or <hi rend="ital">no</hi>??? If it’s yes: ‘<hi rend="ital">Morituri te salutant</hi>’.<anchor n="24" xml:id="note-t-24"/> I’ve seen the thumbs move, but don’t know whether they’re pointing up or down. </ab></div>
<div type="notes">
<note n="1" xml:id="n-1" target="#note-t-1">
<ab>Based on ‘<hi rend="ital">Elle</hi>, et non une autre’ from <rs type="pers" key="707">Jules Michelet</rs>, <rs type="lit" key="11"><hi rend="ital">L’amour</hi></rs>: <ref target="let180.xml#n-5">see letter 180, n. 5.</ref></ab></note>
<note n="2" xml:id="n-2" target="#note-t-2">
<ab>The reference is to Kee’s brother <rs type="pers" key="778">Johannes (Jan) Andries Stricker</rs>. Van Gogh mentioned earlier that he had spoken to his ‘learned professorial cousin Jan’ during the visit in question; <ref target="let193.xml">see letter 193</ref>.</ab></note>
<note n="3" xml:id="n-3" target="#note-t-3">
<ab>A rijksdaalder is 2.50 guilders.</ab></note>
<note n="4" xml:id="n-4" target="#note-t-4">
<ab>
  <bibleref xmlns="http://www.vangoghletters.org/ns/" book="Ps" chap="22" v="2">Ps. 22:2</bibleref>; <bibleref xmlns="http://www.vangoghletters.org/ns/" book="Matt" chap="27" v="46">Matt. 27:46</bibleref> and <bibleref xmlns="http://www.vangoghletters.org/ns/" book="Mark" chap="15" v="34">Mark 15:34</bibleref>.</ab></note>
<note n="5" xml:id="n-5" target="#note-t-5">
<ab>Last line of <rs type="lit" key="236"><hi rend="ital">Het gebed van den onwetende</hi></rs> by <rs type="pers" key="710">Multatuli</rs>, quoted earlier in <ref target="let193.xml#n-22">letter 193, n. 22.</ref></ab></note>
<note n="a" xml:id="n-a" target="#note-o-a">
<ab>Variant of ‘markt’.</ab></note>
<note n="6" xml:id="n-6" target="#note-t-6">
<ab>Cf. <bibleref xmlns="http://www.vangoghletters.org/ns/" book="Ezek" chap="8" v="12">Ezek. 8:12</bibleref>.</ab></note>
<note n="7" xml:id="n-7" target="#note-t-7">
<ab>For this meeting, cf. <ref target="let200.xml">letter 200</ref> of on or about 14 January: ‘I’m negotiating with a mother with a little child’. </ab></note>
<note n="8" xml:id="n-8" target="#note-t-8">
<ab>Biblical; see <bibleref xmlns="http://www.vangoghletters.org/ns/" book="Deut" chap="25" v="18">Deut. 25:18</bibleref>; <bibleref xmlns="http://www.vangoghletters.org/ns/" book="Isa" chap="40" v="28">Isa. 40:28</bibleref> and <bibleref xmlns="http://www.vangoghletters.org/ns/" book="Isa" chap="40" v="30">Isa. 40:30</bibleref>.</ab></note>
<note n="9" xml:id="n-9" target="#note-t-9">
<ab>Biblical; cf. <bibleref xmlns="http://www.vangoghletters.org/ns/" book="2 Pet" chap="2" v="15">2 Pet. 2:15</bibleref>.</ab></note>
<note n="10" xml:id="n-10" target="#note-t-10">
<ab>Here a ‘common fellow’ means someone of bad character. Van Gogh referred earlier to a similar denigrating remark by <rs type="pers" key="422">Uncle Cor</rs> about <rs type="pers" key="1063">Charles Degroux</rs>, and would do so again shortly afterwards: <ref target="let211.xml">see letters 211</ref>, <ref target="let236.xml">236</ref> and <ref target="let388.xml">388</ref>.</ab></note>
<note n="11" xml:id="n-11" target="#note-t-11">
<ab>Cf. the drawing <hi rend="ital">Study of a tree</hi> (<rs type="ill" key="2371">F 933r / JH 142</rs>).</ab></note>
<note n="12" xml:id="n-12" target="#note-t-12">
<ab>For <rs type="pers" key="1226">Millet</rs>’s <rs type="ill" key="1876"><hi rend="ital">The two diggers</hi></rs>, <ref target="let142.xml#n-18">see letter 142, n. 18.</ref></ab></note>
<note n="13" xml:id="n-13" target="#note-t-13">
<ab>For <rs type="pers" key="1063">Charles Degroux</rs>’s <rs type="ill" key="1880"><hi rend="ital">The paupers’ pew</hi></rs>, <ref target="let148.xml#n-12">see letter 148, n. 12.</ref></ab></note>
<note n="14" xml:id="n-14" target="#note-t-14">
<ab>The expression ‘picking strawberries in the spring’ comes from Theo: <ref target="let182.xml">see letter 182</ref>.</ab></note>
<note n="15" xml:id="n-15" target="#note-t-15">
<ab>‘I will rise again’. Taken from the <hi rend="ital">Vulgate</hi>, <bibleref xmlns="http://www.vangoghletters.org/ns/" book="Matt" chap="27" v="63">Matt. 27:63</bibleref>.</ab></note>
<note n="16" xml:id="n-16" target="#note-t-16">
<ab>
  <bibleref xmlns="http://www.vangoghletters.org/ns/" book="Heb" chap="12" v="13">Heb. 12:13</bibleref>.</ab></note>
<note n="17" xml:id="n-17" target="#note-t-17">
<ab>Van Gogh was not 30; two months before he had turned 29.</ab></note>
<note n="18" xml:id="n-18" target="#note-t-18">
<ab><rs type="pers" key="464">Maria Wilhelmina Hoornik-Pellers</rs> and <rs type="pers" key="465">Pieter Hoornik</rs> had a total of ten children. <rs type="pers" key="463">Sien</rs> was the oldest child in this Catholic family. After her father’s death in 1875, ‘the chairmaking business of <rs type="pers" key="1792">Pieter Anthonie</rs>, the oldest son, supplemented what Sien and her mother could earn as seamstresses and charwomen, but in general the Hoorniks were poor and depended on public assistance or church charity ... For a time Sien and three of her brothers lived in the Catholic Orphanage as there was no adequate way to provide for them at home.’ Sien ‘relied on prostitution to survive’. See Zemel 1987, p. 353.</ab></note>
<note n="19" xml:id="n-19" target="#note-t-19">
<ab>Despite Van Gogh’s remark, the handwriting is not especially untidy. </ab></note>
<note n="20" xml:id="n-20" target="#note-t-20">
<ab>For the ‘Geel affair’,<hi rend="ital"> </hi><ref target="let185.xml">see letter 185</ref>.</ab></note>
<note n="b" xml:id="n-b" target="#note-o-b">
<ab>Means: ‘opbergen, wegstoppen’ (put away, hide away).</ab></note>
<note n="21" xml:id="n-21" target="#note-t-21">
<ab>For <rs type="pers" key="323">Mauve</rs> not speaking to Van Gogh for two months and for the smashing of the plaster casts, <ref target="let219.xml">see letter 219</ref>.</ab></note>
<note n="22" xml:id="n-22" target="#note-t-22">
<ab>Van Gogh wrote the words <hi rend="ital">in damned earnest</hi> in extremely large letters and underlined them with a brush dipped in ink. The same words also occur in <ref target="let403.xml">letter 403</ref>. </ab></note>
<note n="23" xml:id="n-23" target="#note-t-23">
<ab>‘With the thumb turned down’ – in antiquity a sign from the emperor that the defeated gladiator should be killed (cf. Juvenal, <hi rend="ital">Saturae</hi> 3, 36).</ab></note>
<note n="24" xml:id="n-24" target="#note-t-24">
<ab>‘Those who are about to die salute you.’ According to <rs type="pers" key="1781">Suetonius</rs> (<hi rend="ital"><rs type="lit" key="112">Claudius</rs></hi>, 21), these were the words spoken by the gladiators to the emperor Caesar before they entered into combat. Also quoted in <ref target="let234.xml">letter 234</ref>.</ab></note></div></body></text></TEI>
