<?xml version="1.0" encoding="UTF-8"?>
<!-- Last Changed Date: 2018-07-18 12:32:41 +0200 (Wed, 18 Jul 2018) | SVN Revision: 2206 -->
<!--Licensed under Attribution-NonCommercial-ShareAlike 4.0 International (CC BY-NC-SA 4.0)-->
<?xml-model href="https://xmlschema.huygens.knaw.nl/vgodd.rng" type="application/xml" schematypens="http://relaxng.org/ns/structure/1.0"?>
<TEI xmlns:vg="http://www.vangoghletters.org/ns/" xmlns="http://www.tei-c.org/ns/1.0">
<teiHeader xmlns:xsi="http://www.w3.org/2001/XMLSchema-instance"><fileDesc>
<titleStmt>
<title>To Theo van Gogh. The Hague, Saturday, 15 and Sunday, 16 July 1882.</title>
<editor>Leo Jansen</editor>
<editor>Hans Luijten</editor>
<editor>Nienke Bakker</editor></titleStmt>
<publicationStmt>
<publisher><name>Huygens Instituut voor Nederlandse Geschiedenis (KNAW)</name><email>info@huygens.knaw.nl</email></publisher>
<publisher>Van Gogh Museum</publisher>
<pubPlace>Amsterdam</pubPlace>
<date type="first" when="2009">2009</date>
<availability status="restricted">
<licence target="http://creativecommons.org/licenses/by-nc-sa/4.0/ https://creativecommons.org/licenses/by-nc-sa/4.0/legalcode">
<p>Attribution-NonCommercial-ShareAlike 4.0 International (CC BY-NC-SA 4.0) </p></licence></availability>
<ptr target="http://vangoghletters.org/orig/let246"/></publicationStmt><sourceDesc><vg:letDesc><vg:letIdentifier>
<idno type="jlb">246</idno>
<idno type="collectedletters">215</idno>
<idno type="brieven1990">247</idno></vg:letIdentifier><vg:letHeading><author>Vincent van Gogh</author><vg:addressee>Theo van Gogh</vg:addressee><vg:placeLet>The Hague</vg:placeLet><vg:dateLet>Saturday, 15 and Sunday, 16 July 1882</vg:dateLet></vg:letHeading><vg:letContents>
<p>To Theo van Gogh. The Hague, Saturday, 15 and Sunday, 16 July 1882.</p>
<note type="ongoingTopic" n="1">
<p>Sien has given birth in Leiden <ref target="let242.xml">(242)</ref></p></note>
<note type="ongoingTopic" n="2">
<p>Van Gogh is recovering from his illness <ref target="let241.xml">(241)</ref></p></note>
<note type="ongoingTopic" n="3">
<p>Planned visit by Theo <ref target="let237.xml">(237)</ref></p></note></vg:letContents>
<note type="sourceStatus" xml:id="sourceStatus">
<p>Original manuscript</p></note>
<note type="location" xml:id="location">
<p>Amsterdam, Van Gogh Museum, inv. nos. b237 a-b V/1962</p></note>
<note type="date" xml:id="date">
<p>The letter was written on the day that Sien was discharged from the hospital in Leiden <ref target="#l-2">(ll. 2-4)</ref>. Assuming that she was discharged 14 days after giving birth, as Van Gogh expected in <ref target="let243.xml">letter 243</ref>, the first part of the letter can be dated to Saturday, 15 July 1882. The second part was written a day later: ‘I began this letter yesterday evening’ <ref target="#l-189">(l. 189)</ref>, thus on Sunday, 16 July 1882.</p>
<p> </p></note></vg:letDesc></sourceDesc></fileDesc></teiHeader>
<facsimile xmlns:xsi="http://www.w3.org/2001/XMLSchema-instance">
<surface n="b 0237 a" xml:id="surf-pb-1r"><graphic mimeType="image/tiff" url="VGM001000281_01.TIF" rend="norend"/><graphic mimeType="image/tiff" url="VGM001000281_01_n.tif" rend="norend"/><graphic mimeType="image/jpeg" url="VGM001000281_01_nt.jpg" height="50px" rend="thumbnail"/><zone xml:id="zone-pb-1r-1">
<graphic mimeType="image/tiff" url="VGM001000281_01_nR.tif" rend="norend"/><graphic mimeType="image/jpeg" url="VGM001000281_01_nRt.jpg" height="50px" rend="thumbnail"/><graphic mimeType="image/png" url="VGM001000281_01_nRf.png" width="380px" rend="facstab"/></zone>
<zone xml:id="zone-pb-1r-4">
<graphic mimeType="image/tiff" url="VGM001000281_01_nL.tif" rend="norend"/><graphic mimeType="image/jpeg" url="VGM001000281_01_nLt.jpg" height="50px" rend="thumbnail"/><graphic mimeType="image/png" url="VGM001000281_01_nLf.png" width="380px" rend="facstab"/></zone>
</surface>
<surface n="b 0237 a" xml:id="surf-pb-1v"><graphic mimeType="image/tiff" url="VGM001000281_02.TIF" rend="norend"/><graphic mimeType="image/tiff" url="VGM001000281_02_n.tif" rend="norend"/><graphic mimeType="image/jpeg" url="VGM001000281_02_nt.jpg" height="50px" rend="thumbnail"/><zone xml:id="zone-pb-1v-2">
<graphic mimeType="image/tiff" url="VGM001000281_02_nL.tif" rend="norend"/><graphic mimeType="image/jpeg" url="VGM001000281_02_nLt.jpg" height="50px" rend="thumbnail"/><graphic mimeType="image/png" url="VGM001000281_02_nLf.png" width="380px" rend="facstab"/></zone>
<zone xml:id="zone-pb-1v-3">
<graphic mimeType="image/tiff" url="VGM001000281_02_nR.tif" rend="norend"/><graphic mimeType="image/jpeg" url="VGM001000281_02_nRt.jpg" height="50px" rend="thumbnail"/><graphic mimeType="image/png" url="VGM001000281_02_nRf.png" width="380px" rend="facstab"/></zone>
</surface>
<surface n="b 0237 b" xml:id="surf-pb-2r"><graphic mimeType="image/tiff" url="VGM001000282_01.TIF" rend="norend"/><graphic mimeType="image/tiff" url="VGM001000282_01_n.tif" rend="norend"/><graphic mimeType="image/jpeg" url="VGM001000282_01_nt.jpg" height="50px" rend="thumbnail"/><zone xml:id="zone-pb-2r-5">
<graphic mimeType="image/tiff" url="VGM001000282_01_nR.tif" rend="norend"/><graphic mimeType="image/jpeg" url="VGM001000282_01_nRt.jpg" height="50px" rend="thumbnail"/><graphic mimeType="image/png" url="VGM001000282_01_nRf.png" width="380px" rend="facstab"/></zone>
<zone xml:id="zone-pb-2r-8">
<graphic mimeType="image/tiff" url="VGM001000282_01_nL.tif" rend="norend"/><graphic mimeType="image/jpeg" url="VGM001000282_01_nLt.jpg" height="50px" rend="thumbnail"/><graphic mimeType="image/png" url="VGM001000282_01_nLf.png" width="380px" rend="facstab"/></zone>
</surface>
<surface n="b 0237 b" xml:id="surf-pb-2v"><graphic mimeType="image/tiff" url="VGM001000282_02.TIF" rend="norend"/><graphic mimeType="image/tiff" url="VGM001000282_02_n.tif" rend="norend"/><graphic mimeType="image/jpeg" url="VGM001000282_02_nt.jpg" height="50px" rend="thumbnail"/><zone xml:id="zone-pb-2v-6">
<graphic mimeType="image/tiff" url="VGM001000282_02_nL.tif" rend="norend"/><graphic mimeType="image/jpeg" url="VGM001000282_02_nLt.jpg" height="50px" rend="thumbnail"/><graphic mimeType="image/png" url="VGM001000282_02_nLf.png" width="380px" rend="facstab"/></zone>
<zone xml:id="zone-pb-2v-7">
<graphic mimeType="image/tiff" url="VGM001000282_02_nR.tif" rend="norend"/><graphic mimeType="image/jpeg" url="VGM001000282_02_nRt.jpg" height="50px" rend="thumbnail"/><graphic mimeType="image/png" url="VGM001000282_02_nRf.png" width="380px" rend="facstab"/></zone>
</surface></facsimile><text xmlns:xsi="http://www.w3.org/2001/XMLSchema-instance"><body>
<div type="original">
<pb f="1r" n="1" xml:id="pb-orig-1r-1" facs="#zone-pb-1r-1"/><lb n="1" xml:id="l-1"/>
<ab>Waarde Theo,</ab><lb n="1*" xml:id="l-1s"/>
<ab>Vrijdag ontving ik berigt uit het <lb n="2" xml:id="l-2"/>gasthuis te Leiden dat Sien Zaturdag mogt <lb n="3" xml:id="l-3"/>naar huis gaan. Zoodat ik heden daar geweest <lb n="4" xml:id="l-4"/>ben &amp; wij te zamen terugkwamen en nu zij <lb n="5" xml:id="l-5"/>hier op den Schenkweg is – tot dusverre alles wel<c type="kk">/</c> <lb n="6" xml:id="l-6"/>zij en het kindje. Gelukkig heeft zij goed zog<c type="kk">/</c> <lb n="7" xml:id="l-7"/>het kindje is rustig.</ab><lb n="8" xml:id="l-8"/>
<ab rend="indent">Het zou me wat waard geweest zijn als gij haar <lb n="9" xml:id="l-9"/>gezien had vandaag. Haar voorkomen is<c type="kk">/</c> dit <lb n="10" xml:id="l-10"/>verzeker ik U<c type="kk">/</c> sedert dezen winter enorm veranderd. <lb n="11" xml:id="l-11"/>het is eene volkomen gedaanteverwisseling.</ab><lb n="12" xml:id="l-12"/>
<ab rend="indent">Is het dat ik van den winter daar iets aan <lb n="13" xml:id="l-13"/>gedaan heb en dat door Uw hulp natuurlijk<c type="kk">/</c> komt nog veel<c type="kk">/</c> veel meer <lb n="14" xml:id="l-14"/>op rekening van den professor die haar behandeld <lb n="15" xml:id="l-15"/>heeft. Maar waar de professor weer minder mee <lb n="16" xml:id="l-16"/>te maken heeft dat is met hetgeen de sterke genegenheid <lb n="17" xml:id="l-17"/>tusschen haar en mij op haar uitwerkt. Eene vrouw <lb n="18" xml:id="l-18"/>verandert als zij liefheeft en bemind wordt<c type="kk">/</c> <lb n="18a" xml:id="l-18a"/>is er niemand die om hun geeft dan gaat de fut er uit en de charme er af.<anchor n="1" xml:id="note-o-1"/> <lb n="18"/>Daar komt <lb n="19" xml:id="l-19"/>door uit wat in haar is en hiervan is gedecideerd <lb n="20" xml:id="l-20"/>haar ontwikkeling afhankelijk. De natuur moet <lb n="21" xml:id="l-21"/>haar vrijen loop hebben, den normalen <lb n="22" xml:id="l-22"/>weg gaan<c type="kk">/</c> wat een vrouw wil is met één man zijn <lb n="23" xml:id="l-23"/>en met dien vast voor goed. Dat <hi rend="ital">kan</hi> niet altijd <lb n="24" xml:id="l-24"/>maar er is strijd tegen de natuur als het anders is. <lb n="25" xml:id="l-25"/>Zij heeft dus nu een andere expressie dan dezen <lb n="26" xml:id="l-26"/>winter, zij kijkt anders uit haar oogen, haar <lb n="27" xml:id="l-27"/>blik is nu vast en kalm en er is een uitdrukking <lb n="28" xml:id="l-28"/>van geluk in haar<c type="kk">/</c> van vrede en rust<c type="kk">/</c> te <lb n="29" xml:id="l-29"/>treffender omdat zij nu nog natuurlijk lijdend <lb n="30" xml:id="l-30"/>is. Ik heb U wel eens geschreven dat den <lb n="31" xml:id="l-31"/>vorm van haar hoofd<c type="kk">/</c> de lijn van haar profiel <lb n="32" xml:id="l-32"/>net precies is die van dat figuur van Landelle<c type="kk">/</c> <lb n="33" xml:id="l-33"/>l’ange de la passion.<anchor n="2" xml:id="note-o-2"/> Dat is dus verre van gemeen<c type="kk">/</c> 
<pb f="1v" n="2" xml:id="pb-orig-1v-2" facs="#zone-pb-1v-2"/><lb n="34" xml:id="l-34"/>het is bepaald nobel, maar het valt niet <lb n="35" xml:id="l-35"/>altijd direkt in ’t oog. Van daag echter was het <lb n="36" xml:id="l-36"/>precies<c type="kk">/</c> precies. Vóór zij weg ging heeft de <lb n="37" xml:id="l-37"/>professor (die bepaald sympathie voor haar heeft<anchor n="3" xml:id="note-o-3"/> – <lb n="38" xml:id="l-38"/>haar ook van vroeger kent – en nu dezen keer <lb n="39" xml:id="l-39"/>met bijzondere attentie haar behandeld heeft – en <lb n="40" xml:id="l-40"/>op haar verzoek (dat zijn oorzaak had in ’t geen ik <lb n="41" xml:id="l-41"/>met haar afsprak voor zij er heen ging) haar geheel <lb n="42" xml:id="l-42"/>en in alle opzigten onderzocht heeft) zich <lb n="43" xml:id="l-43"/>nog de moeite gegeven om lang met <lb n="44" xml:id="l-44"/>haar te spreken en uitvoerig omtrent wat zij <lb n="45" xml:id="l-45"/>doen en laten moet om er boven op te blijven<c type="kk">/</c> <lb n="45a" xml:id="l-45a"/>inlichtingen te geven.</ab><lb n="46" xml:id="l-46"/>
    <ab rend="html" html="246_01_ol.html">1° Zijn met één man – daar alles in haar gestel <lb n="47" xml:id="l-47"/>en temperament haar geschikt maakt voor huisselijk leven <lb n="48" xml:id="l-48"/>en gedecideerd ongeschikt tot een zoodanig leven als <lb n="49" xml:id="l-49"/>de misere van vroeger haar toe bragt.</ab><lb n="50" xml:id="l-50"/>
    <ab rend="html" html="246_01_ol.html">2 dat zij veel buiten moet zijn en zoodra ze genoegzaam <lb n="51" xml:id="l-51"/>aangesterkt is veel loopen – massa’s lucht en frischheid inademen<c type="kp">_</c></ab><lb n="52" xml:id="l-52"/>
    <ab rend="html" html="246_01_ol.html">3 Voor voeding heeft hij gezegd wat zij gebruiken moet en <lb n="53" xml:id="l-53"/>wat haar kwaad kan<c type="kp">_</c></ab><lb n="54" xml:id="l-54"/>
    <ab rend="html" html="246_01_ol.html">4 zij moet zich veel wasschen met koud water en brandewijn<anchor n="4" xml:id="note-o-4"/> <lb n="55" xml:id="l-55"/>en ook geregeld iedere week een heet bad hebben.</ab><lb n="56" xml:id="l-56"/>
    <ab rend="html" html="246_01_ol.html">5 Moet zij geen emoties hebben die haar zenuwachtig maken: <lb n="57" xml:id="l-57"/>angst<c type="kk">/</c> spanning<c type="kk">/</c> onrust<c type="kp">_</c></ab><lb n="58" xml:id="l-58"/>
    <ab rend="html" html="246_01_ol.html">6 geen vloeren schrobben of dergelijk bepaald hard werk<c type="kk">/</c> vooral <lb n="59" xml:id="l-59"/>niet waar het hoofd naar de laagte wordt gehouden zooals <lb n="60" xml:id="l-60"/>bv. met een gang dweilen<c type="kk">/</c> ook vooral niet zware dingen <lb n="61" xml:id="l-61"/>optillen.</ab><lb n="62" xml:id="l-62"/>
<ab rend="indent">Dus hetgeen hij reeds vroeger gezegd had in hoofdzaak – <lb n="63" xml:id="l-63"/>alleen heeft hij nu ’t meer in bijzonderheden haar uitgelegd<c type="kp">_</c> <lb n="64" xml:id="l-64"/>Ik merk aan alles dat hij bepaald belang in haar stelt, hij <lb n="65" xml:id="l-65"/>heeft haar natuurlijk ook tamelijk uitvoerig over mij gesproken<c type="kk">/</c> <lb n="66" xml:id="l-66"/>weet van mijn ongesteldheid &amp; zegt ik groot gelijk had naar ’t gasthuis <lb n="67" xml:id="l-67"/>te gaan, heeft haar zelfs precies gezegd hoe hij dacht ik het gekregen had; <lb n="68" xml:id="l-68"/>niet eens maar <hi rend="ital">zeer dikwijls</hi> is hij er op terug gekomen of zij werkelijk <lb n="69" xml:id="l-69"/>vast met mij was – of ik haar niet in den steek zou laten – en toen 
<pb f="1v" n="3" xml:id="pb-orig-1v-3" facs="#zone-pb-1v-3"/><lb n="70" xml:id="l-70"/>zij hem dat bleef verzekeren<c type="kk">/</c> ook toen hij zeide dat <lb n="71" xml:id="l-71"/>zij het hem maar wijsmaakte<c type="kk">/</c> eindigde hij met, nu <lb n="72" xml:id="l-72"/>als je dan je man werkelijk vast hebt dan is er <lb n="73" xml:id="l-73"/>veel voor je gewonnen. Waar hij op tamboureerde bleef <lb n="74" xml:id="l-74"/>dat zij een huisselijk<c type="kk">/</c> geregeld en rustig leven <hi rend="ital">moest</hi> hebben<c type="kp">_</c> <lb n="75" xml:id="l-75"/>Toen zij wegging kwam niet alleen de oppasseres van <lb n="76" xml:id="l-76"/>de zaal waar zij lag maar de hoofdoppasseres zelf ook haar <lb n="77" xml:id="l-77"/>nog goedendag zeggen. Ik was daarbij en daar ik <lb n="78" xml:id="l-78"/>tot driemaal toe van die persoon een brief had gehad <lb n="79" xml:id="l-79"/>toen Sien niet schrijven mogt hoe het ging<c type="kk">/</c> bedankte <lb n="80" xml:id="l-80"/>ik haar daar voor. En bleef zij nog een heel <lb n="81" xml:id="l-81"/>tijdje met ons praten. Het was gelukkig heel warm <lb n="82" xml:id="l-82"/>mooi weer en de reis ging best. De moeder van Sien <lb n="83" xml:id="l-83"/>en het meisje van Sien waren naar den Schenkweg gegaan <lb n="84" xml:id="l-84"/>en wachtten ons op. Het was werkelijk een heerlijk <lb n="85" xml:id="l-85"/>t’huiskomen en Sien was over alles in high spirits<c type="kk">/</c> over <lb n="86" xml:id="l-86"/>het wiegje vooral<c type="kk">/</c> over haar rieten stoel<c type="kk">/</c> over alles. <lb n="87" xml:id="l-87"/>Maar vooral was zij blij haar kleine meisje ook weer te zien<c type="kk">/</c> <lb n="88" xml:id="l-88"/>die van mij een paar nieuwe laarzen gekregen had voor de gelegenheid <lb n="89" xml:id="l-89"/>en er heel aardig uitzag.</ab><lb n="90" xml:id="l-90"/>
<ab rend="indent">Er was in Mei een combinatie van moeielijkheden<c type="kk">/</c> haar <lb n="91" xml:id="l-91"/>bevalling<c type="kk">/</c> mijn onwel worden<c type="kk">/</c> terwijl de kwestie hoe het gaan <lb n="92" xml:id="l-92"/>moest<c type="kk">/</c> waar zij naar toe moest<c type="kk">/</c> het nog compliceerden. In veel <lb n="93" xml:id="l-93"/>opzigten is er licht en uitkomst gekomen.</ab><lb n="94" xml:id="l-94"/>
<ab rend="indent">Nu heeft zij nog veel pijn bij tijden als reste vooral van <lb n="95" xml:id="l-95"/>de operatie met den forceps<c type="kk">/</c> er zijn verder nog andere noodzakelijke <lb n="96" xml:id="l-96"/>suites van haar kraam<c type="kk">/</c> er is de groote zwakte – maar <lb n="97" xml:id="l-97"/>het is haar aan te zien dat een hernieuwing en een opluiken</ab><lb n="98" xml:id="l-98"/>
<ab>bij haar plaats heeft, een herstelling van haar ligchaam en <lb n="99" xml:id="l-99"/>een herstelling van haar ziel meteen. En er is nu hier <lb n="100" xml:id="l-100"/>een atmospheer van “t’huis” of “<hi rend="ital">Home</hi>” of “eigen haard”<c type="kp">_</c> <lb n="101" xml:id="l-101"/>Ik kan mij begrijpen dat Michelet zegt<c type="kk">/</c> la femme c’est une <lb n="102" xml:id="l-102"/>religion.<anchor n="5" xml:id="note-o-5"/></ab><lb n="103" xml:id="l-103"/>
<ab rend="indent">Gedurende 6 weken minstens na de bevalling zal zij <lb n="104" xml:id="l-104"/>waarschijnlijk pijn houden en zich zeer ontzien moeten<c type="kp">_</c> <lb n="105" xml:id="l-105"/>Ik geloof dat gij b.v. uit die attentie van den professor en van <lb n="106" xml:id="l-106"/>de hoofdoppasseres voor haar wel zien zult dat zij toch iemand is <lb n="107" xml:id="l-107"/>voor wie serieuse personen sympathie hebben want <lb n="108" xml:id="l-108"/>werkelijk is het iets bijzonders dat zij haar zóó gesoigneerd hebben<c type="kp">_</c> <lb n="109" xml:id="l-109"/>Toen ik in de kraamzaal kwam waar ik verscheiden andere patienten <lb n="110" xml:id="l-110"/>zag trof het mij zij toch een heel ander soort persoon was dan <lb n="111" xml:id="l-111"/>de anderen ofschoon zij toch eenvoudig genoeg is. Alleen er is meer <lb n="112" xml:id="l-112"/>geest en zenuwleven in haar<c type="kk">/</c> men kan zien dat lijden en het doormaken van 
<pb f="1r" n="4" xml:id="pb-orig-1r-4" facs="#zone-pb-1r-4"/><lb n="113" xml:id="l-113"/>moeielijke tijden haar verfijnd hebben<c type="kp">_</c></ab><lb n="114" xml:id="l-114"/>
<ab rend="indent">Ik hoop dat gij geen scrupules zult hebben om met <lb n="115" xml:id="l-115"/>haar kennis te maken.</ab><lb n="116" xml:id="l-116"/>
<ab rend="indent">Ik heb mij bijzonder geamuseerd met hetgeen <lb n="117" xml:id="l-117"/>Sien me verteld heeft van haar gesprekken met <lb n="118" xml:id="l-118"/>den professor<c type="kp">_</c>– Dat was almagtig aardig en <lb n="119" xml:id="l-119"/>die man schijnt met bijzonder veel bonhomie te werk <lb n="120" xml:id="l-120"/>te gaan. b.v. zei hij: zeg eens<c type="kk">/</c> drinkt gij <lb n="121" xml:id="l-121"/>graag een bittertje en kunt gij sigaren rooken. <lb n="122" xml:id="l-122"/>Jawel<c type="kk">/</c> antwoorde zij. Ik vraag het daarom<c type="kk">/</c> zei <lb n="123" xml:id="l-123"/>hij<c type="kk">/</c> om je te zeggen dat ge dat niet hoeft te laten<c type="kp">_</c> <lb n="124" xml:id="l-124"/>Daarentegen kreeg zij een fameuse schrobbeering <lb n="125" xml:id="l-125"/>over azijn<c type="kk">/</c> mosterd en peper gebruiken<c type="kp">_</c> </ab><lb n="126" xml:id="l-126"/>
<ab rend="indent">Op dagen dat zij, wat ze dikwijls heeft, meer dorst gevoelt <lb n="127" xml:id="l-127"/>dan honger moet zij als geneesmiddel een bittertje <lb n="128" xml:id="l-128"/>gebruiken om eetlust op te wekken.</ab><lb n="129" xml:id="l-129"/>
<ab rend="indent">De lijst van versterkende middelen heeft hij gegeven<c type="kk">/</c> haar <lb n="130" xml:id="l-130"/>raadpleegende omtrent haar beurs. Ik zelf zal <lb n="131" xml:id="l-131"/>mij aan wat hij daaromtrent opgeeft ook houden. Vleesch is <lb n="132" xml:id="l-132"/>goed voor haar doch eens of tweemaal s’weeks is toch voldoende<c type="kk">/</c> <lb n="133" xml:id="l-133"/>iederen dag is volstrekt geen vereischte.</ab><lb n="134" xml:id="l-134"/>
<ab rend="indent">Haar eerste remedie, haar belangrijkste versterkende middel<c type="kk">/</c> <lb n="135" xml:id="l-135"/>dat was een eigen ’thuis hebben<c type="kk">/</c> daarop kwam hij <lb n="136" xml:id="l-136"/>telkens terug. Ik had er nog al tegen op gezien dat Sien misschien <lb n="137" xml:id="l-137"/>dingen zou moeten hebben die duur zouden uitkomen doch <lb n="138" xml:id="l-138"/>de levensmanier die hij heeft opgegeven is wel de zuinigste die <lb n="139" xml:id="l-139"/>men bedenken kan tegelijk. Zoodat ik dan ook wel degelijk <lb n="140" xml:id="l-140"/>geloof dat wij met frs 150 per maand rondkomen kunnen<c type="kp">_</c></ab><lb n="141" xml:id="l-141"/>
<ab rend="indent">Sien heeft nog bovendien nog de boodschap meegekregen dat gedurende <lb n="142" xml:id="l-142"/>2 jaar bij eventueele ziekte van haar kind zij gratis te Leiden <lb n="143" xml:id="l-143"/>den professor kan consulteeren en er ook gratis geneesmiddelen <lb n="144" xml:id="l-144"/>voor krijgen kan. Het is me niet alleen te doen kind<c type="kk">/</c> om je <lb n="145" xml:id="l-145"/>nu door je kraam heen te brengen<c type="kk">/</c> zei de professor<c type="kk">/</c> doch ik zou <lb n="146" xml:id="l-146"/>graag zien dat je over een jaar of wat een flinke krachtige <lb n="147" xml:id="l-147"/>vrouw waart<c type="kk">/</c> je hebt nog een heel leven voor je als je <lb n="148" xml:id="l-148"/>’t geen ik je zeg niet in den wind slaat. Enfin hij heeft met haar gepraat <lb n="149" xml:id="l-149"/>en haar ingelicht als of hij haar eigen vader was in groote dingen <lb n="150" xml:id="l-150"/>en in kleine, en dus is zij t’huis gekomen heel wat opgewekter <lb n="151" xml:id="l-151"/>en helderder dan zij heenging.</ab>
<pb f="2r" n="5" xml:id="pb-orig-2r-5" facs="#zone-pb-2r-5"/><lb n="152" xml:id="l-152"/>
<ab rend="indent">Mij gaat het goed, maar ik heb gemerkt ik knapjes <lb n="153" xml:id="l-153"/>zwak geworden ben<c type="kk">/</c> wat wel bij zal trekken echter. Maar <lb n="154" xml:id="l-154"/>als ge rekent ik b.v. nu ruim twee maanden slechte spijsverteering<c type="kk">/</c> <lb n="155" xml:id="l-155"/>weinig eetlust<c type="kk">/</c> binnenkoorts<anchor n="b" xml:id="note-o-b"/> &amp;c. gehad heb en gedeeltelijk nog heb<c type="kk">/</c> <lb n="156" xml:id="l-156"/>is dit niet te verwonderen. Het wateren is een boel vooruitgegaan <lb n="157" xml:id="l-157"/>tot dat een paar bijzonder gure<c type="kk">/</c> natte dagen mij weer <lb n="158" xml:id="l-158"/>min of meer nadeelig geinfluenceerd hebben. Een paar dagen <lb n="159" xml:id="l-159"/>lang was de straal bij het wateren weer krachtig en om zoo <lb n="160" xml:id="l-160"/>te zeggen geheel normaal. Ofschoon dat niet geheel gebleven <lb n="161" xml:id="l-161"/>is nu op ’t moment, is het toch een teeken, dunkt me, van <lb n="162" xml:id="l-162"/>vooruitgang en mogt het weer maar droog en warm <lb n="163" xml:id="l-163"/>blijven zooals heden<c type="kk">/</c> zou het sneller vooruitgaan. <lb n="164" xml:id="l-164"/>Ik ben ook weer aan ’t teekenen geweest en ofschoon <lb n="165" xml:id="l-165"/>het mij hoofdpijn veroorzaakt en spoedig vermoeit <lb n="166" xml:id="l-166"/>zal dat wel weer vlotten langzamerhand. Vooral <lb n="167" xml:id="l-167"/>daar ik zachtjes aan t’huis met de vrouw en het <lb n="168" xml:id="l-168"/>kind weer met poseeren zal kunnen beginnen. <lb n="169" xml:id="l-169"/>Mijn zwakte valt me echter tegen<c type="kk">/</c> alleen dergelijke <lb n="170" xml:id="l-170"/>dingen als ik gehad heb brengen ’t altijd mee.</ab><lb n="171" xml:id="l-171"/>
<ab rend="indent">De twee teekeningen die ik dezer dagen maakte zijn beiden <lb n="172" xml:id="l-172"/>aquarellen<c type="kp">_</c> Omdat ik eens een proef wilde nemen.<anchor n="6" xml:id="note-o-6"/></ab><lb n="173" xml:id="l-173"/>
<ab rend="indent">Het komt mij echter voor dat ik ook nu nog <lb n="174" xml:id="l-174"/>vooral er op moet blijven werken<c type="kk">/</c> op het eigentlijke <lb n="175" xml:id="l-175"/>teekenen<c type="kk">/</c> wat den grondslag van al het andere is. <lb n="176" xml:id="l-176"/>Maar zooals gij ’t in de laatste<anchor n="7" xml:id="note-o-7"/> zaagt zal ik er <lb n="177" xml:id="l-177"/>langzamerhand in beginnen te wasschen<c type="kp">_</c></ab><lb n="178" xml:id="l-178"/>
<ab rend="indent">Zoodra ik geheel beter ben wou ik wel eens nog meer <lb n="179" xml:id="l-179"/>serieus een bepaalde aquarel maken op <hi rend="ital">harding</hi> <lb n="180" xml:id="l-180"/>omdat dit papier toelaat (meer dan het Whatman) dat <lb n="181" xml:id="l-181"/>men een solide fonds<anchor n="c" xml:id="note-o-c"/> of grond legt van zwart en <lb n="182" xml:id="l-182"/>wit voor men begint te wasschen zonder dat dit het <lb n="183" xml:id="l-183"/>aspect van aquarel wegneemt. Alleen nu kan <lb n="184" xml:id="l-184"/>ik nog niet lang genoeg aan een stuk werken<c type="kk">/</c> <lb n="185" xml:id="l-185"/>wat me erg contrarieert daar ik zoo <lb n="186" xml:id="l-186"/>sterk naar het werk verlang en om naar buiten te <lb n="187" xml:id="l-187"/>gaan. Intusschen ben ik al vast blij dat ik weer <lb n="188" xml:id="l-188"/>ten minste iets doen kan.</ab><lb n="189" xml:id="l-189"/>
<ab rend="indent">Ik begon dezen brief gisteren avond en ik kan <lb n="190" xml:id="l-190"/>U nu nog vertellen dat wij<c type="kk">/</c> n.l<c type="kp">_</c> de vrouw en de <lb n="191" xml:id="l-191"/>twee kinderen en ik<c type="kk">/</c> den nacht op den grooten zolder hebben <lb n="192" xml:id="l-192"/>doorgebragt.</ab>
<pb f="2v" n="6" xml:id="pb-orig-2v-6" facs="#zone-pb-2v-6"/><lb n="193" xml:id="l-193"/>
<ab rend="indent">Die slaapkamer heeft veel weg van het ruim <lb n="194" xml:id="l-194"/>van een schip omdat het geheel betimmerd is en ik houd <lb n="195" xml:id="l-195"/>die voor zeer gezond. Het wiegje moet overdag naar <lb n="196" xml:id="l-196"/>beneden. Het is best gegaan en als er van buiten geen <lb n="197" xml:id="l-197"/>onaangenaamheden komen<c type="kk">/</c> wat ik wel hoop heb niet het <lb n="198" xml:id="l-198"/>geval zal zijn<c type="kk">/</c> zullen wij binnen het wel zamen schipperen. <lb n="199" xml:id="l-199"/>Met mij is het zoo dat ik het gezelschap van de vrouw en van <lb n="200" xml:id="l-200"/>de kinderen niet vreemd vind maar mij precies gevoel als <lb n="201" xml:id="l-201"/>of ik meer in mijn element ben en het al veel langer <lb n="202" xml:id="l-202"/>zoo geweest was. Mijn handen uit te steken om dingen <lb n="203" xml:id="l-203"/>te doen waar de vrouw te zwak voor is<c type="kk">/</c> b.v. het bed opmaken <lb n="204" xml:id="l-204"/>of duizend andere zaken<c type="kk">/</c> is mij niet ongewoon. ’t zij <lb n="205" xml:id="l-205"/>voor me zelf ’t zij dikwijls genoeg voor zieken &amp;c<c type="kp">_</c><anchor n="8" xml:id="note-o-8"/> is me van allerlei <lb n="206" xml:id="l-206"/>van dien aard voorgekomen. En dat die dingen <lb n="207" xml:id="l-207"/>het schilder- &amp; teekenwerk niet hinderen bewijzen de <lb n="208" xml:id="l-208"/>oude hollandsche schilderijen &amp; teekeningen genoeg. <lb n="209" xml:id="l-209"/>Dat het atelier en het huisgezin in elkaar vloeit kan <lb n="210" xml:id="l-210"/>geen kwaad<c type="kk">/</c> vooral waar ’t figuur geldt. Ik herinner <lb n="211" xml:id="l-211"/>mij wel interieurs van ateliers van Ostade<c type="kk">/</c> kleine teekeningetjes <lb n="212" xml:id="l-212"/>met de pen<c type="kk">/</c> waarschijnlijk brokjes uit zijn eigen huis die genoeg <lb n="213" xml:id="l-213"/>doen zien dat het atelier van Ostade waarschijnlijk weinig had <lb n="214" xml:id="l-214"/>van die ateliers waar men Oostersche wapens en vazen en Perzische <lb n="215" xml:id="l-215"/>tapijten &amp;c. vindt.<anchor n="9" xml:id="note-o-9"/></ab><lb n="216" xml:id="l-216"/>
<ab rend="indent">Om nog eens wat bepaald over kunst te spreken<c type="kk">/</c> ik voel soms grooten <lb n="217" xml:id="l-217"/>lust om weer eens te gaan <hi rend="ital">schilderen</hi><c type="kp">_</c> Het atelier is nu <lb n="218" xml:id="l-218"/>ruimer<c type="kk">/</c> het licht beter<c type="kk">/</c> ik heb een goede kast om verf &amp;c<c type="kp">_</c> <lb n="219" xml:id="l-219"/>te bewaren zonder dat het al te veel rommel en vuil geeft. <lb n="220" xml:id="l-220"/>Ik ben ook reeds dadelijk reeds weer met waterverf begonnen. <lb n="221" xml:id="l-221"/>Het hangt af van mijn beter worden maar zoodra <lb n="222" xml:id="l-222"/>ik geen gevaar meer loop om in te storten en flink <lb n="223" xml:id="l-223"/>naar buiten kan gaan en buiten stil zitten is ’t mijn <lb n="224" xml:id="l-224"/>plan dat alles weer op te vatten en er alle kracht achter <lb n="225" xml:id="l-225"/>te zetten. Ik geloof dat nu Sien &amp; ik zamenwonen en het niet <lb n="226" xml:id="l-226"/>als ’t ware twee afzonderlijke huishoudentjes zijn<c type="kk">/</c> ik van frs 150 <lb n="227" xml:id="l-227"/>per maand meer zal kunnen afzonderen voor schilder<c type="shy">-</c><lb n="228" xml:id="l-228"/>benoodigdheden dan tot dusver. Noch Sien noch ik <lb n="229" xml:id="l-229"/>zien er tegen op ons te behelpen en zouden zoo lang ik <lb n="230" xml:id="l-230"/>niet meer zelf verdien met teekeningen te verkoopen b.v. weinig <lb n="231" xml:id="l-231"/>meer meubels of huisgerij willen nemen. Want veel liever <lb n="232" xml:id="l-232"/>wachten zij en ik met al zulk soort van dingen dan <lb n="233" xml:id="l-233"/>nu meer geld op te nemen<c type="kk">/</c> zelfs gesteld wij konden het <lb n="234" xml:id="l-234"/>krijgen.</ab>
<pb f="2v" n="7" xml:id="pb-orig-2v-7" facs="#zone-pb-2v-7"/><lb n="235" xml:id="l-235"/>
<ab rend="indent">Sien<c type="kk">/</c> zoodra ze hersteld is<c type="kk">/</c> zal van haar kant met het poseeren <lb n="236" xml:id="l-236"/>ook weer serieus beginnen, en ik verzeker U haar figuur <lb n="237" xml:id="l-237"/>aardig genoeg is. Dat zij het poseeren wel weet te vatten en <lb n="238" xml:id="l-238"/>er geschikt voor is ziet gij trouwens vast zelf wel eenigzins in <lb n="239" xml:id="l-239"/>Sorrow b.v. en een paar anderen die gij hebt.<anchor n="10" xml:id="note-o-10"/></ab><lb n="240" xml:id="l-240"/>
<ab rend="indent">Ik heb nog verscheiden naaktstudies<anchor n="11" xml:id="note-o-11"/> die ge nog niet gezien hebt<c type="kk">/</c> <lb n="241" xml:id="l-241"/>daar wou ik ook bepaald nog verder mee doorgaan zoodra <lb n="242" xml:id="l-242"/>zij maar klaar is want daar leert men veel van<c type="kp">_</c></ab><lb n="243" xml:id="l-243"/>
<ab rend="indent">Al was het dat ik nog geruimen tijd het eigentlijke buiten <lb n="244" xml:id="l-244"/>werken laten moest als het (t’geen ik niet hoop) eens <lb n="245" xml:id="l-245"/>mogt tegen loopen met mijn ongesteldheid<c type="kk">/</c> dan zal ik nu <lb n="246" xml:id="l-246"/>in elk geval binnenshuis stof hebben en niet leeg hoeven <lb n="247" xml:id="l-247"/>te zitten<c type="kp">_</c></ab><lb n="248" xml:id="l-248"/>
<ab rend="indent">Van Pa en Moe heb ik een vriendelijken brief<c type="kp">_</c> <lb n="249" xml:id="l-249"/>Verbeeld U<c type="kk">/</c> zelfs weer met twee couponnetjes er <lb n="250" xml:id="l-250"/>in. Dat echter moeten zij nu niet meer doen<c type="kk">/</c> <lb n="251" xml:id="l-251"/>ik weet dat zij het zelf noodig hebben en met het geld <lb n="252" xml:id="l-252"/>van U, nu dat de dingen zoo’n goeden keer genomen <lb n="253" xml:id="l-253"/>hebben wat betreft den toestand van Sien en ik ook beter wordt, <lb n="254" xml:id="l-254"/>zeg ik nog eens<c type="kk">/</c> zullen wij rondkomen.</ab><lb n="255" xml:id="l-255"/>
<ab rend="indent">Ik heb dus werkelijk liever het geld van Pa en Moe niet<c type="kp">_</c> <lb n="256" xml:id="l-256"/>Zooals ik U schreef wou ik zelfs zoodra ik het uitsparen <lb n="257" xml:id="l-257"/>kan en de vrouw beter is aan Pa wat sturen voor een <lb n="258" xml:id="l-258"/>reisje naar hier om dan over een en ander te spreken<c type="kp">_</c> <lb n="259" xml:id="l-259"/>Wat mij meer pleizier doet dan de couponnetjes is dat zij <lb n="260" xml:id="l-260"/>in zoo’n stemming zijn als denk ik het beste is in de <lb n="261" xml:id="l-261"/>gegevenen zoodat dan als ik hun over Sien spreek <lb n="262" xml:id="l-262"/>zij hoop ik niet al dadelijk er tegen zullen zijn <lb n="263" xml:id="l-263"/>maar met goedwilligheid het zullen opnemen.</ab><lb n="264" xml:id="l-264"/>
<ab rend="indent">Dezer dagen heb ik nog de tentoonstelling fransche <lb n="265" xml:id="l-265"/>kunst gezien (aan de Boschkant) uit de collecties <lb n="266" xml:id="l-266"/>Mesdag<c type="kk">/</c> Post &amp;c.<anchor n="12" xml:id="note-o-12"/></ab><lb n="267" xml:id="l-267"/>
<ab rend="indent">Er is veel moois daar van Dupré<c type="kk">/</c> Corot<c type="kk">/</c> Daubigny<c type="kk">/</c> <lb n="268" xml:id="l-268"/>Diaz<c type="kk">/</c> Courbet<c type="kk">/</c> Breton<c type="kk">/</c> Jacque &amp;c. Ik vond bijzonder <lb n="269" xml:id="l-269"/>mooi ook die groote schets van Th. Rousseau uit <lb n="270" xml:id="l-270"/>de coll. Mesdag<c type="kk">/</c> een drift koeijen in de Alpen<c type="kp">_</c><anchor n="13" xml:id="note-o-13"/> 
<pb f="2r" n="8" xml:id="pb-orig-2r-8" facs="#zone-pb-2r-8"/><lb n="271" xml:id="l-271"/>En een landschap van Courbet<c type="kk">/</c><anchor n="14" xml:id="note-o-14"/> geele heuvelachtige zandgronden<c type="kk">/</c> <lb n="272" xml:id="l-272"/>hier en daar begroeid met frisch jong gras<c type="kk">/</c> met zwarte <lb n="273" xml:id="l-273"/>houtkanten waartegen een paar witte berkenstammen uitkomen<c type="kk">/</c> <lb n="274" xml:id="l-274"/>wijd weg grijze gebouwtjes met roode &amp; blaauw leijen daken<c type="kp">_</c> <lb n="275" xml:id="l-275"/>En een smalle<c type="kk">/</c> lichte<c type="kk">/</c> fijn grijze strook lucht er boven<c type="kp">_</c> De horizont <lb n="276" xml:id="l-276"/>zeer hoog echter zoo dat de <hi rend="ital">grond</hi> hoofdzaak is en <lb n="277" xml:id="l-277"/>dat fijne strookje lucht eigentlijk meer als contrast dient om de ruwe stof <lb n="278" xml:id="l-278"/>van de massas donkere aarde beter te doen voelen.</ab><lb n="279" xml:id="l-279"/>
<ab rend="indent">Ik vind dit wel het mooist wat ik tot nog toe van Courbet <lb n="280" xml:id="l-280"/>gezien heb.</ab><lb n="281" xml:id="l-281"/>
<ab rend="indent">De Duprés zijn superbe<anchor n="15" xml:id="note-o-15"/> en er is een <hi rend="ital">Daubigny</hi><c type="kk">/</c> <lb n="282" xml:id="l-282"/>groote stroodaken tegen de helling van een heuvel<c type="kk">/</c> <lb n="283" xml:id="l-283"/>waar ik niet genoeg op kijken kon<c type="kp">_</c><anchor n="16" xml:id="note-o-16"/></ab><lb n="284" xml:id="l-284"/>
<ab rend="indent">Zoo ook een kleine Corot<c type="kk">/</c> een water en lisiere de bois <lb n="285" xml:id="l-285"/>op een zomermorgen om 4 uur of daaromtrent<c type="kp">_</c><anchor n="17" xml:id="note-o-17"/> Één enkel <lb n="286" xml:id="l-286"/>klein rose wolkje wijst aan dat de zon over een <lb n="287" xml:id="l-287"/>tijdje zal opkomen<c type="kp">_</c> Een stilte en een kalmte en een <lb n="288" xml:id="l-288"/>vrede waar men door betooverd wordt.</ab><lb n="289" xml:id="l-289"/>
<ab rend="indent">Ik ben blij ik dat alles nog heb gezien.</ab><lb n="290" xml:id="l-290"/>
<ab rend="indent">Nu<c type="kk">/</c> ik ga dezen eindigen, ik hoop dat gij spoedig <lb n="291" xml:id="l-291"/>eens schrijven zult en vooral dat gij werkelijk tegen <lb n="292" xml:id="l-292"/>Augustus eens naar Holland komt. Ik schrijf U wel <lb n="293" xml:id="l-293"/>“tusschen de bedrijven in” want dat er nu van allerlei komt <lb n="294" xml:id="l-294"/>kijken kunt gij denken. Ik laat Sien wel scharrelen maar ik <lb n="295" xml:id="l-295"/>moet er altijd op letten wat zij doet om toevalligerwijs <lb n="296" xml:id="l-296"/>altijd present te zijn als zij een handje hulp noodig heeft. <lb n="297" xml:id="l-297"/>Want zij is werkelijk nog heel zwak (zoo dat de professor<c type="kk">/</c> verteld ze<c type="kk">/</c> <lb n="298" xml:id="l-298"/>gezegd heeft “verdomd” zwak) en toch is het goed dat zij door ’t een <lb n="299" xml:id="l-299"/>of ander te doen afleiding heeft. Al wat haar wat opvroolijkt <lb n="300" xml:id="l-300"/>en blijmoedig maakt is medicijn voor haar. Het kindje <lb n="301" xml:id="l-301"/>is ook volstrekt niet buiten gevaar – gij weet op welke manier haar <lb n="302" xml:id="l-302"/>verlossing heeft plaats gehad – dat heeft ook altijd op het kind invloed en <lb n="303" xml:id="l-303"/>voor we een week of 6 verder zijn is er weinig van te zeggen hoe <lb n="304" xml:id="l-304"/>het er mee zal gaan<c type="kp">_</c> Veel hangt van het zog af natuurlijk. Ik hoop <lb n="305" xml:id="l-305"/>het U niet te erg verveelt dit alles te lezen, ik wilde maar een <lb n="306" xml:id="l-306"/>woordje schrijven en het is een langen brief geworden. Ik ben <lb n="307" xml:id="l-307"/>nog niet à court maar is het dat gij tegen den twintigsten wat <lb n="308" xml:id="l-308"/>zenden kunt<c type="kk">/</c> zou voor de latere dagen der maand wel goed uitkomen<c type="kp">_</c></ab><lb n="309" xml:id="l-309"/>
<ab rend="indent">à Dieu<c type="kk">/</c> met een hartelijken handdruk in gedachten<c type="kp">_</c></ab>
<vg:whiteline/><lb n="310" xml:id="l-310"/>
<ab>t. à t.</ab><lb n="311" xml:id="l-311"/>
<ab>Vincent</ab>
<vg:whiteline/>
<div type="textualNotes">
<note target="l-17" n="17">uitwerkt &lt; uitwerken</note>
<note target="l-56" n="56">maken: &lt; maken</note>
<note target="l-207" n="207">schilder- &lt; schilder</note>
<note target="l-260" n="260">denk ik &lt; denk is</note></div></div>
<div type="translation">
<pb f="1r" n="1" xml:id="pb-trans-1r-1" facs="#zone-pb-1r-1"/>
<ab>My dear Theo,</ab>
<ab>On Friday I received a message from the hospital in Leiden to say that <rs type="pers" key="463">Sien</rs> could go home on Saturday. So I went there today and we came back together and she’s now here at Schenkweg — so far everything is fine, both with her and the <rs type="pers" key="466">baby</rs>. Fortunately, she has good milk, the baby is quiet. </ab>
<ab rend="indent">I would have given a lot to have you see her today. Her appearance has changed enormously, I assure you, since this winter. It’s a complete transformation. </ab>
<ab rend="indent">I may have had something to do with that this winter, through your help of course, but much, much more of the credit must go to the professor who treated her. But in turn the professor had less to do with the effect on her of the strong attachment between her and me. A woman changes when she loves and is loved; if there’s no one who cares for them the drive and charm goes.<anchor n="1" xml:id="note-t-1"/> It brings out what is in her, and her development most decidedly depends on this. Nature must run its course, follow its normal way. What a woman wants is to be with one man and to stay with him for good. That’s not always <hi rend="ital">possible</hi>, but if it is otherwise it goes against nature. So she now has a different look compared to last winter, her eyes are different, her gaze is now steady and calm, and there’s an expression of happiness in her, of peace and rest, which is all the more striking because of course she’s still in pain. I’ve written to you before that the shape of her head, the line of her profile, is precisely that of that figure by <rs type="pers" key="1153">Landelle</rs>, the Angel of the passion.<anchor n="2" xml:id="note-t-2"/> So that’s far from ordinary, 
    <pb f="1v" n="2" xml:id="pb-trans-1v-2" facs="#zone-pb-1v-2"/> it’s decidedly noble, but it isn’t always immediately apparent. But today it was precisely, precisely that. Before she left, the <rs type="pers" key="217">professor</rs> (who has taken a liking to her<anchor n="3" xml:id="note-t-3"/> — also knows her from the past — and gave her special attention this time — and examined her completely and thoroughly at her request, prompted by what I had agreed with her before she went there) took the trouble to have a long talk with her and give her detailed information about what she must do to stay on top of things.</ab><ab rend="html" html="246_01_tr.html"> 1 Be with one man, since her whole constitution and temperament make her suitable for domestic life and decidedly unsuited to the kind of life she was brought to by her past misery.</ab><ab rend="html" html="246_01_tr.html"> 2 That she must be out of doors often, and do plenty of walking as soon as she’s strong enough — breathe in lots of air and freshness.</ab>
    <ab rend="html" html="246_01_tr.html">3 As to food, he told her what she must eat and what isn’t good for her.</ab><ab rend="html" html="246_01_tr.html"> 4 She must wash often with cold water and brandy,<anchor n="4" xml:id="note-t-4"/> and regularly take a hot bath every week.</ab>
    <ab rend="html" html="246_01_tr.html">5 She must avoid emotions that make her nervous: anxiety, tension, agitation.</ab>
    <ab rend="html" html="246_01_tr.html">6 No scrubbing floors or similar really hard work, especially not with the head lowered as when mopping a corridor, also especially no lifting of heavy objects. </ab>
<ab rend="indent">Thus broadly what he’d already said before, only now he explained it to her in more detail. It’s clear to me from everything that he takes a special interest in her. Naturally, he also talked to her about me at some length; knows about my illness, and says I was quite right to go to the hospital, even told her exactly how he thinks I got it; not once but <hi rend="ital">repeatedly</hi> he came back to whether she was really with me permanently – whether I wouldn’t leave her in the lurch – and when 
<pb f="1v" n="3" xml:id="pb-trans-1v-3" facs="#zone-pb-1v-3"/> she continued to reassure him, even when he said that she was just fooling him, he ended by saying, well, if you’ve really got your man for good, you’ve gained a great deal. He kept hammering on the point that she <hi rend="ital">must</hi> have a domestic, regular and quiet life. When she left, not only the nurse on the ward where she was but also the head nurse herself came to say goodbye. I was there, and since I had had three letters from this person telling me how things were going when <rs type="pers" key="463">Sien</rs> wasn’t allowed to write, I thanked her for that. And she stayed talking to us for quite a long time. Fortunately, it was very warm, fine weather and the journey went well. Sien’s <rs type="pers" key="464">mother</rs> and Sien’s <rs type="pers" key="467">little girl</rs> had gone to Schenkweg and were waiting for us. It really was a lovely homecoming, and Sien was in high spirits over everything, especially over the cradle, over her wicker chair, over everything. But above all she was delighted to see her little girl again, who had received a new pair of boots from me for the occasion and looked very nice. </ab>
<ab rend="indent">In May there was a combination of difficulties, her confinement, my illness, and this was complicated by the question of what to do, where she was to go. In many respects, light and a resolution have come. </ab>
<ab rend="indent">She’s now still in considerable pain at times, mainly as a consequence of the operation with forceps, and there are other necessary effects of her confinement. There’s the great weakness, but one can see from her appearance that she’s undergoing a renewal and a blossoming, a recovery of her body and a recovery of her soul at the same time. And here there is now an atmosphere of ‘home’, or ‘Home’<anchor n="a" xml:id="note-t-a"/> or ‘hearth and home’. I can understand that <rs type="pers" key="707">Michelet</rs> says ‘Woman is a religion’.<anchor n="5" xml:id="note-t-5"/></ab>
<ab rend="indent">She’ll probably continue to be in pain for at least 6 weeks after the birth, and mustn’t overdo things at all. I believe that you can see, for example, from the interest taken in her by the <rs type="pers" key="217">professor</rs> and the head nurse that she’s someone for whom serious people feel a sympathy, because it really is something special for them to have cosseted her so much. When I was in the maternity ward and saw various other patients, it struck me that she was a very different type of person from the others, though she’s simple enough. Only there’s more spirit and sensitivity in her; one can see that suffering and going through hard times 
<pb f="1r" n="4" xml:id="pb-trans-1r-4" facs="#zone-pb-1r-4"/> have refined her. </ab>
<ab rend="indent">I hope you won’t feel any scruples about meeting her. </ab>
<ab rend="indent">I’ve been greatly entertained by what <rs type="pers" key="463">Sien</rs> has told me of her conversations with the <rs type="pers" key="217">professor</rs>. It really was amusing, and the man seems to go about his work with a good deal of bonhomie. For example, he said: tell me, do you enjoy a glass of bitters and can you smoke cigars? Yes, she replied. I ask, he said, in order to tell you that you don’t need to give that up. On the other hand, she got a terrible dressing down about using vinegar, mustard and pepper. </ab>
<ab rend="indent">On days when she feels more thirst than hunger, as often happens, she is to take a glass of bitters as a medicine to stimulate the appetite. </ab>
<ab rend="indent">He has given her the list of restoratives, having consulted her as to her means. I’ll also keep to what he recommends in this respect. Meat is good for her, but once or twice a week is actually enough; it certainly isn’t required every day. </ab>
<ab rend="indent">Her principal remedy, her most important restorative, was having a home; he kept coming back to that. I had been rather concerned that <rs type="pers" key="463">Sien</rs> might need things that would prove expensive, but the kind of life that he has prescribed is also the thriftiest one could imagine. So I really do believe we’ll be able to manage on 150 francs a month. </ab>
<ab rend="indent"><rs type="pers" key="463">Sien</rs> was also told that for a period of 2 years she can consult the <rs type="pers" key="217">professor</rs> in Leiden free of charge if her child is ill, and also get free medicines there for him. My concern, child, is not just to get you through your confinement, said the professor, but also in a year or so I hope to see you a strong, vigorous woman. You have a whole life ahead of you if you don’t ignore what I say. In short, he talked to her and gave her information as if he were her own father, in large things and in small. And so she came home much more cheerful and clear-headed than when she left. 
<pb f="2r" n="5" xml:id="pb-trans-2r-5" facs="#zone-pb-2r-5"/> </ab>
<ab rend="indent">I am well, but I’ve noticed that I’ve become quite weak; this will pass, though. But it isn’t surprising if you reckon that for over two months I have had and still have, to some extent, for instance, poor digestion, little appetite, chronic fever, &amp;c. Passing water was much better until a few particularly raw, wet days had a rather adverse effect on me. For several days the stream on passing water was again strong and, so to speak, entirely normal. While that hasn’t completely continued since, it’s nevertheless a sign of progress, it seems to me, and if the weather stays dry and warm like today it will progress more rapidly. I’ve been drawing again, and although it gave me a headache and soon tired me out, it will gradually improve. Especially since little by little I’ll be able to resume posing the <rs type="pers" key="463">woman</rs> and <rs type="pers" key="466">child</rs> at home. My weakness is a disappointment, but the sort of things I had always have that effect. </ab>
<ab rend="indent">The two drawings I’ve done in the past few days are both watercolours. Because I wanted to make an experiment.<anchor n="6" xml:id="note-t-6"/> </ab>
<ab rend="indent">It seems to me, though, that I must still keep working mainly at pure drawing, which is the foundation of all the rest. But as you saw in the latest,<anchor n="7" xml:id="note-t-7"/> I’m gradually beginning to use wash. </ab>
<ab rend="indent">As soon as I’m fully recovered I would like to make a more serious attempt at a particular watercolour on <hi rend="ital">Harding</hi>, because that paper (more than Whatman) allows you to apply a solid basis or ground in black and white before starting to wash, without it taking away the look of watercolour. But at present I can’t work for long enough at a time on a piece, which is very frustrating because I long so much to work and to go outdoors. Meanwhile I’m glad that at least I can now do a little again. </ab>
<ab rend="indent">I began this letter yesterday evening and I can now tell you that we, namely the <rs type="pers" key="463">woman</rs> and the two <rs type="pers" key="466 467">children</rs> and I, spent the night in the big attic. 
<pb f="2v" n="6" xml:id="pb-trans-2v-6" facs="#zone-pb-2v-6"/> </ab>
<ab rend="indent">That bedroom looks a lot like a ship’s hold because it’s all panelled, and I believe that to be very healthy. The cradle has to go downstairs during the day. It all went fine, and as long as there’s no unpleasantness from outside, which I have hopes there won’t be, we’ll get along quite well inside. As for me, I don’t find the company of the <rs type="pers" key="463">woman</rs> and the <rs type="pers" key="466 467">children</rs> odd, but feel precisely as if I’m more in my element and as if things had been like this for much longer. I’m quite used to rolling up my sleeves to do things that the woman is too weak for, such as making the bed or a thousand other chores. I’ve faced all manner of tasks like that, either for myself or often enough for the sick &amp;c.<anchor n="8" xml:id="note-t-8"/> And that those things aren’t an impediment to the work of painting and drawing is amply proved by the old Dutch paintings and drawings. It can do no harm to have the studio and family blending together, especially as regards figure drawing. I remember studio interiors by <rs type="pers" key="1261">Ostade</rs>, small pen drawings, probably bits of his own house, which make it clear enough that Ostade’s studio probably bore little resemblance to those studios where there are oriental arms and vases and Persian carpets &amp;c.<anchor n="9" xml:id="note-t-9"/></ab>
<ab rend="indent">To continue on the subject of art, I sometimes feel a great desire to get back to <hi rend="ital">painting</hi>. The studio is now more spacious, the light better, I have a good cupboard for keeping paint &amp;c. without creating too much mess and dirt. Also, I’ve already straightaway started working with watercolour again. It depends on my recovery, but as soon as I no longer run the risk of collapsing and can go outdoors for long periods and sit quietly in the open, I plan to take all that up again and put all my energy into it. I believe that now that <rs type="pers" key="463">Sien</rs> and I are living together and are no longer two separate households, as it were, I’ll be able to save more for painting materials from 150 francs a month than before. Neither Sien nor I mind making do, and as long as I don’t earn more myself by selling drawings we won’t buy much more in the way of furniture or household items, for example. For she and I would both much rather wait for those sorts of things than take more money now, even if we could get it. 
<pb f="2v" n="7" xml:id="pb-trans-2v-7" facs="#zone-pb-2v-7"/> </ab>
<ab rend="indent">For her part, <rs type="pers" key="463">Sien</rs> will start posing again seriously as soon as she has recovered, and I assure you her figure is interesting enough. In fact, you can see for yourself in Sorrow, for example, and a few of the others you have, that she knows how to approach posing and is suited to it.<anchor n="10" xml:id="note-t-10"/></ab>
<ab rend="indent">I have several nude studies<anchor n="11" xml:id="note-t-11"/> that you haven’t seen yet. I also definitely want to continue with them as soon as she’s ready, because one learns a great deal from that.</ab>
<ab rend="indent">Even if I have to give up working out of doors for a considerable time if my health deteriorates (which I hope won’t happen), at any rate now I’ll have enough material indoors to occupy myself. </ab>
<ab rend="indent">I’ve had a friendly letter from <rs type="pers" key="524 526">Pa and Ma</rs>. Just imagine, again with two money orders enclosed, even. They mustn’t do that any more, though. I know they need it themselves, and I say again that we can manage with the money from you now that things are turning out so well as regards the improvement in <rs type="pers" key="463">Sien</rs>’s condition, and mine too. </ab>
<ab rend="indent">So I really would rather not have the money from <rs type="pers" key="524 526">Pa and Ma</rs>. As I wrote to you, as soon as I can save the money and the <rs type="pers" key="463">woman</rs> is better I even wanted to send some to Pa to pay for a journey here so that we can discuss this and that. What pleases me more than the money orders is that they’re in what seems to me the best mood in the circumstances, so that when I speak to them about Sien they won’t, I hope, immediately be against it but respond with good will. </ab>
<ab rend="indent">I recently saw the exhibition of French art (on the Boschkant) from the collections of <rs type="pers" key="1218">Mesdag</rs>, <rs type="pers" key="598">Post</rs> &amp;c.<anchor n="12" xml:id="note-t-12"/></ab>
<ab rend="indent">There are many beautiful things there by <rs type="pers" key="986">Dupré</rs>, <rs type="pers" key="971">Corot</rs>, <rs type="pers" key="976">Daubigny</rs>, <rs type="pers" key="992">Diaz</rs>, <rs type="pers" key="962">Courbet</rs>, <rs type="pers" key="899">Breton</rs>, <rs type="pers" key="1117">Jacque</rs> &amp;c. I especially liked the large sketch by <rs type="pers" key="1332">T. Rousseau</rs> from the Mesdag collection, a drove of cattle in the Alps.<anchor n="13" xml:id="note-t-13"/> 
<pb f="2r" n="8" xml:id="pb-trans-2r-8" facs="#zone-pb-2r-8"/> And a landscape by <rs type="pers" key="962">Courbet</rs>:<anchor n="14" xml:id="note-t-14"/> yellow hilly, sandy ground, with fresh young grass growing here and there, with black brushwood fences against which a few white birch trunks stand out, grey buildings in the distance with red and blue slate roofs. And a narrow, small, light delicate grey band of sky above. The horizon very high, however, so that the <hi rend="ital">ground</hi> is the main thing, and the delicate little band of sky really serves more as contrast to bring out the rough texture of the masses of dark earth. </ab>
<ab rend="indent">I think this is the most beautiful work by <rs type="pers" key="962">Courbet</rs> that I’ve seen so far. </ab>
<ab rend="indent">The <rs type="pers" key="986">Dupré</rs>s are superb,<anchor n="15" xml:id="note-t-15"/> and there’s a <hi rend="ital"><rs type="pers" key="976">Daubigny</rs></hi>, big thatched roofs against the slope of a hill, that I couldn’t get enough of.<anchor n="16" xml:id="note-t-16"/></ab>
<ab rend="indent">The same goes for a small <rs type="pers" key="971">Corot</rs>, a stretch of water and the edge of a wood on a summer morning about 4 o’clock.<anchor n="17" xml:id="note-t-17"/> A single small pink cloud indicates that the sun will come up in a while. A stillness and calm and peace that enchants one. </ab>
<ab rend="indent">I’m glad to have seen all this.</ab>
<ab rend="indent">Well, I’m going to close. I hope that you’ll write soon and above all that you really will come to Holland towards August. I’m writing to you ‘in between jobs’ because, as you can imagine, there’s a lot to be done now. I let <rs type="pers" key="463">Sien</rs> potter about but I always have to keep an eye on what she’s doing so that I can chance to be at hand if she needs help. For she really is very weak still (so much so that the <rs type="pers" key="217">professor</rs>, she told me, said ‘damned’ weak), and yet it’s good that in doing this and that she has a distraction. Anything that cheers her up and makes her light-hearted is medicine for her. The <rs type="pers" key="466">baby</rs>, too, is far from out of danger — you know how the child was delivered — that always has an effect on the child, and little can be said as to how it will turn out for another 6 weeks. Much depends on the milk, of course. I hope you’re not too bored reading all this, I wanted to write a brief word and it has turned into a long letter. I’m not yet running short, but if you could send something around the twentieth that would be helpful for the last days of the month.</ab><ab>Adieu, with a hearty handshake in thought.</ab>
<vg:whiteline/>
<ab>Ever yours,</ab>
<ab>Vincent</ab></div>
<div type="notes">
<note n="1" xml:id="n-1" target="#note-t-1">
<ab>These ideas, which recur in the continuation of the letter, are derived from the views put forward in <rs type="pers" key="707">Michelet</rs>’s <rs type="lit" key="12"><hi rend="ital">La femme</hi></rs> and <rs type="lit" key="11"><hi rend="ital">L’amour</hi></rs>.</ab></note>
    <note n="2" xml:id="n-2" target="#note-t-2">
<ab>For this comparison with <rs type="pers" key="1153">Landelle</rs>, <ref target="let234.xml">see letter 234</ref>.</ab></note>
<note n="3" xml:id="n-3" target="#note-t-3">
<ab>The doctor who treated <rs type="pers" key="463">Sien</rs> was <rs type="pers" key="217">Prof. A.E. Simon Thomas</rs>: <ref target="let224.xml#n-4">see letter 224, n. 4.</ref></ab></note>
<note n="4" xml:id="n-4" target="#note-t-4">
    <ab>External use of brandy was recommended for ulcers and infections. See M.A. van Andel, <hi rend="ital">Volksgeneeskunst in Nederland</hi>. Utrecht 1909, p. 387.</ab></note><note n="a" xml:id="n-a" target="#note-t-a"><ab>	‘Home’ was written in English.</ab></note>
        
<note n="5" xml:id="n-5" target="#note-t-5">
<ab>‘La femme est une réligion’ (Woman is a religion) is the title of a chapter in <rs type="pers" key="707">Jules Michelet</rs>, <rs type="lit" key="12"><hi rend="ital">La femme</hi></rs> (part 1, chapter 6). See Michelet 1863, pp. 112-126; also cited on pp. 117 and 355. Moreover, in <rs type="lit" key="11"><hi rend="ital">L’amour</hi></rs> he wrote: ‘Objet sacré, ne craignez rien. Vous êtes une réligion’ (Sacred object, fear nothing. You are a religion) (p. 151). </ab></note>
<note n="b" xml:id="n-b" target="#note-o-b">
<ab>Means: ‘a persistent fever that slowly undermines the constitution’.</ab></note>
<note n="6" xml:id="n-6" target="#note-t-6">
<ab><hi rend="ital">The windmill De Laakmolen near The Hague</hi> (<rs type="ill" key="3108">F 844 / JH 59</rs>) and <hi rend="ital">View of The Hague from the northeast</hi> (<rs type="ill" key="3109">F 916 / JH 162</rs>). By ‘experiment’ Van Gogh very probably meant the works on Harding paper, which he discusses further on in the letter (l. 178-179). <hi rend="ital">The windmill De Laakmolen near The Hague</hi> is on Harding paper. </ab></note>
<note n="7" xml:id="n-7" target="#note-t-7">
<ab>Either <hi rend="ital">Carpenter’s yard and laundry</hi> (<rs type="ill" key="2376">F 944 / JH 153</rs>), or another, unknown drawing of the same subject (<ref target="let245.xml#n-2">see letter 245, n. 2</ref>).</ab></note>
<note n="c" xml:id="n-c" target="#note-o-c">
<ab>Read: ‘fond’ (basis). </ab></note>
<note n="8" xml:id="n-8" target="#note-t-8">
<ab>Van Gogh had cared for the sick during his time in the Borinage.</ab></note>
<note n="9" xml:id="n-9" target="#note-t-9">
<ab>One example of a pen drawing of a studio by<rs type="pers" key="1261"> Adriaen van Ostade</rs> is <hi rend="ital">The studio</hi> (Staatliche Museen zu Berlin, Kupferstichkabinett). <rs type="ill" key="1932">Ill. 1932</rs>. See also <ref target="let114.xml#n-11">letter 114, n. 11</ref> for the lithograph <rs type="ill" key="1821"><hi rend="ital">The studio of Adriaen van Ostade</hi></rs>. Van Gogh made a similar gibe at academic studios in <ref target="let253.xml">letter 253</ref>.</ab></note>
<note n="10" xml:id="n-10" target="#note-t-10">
<ab><rs type="pers" key="463">Sien</rs>’s figure could have been known to Theo from the two unknown versions of <hi rend="ital">Sorrow</hi> which he had at this time (<ref target="let216.xml">see letters 216</ref> and <ref target="let222.xml">222</ref>), as well as from the figure studies mentioned in <ref target="let224.xml">letter 224</ref>: <hi rend="ital">Seated woman</hi> (<rs type="otherart" key="250">F 935 /JH 143</rs>) or <hi rend="ital">Seated woman</hi> (<rs type="otherart" key="250">F 937 / JH 144</rs>) and <hi rend="ital">Woman sewing</hi> (<rs type="ill" key="2372">F 932 / JH 145</rs>).</ab></note>
<note n="11" xml:id="n-11" target="#note-t-11">
<ab>It is not known which ‘nude studies’ are referred to here. </ab></note>
<note n="12" xml:id="n-12" target="#note-t-12">
<ab>The reference is to the ‘Tentoonstelling van schilderijen (uit particuliere verzamelingen) ten voordeele van het fonds der Academie’ (Exhibition of paintings ((from private collections)) for the benefit of the Academy’s fund), Academy of Fine Arts, The Hague, which was originally to be held from 15 June to 9 July 1882 but was extended to 16 July (according to a report in <hi rend="ital">Het Vaderland</hi> of 10 July 1882). Prinsessegracht was known as ‘Boschkant’ because it was opposite the Haagse Bos.</ab>
<ab rend="indent">The 51 works exhibited came from the collections of <rs type="pers" key="1218">H.W. Mesdag</rs> (15 works), T. Mesdag Kz. (10 works) and <rs type="pers" key="598">F.H.M. Post</rs> (12 works) as mentioned, and also those of J. Verstolk-Völcker and H.J. van Wisselingh. The following artists were represented (number of works between brackets): Bergeret (1), Rosa Bonheur (1), Emile Adélard Breton (2), Jules Breton (1), Corot (10), Courbet (4), Daubigny (5), Diaz de la Peña (8), Dupré (4), Jacque (2), Mancini (1), Mettling (1), Munkacsy (1), Ricard (1), Th. Rousseau (3), Trayer (1), Troyon (4), Vollon (1). See exhib. cat. The Hague 1882-2.</ab></note>
<note n="13" xml:id="n-13" target="#note-t-13">
<ab><rs type="pers" key="1332">Théodore Rousseau</rs>, <hi rend="ital">The descent of the cattle in the High Jura mountains</hi>, c. 1835-1836 (The Hague, The Mesdag Collection). The work measures 259 x 162 cm. <rs type="ill" key="402">Ill. 402</rs>. See exhib. cat. The Hague 1882-2, p. 14, no. 43; and cat. The Hague 1996, pp. 381-384, cat. nos. 286-287.</ab></note>
<note n="14" xml:id="n-14" target="#note-t-14">
<ab><rs type="pers" key="962">Gustave Courbet</rs>, <hi rend="ital">Hilly landscape</hi>, c. 1858-1859 (The Hague, The Mesdag Collection). <rs type="ill" key="731">Ill. 731</rs>. See exhib. cat. The Hague 1882-2, p. 7, no. 17 and cat. The Hague 1996, pp. 140-141, cat. no. 72. The attribution to Courbet is not undisputed.</ab></note>
<note n="15" xml:id="n-15" target="#note-t-15">
<ab>The works by <rs type="pers" key="986">Jules Dupré</rs> in the exhibition were: <rs type="otherart" key="271"><hi rend="ital">November</hi></rs> (November) (cat. no. 33; cf. cat. The Hague 1996, pp. 187-188, cat. no. 122), <rs type="otherart" key="272"><hi rend="ital">Heide bij ondergaande zon</hi></rs> (Heath at sunset) (cat. no. 34), <rs type="otherart" key="273"><hi rend="ital">Berglandschap</hi></rs> (Mountain landscape) (cat. no. 35) and <rs type="otherart" key="274"><hi rend="ital">Avondstond</hi></rs> (Evening) (cat. no. 36; cf. cat. The Hague 1996, p. 190, cat. no. 126).</ab></note>
<note n="16" xml:id="n-16" target="#note-t-16">
<ab>Van Gogh’s description doubtless refers to <rs type="pers" key="976">Charles-François Daubigny</rs>’s <hi rend="ital">Dorp in Frankrijk</hi> (<hi rend="ital">Un chemin à Auvers</hi>) (Village in France (A road in Auvers)) (present whereabouts unknown). See exhib. cat. The Hague 1882-2, p. 8, no. 22, and Hellebranth 1976, p. 55, cat. no. 145. <rs type="ill" key="42">Ill. 42</rs></ab></note>
<note n="17" xml:id="n-17" target="#note-t-17">
<ab>Here Van Gogh is probably referring to <rs type="otherart" key="275"><hi rend="ital">Vijver bij Ville d’Avray</hi></rs> (Pond at Ville-d’Avray) (p. 5, no. 8) from the J. Verstolk-Völcker collection (present whereabouts unknown). There had been a description of it in <hi rend="ital">Het Vaderland</hi> of Monday, 26 June 1882.</ab></note></div></body></text></TEI>
