<?xml version="1.0" encoding="UTF-8"?>
<!-- Last Changed Date: 2018-07-18 12:32:41 +0200 (Wed, 18 Jul 2018) | SVN Revision: 2206 -->
<!--Licensed under Attribution-NonCommercial-ShareAlike 4.0 International (CC BY-NC-SA 4.0)-->
<?xml-model href="https://xmlschema.huygens.knaw.nl/vgodd.rng" type="application/xml" schematypens="http://relaxng.org/ns/structure/1.0"?>
<TEI xmlns:vg="http://www.vangoghletters.org/ns/" xmlns="http://www.tei-c.org/ns/1.0">
<teiHeader xmlns:xsi="http://www.w3.org/2001/XMLSchema-instance"><fileDesc>
<titleStmt>
<title>To Theo van Gogh. The Hague, Sunday, 14 or Monday, 15 May 1882.</title>
<editor>Leo Jansen</editor>
<editor>Hans Luijten</editor>
<editor>Nienke Bakker</editor></titleStmt>
<publicationStmt>
<publisher><name>Huygens Instituut voor Nederlandse Geschiedenis (KNAW)</name><email>info@huygens.knaw.nl</email></publisher>
<publisher>Van Gogh Museum</publisher>
<pubPlace>Amsterdam</pubPlace>
<date type="first" when="2009">2009</date>
<availability status="restricted">
<licence target="http://creativecommons.org/licenses/by-nc-sa/4.0/ https://creativecommons.org/licenses/by-nc-sa/4.0/legalcode">
<p>Attribution-NonCommercial-ShareAlike 4.0 International (CC BY-NC-SA 4.0) </p></licence></availability>
<ptr target="http://vangoghletters.org/orig/let227"/></publicationStmt><sourceDesc><vg:letDesc><vg:letIdentifier>
<idno type="jlb">227</idno>
<idno type="collectedletters">198</idno>
<idno type="brieven1990">226</idno></vg:letIdentifier><vg:letHeading><author>Vincent van Gogh</author><vg:addressee>Theo van Gogh</vg:addressee><vg:placeLet>The Hague</vg:placeLet><vg:dateLet>Sunday, 14 or Monday, 15 May 1882</vg:dateLet></vg:letHeading><vg:letContents>
<p>To Theo van Gogh. The Hague, Sunday, 14 or Monday, 15 May 1882.</p>
<note type="ongoingTopic" n="1">
<p>Van Gogh’s relationship with Sien <ref target="let224.xml">(224)</ref></p></note>
<note type="ongoingTopic" n="2">
<p>Sien will give birth in Leiden <ref target="let224.xml">(224)</ref></p></note>
<note type="ongoingTopic" n="3">
    <p>Vincent rejected by Kee Vos (<ref target="let179.xml">179</ref>, <ref target="let193.xml">193</ref>)</p></note>
<note type="ongoingTopic" n="4">
<p>Strained relations with Mauve and Tersteeg (<ref target="let209.xml">209</ref> and <ref target="let208.xml">208</ref>)</p></note></vg:letContents>
<note type="sourceStatus" xml:id="sourceStatus">
<p>Original manuscript</p></note>
<note type="location" xml:id="location">
<p>Amsterdam, Van Gogh Museum, inv. nos. b220 a-b V/1962</p></note>
<note type="date" xml:id="date">
<p>Vincent wrote his letter on the day that Theo’s letter of 13 May arrived (<ref target="#l-166">l. 166</ref>). This means that it must date from Sunday, 14 or Monday, 15 May 1882. </p></note></vg:letDesc></sourceDesc></fileDesc></teiHeader>
<facsimile xmlns:xsi="http://www.w3.org/2001/XMLSchema-instance">
<surface n="b 0220 a" xml:id="surf-pb-1r"><graphic mimeType="image/tiff" url="VGM001000258_01.TIF" rend="norend"/><graphic mimeType="image/tiff" url="VGM001000258_01_n.tif" rend="norend"/><graphic mimeType="image/jpeg" url="VGM001000258_01_nt.jpg" height="50px" rend="thumbnail"/><zone xml:id="zone-pb-1r-1">
<graphic mimeType="image/tiff" url="VGM001000258_01_nR.tif" rend="norend"/><graphic mimeType="image/jpeg" url="VGM001000258_01_nRt.jpg" height="50px" rend="thumbnail"/><graphic mimeType="image/png" url="VGM001000258_01_nRf.png" width="380px" rend="facstab"/></zone>
<zone xml:id="zone-pb-1r-4">
<graphic mimeType="image/tiff" url="VGM001000258_01_nL.tif" rend="norend"/><graphic mimeType="image/jpeg" url="VGM001000258_01_nLt.jpg" height="50px" rend="thumbnail"/><graphic mimeType="image/png" url="VGM001000258_01_nLf.png" width="380px" rend="facstab"/></zone>
</surface>
<surface n="b 0220 a" xml:id="surf-pb-1v"><graphic mimeType="image/tiff" url="VGM001000258_02.TIF" rend="norend"/><graphic mimeType="image/tiff" url="VGM001000258_02_n.tif" rend="norend"/><graphic mimeType="image/jpeg" url="VGM001000258_02_nt.jpg" height="50px" rend="thumbnail"/><zone xml:id="zone-pb-1v-2">
<graphic mimeType="image/tiff" url="VGM001000258_02_nL.tif" rend="norend"/><graphic mimeType="image/jpeg" url="VGM001000258_02_nLt.jpg" height="50px" rend="thumbnail"/><graphic mimeType="image/png" url="VGM001000258_02_nLf.png" width="380px" rend="facstab"/></zone>
<zone xml:id="zone-pb-1v-3">
<graphic mimeType="image/tiff" url="VGM001000258_02_nR.tif" rend="norend"/><graphic mimeType="image/jpeg" url="VGM001000258_02_nRt.jpg" height="50px" rend="thumbnail"/><graphic mimeType="image/png" url="VGM001000258_02_nRf.png" width="380px" rend="facstab"/></zone>
</surface>
<surface n="b 0220 b" xml:id="surf-pb-2r"><graphic mimeType="image/tiff" url="VGM001000259_01.TIF" rend="norend"/><graphic mimeType="image/tiff" url="VGM001000259_01_n.tif" rend="norend"/><graphic mimeType="image/jpeg" url="VGM001000259_01_nt.jpg" height="50px" rend="thumbnail"/><zone xml:id="zone-pb-2r-5">
<graphic mimeType="image/tiff" url="VGM001000259_01_nR.tif" rend="norend"/><graphic mimeType="image/jpeg" url="VGM001000259_01_nRt.jpg" height="50px" rend="thumbnail"/><graphic mimeType="image/png" url="VGM001000259_01_nRf.png" width="380px" rend="facstab"/></zone>
<zone xml:id="zone-pb-2r-8">
<graphic mimeType="image/tiff" url="VGM001000259_01_nL.tif" rend="norend"/><graphic mimeType="image/jpeg" url="VGM001000259_01_nLt.jpg" height="50px" rend="thumbnail"/><graphic mimeType="image/png" url="VGM001000259_01_nLf.png" width="380px" rend="facstab"/></zone>
</surface>
<surface n="b 0220 b" xml:id="surf-pb-2v"><graphic mimeType="image/tiff" url="VGM001000259_02.TIF" rend="norend"/><graphic mimeType="image/tiff" url="VGM001000259_02_n.tif" rend="norend"/><graphic mimeType="image/jpeg" url="VGM001000259_02_nt.jpg" height="50px" rend="thumbnail"/><zone xml:id="zone-pb-2v-6">
<graphic mimeType="image/tiff" url="VGM001000259_02_nL.tif" rend="norend"/><graphic mimeType="image/jpeg" url="VGM001000259_02_nLt.jpg" height="50px" rend="thumbnail"/><graphic mimeType="image/png" url="VGM001000259_02_nLf.png" width="380px" rend="facstab"/></zone>
<zone xml:id="zone-pb-2v-7">
<graphic mimeType="image/tiff" url="VGM001000259_02_nR.tif" rend="norend"/><graphic mimeType="image/jpeg" url="VGM001000259_02_nRt.jpg" height="50px" rend="thumbnail"/><graphic mimeType="image/png" url="VGM001000259_02_nRf.png" width="380px" rend="facstab"/></zone>
</surface></facsimile><text xmlns:xsi="http://www.w3.org/2001/XMLSchema-instance"><body>
<div type="original">
<pb f="1r" n="1" xml:id="pb-orig-1r-1" facs="#zone-pb-1r-1"/><lb n="1" xml:id="l-1"/>
<ab>Waarde Theo,</ab><lb n="1*" xml:id="l-1s"/>
<ab>In ’t bezit zijnde van Uw schrijven <lb n="2" xml:id="l-2"/>van 13 Mei<anchor n="1" xml:id="note-o-1"/> ’t welk een brief van mij aan U moet <lb n="3" xml:id="l-3"/>gekruist hebben<c type="kk">/</c> acht ik ’t noodzakelijk direkt <lb n="4" xml:id="l-4"/>U nog een en ander uit te leggen.</ab><lb n="5" xml:id="l-5"/>
<ab rend="indent">Veel van hetgeen ik in Uw brief lees apprecieer ik <lb n="6" xml:id="l-6"/>zeer zeker<c type="kk">/</c> b.v. <lb n="7" xml:id="l-7"/>“Men moet kleingeestig zijn of valsche schaamte hebben <lb n="8" xml:id="l-8"/>om absoluut de eene stand boven de andere te stellen”<c type="kp">_</c><anchor n="2" xml:id="note-o-2"/></ab><lb n="9" xml:id="l-9"/>
<ab rend="indent">De wereld echter redeneert zoo niet &amp; ziet of respecteert nooit <lb n="10" xml:id="l-10"/>de “<hi rend="ital">menschheid</hi>” in den mensch doch <lb n="11" xml:id="l-11"/>de meerdere of mindere gelds- of goederen waarde die hij <lb n="12" xml:id="l-12"/>mee draagt zoolang hij aan deze zij van ’t graf staat<c type="kp">_</c> <lb n="13" xml:id="l-13"/>Met de overzij van ’t graf houdt de wereld volstrekt <lb n="14" xml:id="l-14"/>geen rekening.– Daarom gaat dan ook de wereld <lb n="15" xml:id="l-15"/>slechts zoover als ze voeten heeft.<anchor n="a" xml:id="note-o-a"/></ab><lb n="16" xml:id="l-16"/>
<ab rend="indent">Ik voor mij echter heb sympathie of antipathie voor de <lb n="17" xml:id="l-17"/>menschen als menschen en hun entourage laat mij <lb n="18" xml:id="l-18"/>tamelijk koel.</ab><lb n="19" xml:id="l-19"/>
<ab rend="indent">Toch neem ook ik in zekere mate in acht (en waren mijne <lb n="20" xml:id="l-20"/>omstandigheden zoo dat ik het doen <hi rend="ital">kon</hi><c type="kk">/</c> ik zou mij nog <lb n="21" xml:id="l-21"/>in meer dingen schikken) datgene wat gij zegt: <lb n="22" xml:id="l-22"/>“er zijn velen die een zekeren stand ophouden om te maken <lb n="23" xml:id="l-23"/>dat er niet steeds op hun gelet worde &amp; men zich niet <lb n="24" xml:id="l-24"/>te veel met hun zaken inlate”. Ik bedoel: zeer dikwijls <lb n="25" xml:id="l-25"/>laat ik ook dingen over mijn kant gaan waar ik <lb n="26" xml:id="l-26"/>denk<c type="kk">/</c> ik zal dit of dat niet doen of zeggen om dezen <lb n="27" xml:id="l-27"/>of genen geen aanstoot te geven<c type="kp">_</c>–</ab><lb n="28" xml:id="l-28"/>
<ab rend="indent">Doch in groote serieuse zaken moet men <lb n="29" xml:id="l-29"/>handelen niet overeenkomstig l’opinion publique<c type="kk">/</c> <lb n="30" xml:id="l-30"/>ook niet volgens eigen hartstogt.</ab><lb n="31" xml:id="l-31"/>
<ab rend="indent">Maar moet zich houden aan ’t A<c type="kp">_</c>B.C. <lb n="32" xml:id="l-32"/>’t welk den grond is van elke moraliteit<c type="kk">/</c> <lb n="33" xml:id="l-33"/>“heb uw naaste lief als U zelf”.<anchor n="3" xml:id="note-o-3"/> doe zoo dat ge ’t <lb n="34" xml:id="l-34"/>verantwoorden kunt voor God<c type="kp">_</c> Doe regt en handel loyaal.</ab>
<pb f="1v" n="2" xml:id="pb-orig-1v-2" facs="#zone-pb-1v-2"/><lb n="35" xml:id="l-35"/>
<ab rend="indent">Nu sta ik tegenover Christien en redeneer aldus, <lb n="36" xml:id="l-36"/>hoe zou ’t mij smaken als iemand mij <lb n="37" xml:id="l-37"/>eerst hielp en daarna in den steek liet<c type="kp">_</c> <lb n="38" xml:id="l-38"/>Zou ik dan niet denken... de persoon die <lb n="39" xml:id="l-39"/>alzoo handelt had beter gedaan zich niet met <lb n="40" xml:id="l-40"/>mij te bemoeien als hij niet tot het einde toe <lb n="41" xml:id="l-41"/>doet ’t geen hij begon – heeft mij eigentlijk bedrogen<c type="kp">_</c>– <lb n="42" xml:id="l-42"/>De persoon van wie ’t kind van X<hi rend="ss">tien</hi><anchor n="4" xml:id="note-o-4"/> is redeneerde <lb n="43" xml:id="l-43"/>net precies in den geest van Uw brief Theo<c type="kk">/</c> en mijns <lb n="44" xml:id="l-44"/>inziens glad verkeerd. Hij was heel vriendelijk voor haar <lb n="45" xml:id="l-45"/>doch trouwde haar <hi rend="ital">niet</hi> zelfs toen zij zwanger was <lb n="46" xml:id="l-46"/>van hem<c type="kk">/</c> <lb n="46a" xml:id="l-46a"/>ter wille<c type="kk">/</c> zooals hij zeide<c type="kk">/</c> van zijn stand en zijn familie &amp;c. <lb n="46"/>X<hi rend="ss">tien</hi> was toen jong &amp; had hem ontmoet <lb n="47" xml:id="l-47"/>na haar s’vaders dood<c type="kk">/</c><anchor n="5" xml:id="note-o-5"/> wist niet wat zij nu weet <lb n="48" xml:id="l-48"/>en stond daar, toen die persoon stierf, alleen <lb n="49" xml:id="l-49"/>met haar kind – verlaten – zonder iets. Moest de <lb n="50" xml:id="l-50"/>straat op à contre coeur, werd ziek, kwam in ’t hospitaal <lb n="50a" xml:id="l-50a"/>in allerlei misere...</ab><lb n="51" xml:id="l-51"/>
<ab rend="indent">Het gedrag van dien persoon was schuldig voor <lb n="52" xml:id="l-52"/>God doch in ’t oog van de wereld bleef die <lb n="53" xml:id="l-53"/>man zijn positie houden<c type="kk">/</c> “hij had haar betaald”<c type="kp">_</c> <lb n="53a" xml:id="l-53a"/>Maar toen hij voor den DOOD stond<c type="kk">/</c> zou er toen geen spijt &amp; berouw in hem zijn geweest???</ab><lb n="54" xml:id="l-54"/>
<ab rend="indent">Nu is ’t echter zoo in de wereld dat tegenover <lb n="55" xml:id="l-55"/>de karakters van zulke personen als hij <lb n="56" xml:id="l-56"/>karakters staan als b.v. het mijne.</ab><lb n="57" xml:id="l-57"/>
<ab>Ik geef evenmin om de wereld als de eerstgenoemde persoon <lb n="58" xml:id="l-58"/>gaf om ’t geen regt is. De schijn van regt <lb n="59" xml:id="l-59"/>was hem genoeg<c type="kk">/</c> de opinie van de wereld – ik geef <lb n="60" xml:id="l-60"/>daar geen dubbeltje voor. En ’t geen ik op den <lb n="61" xml:id="l-61"/>voorgrond stel is dit. <hi rend="sc">ik wil geen vrouw <lb n="62" xml:id="l-62"/>bedriegen of verlaten</hi><c type="kp">_</c> Weigert eene <lb n="63" xml:id="l-63"/>vrouw met mij te doen te hebben<c type="kk">/</c> als Kee Vos – ik forceer <lb n="64" xml:id="l-64"/>niet ook al is mijn hartstogt nog zoo sterk – ik <lb n="65" xml:id="l-65"/>ga dan terug met desolatie in ’t hart zoodra tegenover <lb n="66" xml:id="l-66"/>mijn “zij en geen ander”<anchor n="6" xml:id="note-o-6"/> haar “hij zeker niet” staat. <lb n="67" xml:id="l-67"/><hi rend="sc">Ik wil niet forceeren &amp; ik wil niet verlaten</hi>. <lb n="67a" xml:id="l-67a"/>ik protesteer ook <lb n="67b" xml:id="l-67b"/>als men mij forceert <lb n="67c" xml:id="l-67c"/>of verlaat.–</ab>
<pb f="1v" n="3" xml:id="pb-orig-1v-3" facs="#zone-pb-1v-3"/><lb n="68" xml:id="l-68"/>
<ab rend="indent">Indien ik met eene vrouw getrouwd ware en ik <lb n="69" xml:id="l-69"/>zag dat die vrouw ’t intusschen met een <lb n="70" xml:id="l-70"/>ander hield<c type="kk">/</c> ik zou niet met me laten spotten <lb n="71" xml:id="l-71"/>en toch haar eerst dan verlaten wanneer het <lb n="72" xml:id="l-72"/>uiterste beproefd was om haar te regt te brengen. <lb n="73" xml:id="l-73"/>Gij ziet dus hoe ik over trouwen denk en <lb n="74" xml:id="l-74"/>dat ik zulks serieus opneem.</ab><lb n="75" xml:id="l-75"/>
<ab rend="indent">Nu heb ik X<hi rend="ss">tien</hi> ontmoet<c type="kk">/</c> zooals gij weet zwanger<c type="kk">/</c> <lb n="76" xml:id="l-76"/>ziek<c type="kk">/</c> in de kou – ik was alleen – ik had pas <lb n="77" xml:id="l-77"/>ondervonden te Amsterdam wat ik U schreef<c type="kp">_</c>–<anchor n="7" xml:id="note-o-7"/></ab><lb n="78" xml:id="l-78"/>
<ab rend="indent">Ik begon het – doch niet direkt met <lb n="79" xml:id="l-79"/>de gedachte aan trouwen – evenwel toen ik haar <lb n="80" xml:id="l-80"/>beter leerde kennen was ’t mij duidelijk dat wilde <lb n="81" xml:id="l-81"/>ik haar helpen ik het serieuser moest aanpakken. <lb n="82" xml:id="l-82"/>Ik heb toen ronduit met haar gesproken en gezegd<c type="kk">/</c> <lb n="83" xml:id="l-83"/>zoo en zoo denk ik over dit en dat<c type="kk">/</c> zoo en zoo <lb n="84" xml:id="l-84"/>zie ik Uw positie en de mijne. Ik ben arm – <lb n="85" xml:id="l-85"/>maar ik ben geen verleider<c type="kk">/</c> zoudt gij het met <lb n="86" xml:id="l-86"/>mij kunnen vinden of niet – anders houdt alles op. Toen zei ze<c type="kk">/</c> <lb n="87" xml:id="l-87"/>ik wil met U blijven al zijt ge nog zoo arm<c type="kp">_</c> <lb n="88" xml:id="l-88"/>En nu is het dus alzoo gekomen tot hiertoe.</ab><lb n="89" xml:id="l-89"/>
<ab rend="indent">En nu gaat zij binnen kort naar Leiden en <lb n="90" xml:id="l-90"/>ik zou haar graag direkt daarna <lb n="91" xml:id="l-91"/>zonder eenigen omhaal trouwen. Omdat er <lb n="92" xml:id="l-92"/>anders iets scheefs in haar positie is en in de mijne<c type="kk">/</c> <lb n="93" xml:id="l-93"/>’t geen ik zeer gedecideerd wil vermijden.</ab><lb n="94" xml:id="l-94"/>
<ab rend="indent">Ik sta dan als een werkman die een vak <lb n="95" xml:id="l-95"/>heeft waarin zij mijn hulp is. Mijn teekeningen hebt <lb n="96" xml:id="l-96"/>gij in handen en gedurende ’t eerste jaar althans is mijn <lb n="97" xml:id="l-97"/>brood en het hare afhankelijk van U en van al diegenen <lb n="98" xml:id="l-98"/>die mij helpen willen om reden dat gij ziet ik op mijn <lb n="99" xml:id="l-99"/>werk mijn best doe en het teekenen<c type="kk">/</c> ik geloof ook het <lb n="100" xml:id="l-100"/>schilderen<c type="kk">/</c> in mij zit en er langzamerhand uit komt.</ab>
<pb f="1r" n="4" xml:id="pb-orig-1r-4" facs="#zone-pb-1r-4"/><lb n="101" xml:id="l-101"/>
<ab rend="indent">Ik geloof nu Theo<c type="kk">/</c> dat ik mijne familie geen schande <lb n="102" xml:id="l-102"/>aandoe door ’t geen ik deed – en ik wenschte dat <lb n="103" xml:id="l-103"/>mijn familie er vrede mee nam. Anders staan wij <lb n="104" xml:id="l-104"/>over elkaar en zeg ik op mijn beurt: ik wil <lb n="105" xml:id="l-105"/>geen vrouw verlaten, ter wille van wie dan ook, <lb n="106" xml:id="l-106"/>aan welke ik verbonden ben door een band die <lb n="107" xml:id="l-107"/>wederzijdsche hulp en achting hebben gehecht.</ab><lb n="108" xml:id="l-108"/>
<ab rend="indent">Ik neem vrede met haar verleden en zij neemt vrede <lb n="109" xml:id="l-109"/>met mijn verleden. Indien mijne familie mij <lb n="110" xml:id="l-110"/>uit stiet om reden ik eene vrouw verleid had zou ik als <lb n="111" xml:id="l-111"/>een schobbejak mij gevoelen indien ik zulks werkelijk gedaan <lb n="112" xml:id="l-112"/>hadde doch indien ik zou worden gecontrarieerd omdat <lb n="113" xml:id="l-113"/>ik trouw blijf aan eene vrouw die ik trouw beloofd heb <lb n="114" xml:id="l-114"/>zou ik mijne familie verachten. Niet ieder is geschikt <lb n="115" xml:id="l-115"/>voor <hi rend="ital">schildersvrouw</hi> – <hi rend="ital">zij is willig</hi><c type="kk">/</c> <hi rend="ital">zij leert met den dag</hi>. <lb n="116" xml:id="l-116"/>Eigenaardigheden in haar karakter die anderen hebben <lb n="117" xml:id="l-117"/>afgestooten begrijp ik. Doch H.G.T. zou al ligt van haar denken <lb n="118" xml:id="l-118"/>wat hij van mij denkt en zeggen... zij is een onaangenaam <lb n="119" xml:id="l-119"/>karakter en heeft iets onbehagelijks<c type="kk">/</c> en daar bij blijven.</ab><lb n="120" xml:id="l-120"/>
<ab rend="indent">Nu spreekt het echter vanzelf dat ik genoeg <lb n="121" xml:id="l-121"/>wereld- &amp; menschenkennis heb om niet meer te <lb n="122" xml:id="l-122"/>verlangen dan dat men mij in ’t trouwen <lb n="123" xml:id="l-123"/>niet contrarieere – en ik hoop dat het dagelijksch <lb n="124" xml:id="l-124"/>brood mij niet ontbreken zal zoolang ik toon <lb n="125" xml:id="l-125"/>dat ik mijn best doe op mijn werk en doorsabel <lb n="126" xml:id="l-126"/>om een flink schilder of misschien alleen teekenaar <lb n="127" xml:id="l-127"/>te worden. Maar ik zal noch alleen noch <lb n="128" xml:id="l-128"/>met haar bij mijn familie aan huis komen of iets <lb n="129" xml:id="l-129"/>dergelijks, doch blijven in den kring die mijn werk <lb n="130" xml:id="l-130"/>van zelf aanwijst. En dan is er niemand <lb n="131" xml:id="l-131"/>die aanstoot heeft tenzij kwaadwilligen een steen <lb n="132" xml:id="l-132"/>des aanstoots<anchor n="8" xml:id="note-o-8"/> expres zouden willen zoeken, ’t welk hoop ik <lb n="133" xml:id="l-133"/>niet het geval zijn zal.</ab>
<pb f="2r" n="5" xml:id="pb-orig-2r-5" facs="#zone-pb-2r-5"/><lb n="134" xml:id="l-134"/>
<ab rend="indent">Gij zult mij echter zeer inschikkelijk vinden in <lb n="135" xml:id="l-135"/>al wat ik zonder Christien ontrouw te worden doen <lb n="136" xml:id="l-136"/>kan. Regt gaarne wil ik hooren wat gij mij <lb n="137" xml:id="l-137"/>raden zoudt b.v. ten opzigte van woonplaats <lb n="138" xml:id="l-138"/>of iets dergelijks. Is er bezwaar ik in den Haag <lb n="139" xml:id="l-139"/>blijf<c type="kk">/</c> ik ben aan den Haag geen trouw <lb n="140" xml:id="l-140"/>verpligt. En ik kan mij een werkkring scheppen <lb n="141" xml:id="l-141"/>waar gij maar goedvindt. ’t zij in een dorp <lb n="142" xml:id="l-142"/>’t zij in eene stad. De figuren &amp; het landschap <lb n="143" xml:id="l-143"/>welke voor mijn neus komen zal ik wel altijd <lb n="144" xml:id="l-144"/>interessant genoeg vinden om er mijn best op te doen<c type="kk">/</c> <lb n="145" xml:id="l-145"/>zoodat gij gerust hierover spreken kunt. Doch ’t spreekt <lb n="145a" xml:id="l-145a"/>van zelf zulks niet een soort van curateele moet zijn<c type="kk">/</c> daaromtrent heb ik mijn</ab><lb n="145b" xml:id="l-145b"/>
<ab>gevoelen duidelijk genoeg gezegd bij de affaire Gheel:<anchor n="9" xml:id="note-o-9"/> zooiets ware zeer <lb n="145c" xml:id="l-145c"/>hors de saison<c type="kp">_</c></ab><lb n="146" xml:id="l-146"/>
<ab rend="indent">Doch de zaak van trouw of ontrouw aan <lb n="147" xml:id="l-147"/>Christien is eene kwestie waartegenover ik <lb n="148" xml:id="l-148"/>gevoel “<hi rend="ital">ik mag geen trouwbelofte breken</hi>”<c type="kp">_</c> <lb n="149" xml:id="l-149"/>Indien Kee Vos mij had willen hooren dezen zomer<c type="kk">/</c> misschien <lb n="150" xml:id="l-150"/>had zij niet zoo direkt mij afgescheept te Amsterdam <lb n="151" xml:id="l-151"/>en dan waren de zaken heel anders gegaan.</ab><lb n="152" xml:id="l-152"/>
<ab rend="indent">Toen echter, gij weet het, ofschoon ik tot ’t laatst toe <lb n="153" xml:id="l-153"/>haar volgde<c type="kk">/</c> ofschoon ik haar naliep tot Amsterdam toe <lb n="154" xml:id="l-154"/>mogt niets mij baten om haar te spreken of iets te verkrijgen <lb n="154a" xml:id="l-154a"/>dat mij vastigheid gaf – waaraan ik een touw kon vastmaken<c type="kp">_</c></ab><lb n="155" xml:id="l-155"/>
<ab rend="indent">Nu drijft en dringt het snelle leven, het werk <lb n="156" xml:id="l-156"/>en het opdokken van nieuwe dingen welke <lb n="157" xml:id="l-157"/>ik moet aangrijpen<c type="kk">/</c> en met vastberadenheid ook <lb n="158" xml:id="l-158"/>wil ik staande blijven in den fellen strijd. <lb n="159" xml:id="l-159"/>Het bij de pakken neerzitten behoort tot vroegere jaren<c type="kk">/</c> <lb n="160" xml:id="l-160"/>het handelen en wakker zijn is ’t geen ik nu <lb n="161" xml:id="l-161"/>doe sedert ik mijn werk en vak gevonden heb.</ab>
<pb f="2v" n="6" xml:id="pb-orig-2v-6" facs="#zone-pb-2v-6"/><lb n="162" xml:id="l-162"/>
<ab rend="indent">Ik vindt dus in hoofdzaak Uw brief zeer verkeerd <lb n="163" xml:id="l-163"/>maar zulks komt misschien omdat gij er niet <lb n="164" xml:id="l-164"/>over hebt doorgedacht en ik geloof van U <lb n="165" xml:id="l-165"/>dat gij beter zijt dan dien bewusten brief <lb n="166" xml:id="l-166"/>van heden morgen.</ab><lb n="167" xml:id="l-167"/>
<ab rend="indent">Gij spreekt over iets dat U zelf is overkomen.<anchor n="10" xml:id="note-o-10"/> Ik <lb n="168" xml:id="l-168"/>meen zeer flaauw als in een nevel in ver verleden <lb n="169" xml:id="l-169"/>mij er iets van te herinneren.</ab><lb n="170" xml:id="l-170"/>
<ab rend="indent">Indien ik mij wel herinner waart gij in kennis met <lb n="171" xml:id="l-171"/>een meisje van minderen stand e<supplied>n gij</supplied> <lb n="172" xml:id="l-172"/>hieldt van haar en hadt met haar gesl<supplied>apen</supplied><c type="kp">_</c> <lb n="173" xml:id="l-173"/>Nu weet ik niet wie de persoon was doch wel dat <lb n="174" xml:id="l-174"/>gij er Pa over hebt geraadpleegd en mij er ook <lb n="175" xml:id="l-175"/>over gesproken<c type="kp">_</c> En dat Pa U toen iets heeft <lb n="176" xml:id="l-176"/>laten beloven omtrent het trouwen<c type="kk">/</c> ik weet <lb n="177" xml:id="l-177"/>niet met juistheid wat – doch welligt dat gij zulks <lb n="178" xml:id="l-178"/>gedurende Uwe minderjarigheid niet zonder <lb n="179" xml:id="l-179"/>zijne toestemming <lb n="179a" xml:id="l-179a"/>zoudt doen. Het verdere – hoe het met die vrouw gegaan is<c type="kk">/</c> weet ik <lb n="179b" xml:id="l-179b"/>niet. <lb n="179"/>Zoolang gij minderjarig <lb n="180" xml:id="l-180"/>waart heeft Pa werkelijk het regt tusschenbeiden te <lb n="181" xml:id="l-181"/>treden en kan ik mij de handelwijs begrijpen.</ab><lb n="182" xml:id="l-182"/>
<ab rend="indent">Nu is ’t onderscheid tusschen Uw geval &amp; ’t mijne dat <lb n="183" xml:id="l-183"/>gij en zij een aanmerkelijk aantal jaren jonger <lb n="184" xml:id="l-184"/>waart dan X<hi rend="ss">tien</hi> en ik, dat vooreerst, ten tweede dat <lb n="185" xml:id="l-185"/>Uwe toekomst en de mijne onderscheiden zijn<c type="kk">/</c> <lb n="186" xml:id="l-186"/>n.l. dat ik een stil handwerk voor mij heb en gij <lb n="187" xml:id="l-187"/>eene positie bekleed die persé vordert <lb n="188" xml:id="l-188"/>dat gij een zekeren stand zult voeren.</ab><lb n="189" xml:id="l-189"/>
<ab rend="indent">Dit is toch dunkt mij klaar genoeg en indien gij <lb n="190" xml:id="l-190"/>alstoen als minderjarig zijnde wel deed te gehoorzamen<c type="kk">/</c> <lb n="191" xml:id="l-191"/>ik voor mij heb de vrijheid als meerderjarig tot <lb n="192" xml:id="l-192"/>Pa te zeggen: dit is eene zaak in welke U niet dwingen kunt of <lb n="193" xml:id="l-193"/>moogt.</ab>
<pb f="2v" n="7" xml:id="pb-orig-2v-7" facs="#zone-pb-2v-7"/><lb n="194" xml:id="l-194"/>
<ab rend="indent">Nu zegt gij dat gij tusschen X<hi rend="ss">n</hi> en mij niet vindt <lb n="195" xml:id="l-195"/>wat noodig maakt dat ik haar zou moeten trouwen. <lb n="196" xml:id="l-196"/>Ziehier hoe en X<hi rend="ss">n</hi> en ik daarover denken: <lb n="197" xml:id="l-197"/>wij verlangen beiden een zeer huiselijk leven <lb n="198" xml:id="l-198"/>digt bij elkaar en <hi rend="ital">hebben elkaar dagelijksch</hi> <lb n="199" xml:id="l-199"/><hi rend="ital">bij ’t werk noodig</hi> <hi rend="ital">en zijn dagelijks bij elkaar</hi>. Wij verlangen er niets scheefs <lb n="200" xml:id="l-200"/>in de positie zij<c type="kk">/</c> en vinden ’t trouwen ’t eenige <lb n="201" xml:id="l-201"/>radicale middel om de wereld tot zwijgen <lb n="202" xml:id="l-202"/>te brengen en te zorgen dat men ons niet <lb n="203" xml:id="l-203"/>het <supplied><hi rend="ital">xxxxx</hi></supplied> verwijt doe in ongeoorloofde verbindtenis <lb n="204" xml:id="l-204"/>te <supplied>leven</supplied><c type="kp">_</c> Als wij <hi rend="ital">niet</hi> trouwden kon men iets zeggen <lb n="205" xml:id="l-205"/>van<c type="kk">/</c> dit of dat is eigentlijk scheef – als wij <lb n="206" xml:id="l-206"/>trouwen zijn wij zeer arm en laten <lb n="207" xml:id="l-207"/>alle pretentie op stand daar doch onze daad <lb n="208" xml:id="l-208"/>is regt en eerlijk. Mij dunkt gij zult dit begrijpen. <lb n="209" xml:id="l-209"/>Zegt ge nu – Vincent gij zult het bar hebben <lb n="210" xml:id="l-210"/>en die zorgen zullen U wel eens vreesselijk zijn <lb n="211" xml:id="l-211"/>dan antwoord ik<c type="kk">/</c> ja broer, ik weet dat zeer wel, daar <lb n="212" xml:id="l-212"/>hebt ge gelijk in, doch, kerel, ’t geen ik nog erger <lb n="213" xml:id="l-213"/>zou vinden dan dat ware het gevoel van binnen: <lb n="214" xml:id="l-214"/>“gij hebt die vrouw welke gij in den winter zwanger en ziek <lb n="215" xml:id="l-215"/>ontmoette verraderlijk in den steek gelaten en wederom <lb n="216" xml:id="l-216"/>teruggestooten op die onbarmhartige straatsteenen”<c type="kp">_</c> <lb n="217" xml:id="l-217"/>Dat zal van mij niet gezegd worden en gij <lb n="218" xml:id="l-218"/>zult nu wel zien dat het geen “doordrijverij” of <lb n="219" xml:id="l-219"/>“baldadig mijn zin willen hebben” van me is doch <lb n="220" xml:id="l-220"/>dat ik sta tegenover X<hi rend="ss">tien</hi> en dat ik haar trouw beloofd <lb n="221" xml:id="l-221"/>heb &amp; trouw houden zal. Nog eens<c type="kk">/</c> hindert mijn verblijf <lb n="222" xml:id="l-222"/>te s’Hage dezen of genen<c type="kk">/</c> spreek ronduit op<c type="kk">/</c> in alle <lb n="223" xml:id="l-223"/>dingen betreffende woning of zoo iets wil ik mij gaarne <lb n="224" xml:id="l-224"/>schikken. Een atelier<c type="kk">/</c> een huis<c type="kk">/</c> kamer<c type="kk">/</c> een slaapkamer is noodig <lb n="225" xml:id="l-225"/>doch of die te s’Hage of ergens anders zij<c type="kk">/</c> is mij niet onverschillig <lb n="226" xml:id="l-226"/>doch ik wil mij gaarne schikken – evenwel moet men op een heel <lb n="227" xml:id="l-227"/>andere manier daarover spreken als b.v. Pa bij gelegenheid van Gheel. Zooiets ware <lb n="228" xml:id="l-228"/>schandalig.–</ab>
<pb f="2r" n="8" xml:id="pb-orig-2r-8" facs="#zone-pb-2r-8"/><lb n="229" xml:id="l-229"/>
<ab rend="indent">Indien het mogelijk is ik dit jaar b.v. frs 150 <lb n="230" xml:id="l-230"/>per maand heb (ofschoon mijn werk nog niet direkt <lb n="231" xml:id="l-231"/>verkocht kan worden doch een basis is waarop ik <lb n="232" xml:id="l-232"/>later voortbouwen kan) – dan begin ik de zaak <lb n="233" xml:id="l-233"/>met veel lust en veel goeden moed omdat ik <lb n="234" xml:id="l-234"/>dan tenminste weet: Het allernoodigste om te <lb n="235" xml:id="l-235"/><hi rend="ital">kunnen</hi> werken<c type="kk">/</c> dagelijks brood<c type="kk">/</c> woning<c type="kk">/</c> teekenbehoeften<c type="kk">/</c> <lb n="236" xml:id="l-236"/>zullen mij niet ontbreken<c type="kk">/</c> ik <hi rend="sc">kan</hi> werken. <lb n="237" xml:id="l-237"/>Weet ik zeker vooruit, dat gij Uwe hulp zoudt <lb n="238" xml:id="l-238"/>intrekken, dan sta ik magteloos; met <lb n="239" xml:id="l-239"/>den besten wil van de wereld wordt mijn hand <lb n="240" xml:id="l-240"/>verlamd – ja dan is ’t miserable genoeg <lb n="241" xml:id="l-241"/>en dan is ’t erg afschuwelijk. Wat zoudt gij of iemand <lb n="242" xml:id="l-242"/>anders daaraan hebben – ik zou moedeloos worden <lb n="243" xml:id="l-243"/>en Christien &amp; ’t kind vergingen. Misschien vind <lb n="244" xml:id="l-244"/>gij het overdreven dat ik denk dat gij zoo iets zoudt kunnen <lb n="245" xml:id="l-245"/>doen doch “<hi rend="ital">dat wordt gedaan</hi>”<c type="kp">_</c> Moet dit <lb n="246" xml:id="l-246"/>schrikkelijk lot mij treffen – het treffe mij<c type="kp">_</c></ab><lb n="247" xml:id="l-247"/>
<ab rend="indent">Ik kan ofschoon ’t mij boven ’t hoofd hangt niet anders zeggen <lb n="248" xml:id="l-248"/>dan: ik heb X<hi rend="ss">n</hi> trouw beloofd <lb n="249" xml:id="l-249"/>en zij heeft mij trouw beloofd dus komt het <lb n="250" xml:id="l-250"/>niet in ons op die trouw te breken<c type="kp">_</c></ab><lb n="251" xml:id="l-251"/>
<ab rend="indent">Doch – bliksem – hoe heb ik het nu – <lb n="252" xml:id="l-252"/>en in welken tijd leven we – wordt toch <lb n="253" xml:id="l-253"/>wakker Theo! – laat U niet overdonderen of <lb n="254" xml:id="l-254"/>influenceeren door jesuitismes – verdien ik <lb n="255" xml:id="l-255"/>dat gij mij in den steek zoudt laten omdat ik <lb n="256" xml:id="l-256"/>eene zwangere vrouw heb geholpen en haar niet weer <lb n="257" xml:id="l-257"/>op nieuw de straat wil op sturen. Wij hebben <lb n="258" xml:id="l-258"/>elkaar trouw beloofd<c type="kk">/</c> mogen wij dat niet <lb n="259" xml:id="l-259"/>doen. Staat daar de dood op???</ab><lb n="260" xml:id="l-260"/>
<ab rend="indent">adieu, kerel, doch voor gij toeslaat en mijn kop afhakt <lb n="261" xml:id="l-261"/><hi rend="ital">en die van X</hi><hi rend="ss">  <hi rend="ital">n</hi></hi><hi rend="ital"> &amp; ’t kind er bij</hi>... slaap er nog eens op. Doch nog eens – <lb n="262" xml:id="l-262"/>als ’t moet – dan in Godsnaam “<hi rend="ital">kop af</hi>”. maar liever niet<c type="kk">/</c> ik heb hem nog noodig <lb n="262a" xml:id="l-262a"/>bij ’t teekenen. (ook X<hi rend="ss">n</hi> en ’t kind zouden <hi rend="ital">zonder kop</hi> niet poseeren kunnen<c type="kp">_</c>)</ab>
<vg:whiteline/><lb n="263" xml:id="l-263"/>
<ab>t. à t.</ab><lb n="263*" xml:id="l-263s"/>
<ab>Vincent.</ab>
<vg:whiteline/>
<div type="textualNotes">
<note target="l-11" n="11">gelds- &lt; gelds</note>
<note target="l-53" n="53">a  Maar <supplied><hi rend="ital">...</hi></supplied> geweest??? &lt; <hi rend="ital">Added later.</hi></note>
<note target="l-66" n="66">“zij <supplied><hi rend="ital">...</hi></supplied> niet” &lt; <hi rend="ital">Quotation marks added by us.</hi></note>
<note target="l-67" n="67">a-c  ik <supplied><hi rend="ital">...</hi></supplied> verlaat.– &lt; <hi rend="ital">Added later.</hi></note>
<note target="l-121" n="121">wereld- &lt; wereld</note>
<note target="l-145" targetEnd="l-145" n="145-145">c Doch <supplied><hi rend="ital">...</hi></supplied> saison &lt; <hi rend="ital">Added later.</hi></note>
<note target="l-171" n="171">e<supplied>n gij</supplied> &lt; <hi rend="ital">Text lost due to an ink-blot.</hi></note>
<note target="l-172" n="172">gesl<supplied>apen</supplied> &lt; <hi rend="ital">Text lost due to an ink-blot.</hi></note>
<note target="l-203" n="203"><supplied><hi rend="ital">xxxxx</hi></supplied> &lt; <hi rend="ital">Text lost due to the counter-impression of an ink-blot on l. 171-172.</hi></note>
<note target="l-204" n="204"><supplied>leven</supplied> &lt; <hi rend="ital">Text lost due to the counter-impression of an ink-blot on l. 171-172.</hi></note>
<note target="l-262" targetEnd="l-262" n="262-262">a maar <supplied><hi rend="ital">...</hi></supplied> kunnen<c type="kp">_</c>) &lt; <hi rend="ital">Added later. The sentence </hi>‘(ook X<hi rend="ss">n</hi> <supplied><hi rend="ital">...</hi></supplied> kunnen)’<hi rend="ital"> was written on p. 5 (below l. 161); Van Gogh added </hi>‘P.S’<hi rend="ital"> to distinguish it from the letter text on that page. We regard this as an explanation for Theo and have therefore excluded it from the reading text.</hi></note></div></div>
<div type="translation">
<pb f="1r" n="1" xml:id="pb-trans-1r-1" facs="#zone-pb-1r-1"/>
<ab>My dear Theo,</ab>
<ab>Having received your letter of 13 May,<anchor n="1" xml:id="note-t-1"/> which must have crossed one from me to you, I think I should explain some things right away. </ab>
<ab rend="indent">I indeed appreciate much of what I read in your letter, such as ‘One would have to be narrow-minded or have a misplaced sense of guilt to put one class absolutely above another.’<anchor n="2" xml:id="note-t-2"/></ab>
<ab rend="indent">The world, though, reasons otherwise, and never sees or respects the ‘<hi rend="ital">human</hi>’ in the human being, but only the greater or smaller value in money or goods he bears this side of the grave. The world takes no account at all of the other side of the grave. This is why the world sees no further than the end of its nose.</ab>
<ab rend="indent">For my part I feel sympathy or antipathy for people as people, and care little about what they have around them.</ab>
<ab rend="indent">Yet to some extent I too take into consideration the points you make (and if my circumstances were such that I <hi rend="ital">could</hi> do so, I would reconcile myself to more):</ab>
<ab>‘There are many who keep up a certain position to ensure that they won’t be constantly watched and that people won’t meddle in their affairs too much.’ I mean, very often I too let things pass, thinking I shan’t do or say this or that so as not to offend someone. </ab>
<ab rend="indent">But in important, serious matters one shouldn’t let one’s actions be guided by public opinion or by one’s own passions.</ab>
<ab rend="indent">One must stick to the A.B.C. that is the foundation of all morality, ‘love thy neighbour as thyself’.<anchor n="3" xml:id="note-t-3"/> Act in a way that you can account for to God. Do right and act loyally.
<pb f="1v" n="2" xml:id="pb-trans-1v-2" facs="#zone-pb-1v-2"/></ab>
<ab rend="indent">Now I face <rs type="pers" key="463">Christien</rs> and reason like this: how would I feel if someone first helped me and then left me in the lurch? Wouldn’t I think... the person who behaves like that would have done better to leave me alone if he couldn’t go on to the end as he had begun. In fact he deceived me. The person who is the father of Christien’s<anchor n="4" xml:id="note-t-4"/> <rs type="pers" key="467">child</rs> reasoned exactly in the spirit of your letter, Theo, and in my view utterly wrongly. He was very friendly to her but did <hi rend="ital">not</hi> marry her, even when she was pregnant by him, for the sake of, so he said, his position and his family &amp;c. Christien was young at the time and met him after her <rs type="pers" key="465">father</rs>’s death,<anchor n="5" xml:id="note-t-5"/> didn’t know then what she knows now, and when that person died she was left alone with her <rs type="pers" key="467">child</rs> — deserted — with nothing. She had to take to the streets unwillingly, became ill, ended up in hospital in all sorts of misfortune...</ab>
<ab rend="indent">The behaviour of that person was guilty before God, yet in the eyes of the world he kept his position — ‘he had paid her’. But when he faced DEATH, would there have been no regret or remorse in him then???</ab>
<ab rend="indent">Now it happens that in the world, as against the characters of people like him, there are characters like mine, for example. I care as little about the world as that person cared about what is right. The semblance of right was enough for him, the opinion of the world — I couldn’t care tuppence about that. What comes first with me is this. <hi rend="sc">I do not want to deceive or abandon any woman</hi>. If a woman refuses to have anything to do with me, like <rs type="pers" key="776">Kee Vos</rs> — I don’t press her, however strong my feelings may be — then I turn back with desolation in the heart as soon as my ‘she and no other’<anchor n="6" xml:id="note-t-6"/> is opposed by her ‘certainly not him’. <hi rend="sc">I do not want to coerce and i do not want to abandon</hi>. Equally, I protest if people coerce or abandon me. 
<pb f="1v" n="3" xml:id="pb-trans-1v-3" facs="#zone-pb-1v-3"/></ab>
<ab rend="indent">If I were married to a woman and I saw that she was also carrying on with another, I wouldn’t let myself be made a fool of, but I wouldn’t leave her until I had tried my utmost to reclaim her. So you see how I think about marriage, and that I take it seriously. </ab>
<ab rend="indent">I met <rs type="pers" key="463">Christien</rs>, as you know, when she was pregnant, ill, in the cold — I was alone — I had just had that experience in Amsterdam I wrote to you about.<anchor n="7" xml:id="note-t-7"/></ab>
    <ab rend="indent">I began it  though not immediately with marriage in mind – but when I got to know her better, it became clear to me that if I wanted to help her I would have to take a more serious approach. I then spoke candidly with her and said: this is what I think about one thing and another, this is how I see your position and mine. I’m poor – but I’m no seducer. Do you think you could get on with me or not? – otherwise that’s the end of it. Then she said, I want to stay with you, however poor you are. This is how we ended up where we are now.</ab>
<ab rend="indent">And now she’s soon going to Leiden, and immediately afterwards I would like to marry her without further ado. Because otherwise there will be something false in her position and in mine, which I would most decidedly prefer to avoid. </ab>
<ab rend="indent">So I’m like a workman with a craft in which she is my help. You have my drawings, and during the first year at least my living and hers depend on you and on all those prepared to help me, because you can see that I’m doing my best in my work, and that drawing, and I believe painting too, is in me and is slowly coming out.
<pb f="1r" n="4" xml:id="pb-trans-1r-4" facs="#zone-pb-1r-4"/></ab>
    <ab rend="indent">Now, I do believe, Theo, that I’ve brought no shame on my family by what I’ve done – and I wish that my family were reconciled to it. Otherwise, we confront each other, and I say for my part: not for anyone’s sake will I abandon a woman to whom I am tied by a bond woven by mutual help and respect.</ab>
    <ab rend="indent">I am reconciled to her past and she is reconciled to my past. If my family were to cast me out because I had seduced a woman, I would feel like a scoundrel if I had really done such a thing, but if I should be thwarted because I remain loyal to a woman to whom I’ve promised loyalty, I should despise my family. Not everyone is suited to being a <hi rend="ital">painter’s wife</hi> – <hi rend="ital">she’s willing, she learns as each day goes by</hi>. I understand oddities in her character that have repelled others. But <rs type="pers" key="787">H.G.T.</rs> would most probably think of her what he thinks of me and say... she’s an unpleasant character and there’s something disagreeable about her, and leave it at that.</ab>
    <ab rend="indent">Needless to say, though, I have sufficient knowledge of the world and people to desire no more than that I shouldn’t be thwarted in marrying – and I hope that I shan’t want for my daily bread as long as I show that I’m doing my best in my work and hacking my way through to become a capable painter, or perhaps just a draughtsman. But I shan’t visit my family at home or anything like that, either alone or with her, but shall stay in the circles my work leads to naturally. That way no one can take offence, unless malicious people deliberately look for a stumbling block,<anchor n="8" xml:id="note-t-8"/> which I hope won’t be the case.
<pb f="2r" n="5" xml:id="pb-trans-2r-5" facs="#zone-pb-2r-5"/> </ab>
<ab rend="indent">You’ll find me very willing, though, in everything I can do without being disloyal to <rs type="pers" key="776">Christien</rs>. I would truly like to know what you advise, for instance, as to where to live or something similar. If there are objections to my staying in The Hague, I’m not obliged to be loyal to The Hague. And I can create a place to work, wherever you like. Either in a village or in a town. The figures and landscape I find in front of me will always be interesting enough for me to do my best with them, so you needn’t hesitate to raise the matter. Of course it mustn’t be some kind of wardship, I made my feelings about that clear enough at the time of the Geel affair:<anchor n="9" xml:id="note-t-9"/> that sort of thing would be utterly inappropriate.</ab>
<ab rend="indent">Yet the question of loyalty or disloyalty to <rs type="pers" key="463">Christien</rs> is something about which I feel ‘<hi rend="ital">I must not break a promise of marriage</hi>’. If <rs type="pers" key="776">Kee Vos</rs> had been willing to listen to me this summer, she might not have fobbed me off so quickly in Amsterdam, and then matters would have taken a very different course. </ab>
<ab rend="indent">Then, however, as you know, though I followed her to the end, though I went after her all the way to Amsterdam, I was unable to speak to her or to get any firm undertaking, anything I could rely on.</ab>
<ab rend="indent">Now the rapid pace of life presses and pushes, work and the advent of new things that I must tackle, and I will resolutely hold my own in the fierce struggle. Giving up is a thing of bygone years; acting and being alert is what I do, now that I’ve found my work and my métier.
<pb f="2v" n="6" xml:id="pb-trans-2v-6" facs="#zone-pb-2v-6"/></ab>
<ab rend="indent">Thus in the main I think your letter is very wrong, but this may be because you haven’t thought it through, and I believe you’re better than that letter of yours this morning. </ab>
<ab rend="indent">You speak of something that happened to you.<anchor n="10" xml:id="note-t-10"/> I believe I remember something very vaguely, as if in a mist long ago. </ab>
<ab rend="indent">If I remember rightly, you were acquainted with a girl from a lower class and you loved her and had slept with her. Now, I don’t know who she was, but I do know that you consulted <rs type="pers" key="526">Pa</rs> about it, and also discussed it with me. And that Pa made you promise something to do with marrying. I don’t know what exactly, but perhaps that you wouldn’t do such a thing without his permission while still a minor. The rest, what happened to the woman, I don’t know. As long as you were under age, Pa truly had the right to intervene, and I can understand such an action.</ab>
<ab rend="indent">Now the difference between your case and mine is that you and she were considerably younger than <rs type="pers" key="463">Christien</rs> and I, that in the first place, and secondly that your future and mine are different, in that I’ll be quietly working at a craft while you’ll hold a post which requires you to keep up a certain position. </ab>
<ab rend="indent">This seems clear enough to me, and if you were right to obey then as a minor, I have the liberty, being of age, to say to <rs type="pers" key="526">Pa</rs>: this is a matter in which you cannot and may not coerce me.
<pb f="2v" n="7" xml:id="pb-trans-2v-7" facs="#zone-pb-2v-7"/></ab>
    <ab rend="indent">Now, you say that you don’t see what there is between <rs type="pers" key="463">Christien</rs> and me that makes it necessary for me to marry her. Now here’s how both Christien and I view this: we both want to have a very domestic life close together, and <hi rend="ital">have need of each other every day in the work and are together daily</hi>. We don’t want to have anything false in our position, and believe that marrying is the only effective way of silencing the world and ensuring that people can’t accuse us of living together illicitly. If we did <hi rend="ital">not</hi> marry, people could say this or that is in fact false – if we marry we’ll be very poor and shall give up any pretensions to a social position, but our deed will be right and honest. I believe you will understand this. If you say – Vincent, times will be hard and your cares will sometimes be terrible, then I answer, yes, brother, I know that very well, you’re right about that, but, old chap, what I would find worse than that would be the feeling inside: ‘You have treacherously abandoned the woman you met when she was pregnant and sick in the winter and pushed her back onto the cruel cobblestones’. That shall not be said of me, and you’ll see that it isn’t ‘pigheadedness’ or ‘recklessly wanting to get my own way’ on my part, but because I stand before Christien and I’ve promised her my loyalty and will remain loyal. Again, if my presence in The Hague bothers anyone, say so freely. In everything to do with a house or the like, I’m very willing to fit in. I need a studio, a house, living room, a bedroom, and whether it’s in The Hague or somewhere else isn’t a matter of indifference to me, but I’m entirely willing to fit in. However, the manner in which this is discussed must be quite different from that used by <rs type="pers" key="526">Pa</rs>, for example, on the occasion of Geel. That would be scandalous.
<pb f="2r" n="8" xml:id="pb-trans-2r-8" facs="#zone-pb-2r-8"/></ab>
    <ab rend="indent">If it’s possible for me to have, say, 150 francs a month this year (although my work can’t yet be sold straightaway, but forms a basis on which I can build later), I can start work with great eagerness and in good spirits, because then I at least know: I won’t lack the essentials to be <hi rend="ital">able</hi> to work – daily bread, a house, drawing materials – I <hi rend="sc">can</hi> work. If I know in advance that you’re definitely going to withdraw your help, then I’m powerless; with the best will in the world, my hand is paralyzed – yes, it will be wretched enough, and then it is truly terrible. What good would that be to you or anyone else? – I would despair and <rs type="pers" key="463">Christien</rs> and the <rs type="pers" key="467">child</rs> would perish. You may think I’m exaggerating if I believe you could do a thing like that, but ‘<hi rend="ital">such things happen</hi>’. If this awful fate must strike me, then let it strike me. </ab>
<ab rend="indent">Even though it looms over me, I can only say: I promised to be loyal to <rs type="pers" key="463">Christien</rs> and she promised to be loyal to me, and so it would never occur to us to break that promise. </ab>
    <ab rend="indent">Yet - heavens above – what’s going on – and what kind of age are we living in? – do wake up, Theo! – don’t let yourself be overwhelmed or influenced by Jesuitisms. Do I deserve to be left in the lurch because I helped a pregnant woman and don’t want to send her back onto the streets? We’ve promised to be loyal to each other; is that not allowed? Is death the punishment for that??? </ab>
    <ab rend="indent">Adieu, old chap, but before you strike the blow and chop off my head <hi rend="ital">and <rs type="pers" key="463">Christien</rs>’s and the <rs type="pers" key="467">child</rs>’s too</hi>... sleep on it again. But again – if you must – then in God’s name ‘<hi rend="ital">off with my head</hi>’. But preferably not, I need it for drawing. (And Christien and the <rs type="pers" key="467">child</rs> couldn’t pose <hi rend="ital">without heads</hi>.)</ab>
<vg:whiteline/>
<ab>Ever yours,</ab>
<ab>Vincent.</ab></div>
<div type="notes">
<note n="1" xml:id="n-1" target="#note-t-1">
<ab>At the end of the month (Theo was not to write again until then) Van Gogh says that the letter was written on <hi rend="ital">12</hi> May (<ref target="let233.xml#l-5">letter 233, l. 5</ref>).</ab></note>
<note n="2" xml:id="n-2" target="#note-t-2">
<ab>An answer to what was said in <ref target="let225.xml">letter 225</ref>.</ab></note>
<note n="a" xml:id="n-a" target="#note-o-a">
<ab>Expression meaning that the validity, tenor or effect of something may be limited (<hi rend="ital">WNT</hi>).</ab></note>
<note n="3" xml:id="n-3" target="#note-t-3">
<ab>Biblical; see e.g. <bibleref xmlns="http://www.vangoghletters.org/ns/" book="Lev" chap="19" v="18">Lev. 19:18</bibleref>; <bibleref xmlns="http://www.vangoghletters.org/ns/" book="Matt" chap="19" v="19">Matt. 19:19</bibleref> and 22:39; <bibleref xmlns="http://www.vangoghletters.org/ns/" book="Mark" chap="12" v="31">Mark 12:31</bibleref>; <bibleref xmlns="http://www.vangoghletters.org/ns/" book="Luke" chap="10" v="27">Luke 10:27</bibleref>; <bibleref xmlns="http://www.vangoghletters.org/ns/" book="Rom" chap="13" v="9">Rom. 13:9</bibleref>; <bibleref xmlns="http://www.vangoghletters.org/ns/" book="Gal" chap="5" v="14">Gal. 5:14</bibleref>; and <bibleref xmlns="http://www.vangoghletters.org/ns/" book="Jas" chap="2" v="8">Jas. 2:8</bibleref>.</ab></note>
<note n="4" xml:id="n-4" target="#note-t-4">
<ab>Van Gogh often writes ‘<rs type="pers" key="463">Xtien</rs>’ or ‘Xn’ for ‘Christien’ (this spelling no doubt derives from the convention of using ‘X’ for ‘Christ’).</ab></note>
<note n="5" xml:id="n-5" target="#note-t-5">
<ab>The porter <rs type="pers" key="465">Pieter Hoornik</rs>, Sien’s father, died in The Hague on 7 June 1875. At the age of 24, on 3 July 1874, <rs type="pers" key="463">Sien</rs> had had a daughter, Maria Clasina, who lived for only eight days. Her daughter <rs type="pers" key="467">Maria Wilhelmina</rs> was born on 7 May 1877. In 1879 she had a son, <rs type="pers" key="1793">Wilhelmus</rs>, who lived for six months. Her fourth child, <rs type="pers" key="466">Willem</rs>, was born on 2 July 1882. It is not known who the father of these children was. See Zemel 1987, p. 353.</ab></note>
<note n="6" xml:id="n-6" target="#note-t-6">
<ab>Based on ‘<hi rend="ital">Elle</hi>, et non une autre’ (She and no other) from <rs type="pers" key="707">Jules Michelet</rs>’s <rs type="lit" key="11"><hi rend="ital">L’amour</hi></rs>: <ref target="let180.xml#n-5">see letter 180, n. 5.</ref></ab></note>
<note n="7" xml:id="n-7" target="#note-t-7">
<ab>A reference to the disappointing visit to Amsterdam, when Van Gogh made a last attempt to win over <rs type="pers" key="776">Kee Vos</rs>, described in <ref target="let193.xml">letter 193</ref>.</ab></note>
<note n="8" xml:id="n-8" target="#note-t-8">
<ab>Biblical; cf. <bibleref xmlns="http://www.vangoghletters.org/ns/" book="Isa" chap="8" v="14">Isa. 8:14</bibleref>; <bibleref xmlns="http://www.vangoghletters.org/ns/" book="Rom" chap="9" vr="32-33">Rom. 9:32-33</bibleref> and <bibleref xmlns="http://www.vangoghletters.org/ns/" book="1 Pet" chap="2" v="7">1 Pet. 2:7</bibleref> (in <hi rend="ital">KJ</hi> 2:8).</ab></note>
<note n="9" xml:id="n-9" target="#note-t-9">
<ab>On the ‘Geel affair’, <ref target="let185.xml">see letter 185</ref>. For the connection with being made a ward of court, cf. <ref target="let234.xml">letters 234</ref>, <ref target="let237.xml">237</ref> and <ref target="let244.xml">244</ref>.</ab></note>
<note n="10" xml:id="n-10" target="#note-t-10">
<ab>In May 1877 Theo, then just aged 20, had fallen in love. The class difference was a crucial obstacle in his <rs type="pers" key="526">father</rs>’s eyes, and he called his son to order. <ref target="let117.xml#n-1">See letter 117, n. 1.</ref></ab></note></div></body></text></TEI>
