<?xml version="1.0" encoding="UTF-8"?>
<!-- Last Changed Date: 2018-07-18 12:32:41 +0200 (Wed, 18 Jul 2018) | SVN Revision: 2206 -->
<!--Licensed under Attribution-NonCommercial-ShareAlike 4.0 International (CC BY-NC-SA 4.0)-->
<?xml-model href="https://xmlschema.huygens.knaw.nl/vgodd.rng" type="application/xml" schematypens="http://relaxng.org/ns/structure/1.0"?>
<TEI xmlns:vg="http://www.vangoghletters.org/ns/" xmlns="http://www.tei-c.org/ns/1.0">
<teiHeader xmlns:xsi="http://www.w3.org/2001/XMLSchema-instance"><fileDesc>
<titleStmt>
<title>To Theo van Gogh. The Hague, Monday, 25 September 1882.</title>
<editor>Leo Jansen</editor>
<editor>Hans Luijten</editor>
<editor>Nienke Bakker</editor></titleStmt>
<publicationStmt>
<publisher><name>Huygens Instituut voor Nederlandse Geschiedenis (KNAW)</name><email>info@huygens.knaw.nl</email></publisher>
<publisher>Van Gogh Museum</publisher>
<pubPlace>Amsterdam</pubPlace>
<date type="first" when="2009">2009</date>
<availability status="restricted">
<licence target="http://creativecommons.org/licenses/by-nc-sa/4.0/ https://creativecommons.org/licenses/by-nc-sa/4.0/legalcode">
<p>Attribution-NonCommercial-ShareAlike 4.0 International (CC BY-NC-SA 4.0) </p></licence></availability>
<ptr target="http://vangoghletters.org/orig/let269"/></publicationStmt><sourceDesc><vg:letDesc><vg:letIdentifier>
<idno type="jlb">269</idno>
<idno type="collectedletters">234</idno>
<idno type="brieven1990">270</idno></vg:letIdentifier><vg:letHeading><author>Vincent van Gogh</author><vg:addressee>Theo van Gogh</vg:addressee><vg:placeLet>The Hague</vg:placeLet><vg:dateLet>Monday, 25 September 1882</vg:dateLet></vg:letHeading><vg:letContents>
<p>To Theo van Gogh. The Hague, Monday, 25 September 1882.</p>
<note type="ongoingTopic" n="1">
<p>Theo’s visit early in August <ref target="let253.xml">(253)</ref></p></note>
<note type="ongoingTopic" n="2">
<p>Relations with Mauve have deteriorated <ref target="let209.xml">(209)</ref></p></note>
<note type="ongoingTopic" n="3">
<p>Theo’s indisposition <ref target="let258.xml">(258)</ref></p></note></vg:letContents>
<note type="sourceStatus" xml:id="sourceStatus">
<p>Original manuscript</p></note>
<note type="location" xml:id="location">
<p>Amsterdam, Van Gogh Museum, inv. no. b256 V/1962</p></note>
<note type="date" xml:id="date">
<p>Letter headed: ‘<hi rend="ital">Maandag morgen</hi>’. Vincent thanks Theo for his third remittance that month. Since he remarked shortly before that he was expecting the money on the 20th (or soon afterwards) (<ref target="let266.xml">see letter 266</ref> of Monday, 18 September), the present letter must date from the first Monday after the 20th, and thus from Monday, 25 September 1882.</p></note></vg:letDesc></sourceDesc></fileDesc></teiHeader>
<facsimile xmlns:xsi="http://www.w3.org/2001/XMLSchema-instance">
<surface n="b 0256" xml:id="surf-pb-1r"><graphic mimeType="image/tiff" url="VGM001000314_01.TIF" rend="norend"/><graphic mimeType="image/tiff" url="VGM001000314_01_n.tif" rend="norend"/><graphic mimeType="image/jpeg" url="VGM001000314_01_nt.jpg" height="50px" rend="thumbnail"/><zone xml:id="zone-pb-1r-1">
<graphic mimeType="image/tiff" url="VGM001000314_01_nR.tif" rend="norend"/><graphic mimeType="image/jpeg" url="VGM001000314_01_nRt.jpg" height="50px" rend="thumbnail"/><graphic mimeType="image/png" url="VGM001000314_01_nRf.png" width="380px" rend="facstab"/></zone>
<zone xml:id="zone-pb-1r-4">
<graphic mimeType="image/tiff" url="VGM001000314_01_nL.tif" rend="norend"/><graphic mimeType="image/jpeg" url="VGM001000314_01_nLt.jpg" height="50px" rend="thumbnail"/><graphic mimeType="image/png" url="VGM001000314_01_nLf.png" width="380px" rend="facstab"/></zone>
</surface>
<surface n="b 0256" xml:id="surf-pb-1v"><graphic mimeType="image/tiff" url="VGM001000314_02.TIF" rend="norend"/><graphic mimeType="image/tiff" url="VGM001000314_02_n.tif" rend="norend"/><graphic mimeType="image/jpeg" url="VGM001000314_02_nt.jpg" height="50px" rend="thumbnail"/><zone xml:id="zone-pb-1v-2">
<graphic mimeType="image/tiff" url="VGM001000314_02_nL.tif" rend="norend"/><graphic mimeType="image/jpeg" url="VGM001000314_02_nLt.jpg" height="50px" rend="thumbnail"/><graphic mimeType="image/png" url="VGM001000314_02_nLf.png" width="380px" rend="facstab"/></zone>
<zone xml:id="zone-pb-1v-3">
<graphic mimeType="image/tiff" url="VGM001000314_02_nR.tif" rend="norend"/><graphic mimeType="image/jpeg" url="VGM001000314_02_nRt.jpg" height="50px" rend="thumbnail"/><graphic mimeType="image/png" url="VGM001000314_02_nRf.png" width="380px" rend="facstab"/></zone>
</surface></facsimile><text xmlns:xsi="http://www.w3.org/2001/XMLSchema-instance"><body>
<div type="original">
<pb f="1r" n="1" xml:id="pb-orig-1r-1" facs="#zone-pb-1r-1"/><lb n="1" xml:id="l-1"/>
<ab><hi rend="ital">Maandag morgen.</hi></ab>
<vg:whiteline/><lb n="2" xml:id="l-2"/>
<ab>Waarde Theo,</ab><lb n="3" xml:id="l-3"/>
<ab>Uw laatsten brief met het ingeslotene heb ik in orde ont<c type="shy">-</c><lb n="4" xml:id="l-4"/>vangen &amp; dank er U regt hartelijk voor. Ik zat en zelfs <lb n="5" xml:id="l-5"/>ik zit wel een beetje in den brand – dat wil <lb n="6" xml:id="l-6"/>zeggen met het oog op ’t schilderen. Er komen <lb n="7" xml:id="l-7"/>wel heel wat kosten kijken.</ab><lb n="8" xml:id="l-8"/>
<ab rend="indent">Gedeeltelijk echter komt dat ook daardoor dat <lb n="9" xml:id="l-9"/>menig ding dat ik begin mij mislukt en dan <lb n="10" xml:id="l-10"/>moet men weer op nieuw beginnen &amp; heeft niets <lb n="11" xml:id="l-11"/>voor zijn moeite – behalve dan dat dit toch de <lb n="12" xml:id="l-12"/>weg is om verder te komen en dat men moet <lb n="13" xml:id="l-13"/>volhouden.</ab><lb n="14" xml:id="l-14"/>
<ab rend="indent">In Uw laatste schrijven stond geen antwoord <lb n="15" xml:id="l-15"/>op ’t geen ik U zei omtrent dit zenden of niet zenden <lb n="16" xml:id="l-16"/>van de geschilderde studies.<anchor n="1" xml:id="note-o-1"/> Misschien is ’t U door <lb n="17" xml:id="l-17"/>’t hoofd gegaan. Nu dacht ik het après tout <lb n="18" xml:id="l-18"/>geen kwestie van bepaald gewigt is en heden <lb n="19" xml:id="l-19"/>heb ik U per post dus eene geschilderde studie <lb n="20" xml:id="l-20"/>toegezonden.<anchor n="2" xml:id="note-o-2"/> Maar zoo als gezegd, in mijn vorig <lb n="21" xml:id="l-21"/>schrijven, liever had ik natuurlijk dat gij ze allen <lb n="22" xml:id="l-22"/>bij elkaar eens zien kondt en het spreekt van zelf <lb n="23" xml:id="l-23"/>dat gij naar deze de toekomst nog niet beoordeelen <lb n="24" xml:id="l-24"/>moet daar ik nog te kort aan den gang ben <lb n="25" xml:id="l-25"/>met het penseel om nog niet veel te veranderen. <lb n="26" xml:id="l-26"/>Liever stuurde ik U nog een andere dan deze maar <lb n="27" xml:id="l-27"/>de anderen die ik liever zenden zou zijn nog niet <lb n="28" xml:id="l-28"/>zóó droog dat ik ze durf oprollen.</ab><lb n="29" xml:id="l-29"/>
<ab rend="indent">Ge zult even als ik vooral op den achtergrond <lb n="30" xml:id="l-30"/>aanmerking hebben, ik heb alleen hieromtrent <lb n="31" xml:id="l-31"/>deze explicatie te geven dat de studie gemaakt is <lb n="32" xml:id="l-32"/>als studie van den voorgrond<c type="kk">/</c> n.l. de boomwortels<c type="kk">/</c> <lb n="33" xml:id="l-33"/>daar was reeds veel werk aan en zoo als gewoonlijk zat ik niet <lb n="34" xml:id="l-34"/>rustig door passanten en toen ik de studie zóó ver had als gij ze <lb n="35" xml:id="l-35"/>ziet kon ik het niet langer uithouden.</ab>
<pb f="1v" n="2" xml:id="pb-orig-1v-2" facs="#zone-pb-1v-2"/><lb n="40" xml:id="l-40"/>
<ab rend="indent">Ge kunt U niet begrijpen hoe vermoeiend en hinderlijk het is <lb n="41" xml:id="l-41"/>dat de menschen altijd zoo op iemands lijf komen staan. <lb n="42" xml:id="l-42"/>Ik wordt er zoo zenuwachtig van soms dat ik het moet <lb n="43" xml:id="l-43"/>opgeven<c type="kp">_</c> Zoo gisteren morgen nog<c type="kk">/</c> ofschoon ’t nog <lb n="44" xml:id="l-44"/>zeer vroeg was en ik gehoopt had vrij te blijven<c type="kk">/</c> mislukte mij een studie van de kastanjeboomen <lb n="45" xml:id="l-45"/>op ’t Bezuidenhout<anchor n="3" xml:id="note-o-3"/> (die nu zoo prachtig zijn) daardoor. <lb n="46" xml:id="l-46"/>En ze zijn soms zoo gemeen en brutaal. Enfin<c type="kp">_</c></ab><lb n="47" xml:id="l-47"/>
<ab rend="indent">Alleen ’t is niet alleen ’t verdriet dat men er van heeft <lb n="48" xml:id="l-48"/>maar ook de kosten van verf enz<c type="kp">_</c> die dan toch verloren <lb n="49" xml:id="l-49"/>zijn. Natuurlijk zullen zulke dingen mij niet den <lb n="50" xml:id="l-50"/>baas spelen en zal ik net zoo goed als anderen <lb n="51" xml:id="l-51"/>mij er door heen slaan maar ik gevoel zoo dat ik veel <lb n="52" xml:id="l-52"/>sneller mijn doel zou kunnen bereiken als er minder <lb n="53" xml:id="l-53"/>van die petites misères<anchor n="4" xml:id="note-o-4"/> waren.</ab><lb n="54" xml:id="l-54"/>
<ab rend="indent">Nu wat deze studie betreft – als het zijn mag dat gij <lb n="55" xml:id="l-55"/>bij het zien er van en wetende dat ik behalve deze toch <lb n="56" xml:id="l-56"/>nog heel wat anderen heb<c type="kk">/</c> geen berouw hebt dat ge <lb n="57" xml:id="l-57"/>me in staat hebt gesteld om het te kunnen doen<c type="kk">/</c> <lb n="58" xml:id="l-58"/>dan ben ik content en ga met goeden moed door. <lb n="58a" xml:id="l-58a"/>Valt ze U tegen<c type="kk">/</c> denk dat ik eigentlijk pas heel kort aan den gang ben, valt ze U mee<c type="kk">/</c> <lb n="58b" xml:id="l-58b"/>tant mieux voor mij, want ik zou zoo graag iets zenden kunnen op den duur dat U pleizier deed. </ab><lb n="59" xml:id="l-59"/>
<ab rend="indent">Nu moet ik U nog mededeelen dat ik <lb n="60" xml:id="l-60"/>zeer onverwacht een zeer aangenaam bezoek <lb n="61" xml:id="l-61"/>heb gehad van Pa die bij me in huis en op <lb n="62" xml:id="l-62"/>’t atelier geweest is<c type="kk">/</c> wat ik oneindig beter vind <lb n="63" xml:id="l-63"/>dan dat hij van berigten van anderen alleen <lb n="64" xml:id="l-64"/>iets van me te weten komt.</ab><lb n="65" xml:id="l-65"/>
<ab rend="indent">Komen de menschen bij mij<c type="kk">/</c> welnu dan is ten <lb n="66" xml:id="l-66"/>minste de indruk oorspronkelijk – maar <lb n="67" xml:id="l-67"/>ik houd niet van opinies die zich gronden <lb n="68" xml:id="l-68"/>op ’tgeen de menschen praten.</ab><lb n="69" xml:id="l-69"/>
<ab rend="indent">Het deed mij werkelijk groot genoegen Pa te <lb n="70" xml:id="l-70"/>zien &amp; te spreken. Ik heb weer veel gehoord van <lb n="71" xml:id="l-71"/>Nuenen – dat kerkhof met die oude kruisen <lb n="72" xml:id="l-72"/>laat mij niet met rust, ik hoop zoo dat met <lb n="73" xml:id="l-73"/>der tijd het er van komen zal dat ik het eens maak.<anchor n="5" xml:id="note-o-5"/> 
<pb f="1v" n="3" xml:id="pb-orig-1v-3" facs="#zone-pb-1v-3"/><lb n="74" xml:id="l-74"/>Ik hoorde ook nog veel over Uw bezoek en dat <lb n="75" xml:id="l-75"/>zij van U die gravure naar Israels<anchor n="6" xml:id="note-o-6"/> kregen waar <lb n="76" xml:id="l-76"/>zij erg door getroffen zijn.</ab><lb n="77" xml:id="l-77"/>
<ab rend="indent">Ik zou graag een marine hierbij gevoegd hebben <lb n="78" xml:id="l-78"/>maar de laatste<anchor n="7" xml:id="note-o-7"/> is nog niet droog – de <lb n="79" xml:id="l-79"/>eerste<anchor n="8" xml:id="note-o-8"/> zou ik kunnen zenden maar sedert heb ik de <lb n="80" xml:id="l-80"/>kleur van de zee reeds meer gepakt en dus <lb n="81" xml:id="l-81"/>wacht ik totdat er een latere<anchor n="9" xml:id="note-o-9"/> goed droog is. <lb n="82" xml:id="l-82"/>Ik heb echter in dezen laatsten tijd heel wat meer <lb n="83" xml:id="l-83"/>geschilderd dan het oorspronkelijk plan was dat <lb n="84" xml:id="l-84"/>wij bespraken. Maar misschien is het noodig <lb n="85" xml:id="l-85"/>dit ook te blijven doen als ’t eenigzins mogelijk <lb n="86" xml:id="l-86"/>is.</ab><lb n="87" xml:id="l-87"/>
<ab rend="indent">Van Rappard ontving ik dezer dagen een schrijven<c type="kk">/</c><anchor n="10" xml:id="note-o-10"/> <lb n="88" xml:id="l-88"/>ik wou wel hij wat meer in de buurt was<c type="kp">_</c></ab><lb n="89" xml:id="l-89"/>
    <ab rend="indent">En weet het goed dat ik regt gaarne Uwe opmerkingen<c type="kk">/</c> <lb n="90" xml:id="l-90"/>net zoo als gij ze denkt<c type="kk">/</c> hoor. Dikwijls gevoel <lb n="91" xml:id="l-91"/>ik het verlangen &amp; de behoefte om eens over <lb n="92" xml:id="l-92"/>onderscheidene kwesties iemand om raad te <lb n="93" xml:id="l-93"/>vragen – toch geef ik daar niet aan toe <lb n="94" xml:id="l-94"/>sedert het gebeurde met Mauve en spreek niet met <lb n="95" xml:id="l-95"/>schilders over het werk. Al is iemand nog zoo <lb n="96" xml:id="l-96"/>knap<c type="kk">/</c> wat heb ik er aan als hij anders redeneert <lb n="97" xml:id="l-97"/>dan hij zelf werkt. Ik had liever gehad dat M. <lb n="98" xml:id="l-98"/>me gesproken had over het <hi rend="ital">gebruik</hi> van dekverf<anchor n="11" xml:id="note-o-11"/> <lb n="99" xml:id="l-99"/>dan te zeggen: “ge moet vooral geen dekverf gebruiken”, <lb n="100" xml:id="l-100"/>terwijl hij zelf en alle anderen om zoo te zeggen <lb n="101" xml:id="l-101"/>ze bijna altijd gebruiken en met het beste resultaat. <lb n="102" xml:id="l-102"/>Enfin in veel gevallen kan men de dingen door zelf zoeken <lb n="103" xml:id="l-103"/>ook langzamerhand vinden en daar doe ik mijn best op.</ab>
<pb f="1r" n="4" xml:id="pb-orig-1r-4" facs="#zone-pb-1r-4"/><lb n="104" xml:id="l-104"/>
<ab rend="indent">Ja – als het was dat ik precies zoo doen kon als <lb n="105" xml:id="l-105"/>ik wilde<c type="kk">/</c> ik zou het schilderen aanpakken <lb n="106" xml:id="l-106"/>op nog wat grooter schaal en met nog veel meer <lb n="107" xml:id="l-107"/>model vooral.</ab><lb n="108" xml:id="l-108"/>
<ab rend="indent">Ik teeken veel figuren tusschen de droppeltjes <lb n="109" xml:id="l-109"/>door.<anchor n="a" xml:id="note-o-a"/></ab><lb n="110" xml:id="l-110"/>
<ab rend="indent">Het figuurtje in deze studie staat er eigentlijk enkel en <lb n="111" xml:id="l-111"/>alleen op voor de grootte<c type="kk">/</c> om in geval ik de <lb n="112" xml:id="l-112"/>studie gebruik de proportie van een of ander figuur <lb n="113" xml:id="l-113"/>ten naastenbij te kunnen vinden.</ab><lb n="114" xml:id="l-114"/>
<ab rend="indent">Natuurlijkerwijs is een eigentlijk figuur heel iets <lb n="115" xml:id="l-115"/>anders en komt er meer bij kijken.</ab><lb n="116" xml:id="l-116"/>
<ab rend="indent">Dan staat het er ook in om een accentje te <lb n="117" xml:id="l-117"/>geven.</ab><lb n="118" xml:id="l-118"/>
<ab rend="indent">Weet het dus goed kerel – ik stuur U dit <lb n="119" xml:id="l-119"/>omdat<c type="kk">/</c> daar ge er niet over schrijft<c type="kk">/</c> ik niet <lb n="120" xml:id="l-120"/>wist hoe te doen. Natuurlijk bedoel ik <lb n="121" xml:id="l-121"/>nog heel wat anders dan dit en zend ik <lb n="122" xml:id="l-122"/>het op de zelfde wijs als ik anders eens een <lb n="123" xml:id="l-123"/>krabbeltje maak<c type="kk">/</c> om U een idee te geven <lb n="124" xml:id="l-124"/>van ’t geen waar ik aan bezig ben.</ab><lb n="125" xml:id="l-125"/>
<ab rend="indent">adieu, ontvang een handdruk in gedachten<c type="kk">/</c> <lb n="126" xml:id="l-126"/>ik hoop dat gij het zoo goed hebt als maar kan <lb n="127" xml:id="l-127"/>en Uw hoofdpijn niet iets is wat blijft of <lb n="128" xml:id="l-128"/>telkens weerkeert. Ik heb het ook soms<c type="kk">/</c> meer als <lb n="129" xml:id="l-129"/>een gevoel van onaangename matheid nog dan <lb n="130" xml:id="l-130"/>erge pijn. Met Pa heb ik nog op den Rijswijkschen weg<anchor n="12" xml:id="note-o-12"/> gewandeld<c type="kk">/</c> <lb n="131" xml:id="l-131"/>daar is het ook mooi. Nu nogmaals gegroet &amp; geloof me</ab>
<vg:whiteline/><lb n="132" xml:id="l-132"/>
<ab>t. à t.</ab><lb n="133" xml:id="l-133"/>
<ab>Vincent</ab>
<vg:whiteline/><lb n="134" xml:id="l-134"/>
<ab>Als dit goed overkomt dan is het op deze wijs <lb n="135" xml:id="l-135"/>wel gemakkelijk om U eens iets te zenden<c type="kp">_</c> <lb n="136" xml:id="l-136"/>Ik weet niet of men teekeningen of schilderijen <lb n="137" xml:id="l-137"/>als drukwerk mag verzenden per post.<anchor n="13" xml:id="note-o-13"/></ab>
<vg:whiteline/><lb n="36" xml:id="l-36"/>
<ab>Nog iets, ge begrijpt wel dat ik b.v. sommige takjes &amp;c. als ik er op nieuw aan ging schilderen <lb n="37" xml:id="l-37"/>anders kon maken – maar ik vind zoo dat men aan studies<c type="kk">/</c> wil men er iets aan hebben<c type="kk">/</c> liever niet tornen <lb n="38" xml:id="l-38"/>moet, zoo als ze uit het bosch komen moet men ze op ’t atelier hangen, zij zijn dan wel voor sommigen minder behagelijk maar <lb n="39" xml:id="l-39"/>voor den schilder zelf is er meer van zijn indruk in.</ab>
<vg:whiteline/></div>
<div type="translation">
<pb f="1r" n="1" xml:id="pb-trans-1r-1" facs="#zone-pb-1r-1"/>
<ab><hi rend="ital">Monday morning</hi>.</ab>
<vg:whiteline/>
<ab>My dear Theo,</ab>
<ab>Your latest letter with the enclosure reached me in good order, and I thank you right heartily for it. I was and even still am in a bit of a spot — that is, with a view to painting. There are all kinds of costs involved. </ab>
<ab rend="indent">But that’s also partly because many of the things that I begin don’t come off, and then one has to start again and the effort comes to nothing, except that this is the way to make progress, and that one must persevere. </ab>
<ab rend="indent">There was no answer in your last letter to what I said about sending or not sending painted studies.<anchor n="1" xml:id="note-t-1"/> Perhaps it slipped your mind. Now, I decided that it wasn’t a weighty matter after all, and so today I’ve sent you a painted study by post.<anchor n="2" xml:id="note-t-2"/> But, as I said in my last letter, I would of course rather you could see them all together sometime, and it goes without saying that you mustn’t judge the future by this one, since I haven’t been working with the brush long enough for me not to change a great deal. I wanted to send you a different one, but the others I would rather have sent aren’t yet dry enough for me to risk rolling them up. </ab>
<ab rend="indent">Like me, you will no doubt have reservations about the background in particular. The only explanation I can offer about this is that the study was done as a study of the foreground, namely the tree roots; a lot of work had already gone into them, and as usual I wasn’t sitting peacefully because of passers-by, and so when I had got the study to the point you see I couldn’t bear it any more. 
<pb f="1v" n="2" xml:id="pb-trans-1v-2" facs="#zone-pb-1v-2"/> </ab>
<ab rend="indent">You can’t imagine how wearying and irritating it is that people always gather round so close. It makes me so nervous sometimes that I have to give up. Just yesterday morning, although it was very early and I hoped to be spared, a study of the chestnut trees on Bezuidenhout<anchor n="3" xml:id="note-t-3"/> (which are so splendid now) was a failure because of it. And sometimes they’re so nasty and insolent. Oh well.</ab>
<ab rend="indent">But it’s not just the regrets that one has — there’s also the cost of the paint, etc., which can’t be recovered. Of course things like that won’t get on top of me, and I’ll fight my way through them just as others do, but I do so feel that I could reach my goal much faster if there were fewer of these petty vexations.<anchor n="4" xml:id="note-t-4"/> </ab>
<ab rend="indent">Now, as regards this study — if it’s the case that, on seeing it and knowing that I have many others as well as this one, you don’t regret enabling me to make it, then I’ll be content and shall carry on in good heart. If you’re disappointed, remember that I started only a short time ago; if you’re pleased, so much the better for me, for I would so much like to be able in time to send you something that gave you pleasure. </ab>
<ab rend="indent">Now I must tell you that I had a very unexpected and very pleasing visit from <rs type="pers" key="526">Pa</rs>, who came to my house and to the studio, which I believe is infinitely better than his only hearing about me through reports from others. </ab>
<ab rend="indent">If people visit me, then at least their impression is original, but I don’t like opinions based on what people say. </ab>
<ab rend="indent">It really gave me great pleasure to see <rs type="pers" key="526">Pa</rs> and talk to him. I’ve again heard a lot about Nuenen — that churchyard there with the old crosses won’t leave me alone, I do so hope that in time I’ll get round to doing it.<anchor n="5" xml:id="note-t-5"/> 
<pb f="1v" n="3" xml:id="pb-trans-1v-3" facs="#zone-pb-1v-3"/> I also heard a lot about your visit, and that you had given them that engraving after <rs type="pers" key="1107">Israëls</rs>,<anchor n="6" xml:id="note-t-6"/> which touched them deeply.</ab>
<ab rend="indent">I wanted to enclose a seascape with this, but the latest<anchor n="7" xml:id="note-t-7"/> isn’t yet dry — I could send the first,<anchor n="8" xml:id="note-t-8"/> but since then I’ve caught the colour of the sea better, and so I’m waiting until a later one<anchor n="9" xml:id="note-t-9"/> is thoroughly dry. Recently, though, I’ve painted considerably more than in the original plan we discussed. But perhaps it’s necessary to continue doing this if it’s at all possible. </ab>
<ab rend="indent">I received a letter from <rs type="pers" key="1306">Rappard</rs> the other day.<anchor n="10" xml:id="note-t-10"/> I wish he lived a little closer. </ab>
    <ab rend="indent">And rest assured that I’m truly glad to hear your comments, just as they come into your mind. I often feel a desire and need to seek advice from someone on various questions, but after what happened with <rs type="pers" key="323">Mauve</rs> I don’t give in to that, and I don’t discuss my work with painters. However brilliant someone may be, what good is it to me if he argues differently from the way he works? I would rather M. had spoken to me about the <hi rend="ital">use</hi> of body-colour<anchor n="11" xml:id="note-t-11"/> instead of saying: ‘Above all, you mustn’t use body-colour’, while he himself and all the others, so to speak, nearly always use it, and to the best effect. Well, in many cases one can gradually find out things by looking for oneself as well, and I’m doing that as best I can. 
<pb f="1r" n="4" xml:id="pb-trans-1r-4" facs="#zone-pb-1r-4"/> </ab>
<ab rend="indent">Yes — if it were so that I could do exactly what I wanted, I would take up painting on a somewhat larger scale and, above all, work much more with a model.</ab>
<ab rend="indent">I draw many figures in my spare moments.</ab>
<ab rend="indent">The small figure in this study is actually there simply and solely for the size, so that if I do use the study I can find the proportion of any figure, more or less. </ab>
<ab rend="indent">Of course, a proper figure is a very different matter and involves a great deal more. </ab>
<ab rend="indent">It’s also there to provide an accent.</ab>
<ab rend="indent">Make no mistake, old chap, I send you this because, since you said nothing about it, I didn’t know what to do. Of course I intend something very different from this, and I’m sending it in the same way that I make a scratch sometimes, to give you an idea of what I’m working on.</ab>
<ab rend="indent">Adieu, accept a handshake in thought. I hope that all is as well with you as possible, and that your headache isn’t something that lasts or keeps coming back. I have it too sometimes, more as a sense of unpleasant dullness than severe pain. <rs type="pers" key="526">Pa</rs> and I went for a walk on Rijswijkseweg,<anchor n="12" xml:id="note-t-12"/> it’s lovely there too. Well, regards again, and believe me</ab>
<vg:whiteline/>
<ab>Ever yours,</ab>
<ab>Vincent</ab>
<vg:whiteline/>
<ab>If this arrives safely, then this is an easy way of sending you things occasionally. I don’t know whether one can send drawings or paintings by post as printed matter.<anchor n="13" xml:id="note-t-13"/> </ab>
<vg:whiteline/>
<ab>Another thing, you understand that I could do some things differently, for example some branches &amp;c., if I painted them again — but I think that one shouldn’t tinker with studies if they’re to be of any use. They should be hung up in the studio just as they come out of the woods. For some they may be less pleasing, but there’s more of his impression in them for the painter himself. </ab></div>
<div type="notes">
<note n="1" xml:id="n-1" target="#note-t-1">
<ab>Vincent had asked Theo this in <ref target="let266.xml">letter 266</ref>.</ab></note>
<note n="2" xml:id="n-2" target="#note-t-2">
<ab>It is not certain which painting with ‘tree roots’ in the foreground <ref target="#l-32">(l. 32)</ref> was sent. Given that Van Gogh writes below: ‘The small figure in this study is actually there simply and solely for the size,’ in order ‘to provide an accent’ (<ref target="#l-110">ll. 110-111</ref> and <ref target="#l-116">l. 116</ref>), and since he was not very happy with the background he was probably referring to <hi rend="ital">A girl in a wood</hi> (<rs type="otherart" key="247">F 8a / JH 180</rs>) – the background of <rs type="otherart" key="384">F 8 / JH 182</rs> is far better.</ab></note>
<note n="3" xml:id="n-3" target="#note-t-3">
<ab>Van Gogh writes that this study of the chestnut trees on Bezuidenhout is a ‘failure’; this would explain why it has not survived. Bezuidenhout runs south of Haagse Bos, near to the present Centraal Station, and close to where Van Gogh lived.</ab></note>
<note n="4" xml:id="n-4" target="#note-t-4">
    <ab>For the origin of this borrowing from <rs type="lit" key="222"><hi rend="ital">Petites misères de la vie humaine</hi></rs> by <rs type="pers" key="745">Old Nick</rs> and <rs type="pers" key="745">Grandville</rs>, <ref target="let178.xml#n-6">see letter 178, n. 6</ref>.</ab></note>
<note n="5" xml:id="n-5" target="#note-t-5">
<ab>The reference is to ‘the church in the field’ at Nuenen which Van Gogh was later to paint several times. <ref target="let259.xml#n-9">See letter 259, n. 9.</ref></ab></note>
<note n="6" xml:id="n-6" target="#note-t-6">
<ab>It is not known which engraving by <rs type="pers" key="1107">Jozef Israëls</rs> is meant (it is not mentioned in the family correspondence).</ab></note>
<note n="7" xml:id="n-7" target="#note-t-7">
<ab>The ‘last’ seascape is unknown; the work is also mentioned in <ref target="let264.xml">letters 264</ref> and <ref target="let266.xml">266</ref>.</ab></note>
<note n="8" xml:id="n-8" target="#note-t-8">
<ab>The ‘first’ seascapes were <hi rend="ital">Beach with fishing boats</hi> (<rs type="ill" key="2383">F 2 / JH 173</rs>) and <hi rend="ital">Dunes with figures</hi> (<rs type="ill" key="2389">F 3 / JH 186</rs>).</ab></note>
<note n="9" xml:id="n-9" target="#note-t-9">
<ab>It is not clear which work is meant. At the end of August Van Gogh painted <hi rend="ital">View of the sea at Scheveningen</hi> (<rs type="ill" key="2390">F 4 / JH 187</rs>), as well as another (‘small’) seascape, which is not known. See cat. Amsterdam 1999, pp. 36-42, cat. no. 2.</ab></note>
<note n="10" xml:id="n-10" target="#note-t-10">
<ab>For this letter from <rs type="pers" key="1306">Van Rappard</rs>, <ref target="let268.xml">see letter 268</ref>.</ab></note>
<note n="11" xml:id="n-11" target="#note-t-11">
<ab>Opaque watercolour (gouache). A watercolour is done with transparent paint. The use of opaque paint is absolutely forbidden according to the rules, but it was done. See cat. Amsterdam 1996, p. 26.</ab></note>
<note n="a" xml:id="n-a" target="#note-o-a">
<ab>Saying: ‘door gebruik te maken van de gunstige momenten’ (to make the most of an opportunity).</ab></note>
<note n="12" xml:id="n-12" target="#note-t-12">
<ab>Vincent mentions this location several times. <ref target="let011.xml">See letter 11</ref>.</ab></note>
<note n="13" xml:id="n-13" target="#note-t-13">
<ab>Van Gogh seems to mean that for the first time by way of an experiment he has sent the painted study as <hi rend="ital">printed matter</hi>.</ab></note></div></body></text></TEI>
