<?xml version="1.0" encoding="UTF-8"?>
<!-- Last Changed Date: 2018-07-18 12:32:41 +0200 (Wed, 18 Jul 2018) | SVN Revision: 2206 -->
<!--Licensed under Attribution-NonCommercial-ShareAlike 4.0 International (CC BY-NC-SA 4.0)-->
<?xml-model href="https://xmlschema.huygens.knaw.nl/vgodd.rng" type="application/xml" schematypens="http://relaxng.org/ns/structure/1.0"?>
<TEI xmlns:vg="http://www.vangoghletters.org/ns/" xmlns="http://www.tei-c.org/ns/1.0">
<teiHeader xmlns:xsi="http://www.w3.org/2001/XMLSchema-instance"><fileDesc>
<titleStmt>
<title>To Theo van Gogh. The Hague, on or about Tuesday, 7 August 1883.</title>
<editor>Leo Jansen</editor>
<editor>Hans Luijten</editor>
<editor>Nienke Bakker</editor></titleStmt>
<publicationStmt>
<publisher><name>Huygens Instituut voor Nederlandse Geschiedenis (KNAW)</name><email>info@huygens.knaw.nl</email></publisher>
<publisher>Van Gogh Museum</publisher>
<pubPlace>Amsterdam</pubPlace>
<date type="first" when="2009">2009</date>
<availability status="restricted">
<licence target="http://creativecommons.org/licenses/by-nc-sa/4.0/ https://creativecommons.org/licenses/by-nc-sa/4.0/legalcode">
<p>Attribution-NonCommercial-ShareAlike 4.0 International (CC BY-NC-SA 4.0) </p></licence></availability>
<ptr target="http://vangoghletters.org/orig/let371"/></publicationStmt><sourceDesc><vg:letDesc><vg:letIdentifier>
<idno type="jlb">371</idno>
<idno type="collectedletters">309</idno>
<idno type="brieven1990">374</idno></vg:letIdentifier><vg:letHeading><author>Vincent van Gogh</author><vg:addressee>Theo van Gogh</vg:addressee><vg:placeLet>The Hague</vg:placeLet><vg:dateLet>on or about Tuesday, 7 August 1883</vg:dateLet></vg:letHeading><vg:letContents>
<p>To Theo van Gogh. The Hague, on or about Tuesday, 7 August 1883.</p>
<note type="ongoingTopic" n="1">
<p>Planned visit by Theo <ref target="let361.xml">(361)</ref></p></note></vg:letContents>
<note type="sourceStatus" xml:id="sourceStatus">
<p>Original manuscript</p></note>
<note type="location" xml:id="location">
<p>Amsterdam, Van Gogh Museum, inv. nos. b332 a-b V/1962</p></note>
<note type="date" xml:id="date">
<p>The letter follows immediately after <ref target="let370.xml">letter 370</ref> because there Vincent wrote that he wanted to paint studies and in the present letter he turns out to have done four paintings in the interval; so a few days must certainly have passed since c. 3 August. The request for money to be sent the sooner the better <ref target="#l-123">(l. 123)</ref> suggests that the letter dates from Wednesday, 8 August at the latest. We therefore date it on or about Tuesday, 7 August 1883. This tallies with Van Gogh’s remark about working ‘recently in the rain’ <ref target="#l-17">(ll. 17-18)</ref>: in the first seven days of August 1883 it rained only on Sunday, 5 and Monday, 6 (<hi rend="ital">KNMI</hi>).</p></note></vg:letDesc></sourceDesc></fileDesc></teiHeader>
<facsimile xmlns:xsi="http://www.w3.org/2001/XMLSchema-instance">
<surface n="b 0332 a" xml:id="surf-pb-1r"><graphic mimeType="image/tiff" url="VGM001000422_01.TIF" rend="norend"/><graphic mimeType="image/tiff" url="VGM001000422_01_n.tif" rend="norend"/><graphic mimeType="image/jpeg" url="VGM001000422_01_nt.jpg" height="50px" rend="thumbnail"/><zone xml:id="zone-pb-1r-1">
<graphic mimeType="image/tiff" url="VGM001000422_01_nR.tif" rend="norend"/><graphic mimeType="image/jpeg" url="VGM001000422_01_nRt.jpg" height="50px" rend="thumbnail"/><graphic mimeType="image/png" url="VGM001000422_01_nRf.png" width="380px" rend="facstab"/></zone>
<zone xml:id="zone-pb-1r-4">
<graphic mimeType="image/tiff" url="VGM001000422_01_nL.tif" rend="norend"/><graphic mimeType="image/jpeg" url="VGM001000422_01_nLt.jpg" height="50px" rend="thumbnail"/><graphic mimeType="image/png" url="VGM001000422_01_nLf.png" width="380px" rend="facstab"/></zone>
</surface>
<surface n="b 0332 a" xml:id="surf-pb-1v"><graphic mimeType="image/tiff" url="VGM001000422_02.TIF" rend="norend"/><graphic mimeType="image/tiff" url="VGM001000422_02_n.tif" rend="norend"/><graphic mimeType="image/jpeg" url="VGM001000422_02_nt.jpg" height="50px" rend="thumbnail"/><zone xml:id="zone-pb-1v-2">
<graphic mimeType="image/tiff" url="VGM001000422_02_nL.tif" rend="norend"/><graphic mimeType="image/jpeg" url="VGM001000422_02_nLt.jpg" height="50px" rend="thumbnail"/><graphic mimeType="image/png" url="VGM001000422_02_nLf.png" width="380px" rend="facstab"/></zone>
<zone xml:id="zone-pb-1v-3">
<graphic mimeType="image/tiff" url="VGM001000422_02_nR.tif" rend="norend"/><graphic mimeType="image/jpeg" url="VGM001000422_02_nRt.jpg" height="50px" rend="thumbnail"/><graphic mimeType="image/png" url="VGM001000422_02_nRf.png" width="380px" rend="facstab"/></zone>
</surface>
<surface n="b 0332 b" xml:id="surf-pb-2r"><graphic mimeType="image/tiff" url="VGM001000423_01.TIF" rend="norend"/><zone xml:id="zone-pb-2r-5">
<graphic mimeType="image/tiff" url="VGM001000423_01_n.tif" rend="norend"/><graphic mimeType="image/jpeg" url="VGM001000423_01_nt.jpg" height="50px" rend="thumbnail"/><graphic mimeType="image/png" url="VGM001000423_01_nf.png" width="380px" rend="facstab"/></zone>
</surface>
<surface n="b 0332 b" xml:id="surf-pb-2v"><graphic mimeType="image/tiff" url="VGM001000423_02.TIF" rend="norend"/><zone xml:id="zone-pb-2v-6">
<graphic mimeType="image/tiff" url="VGM001000423_02_n.tif" rend="norend"/><graphic mimeType="image/jpeg" url="VGM001000423_02_nt.jpg" height="50px" rend="thumbnail"/><graphic mimeType="image/png" url="VGM001000423_02_nf.png" width="380px" rend="facstab"/></zone>
</surface></facsimile><text xmlns:xsi="http://www.w3.org/2001/XMLSchema-instance"><body>
<div type="original">
<pb f="1r" n="1" xml:id="pb-orig-1r-1" facs="#zone-pb-1r-1"/><lb n="1" xml:id="l-1"/>
<ab>Waarde Theo,</ab><lb n="2" xml:id="l-2"/>
<ab>In afwachting van Uw komst is er haast geen <lb n="3" xml:id="l-3"/>oogenblik of ik ben met mijn gedachten bij U.</ab><lb n="4" xml:id="l-4"/>
<ab rend="indent">Dezer dagen doe ik mijn best nog wat verschillende studies <lb n="5" xml:id="l-5"/>te schilderen zoo dat ge dan tegelijk daar nog iets <lb n="6" xml:id="l-6"/>van zien kunt.</ab><lb n="7" xml:id="l-7"/>
<ab rend="indent">En ik bevind me er goed bij afleiding te zoeken <lb n="8" xml:id="l-8"/>in die verandering van werk want als ik niet <lb n="9" xml:id="l-9"/>letterlijk als Weissenbruch doe en een dag of 14 <lb n="10" xml:id="l-10"/>bij de polderwerkers ga logeeren<c type="kk">/</c><anchor n="1" xml:id="note-o-1"/> zoo doe ik <lb n="11" xml:id="l-11"/>toch in dienzelfden geest en het kijken in <lb n="12" xml:id="l-12"/>’t groen is wel iets calmeerends.</ab><lb n="13" xml:id="l-13"/>
<ab rend="indent">En bovendien<c type="kk">/</c> ik heb bepaald hoop een eind <lb n="14" xml:id="l-14"/>te vorderen met de kleur zoodoende. ’t komt <lb n="15" xml:id="l-15"/>me voor dat de laatste geschilderde studies <lb n="16" xml:id="l-16"/>vaster en degelijker zijn van kleur.</ab><lb n="17" xml:id="l-17"/>
<ab rend="indent">Zoo b.v. een paar die ik maakte in den <lb n="18" xml:id="l-18"/>regen dezer dagen van een man op een natten <lb n="19" xml:id="l-19"/>slijkweg geloof ik meer de stemming uitdrukken<c type="kp">_</c><anchor n="2" xml:id="note-o-2"/> <lb n="20" xml:id="l-20"/>Enfin we zullen zien als ge komt.– <lb n="21" xml:id="l-21"/>het zijn meest impressies van landschap<c type="kk">/</c> <lb n="22" xml:id="l-22"/>’k wil niet zeggen zóó goed als die soms in <lb n="23" xml:id="l-23"/>Uw brieven voorkomen<c type="kk">/</c> daar ik nog dikwijls <lb n="24" xml:id="l-24"/>stuit op technische moeielijkheden – maar <lb n="25" xml:id="l-25"/>toch heeft het er iets van geloof ik.</ab><lb n="26" xml:id="l-26"/>
<ab rend="indent">b.v. een silhouet van de stad s’avonds als <lb n="27" xml:id="l-27"/>de zon ondergaat<c type="kk">/</c><anchor n="3" xml:id="note-o-3"/> en een trekweg met <lb n="28" xml:id="l-28"/>Molens.<anchor n="4" xml:id="note-o-4"/></ab>
<pb f="1v" n="2" xml:id="pb-orig-1v-2" facs="#zone-pb-1v-2"/><lb n="29" xml:id="l-29"/>
<ab rend="indent">Anders is het beroerd genoeg dat ik me <lb n="30" xml:id="l-30"/>toch flaauw blijf voelen als ik niet <lb n="31" xml:id="l-31"/>bepaald aan ’t werk ben, toch geloof ik <lb n="32" xml:id="l-32"/>het aan ’t wegtrekken is. Ik ga bepaald <lb n="33" xml:id="l-33"/>eens mijn best doen een voorraad <lb n="34" xml:id="l-34"/>kracht op te doen want ik zal het <lb n="35" xml:id="l-35"/>noodig hebben om eens flink <lb n="36" xml:id="l-36"/>door te schilderen<c type="kk">/</c> ook aan figuur. <lb n="37" xml:id="l-37"/>Er ontwaakt een zeker gevoel voor de <lb n="38" xml:id="l-38"/>kleur in me dezer dagen bij het <lb n="39" xml:id="l-39"/>schilderen<c type="kk">/</c> sterker en anders dan ik <lb n="40" xml:id="l-40"/>tot heden het nog heb gevoeld.</ab><lb n="41" xml:id="l-41"/>
<ab rend="indent">Het kan wel zijn dat die malaise van <lb n="42" xml:id="l-42"/>dezer dagen met een soort omwenteling in <lb n="43" xml:id="l-43"/>manier van werken in verband staat <lb n="44" xml:id="l-44"/>waarnaar ik reeds meermalen heb gezocht <lb n="45" xml:id="l-45"/>en veel over gedacht. <lb n="46" xml:id="l-46"/>Ik heb al dikwijls geprobeerd om minder droog <lb n="47" xml:id="l-47"/>te werken maar het werd telkens weer ongeveer <lb n="48" xml:id="l-48"/>hetzelfde. Maar ’t is net als of dezer dagen <lb n="49" xml:id="l-49"/>nu wat verzwakking mij verhindert <lb n="50" xml:id="l-50"/>om te werken zoo als gewoonlijk<c type="kk">/</c> dit <lb n="51" xml:id="l-51"/>eer helpt dan hindert en het mijzelf <lb n="52" xml:id="l-52"/>wat loslaten<c type="kk">/</c> en in plaats van scherp <lb n="53" xml:id="l-53"/>kijken naar de gewrichten en het analyseeren van het in elkaar <lb n="54" xml:id="l-54"/>zitten der dingen<c type="kk">/</c> meer kijken door de <lb n="55" xml:id="l-55"/>haren van de oogen<c type="kk">/</c> me er meer direkt <lb n="56" xml:id="l-56"/>toe brengt de dingen als vlekken kleur <lb n="57" xml:id="l-57"/>tegen elkaar te zien<c type="kp">_</c></ab>
<pb f="1v" n="3" xml:id="pb-orig-1v-3" facs="#zone-pb-1v-3"/><lb n="58" xml:id="l-58"/>
<ab rend="indent">Ik ben wel nieuwsgierig hoe of dit verder <lb n="59" xml:id="l-59"/>zal gaan en waartoe het zich zal ontwikkelen<c type="kp">_</c> <lb n="60" xml:id="l-60"/>Ik heb er me wel eens over verwonderd dat <lb n="61" xml:id="l-61"/>ik niet meer colorist was<c type="kk">/</c> omdat mijn temperament <lb n="62" xml:id="l-62"/>dat bepaald zou doen verwachten – en toch<c type="kk">/</c> <lb n="63" xml:id="l-63"/>tot heden ontwikkelde zich dat weinig<c type="kp">_</c></ab><lb n="64" xml:id="l-64"/>
<ab rend="indent">Nog eens<c type="kk">/</c> ik ben nieuwsgierig hoe of het <lb n="65" xml:id="l-65"/>verder zal gaan – dat mijn laatste geschilderde <lb n="66" xml:id="l-66"/>studies anders worden zie ik duidelijk<c type="kp">_</c> <lb n="67" xml:id="l-67"/>Als ’k me wel herinner hebt gij er nog een van <lb n="68" xml:id="l-68"/>verl. jaar<c type="kk">/</c> van een paar stammen in het bosch.<anchor n="5" xml:id="note-o-5"/> <lb n="69" xml:id="l-69"/>Ik geloof niet dat die bepaald slecht is maar <lb n="70" xml:id="l-70"/>het is toch nog dat niet wat men in studies van <lb n="71" xml:id="l-71"/>coloristen ziet. Er zijn juiste kleuren in zelfs<c type="kk">/</c> <lb n="72" xml:id="l-72"/>maar al zijn ze juist<c type="kk">/</c> ze doen niet wat ze doen <lb n="73" xml:id="l-73"/>moeten en ofschoon de verf hier en daar <lb n="74" xml:id="l-74"/>sterk geëmpateerd is zoo blijft het effekt te <lb n="75" xml:id="l-75"/>mager. Ik neem nu die tot voorbeeld <lb n="76" xml:id="l-76"/>en geloof dat nu de laatsten die minder <lb n="77" xml:id="l-77"/>geëmpateerd zijn toch vaster van kleur <lb n="78" xml:id="l-78"/>aan het worden zijn<c type="kk">/</c> daar de kleuren meer <lb n="79" xml:id="l-79"/>door elkaar gewerkt zijn en de toetsen over elkaar <lb n="80" xml:id="l-80"/>geschilderd zoo dat het meer in elkaar smelt <lb n="81" xml:id="l-81"/>en men iets geeft van b.v. de zachtheid van <lb n="82" xml:id="l-82"/>de wolken of van het gras.</ab><lb n="83" xml:id="l-83"/>
<ab rend="indent">Bij tijden heb ik er veel zorg over gehad dat ik niet <lb n="84" xml:id="l-84"/>vorderde met de kleur en ik heb nu wel weer <lb n="85" xml:id="l-85"/>hoop. We zullen zien hoe het verder gaat. <lb n="86" xml:id="l-86"/>Nu kunt ge wel denken ik er erg verlangend <lb n="87" xml:id="l-87"/>naar ben dat ge komt want als gij het ook zaagt <lb n="88" xml:id="l-88"/>dat het aan ’t veranderen is zoo zou ik er niet <lb n="89" xml:id="l-89"/>meer aan twijfelen of we zijn op een spoor<c type="kp">_</c> <lb n="90" xml:id="l-90"/>Ik durf mijn eigen oog betreffende mijn eigen <lb n="91" xml:id="l-91"/>werk niet regt te vertrouwen.</ab>
<pb f="1r" n="4" xml:id="pb-orig-1r-4" facs="#zone-pb-1r-4"/><lb n="92" xml:id="l-92"/>
<ab rend="indent">Bij voorbeeld de twee studies die ik gemaakt heb terwijl <lb n="93" xml:id="l-93"/>het regende – een slijkweg met een figuurtje – <lb n="94" xml:id="l-94"/>het komt mij voor dat het ’t tegenovergestelde van <lb n="95" xml:id="l-95"/>sommige andere studies is – de stemming van dien <lb n="96" xml:id="l-96"/>triestigen regendag vind ik er in terug als ik er naar kijk<c type="kk">/</c> <lb n="97" xml:id="l-97"/>en in ’t figuur<c type="kk">/</c> ofschoon niets dan een paar vlakken<c type="kk">/</c> <lb n="98" xml:id="l-98"/>is een soort leven dat niet door juistheid van teekening <lb n="99" xml:id="l-99"/>veroorzaakt wordt want het is niet geteekend om zoo te <lb n="100" xml:id="l-100"/>zeggen. Wat ik zeggen wil is dat ik dus geloof dat in <lb n="101" xml:id="l-101"/>die studies b.v. iets is van dat mysterieuse dat men krijgt <lb n="102" xml:id="l-102"/>door de natuur aan te kijken als door de haren van de <lb n="103" xml:id="l-103"/>oogen zoo dat de vormen zich vereenvoudigen tot <lb n="104" xml:id="l-104"/>vlakken kleur<c type="kp">_</c></ab><lb n="105" xml:id="l-105"/>
<ab rend="indent">De tijd moet er overheen gaan maar voorloopig <lb n="106" xml:id="l-106"/>zie ik in verscheiden studies iets anders in de kleur en <lb n="107" xml:id="l-107"/>den toon.</ab><lb n="108" xml:id="l-108"/>
<ab rend="indent">Dezer dagen denk ik wel eens aan een verhaal dat ik <lb n="109" xml:id="l-109"/>in een Engelsch tijdschrift las<c type="kk">/</c> een schildersgeschiedenis <lb n="110" xml:id="l-110"/>waar een persoon in voorkomt die ook in een tijd van <lb n="111" xml:id="l-111"/>moeielijkheden verzwakt was en naar een afgelegen <lb n="112" xml:id="l-112"/>streek ging in de turf velden en daar in die melankolieke <lb n="113" xml:id="l-113"/>natuur zich zelf vond om zoo te zeggen en er toe <lb n="114" xml:id="l-114"/>kwam om de natuur zoo te schilderen als hij ze <lb n="115" xml:id="l-115"/>voelde en zag.<anchor n="6" xml:id="note-o-6"/> Het was heel juist beschreven in <lb n="116" xml:id="l-116"/>het verhaal<c type="kk">/</c> blijkbaar door iemand die verstand <lb n="117" xml:id="l-117"/>van kunst had<c type="kk">/</c> en het trof mij toen ik het las maar <lb n="118" xml:id="l-118"/>nu denk ik er wel eens aan dezer dagen<c type="kp">_</c></ab><lb n="119" xml:id="l-119"/>
<ab rend="indent">Enfin ik hoop maar dat we spoedig er eens <lb n="120" xml:id="l-120"/>over zullen kunnen spreken en eens zamen <lb n="121" xml:id="l-121"/>raadplegen. Als ge kunt schrijf nog eens <lb n="122" xml:id="l-122"/>spoedig en natuurlijk<c type="kk">/</c> hoe eer ge zoudt <lb n="123" xml:id="l-123"/>kunnen sturen hoe liever ik het hebben zou.</ab><lb n="124" xml:id="l-124"/>
<ab rend="indent">Met een handdruk in gedachten<c type="kp">_</c></ab>
<vg:whiteline/><lb n="125" xml:id="l-125"/>
<ab>t. à t.</ab><lb n="126" xml:id="l-126"/>
<ab>Vincent</ab>
<vg:whiteline/>
<pb f="2r" n="5" xml:id="pb-orig-2r-5" facs="#zone-pb-2r-5"/><lb n="127" xml:id="l-127"/>
<ab><supplied>O</supplied>nwillekeurig en zonder eenige bepaalde aanleiding schrijf <lb n="128" xml:id="l-128"/>ik nog iets hierbij dat eene gewone gedachte van mij is<c type="kp">_</c></ab><lb n="129" xml:id="l-129"/>
<ab rend="indent">Niet alleen ben ik laat begonnen betrekkelijk met teekenen <lb n="130" xml:id="l-130"/>doch daar kon nog wel bijkomen dat ik betrekkelijk <lb n="131" xml:id="l-131"/>op zoo heel veel jaren leven niet mag rekenen. <lb n="132" xml:id="l-132"/>Als ik zoo in alle koelbloedigheid <lb n="133" xml:id="l-133"/>berekenenderwijs – bij wijze van raming of bestek <lb n="134" xml:id="l-134"/>maken van iets – daar aan denk<c type="kk">/</c> dan ligt het <lb n="135" xml:id="l-135"/>in den aard der zaak dat ik onmogelijk met <lb n="136" xml:id="l-136"/>zekerheid daaromtrent iets beslists weten kan.</ab><lb n="137" xml:id="l-137"/>
<ab rend="indent">Doch door vergelijking met diverse personen <lb n="138" xml:id="l-138"/>wier leven men mogt kennen of in <lb n="139" xml:id="l-139"/>vergelijking met wie men zekere rapporten <lb n="140" xml:id="l-140"/>mogt meenen te zien<c type="kk">/</c> kan men toch <lb n="141" xml:id="l-141"/>zekere stellingen maken die niet absoluut <lb n="142" xml:id="l-142"/>zonder fondatie zijn.</ab><lb n="143" xml:id="l-143"/>
<ab rend="indent">Omtrent den duur dus van den tijd die ik <lb n="144" xml:id="l-144"/>voor de borst heb om nog in te werken<c type="kk">/</c> <lb n="145" xml:id="l-145"/>meen ik zonder voorbarigheid dit te mogen <lb n="146" xml:id="l-146"/>aan nemen: dat een zeker aantal jaren <lb n="147" xml:id="l-147"/>mijn corpus het <hi rend="ital">quand bien même</hi> wel <lb n="148" xml:id="l-148"/>zal uithouden – een zeker aantal<c type="kk">/</c> neem <lb n="149" xml:id="l-149"/>tusschen 6 en 10 bijvoorbeeld. <lb n="149a" xml:id="l-149a"/>Te meer durf ik zulks <lb n="149b" xml:id="l-149b"/>aan te nemen daar er <lb n="149c" xml:id="l-149c"/>momenteel nog geen direkt quand bien même is<c type="kp">_</c></ab><lb n="150" xml:id="l-150"/>
<ab rend="indent">Dat is de periode waarop ik <hi rend="sc">vast</hi> reken<c type="kk">/</c> <lb n="151" xml:id="l-151"/>voor de rest zou ik het al te veel in de <lb n="152" xml:id="l-152"/>lucht speculeeren vinden iets in mij zelf te <lb n="153" xml:id="l-153"/>durven bepalen aangezien het juist van deze <lb n="154" xml:id="l-154"/>eerste b.v. 10 jaar af zal hangen of <lb n="155" xml:id="l-155"/>er na dien tijd nog iets zij al dan niet<c type="kp">_</c> <lb n="156" xml:id="l-156"/>Verteert men zich veel in die jaren<c type="kk">/</c> men <lb n="157" xml:id="l-157"/>komt de 40 niet over; blijft men genoeg gecon<c type="shy">-</c><lb n="158" xml:id="l-158"/>serveerd om zekere schokken die dan <lb n="159" xml:id="l-159"/>een mensch plegen aan te vallen te weerstaan<c type="kk">/</c> min of meer gecompliceerde <lb n="160" xml:id="l-160"/>physieke moeielijkheden op te lossen<c type="kk">/</c> zoo is men <lb n="161" xml:id="l-161"/>van 40-50 weer in een nieuw<c type="kk">/</c> betrekkelijk <lb n="162" xml:id="l-162"/>normaal vaarwater.</ab><lb n="163" xml:id="l-163"/>
<ab rend="indent">Doch berekeningen daaromtrent zijn <hi rend="ital">nu niet</hi> aan <lb n="164" xml:id="l-164"/>de orde maar wel plannen voor<c type="kk">/</c> zoo als <lb n="165" xml:id="l-165"/>ik begon te zeggen<c type="kk">/</c> eene periode van tusschen <lb n="166" xml:id="l-166"/>de 5 en 10 jaar.</ab>
<pb f="2v" n="6" xml:id="pb-orig-2v-6" facs="#zone-pb-2v-6"/><lb n="167" xml:id="l-167"/>
<ab rend="indent">Mijn plan is <hi rend="ital">niet</hi> mij te sparen<c type="kk">/</c> geen emoties of moeie<supplied>lijkheden</supplied> <lb n="168" xml:id="l-168"/>veel te ontzien.– ’t is me betrekkelijk onverschillig of ik <lb n="169" xml:id="l-169"/>langer dan korter leef – ik ben bovendien niet competent <lb n="170" xml:id="l-170"/>mij zelf in ’t physieke zóó te leiden als b<c type="kp">_</c>v. een medicus <lb n="171" xml:id="l-171"/>het betrekkelijk kan. Ik ga dus door als <hi rend="ital">een onwetende</hi> <lb n="172" xml:id="l-172"/>maar die dit èène weet – “<hi rend="ital">in eenige jaren moet ik een</hi> <lb n="173" xml:id="l-173"/><hi rend="ital">zeker werk afdoen</hi>” – ik hoef mij niet te <hi rend="ital">overhaasten</hi> <lb n="174" xml:id="l-174"/>want daar is geen heil in – maar in alle kalmte en <lb n="175" xml:id="l-175"/>sereniteit moet ik <hi rend="sc">door</hi><hi rend="ital">werken</hi><c type="kk">/</c> zoo geregeld en gecon<c type="shy">-</c><lb n="176" xml:id="l-176"/>centreerd mogelijk – zoo kort en bondig mogelijk<c type="kp">_</c> <lb n="177" xml:id="l-177"/>de wereld gaat mij slechts in zoo ver aan dat ik <lb n="178" xml:id="l-178"/>als ’t ware een zekere <hi rend="ital">schuld</hi> en <hi rend="ital">pligt</hi><anchor n="7" xml:id="note-o-7"/> heb omdat ik 30 jaar op <lb n="179" xml:id="l-179"/>die wereld heb rondgemarcheerd – uit dankbaarheid een <lb n="180" xml:id="l-180"/>zeker souvenir te laten in den vorm van <lb n="181" xml:id="l-181"/>teeken- of schilderwerk.– niet gemaakt om deze of <lb n="182" xml:id="l-182"/>gene rigting te behagen maar waarin men een <lb n="183" xml:id="l-183"/>opregt menschelijk gevoel uit. Dit werk is dus het <lb n="184" xml:id="l-184"/>doel – en in die gedachte zich concentreerende <lb n="185" xml:id="l-185"/>vereenvoudigt zich hetgeen men doet <hi rend="ital">en laat</hi> in zóó ver dat het <lb n="186" xml:id="l-186"/>niet is een chaos<c type="kk">/</c> maar al wat men doet één zelfde streven <lb n="187" xml:id="l-187"/>is. Nu gaat het werk langzaam – reden te <lb n="188" xml:id="l-188"/>meer men geen tijd verliezen moet.</ab><lb n="189" xml:id="l-189"/>
<ab rend="indent"><hi rend="ital">Guillaume Regamey</hi> was iemand die geloof ik <lb n="190" xml:id="l-190"/>weinig bepaalde reputatie heeft nagelaten (ge weet<c type="kk">/</c> er zijn <lb n="191" xml:id="l-191"/>twee Regamey’s<c type="kk">/</c> F<c type="kp">_</c> Regamey schildert Japanezen en is zijn broer) maar die <lb n="192" xml:id="l-192"/>een personaliteit evenwel is waarvoor ik veel respect <lb n="193" xml:id="l-193"/>heb. Hij stierf op 38 jarigen leeftijd en eene periode <lb n="194" xml:id="l-194"/>van een jaar of 6 of 7 daarvan was bijna uitsluitend <lb n="195" xml:id="l-195"/>gewijd aan teekeningen die een zeer eigenaardig <lb n="196" xml:id="l-196"/>cachet hebben en gemaakt zijn terwijl hij niet zonder <lb n="197" xml:id="l-197"/>physieke moeielijkheden werkte.<anchor n="8" xml:id="note-o-8"/> Dat is er een uit <lb n="198" xml:id="l-198"/>velen – een heele goede onder vele goeden. <lb n="199" xml:id="l-199"/>Ik noem hem niet zoozeer om mijzelf met hem te vergelijken<c type="kk">/</c> <lb n="200" xml:id="l-200"/>ik ben zóó goed niet als hij – maar om een <lb n="201" xml:id="l-201"/>bepaald voorbeeld te noemen van een zekere zelfbeheersching <lb n="202" xml:id="l-202"/>en wilskracht die eene bezielende gedachte vasthield die in <lb n="203" xml:id="l-203"/>moeielijke omstandigheden hem den weg wees om toch in alle <lb n="204" xml:id="l-204"/>sereniteit een goed werk te verrigten.</ab><lb n="205" xml:id="l-205"/>
<ab rend="indent">Het is op zoo’n wijs dat ik mij zelf zie – als moetende in eenige <lb n="206" xml:id="l-206"/>jaren iets doen waar hart en liefde in zit<c type="kk">/</c> dat doen met wilskracht. <lb n="207" xml:id="l-207"/>Leef ik langer<c type="kk">/</c> tant mieux<c type="kk">/</c> maar ik denk daar niet aan<c type="kp">_</c> <lb n="208" xml:id="l-208"/>In die eenige jaren MOET IETS GEDAAN worden<c type="kk">/</c> die <lb n="209" xml:id="l-209"/>gedachte is mijn leiddraad bij mijn plannen maken over het <lb n="210" xml:id="l-210"/>werk. Een zeker verlangen om er <lb n="211" xml:id="l-211"/>kracht achter te zetten zal U dan te meer begrijpelijk <lb n="212" xml:id="l-212"/>zijn. Te gelijk eene zekere beslistheid om eenvoudige <lb n="213" xml:id="l-213"/>middelen te bezigen. En misschien ook zult gij U kunnen <lb n="214" xml:id="l-214"/>begrijpen ik voor mij mijn studies niet op zich zelf beschouw doch <lb n="215" xml:id="l-215"/>altijd de gedachte heb aan het werk in zijn geheel.</ab>
<vg:whiteline/>
<div type="textualNotes">
<note target="l-10" n="10">doe ik &lt; doe</note>
<note target="l-12" n="12">is wel &lt; is er wel</note>
<note target="l-127" n="127"><supplied>O</supplied>nwillekeurig &lt; <hi rend="ital">Text lost due to damaged edge of the paper.</hi></note>
<note target="l-133" n="133">– bij &lt; bij</note>
<note target="l-157" n="157">over; &lt; over</note>
<note target="l-167" n="167">moeie<supplied>lijkheden</supplied> &lt; <hi rend="ital">Text lost due to damaged edge of the paper.</hi></note>
<note target="l-170" n="170">leiden &lt; lijden</note>
<note target="l-181" n="181">teeken- &lt; teeken</note></div></div>
<div type="translation">
<pb f="1r" n="1" xml:id="pb-trans-1r-1" facs="#zone-pb-1r-1"/>
<ab>My dear Theo,</ab>
<ab>Pending your arrival there’s hardly a moment that I’m not with you in my thoughts. </ab>
<ab rend="indent">These days I’m doing my best to paint some different studies so that you can see something of them at the same time. </ab>
<ab rend="indent">And I feel fine when I seek distraction through this change of work, for while I don’t literally do as <rs type="pers" key="1443">Weissenbruch</rs> does and spend a fortnight with the polder workers,<anchor n="1" xml:id="note-t-1"/> I nonetheless act in the same spirit, and looking at nature has a calming effect. </ab>
<ab rend="indent">And, moreover, I have definite hopes of making considerable progress with colour in this way. It seems to me that the latest painted studies are more assured and sounder in colour. </ab>
<ab rend="indent">Thus, for example, a few I did recently in the rain of a man on a wet, muddy road better express the mood, I believe.<anchor n="2" xml:id="note-t-2"/> Anyway, we’ll see when you come. Most are landscape impressions. I wouldn’t claim that they’re as good as the ones sometimes found in your letters, since I often run into technical difficulties, but still I believe they have something similar. </ab>
<ab rend="indent">For example, a silhouette of the city in the evening as the sun is setting,<anchor n="3" xml:id="note-t-3"/> and a towpath with mills.<anchor n="4" xml:id="note-t-4"/>
<pb f="1v" n="2" xml:id="pb-trans-1v-2" facs="#zone-pb-1v-2"/></ab>
<ab rend="indent">Otherwise things are so wretched that I still feel faint if I’m not actually at work, but I believe that is passing. I’m definitely going to do my best to build up a reserve of strength, because I’ll need it if I want to do a lot of painting, including figures. A certain feeling for colour has been aroused in me of late when painting, stronger than and different from what I’ve felt before. </ab>
<ab rend="indent">It may be that this recent malaise is connected to a kind of revolution in the working method which I’ve sought for more than once already, and have thought about a great deal. I’ve often tried to work less drily, but each time it came out roughly the same. But these days, now that some weakening prevents me from working as normal, it’s just as if this helps rather than hinders, and letting myself go a little and looking more through my eyelashes instead of looking sharply at the joints and analyzing how things fit together leads me more directly to see things as patches of colour next to each other.
<pb f="1v" n="3" xml:id="pb-trans-1v-3" facs="#zone-pb-1v-3"/></ab>
<ab rend="indent">I’m curious as to how this will continue and where it will lead. It has sometimes surprised me that I’m not more of a colourist, because my temperament would certainly lead one to expect that, and yet up to now that has hardly developed at all. </ab>
<ab rend="indent">I repeat, I’m curious as to how it will continue — I see clearly that my recent painted studies are different. If I remember rightly, you have another one from last year, of a few tree-trunks in the woods.<anchor n="5" xml:id="note-t-5"/> I don’t think it’s particularly bad, but it’s still not what one sees in studies by colourists. There are even correct colours in it, but although they’re correct they don’t do what they should do, and while the paint is highly impasted here and there, the effect remains too meagre. I take this one as an example, and believe that the recent ones that are less impasted are nonetheless becoming more assured in colour, because the colours are more worked into each other and the brushstrokes are painted over each other, so that it fuses together more, and one captures something of the softness of the clouds or of the grass, for instance. </ab>
<ab rend="indent">At times I’ve been very concerned that I wasn’t making progress with colour, and now I have hope again. We’ll see what happens. Now you can imagine how eager I am for you to come, for if you also see that it’s changing I’ll no longer doubt that we’re on course. I don’t dare trust my own eyes when it comes to my work.
<pb f="1r" n="4" xml:id="pb-trans-1r-4" facs="#zone-pb-1r-4"/></ab>
<ab rend="indent">For example, the two studies that I did while it was raining, a muddy road with a small figure. It seems to me that it’s the opposite of some other studies — when I look at it I recognize the mood of that sad, rainy day, and in the figure, though no more than a few patches, there’s a kind of life that isn’t due to accuracy of drawing, for it isn’t drawn, so to speak. What I want to say is that I therefore believe that in those studies, for instance, there’s something of that mysteriousness that one gets by looking at nature as if through the eyelashes, so that the forms simplify themselves into patches of colour. </ab>
<ab rend="indent">Time will tell, but for the present I see something different in the colour and the tone in several studies. </ab>
<ab rend="indent">Lately I’ve thought sometimes of a story that I read in an English magazine, a tale of a painter in which a person featured who had also been weakened during a difficult time, and went to a remote area in the peat fields and found himself in the melancholy nature there, so to speak, and was able to paint nature as he felt and saw it.<anchor n="6" xml:id="note-t-6"/> It was very accurately described in the story, evidently by someone who knew about art, and it struck me when I read it, and I’ve now been thinking of it from time to time these past few days. </ab>
<ab rend="indent">Anyway, I hope we’ll soon be able to talk about it and confer together. If you can, write again soon and, of course, the earlier you can send, the more I would welcome it. </ab>
<ab rend="indent">With a handshake in thought.</ab>
<vg:whiteline/>
<ab>Ever yours,</ab>
<ab>Vincent</ab>
<vg:whiteline/>
<ab>
<pb f="2r" n="5" xml:id="pb-trans-2r-5" facs="#zone-pb-2r-5"/></ab>
<ab>For no particular reason I can’t help adding something here that’s just a recurring thought of mine.</ab>
<ab rend="indent">Not only did I start drawing relatively late, but on top of that I can’t count on living for a great many years, relatively speaking. When I think about that cool-headedly and calculatedly — as if estimating or measuring something — then it’s in the nature of things that I can’t possibly know anything definite about it.</ab>
<ab rend="indent">Yet through comparisons with various people with whose life one is familiar, or in comparison with whom one believes one sees certain correspondences, one can nonetheless put forward certain propositions that aren’t absolutely without foundation. </ab>
<ab rend="indent">So as to the length of time in which to work that lies ahead of me, I believe I may assume the following without being too hasty: that my body will endure for a certain number of years <hi rend="ital">come what may</hi> — a certain number, say between 6 and 10. I dare all the more to assume this because at present there’s no immediate come what may. </ab>
<ab rend="indent">That’s the period that I count on <hi rend="sc">for sure</hi>, for the rest I would find it far too airily speculative to dare to determine anything in myself, given that whether or not anything is left after that period will depend precisely on these first 10 years, say. If one goes into a serious decline in those years, one won’t get past 40; if one remains sufficiently well preserved to withstand certain shocks to which a person is likely to be subject, solving more or less complicated physical problems, then from 40-50 one is once more in new, relatively plain sailing. </ab>
<ab rend="indent">Calculations about that are <hi rend="ital">not</hi> on the agenda <hi rend="ital">now</hi>, but plans for a period, as I began by saying, of between 5 and 10 years are.
<pb f="2v" n="6" xml:id="pb-trans-2v-6" facs="#zone-pb-2v-6"/></ab>
<ab rend="indent">My plan is <hi rend="ital">not</hi> to spare myself, not to avoid a lot of emotions or difficulties. It’s a matter of relative indifference to me whether I live a long or a short time. Moreover, I’m not competent to manage myself in physical matters the way a doctor can in this respect. So I carry on as <hi rend="ital">one unknowing</hi> but who knows this one thing — ‘<hi rend="ital">I must finish a particular work within a few years</hi>’ — I needn’t <hi rend="ital">rush</hi> myself, for that does no good — but I must <hi rend="sc">carry on</hi> <hi rend="ital">working</hi> in calm and serenity, as regularly and concentratedly as possible, as succinctly as possible. I’m concerned with the world only in that I have a certain <hi rend="ital">obligation</hi> and <hi rend="ital">duty</hi>,<anchor n="7" xml:id="note-t-7"/> as it were — because I’ve walked the earth for 30 years — to leave a certain souvenir in the form of drawings or paintings in gratitude. Not done to please some movement or other, but in which an honest human feeling is expressed. Thus this work is the goal — and concentrating on that thought, what one does and <hi rend="ital">does not</hi> do simplifies itself in that it’s not a chaos, but everything one does is one and the same aspiration. Now the work is going slowly — all the more reason not to lose any time.</ab>
<ab rend="indent"><hi rend="ital"><rs type="pers" key="1301">Guillaume Régamey</rs></hi> was, I believe, someone who doesn’t have much of a reputation (as you know, there are two Régameys, <rs type="pers" key="1302">F. Régamey</rs> paints Japanese and is his brother), but was a character for whom I have great respect all the same. He died at the age of 38, and a period of 6 or 7 years was devoted almost exclusively to drawings that are in a very singular style and were done while working was made difficult by physical problems.<anchor n="8" xml:id="note-t-8"/> He is one of many — a very good person among many good people. I mention him not to liken myself to him — I’m not as good as he was — but to give an example of a certain self-control and willpower that held on to an inspiring idea that showed him the way to produce a good work in serenity despite difficult circumstances.</ab>
<ab rend="indent">I see myself in a similar way — as having to do something with heart and love in it within a few years, and do it with willpower. If I live longer, so much the better, but I’m not thinking about that. In those few years SOMETHING MUST BE DONE — that thought is my guiding principle in making plans for the work. A certain desire to make every effort will thus seem to you all the more understandable. At the same time a certain resolve to use simple means. And perhaps you’ll also be able to understand that, for my part, I don’t view my studies in isolation, but always have in mind the work as a whole.</ab></div>
<div type="notes">
<note n="1" xml:id="n-1" target="#note-t-1">
<ab>For <rs type="pers" key="1443">Weissenbruch</rs>’s habit of working elsewhere from time to time, <ref target="let370.xml#n-5">see letter 370, n. 5.</ref></ab></note>
<note n="2" xml:id="n-2" target="#note-t-2">
<ab>These two studies of a man on a muddy road are not known. </ab></note>
<note n="3" xml:id="n-3" target="#note-t-3">
<ab>This painted study of the silhouette of a city as the sun sets is not known. </ab></note>
<note n="4" xml:id="n-4" target="#note-t-4">
<ab>This painted study of a towpath with windmills is not known. </ab></note>
<note n="5" xml:id="n-5" target="#note-t-5">
    <ab>Van Gogh may be referring to the painted study which he says in a letter of 25 September 1882 he sent to Theo; <ref target="let269.xml#n-2">see letter 269, n. 2.</ref> At this point he may have been working on <hi rend="ital">Edge of a wood</hi> (<rs type="ill" key="2338">F 903 / JH 12</rs>) or a similar piece. See cat. Otterlo 2003, p. 39.</ab></note>
<note n="6" xml:id="n-6" target="#note-t-6">
<ab>This story about a painter has not been traced. </ab></note>
<note n="7" xml:id="n-7" target="#note-t-7">
<ab>The words ‘and duty’ (‘en pligt’) were added later.</ab></note>
<note n="8" xml:id="n-8" target="#note-t-8">
<ab>Van Gogh obtained this information about <rs type="pers" key="1301">Guillaume Régamey</rs> from the article ‘L’exposition des oeuvres de Guillaume Régamey’ by a certain L.F. in <hi rend="ital">Le Monde Illustré</hi>; <ref target="let325.xml#n-18">see letter 325, n. 18.</ref></ab></note></div></body></text></TEI>
