<?xml version="1.0" encoding="UTF-8"?>
<!-- Last Changed Date: 2018-07-18 12:32:41 +0200 (Wed, 18 Jul 2018) | SVN Revision: 2206 -->
<!--Licensed under Attribution-NonCommercial-ShareAlike 4.0 International (CC BY-NC-SA 4.0)-->
<?xml-model href="https://xmlschema.huygens.knaw.nl/vgodd.rng" type="application/xml" schematypens="http://relaxng.org/ns/structure/1.0"?>
<TEI xmlns:vg="http://www.vangoghletters.org/ns/" xmlns="http://www.tei-c.org/ns/1.0">
<teiHeader xmlns:xsi="http://www.w3.org/2001/XMLSchema-instance"><fileDesc>
<titleStmt>
<title>To Theo van Gogh. The Hague, on or about Friday, 15 June 1883. </title>
<editor>Leo Jansen</editor>
<editor>Hans Luijten</editor>
<editor>Nienke Bakker</editor></titleStmt>
<publicationStmt>
<publisher><name>Huygens Instituut voor Nederlandse Geschiedenis (KNAW)</name><email>info@huygens.knaw.nl</email></publisher>
<publisher>Van Gogh Museum</publisher>
<pubPlace>Amsterdam</pubPlace>
<date type="first" when="2009">2009</date>
<availability status="restricted">
<licence target="http://creativecommons.org/licenses/by-nc-sa/4.0/ https://creativecommons.org/licenses/by-nc-sa/4.0/legalcode">
<p>Attribution-NonCommercial-ShareAlike 4.0 International (CC BY-NC-SA 4.0) </p></licence></availability>
<ptr target="http://vangoghletters.org/orig/let353"/></publicationStmt><sourceDesc><vg:letDesc><vg:letIdentifier>
<idno type="jlb">353</idno>
<idno type="collectedletters">293</idno>
<idno type="brieven1990">355</idno></vg:letIdentifier><vg:letHeading><author>Vincent van Gogh</author><vg:addressee>Theo van Gogh</vg:addressee><vg:placeLet>The Hague</vg:placeLet><vg:dateLet>on or about Friday, 15 June 1883</vg:dateLet></vg:letHeading><vg:letContents>
<p>To Theo van Gogh. The Hague, on or about Friday, 15 June 1883. </p>
<note type="ongoingTopic" n="1">
<p>Van Gogh’s visit to Van Rappard’s studio <ref target="let344.xml">(344)</ref></p></note></vg:letContents>
<note type="sourceStatus" xml:id="sourceStatus">
<p>Original manuscript</p></note>
<note type="location" xml:id="location">
<p>Amsterdam, Van Gogh Museum, inv. no. b316 V/1962 </p></note>
<note type="date" xml:id="date">
<p>The letter was written a few days after <ref target="let352.xml">letter 352</ref>, because ‘in recent days’ Van Gogh has worked on a drawing of a ‘coal yard’ of which there is not yet any mention in <ref target="let352.xml">letter 352</ref>. The exact date cannot be determined, but in <ref target="let355.xml">letter 355</ref> Vincent asks Theo to send money earlier (than 20 June) if possible, and consequently it dates from on or about 16 June (see also <hi rend="ital">Date</hi> there), so we date the present letter on or about Friday, 15 June 1883.</p></note></vg:letDesc></sourceDesc></fileDesc></teiHeader>
<facsimile xmlns:xsi="http://www.w3.org/2001/XMLSchema-instance">
<surface n="b 0316" xml:id="surf-pb-1r"><graphic mimeType="image/tiff" url="VGM001000397_01.TIF" rend="norend"/><graphic mimeType="image/tiff" url="VGM001000397_01_n.tif" rend="norend"/><graphic mimeType="image/jpeg" url="VGM001000397_01_nt.jpg" height="50px" rend="thumbnail"/><zone xml:id="zone-pb-1r-1">
<graphic mimeType="image/tiff" url="VGM001000397_01_nR.tif" rend="norend"/><graphic mimeType="image/jpeg" url="VGM001000397_01_nRt.jpg" height="50px" rend="thumbnail"/><graphic mimeType="image/png" url="VGM001000397_01_nRf.png" width="380px" rend="facstab"/></zone>
<zone xml:id="zone-pb-1r-4">
<graphic mimeType="image/tiff" url="VGM001000397_01_nL.tif" rend="norend"/><graphic mimeType="image/jpeg" url="VGM001000397_01_nLt.jpg" height="50px" rend="thumbnail"/><graphic mimeType="image/png" url="VGM001000397_01_nLf.png" width="380px" rend="facstab"/></zone>
</surface>
<surface n="b 0316" xml:id="surf-pb-1v"><graphic mimeType="image/tiff" url="VGM001000397_02.TIF" rend="norend"/><graphic mimeType="image/tiff" url="VGM001000397_02_n.tif" rend="norend"/><graphic mimeType="image/jpeg" url="VGM001000397_02_nt.jpg" height="50px" rend="thumbnail"/><zone xml:id="zone-pb-1v-2">
<graphic mimeType="image/tiff" url="VGM001000397_02_nL.tif" rend="norend"/><graphic mimeType="image/jpeg" url="VGM001000397_02_nLt.jpg" height="50px" rend="thumbnail"/><graphic mimeType="image/png" url="VGM001000397_02_nLf.png" width="380px" rend="facstab"/></zone>
<zone xml:id="zone-pb-1v-3">
<graphic mimeType="image/tiff" url="VGM001000397_02_nR.tif" rend="norend"/><graphic mimeType="image/jpeg" url="VGM001000397_02_nRt.jpg" height="50px" rend="thumbnail"/><graphic mimeType="image/png" url="VGM001000397_02_nRf.png" width="380px" rend="facstab"/></zone>
</surface></facsimile><text xmlns:xsi="http://www.w3.org/2001/XMLSchema-instance"><body>
<div type="original">
<pb f="1r" n="1" xml:id="pb-orig-1r-1" facs="#zone-pb-1r-1"/><lb n="1" xml:id="l-1"/>
<ab>Waarde Theo,</ab><lb n="2" xml:id="l-2"/>
<ab>Weet ge nog ik een tijdje geleden U schreef <lb n="3" xml:id="l-3"/>“ik zit voor twee groote blanke ramen en weet <lb n="4" xml:id="l-4"/>nog niet hoe ik er wat op zal krijgen”<c type="kp">_</c><anchor n="1" xml:id="note-o-1"/></ab><lb n="5" xml:id="l-5"/>
<ab rend="indent">Nu<c type="kk">/</c> sedert<c type="kk">/</c> weet ge<c type="kk">/</c> is op t’eene de mestvaalt <lb n="6" xml:id="l-6"/>gekomen<anchor n="2" xml:id="note-o-2"/> maar nu deze laatste dagen <lb n="7" xml:id="l-7"/>ben ik ook nog al gevorderd met de tweede. <lb n="8" xml:id="l-8"/>Dat moet worden een steenkolenboel zoo als ik <lb n="9" xml:id="l-9"/>’t uit het raam van ’t atelier zie op het terrein van den <lb n="10" xml:id="l-10"/>Rijnspoor.<anchor n="3" xml:id="note-o-3"/> Er zijn daar hoopen steenkool &amp; daar <lb n="11" xml:id="l-11"/>werken kerels in en er komen luidjes met kruiwagentjes <lb n="12" xml:id="l-12"/>om een zak kolen te koopen<c type="kk">/</c> ’t geen sommige dagen <lb n="13" xml:id="l-13"/>zeer druk gaat en vooral van den winter met de <lb n="14" xml:id="l-14"/>sneeuw aardig was.</ab><lb n="15" xml:id="l-15"/>
<ab rend="indent">Dacht er al lang over en onlangs zag ik het <lb n="16" xml:id="l-16"/>zoo mooi op een avond en maakte mijne schets <lb n="17" xml:id="l-17"/>zóó dat ik sedert weinig veranderd heb aan <lb n="18" xml:id="l-18"/>wat ik er toen van opzette wat betreft de compositie <lb n="19" xml:id="l-19"/>in groote lijnen. Ik heb toen op de plaats zelf <lb n="20" xml:id="l-20"/>een kerel gehad die boven op die hoopen is geklouterd <lb n="21" xml:id="l-21"/>en hier &amp; daar gaan staan zoo dat ik de proportie <lb n="22" xml:id="l-22"/>van ’t figuur op diverse plaatsen zien kon. <lb n="23" xml:id="l-23"/>Maar ik heb er sedert verscheiden figuurstudies <lb n="24" xml:id="l-24"/>voor gemaakt<c type="kk">/</c> ofschoon de figuurtjes maar <lb n="25" xml:id="l-25"/>klein worden<c type="kp">_</c></ab><lb n="26" xml:id="l-26"/>
<ab rend="indent">Juist onder het maken van deze studies begint <lb n="27" xml:id="l-27"/>zich een plan voor een nog grootere teekening bij me <lb n="28" xml:id="l-28"/>vast te zetten<c type="kk">/</c> van het aardappelrooien namelijk. <lb n="29" xml:id="l-29"/>en heb ik het zóó in mijn gedachten dat ge <lb n="30" xml:id="l-30"/>er wel iets in zoudt vinden misschien.</ab><lb n="31" xml:id="l-31"/>
<ab rend="indent">’t landschap zou ik willen hebben een vlak <lb n="32" xml:id="l-32"/>terrein en een lijntje duinen<c type="kp">_</c></ab>
<pb f="1v" n="2" xml:id="pb-orig-1v-2" facs="#zone-pb-1v-2"/><lb n="33" xml:id="l-33"/>
<ab rend="indent">De figuren zoowat een voet van hoogte<c type="kk">/</c> <lb n="34" xml:id="l-34"/>de compositie in de breedte<c type="kk">/</c> 1 tegen 2<c type="kp">_</c></ab><lb n="35" xml:id="l-35"/>
<ab rend="indent">Vlak van voren in een hoek knielende figuren van vrouwen <lb n="36" xml:id="l-36"/>die de aardappels oprapen als repoussoir<c type="kp">_</c></ab><lb n="37" xml:id="l-37"/>
<ab rend="indent">Een rij spitters<c type="kk">/</c> mannen en vrouwen<c type="kk">/</c> op <lb n="38" xml:id="l-38"/>het tweede plan<c type="kp">_</c></ab><lb n="39" xml:id="l-39"/>
<ab rend="indent">En de perspectief van ’t terrein zóó nemen dat <lb n="40" xml:id="l-40"/>aan den anderen hoek van de teekening dan waar <lb n="41" xml:id="l-41"/>de oprapers zitten ik de plek krijg waar de <lb n="42" xml:id="l-42"/>kruiwagentjes komen.</ab><lb n="43" xml:id="l-43"/>
<ab rend="indent">Wel<c type="kk">/</c> behalve de knielende vrouwenfiguren zou ik <lb n="44" xml:id="l-44"/>U al de andere figuren reeds in groote studies kunnen <lb n="45" xml:id="l-45"/>laten zien.</ab><lb n="46" xml:id="l-46"/>
<ab rend="indent">Ja<c type="kk">/</c> ik wou nu dezer dagen aan die <lb n="47" xml:id="l-47"/>teekening beginnen<c type="kk">/</c> ik heb de terreinen ook <lb n="48" xml:id="l-48"/>wel zoowat in ’t hoofd en zal op mijn gemak <lb n="49" xml:id="l-49"/>een mooi aardappelveld zoeken en er studies <lb n="50" xml:id="l-50"/>van maken voor de lijnen van het landschap<c type="kp">_</c></ab><lb n="51" xml:id="l-51"/>
<ab rend="indent">Tegen den herfst als wanneer het rooien <lb n="52" xml:id="l-52"/>plaats heeft zou de teekening af moeten <lb n="53" xml:id="l-53"/>zijn<c type="kk">/</c> als doorwerkte schets althans<c type="kk">/</c> en <lb n="54" xml:id="l-54"/>zoude ik den toon en het acheveeren <lb n="55" xml:id="l-55"/>dan slechts te doen hebben.<anchor n="4" xml:id="note-o-4"/></ab><lb n="56" xml:id="l-56"/>
<ab rend="indent">Ik heb het verl. jaar hier gezien<c type="kk">/</c> vóór verl. jaar <lb n="57" xml:id="l-57"/>op ’t Heike waar het prachtig was en vóór dat jaar <lb n="58" xml:id="l-58"/>in de Borinage waar het geschiedde door de mijnwerkers<c type="kp">_</c> <lb n="59" xml:id="l-59"/>Nu<c type="kk">/</c> zoo heb ik het rijp in mijn geest<c type="kp">_</c></ab><lb n="60" xml:id="l-60"/>
<ab rend="indent">De figuren zouden zóó moeten zijn dat het waar <lb n="61" xml:id="l-61"/>was voor overal<c type="kk">/</c> meer dan een costuumstudie. <lb n="62" xml:id="l-62"/>Wel<c type="kk">/</c> dat blanke doek preoccupeert mij <lb n="63" xml:id="l-63"/>door alles heen en onder de anderen door <lb n="64" xml:id="l-64"/>zoek ik er steeds nieuwe studies bij.</ab><lb n="65" xml:id="l-65"/>
<ab rend="indent">De rij spitters zou eene rij donkere gedaanten <lb n="66" xml:id="l-66"/>moeten zijn slechts op ’t eerste aspect of van verre<c type="kk">/</c> <lb n="67" xml:id="l-67"/>maar zeer doorwerkt en gevarieerd van beweging <lb n="68" xml:id="l-68"/>en type.</ab>
<pb f="1v" n="3" xml:id="pb-orig-1v-3" facs="#zone-pb-1v-3"/><lb n="69" xml:id="l-69"/>
<ab rend="indent">b.v. een jonge<c type="kk">/</c> eenvoudige kerel tegenover een van die echt <lb n="70" xml:id="l-70"/>typige oude scheveningers in een wit &amp; bruin gelapt pak <lb n="71" xml:id="l-71"/>met ouden<c type="kk">/</c> hoogen hoed<c type="kk">/</c> zoo’n dof zwarte die ze in den nek zetten<c type="kp">_</c> <lb n="72" xml:id="l-72"/>b.v<c type="kp">_</c> een kort<c type="kk">/</c> stevig vrouwenfiguur<c type="kk">/</c> stemmig in ’t zwart met wit kapje tegenover <lb n="73" xml:id="l-73"/>een langen hannikenmaaier<anchor n="5" xml:id="note-o-5"/> in witte broek<c type="kk">/</c> lichtblaauwen <lb n="74" xml:id="l-74"/>kiel en stroohoed – een kale kruin naast een jonge vrouw<c type="kp">_</c> <lb n="75" xml:id="l-75"/>Deze gedachten komen bij me op juist door de <lb n="76" xml:id="l-76"/>studies die ik reeds heb tegen elkaar te stellen<c type="kp">_</c> <lb n="77" xml:id="l-77"/>We zullen zien. Maar wat er ook van zij<c type="kk">/</c> ik heb <lb n="78" xml:id="l-78"/>een groot raam gekocht (een oud schilderij raam) <lb n="79" xml:id="l-79"/>bij Laarman en het bespannen<c type="kp">_</c><anchor n="6" xml:id="note-o-6"/></ab><lb n="80" xml:id="l-80"/>
<ab rend="indent">En met den dag meer wordt het me duidelijker <lb n="81" xml:id="l-81"/>maar het is weergaasch moeielijk om figuren <lb n="82" xml:id="l-82"/>te vinden die als oppositie goed doen tegen <lb n="83" xml:id="l-83"/>elkaar en toch in een zelfde zeer beperkte ruimte <lb n="84" xml:id="l-84"/>kunnen plaats vinden. En moet men elk misschien <lb n="85" xml:id="l-85"/>3 of meer malen nog maken voor het uitkomt. <lb n="86" xml:id="l-86"/>Maar ik zal het opzetten en er mee doen als <lb n="87" xml:id="l-87"/>met de mestvaalt<c type="kk">/</c> n.l. het later op een ander <lb n="88" xml:id="l-88"/>raam opnieuw beginnen als het eerste niet teregt <lb n="89" xml:id="l-89"/>komt zoo als ik wil. Maar wilde het betrekkelijk <lb n="90" xml:id="l-90"/>klaar hebben tegen den eigentlijken tijd van het <lb n="91" xml:id="l-91"/>aardappelrooien<c type="kk">/</c> al is het dat ik dan het op nieuw <lb n="92" xml:id="l-92"/>geheel om moet werken weer op een nieuw papier.</ab><lb n="93" xml:id="l-93"/>
<ab rend="indent">’t Is goed geweest dat ik toen eens naar Rappard ben <lb n="94" xml:id="l-94"/>geweest want ik heb bij hem eigentlijk de gedachte <lb n="95" xml:id="l-95"/>opgedaan om die grootere teekeningen te beginnen <lb n="96" xml:id="l-96"/>en juist heb ik gemerkt dat terwijl men composeert <lb n="97" xml:id="l-97"/>men meer precies voelt wat voor studies men te maken <lb n="98" xml:id="l-98"/>heeft. Ik werk dezer dagen met erg veel pleizier <lb n="99" xml:id="l-99"/>en betrekkelijk zonder moe worden<c type="kk">/</c> door den lust <lb n="100" xml:id="l-100"/>die ik er in heb<c type="kp">_</c></ab><lb n="101" xml:id="l-101"/>
<ab rend="indent">Ik had mijn eigen lang ingehouden om te composeeren <lb n="102" xml:id="l-102"/>zooals gij weet en in dat opzigt is er nu een <lb n="103" xml:id="l-103"/>revolutie in me ontstaan omdat het den tijd was dat die <lb n="104" xml:id="l-104"/>kwame<anchor n="7" xml:id="note-o-7"/> en haal ik wat vrijer adem nu ik den <lb n="105" xml:id="l-105"/>teugel die ik me zelf had aangedaan wat heb laten <lb n="106" xml:id="l-106"/>schieten. Maar ik geloof toch dat het goed was ik zoo’n <lb n="107" xml:id="l-107"/>langen tijd maar op de studies heb gesjouwd<c type="kk">/</c> want <lb n="108" xml:id="l-108"/>is het met alles zoo<c type="kk">/</c> met ’t figuur toch in ’t bijzonder moet <lb n="109" xml:id="l-109"/>men er veel bepaald voor studeeren en <lb n="110" xml:id="l-110"/>niet denken dat men het kan. Ik vind het zoo’n mooi woord <lb n="111" xml:id="l-111"/>van Mauve<c type="kk">/</c> dat met al zijn werken en ondervinding hij nog zegt <lb n="112" xml:id="l-112"/>“soms weet ik nog niet waar de <hi rend="ital">knobbels</hi> in een koe zitten”.</ab>
<pb f="1r" n="4" xml:id="pb-orig-1r-4" facs="#zone-pb-1r-4"/><lb n="113" xml:id="l-113"/>
<ab rend="indent">Ik voor mij doe dikwijls zóó tegenwoordig dat als ik <lb n="114" xml:id="l-114"/>een spitter teeken die zijn ééne been voor ’t andere heeft <lb n="115" xml:id="l-115"/>of zijn eenen arm vòòr de andere of zijn hoofd voorover<c type="kk">/</c> <lb n="116" xml:id="l-116"/>ik het been<c type="kk">/</c> den arm of den nek &amp; achterhoofd <lb n="117" xml:id="l-117"/>dat achter ’t voorste komt &amp; gevolgelijk buiten ’t gezigt<c type="kk">/</c> <lb n="118" xml:id="l-118"/>toch eerst en en detail er op teeken &amp; dan eerst <lb n="119" xml:id="l-119"/>’t geen in ’t gezicht komt er over heen om zoo mogelijk <lb n="120" xml:id="l-120"/>het raak te krijgen.</ab><lb n="121" xml:id="l-121"/>
<ab rend="indent">Ik hoop dat ’t me lukken zal de schim of het spook <lb n="122" xml:id="l-122"/>van de aardappelteekening er reeds op te hebben <lb n="123" xml:id="l-123"/>tegen den tijd dat gij komt. Ik verlang erg naar <lb n="124" xml:id="l-124"/>U. Weet ge nog niets meer bepaalds omtrent Uw <lb n="125" xml:id="l-125"/>komen.</ab><lb n="126" xml:id="l-126"/>
<ab rend="indent">Nu<c type="kk">/</c> ik moet weer aan mijn steenkolenwerkers<c type="kp">_</c> <lb n="127" xml:id="l-127"/>Mijn bezitting in contant geld bestaat op dit <lb n="128" xml:id="l-128"/>oogenblik in een couponnetje van f 1.23 1/2 dat door<c type="shy">-</c><lb n="129" xml:id="l-129"/>midden gescheurd is en men me al eens geweigerd <lb n="130" xml:id="l-130"/>heeft. Dus hoef ik U niets meer te zeggen <lb n="131" xml:id="l-131"/>van dat ik nog al zal zitten uitkijken <lb n="132" xml:id="l-132"/>naar Uw brief<c type="kp">_</c> Ik heb het groote <lb n="133" xml:id="l-133"/>raam maar bespannen om afleiding <lb n="134" xml:id="l-134"/>te hebben en in de dagen vóór ik weer ontvang <lb n="135" xml:id="l-135"/>toch te kunnen werken als ik misschien <lb n="136" xml:id="l-136"/>geen model zal kunnen krijgen<c type="kp">_</c> Misschien <lb n="137" xml:id="l-137"/>kan ik het toch nog wel krijgen.</ab><lb n="138" xml:id="l-138"/>
<ab rend="indent">Mijn Scheveningschen mantel is een prachtige <lb n="139" xml:id="l-139"/>bezitting<c type="kk">/</c><anchor n="8" xml:id="note-o-8"/> ik heb drie uitvoerige studies <lb n="140" xml:id="l-140"/>er mee<c type="kk">/</c> een vrouw met een aschbak<anchor n="9" xml:id="note-o-9"/> en twee met <lb n="141" xml:id="l-141"/>kruiwagens.<anchor n="10" xml:id="note-o-10"/> Als ge weer stuurt hoop ik een <lb n="142" xml:id="l-142"/>visschersbuis met staanden kraag en korte mouwen <lb n="143" xml:id="l-143"/>te nemen en een vrouwenhoed. De vrouwenhoeden zijn duur <lb n="143a" xml:id="l-143a"/>en moeielijk te krijgen schijnt het. Enfin ik heb er een voor desnoods.</ab><lb n="144" xml:id="l-144"/>
<ab rend="indent"><hi rend="ital">Er moeten Scheveningsche</hi> <lb n="145" xml:id="l-145"/><hi rend="ital">Teekeningen komen ook</hi> <lb n="146" xml:id="l-146"/><hi rend="ital">en binnen kort</hi><c type="kp">_</c>– Verl. jaar om dezen <lb n="147" xml:id="l-147"/>tijd was ik in ’t gasthuis<anchor n="11" xml:id="note-o-11"/> – de geschilderde studies <lb n="148" xml:id="l-148"/>van verl. zomer vind ik slecht en verkeerd – ik kom <lb n="149" xml:id="l-149"/>hierop omdat ik juist een oude geschilderde studie van dien <lb n="150" xml:id="l-150"/>kolenboel heb opgezocht<anchor n="12" xml:id="note-o-12"/> om te zien hoe ze verleden jaar <lb n="151" xml:id="l-151"/>lagen<c type="kk">/</c> ik vind ze nu te slordig<c type="kk">/</c> te gejaagd gemaakt<c type="kp">_</c> <lb n="152" xml:id="l-152"/>Enfin ik heb me sedert op nieuw geconcentreerd op het <lb n="153" xml:id="l-153"/>figuurteekenen en ik denk niet dan zeer indirekt aan <lb n="154" xml:id="l-154"/>het schilderen. Nu adieu<c type="kk">/</c> schrijf zoodra het kan <lb n="155" xml:id="l-155"/>en heb voorspoed met alles. met een handdruk<c type="kp">_</c></ab>
<vg:whiteline/><lb n="155*" xml:id="l-155s"/>
<ab>t. à t.</ab><lb n="156" xml:id="l-156"/>
<ab>Vincent</ab>
<vg:whiteline/>
<div type="textualNotes">
<note target="l-112" n="112">zitten”. &lt; zitten.</note></div></div>
<div type="translation">
<pb f="1r" n="1" xml:id="pb-trans-1r-1" facs="#zone-pb-1r-1"/>
<ab>My dear Theo,</ab>
<ab>Do you remember that not long ago I wrote to you ‘I’m sitting in front of two big blank stretching frames and don’t yet know how I’ll get anything onto them’?<anchor n="1" xml:id="note-t-1"/> </ab>
<ab rend="indent">Well since then, you know, the dung-heap has come on one,<anchor n="2" xml:id="note-t-2"/> and in the past few days I’ve made good progress with the second. It’s to be a coal-yard on the Rijnspoor site as I see it from the window of the studio.<anchor n="3" xml:id="note-t-3"/> There are heaps of coal and fellows working in them, and people come with small wheelbarrows to buy a sack of coal; trade is very busy some days, and especially in the winter, with the snow it was a charming scene.</ab>
<ab rend="indent">Had been thinking about it for a long time and recently I saw it looking so beautiful one evening and did my sketch in such a way that I’ve since changed little of what I put down then as regards the broad outlines of the composition. At the place itself I had a fellow who scrambled up the heaps and stood here and there so that I could see the proportion of the figure at various places. But I’ve since done various figure studies for it, although the figures come out small. </ab>
<ab rend="indent">Just while I’m doing these studies, a plan for an even larger drawing, namely of the potato-digging, begins to take root in me. And the way I have it in my mind, you might perhaps see something in it. </ab>
<ab rend="indent">I would like the landscape to be a flat area and a small line of dunes.
<pb f="1v" n="2" xml:id="pb-trans-1v-2" facs="#zone-pb-1v-2"/></ab>
<ab rend="indent">The figures just about one foot high, the composition breadthways, 1 to 2. </ab>
<ab rend="indent">In a corner in the foreground kneeling figures of women gathering up the potatoes as a <hi rend="ital">repoussoir</hi>. </ab>
<ab rend="indent">A row of diggers, men and women, in the background.</ab>
<ab rend="indent">And take the perspective of the area so that in the other corner of the drawing from where the women are gathering up, I get the spot where the wheelbarrows come. </ab>
<ab rend="indent">Now, apart from the figures of the kneeling women, I could already show you the other figures in large studies. </ab>
<ab rend="indent">Yes, I want to start on these drawings in the next few days, I have the sites pretty well in my head, and shall seek out a fine potato field at my convenience and do studies of it for the lines of the landscape. </ab>
<ab rend="indent">The drawing ought to be complete, as a worked-up sketch at any rate, towards the autumn, when the lifting takes place, and I’d only have the tone and the finishing to do.<anchor n="4" xml:id="note-t-4"/> </ab>
<ab rend="indent">I saw it here last year, and the year before last at Het Heike, where it was splendid, and the year before that in the Borinage, where it was done by miners. Anyway, this is how it has ripened in my mind.</ab>
<ab rend="indent">The figures ought to be such that it’s true everywhere, and more than a costume study. Well, that blank canvas preoccupies me in spite of everything else, and while making studies I’m always looking for new ones to add.</ab>
<ab rend="indent">The row of diggers should be just a row of dark shapes at first sight or from a distance, but highly finished and varied in movement and type.
<pb f="1v" n="3" xml:id="pb-trans-1v-3" facs="#zone-pb-1v-3"/></ab>
<ab rend="indent">For instance, a young, plain fellow opposite one of those really typical old Scheveningers in a white and brown patched suit with an old top hat, one of those matt black ones that they wear low in the neck. For instance, a short, stocky figure of a woman in sober black with a white cap opposite a tall grass-mower<anchor n="5" xml:id="note-t-5"/> in white trousers, light blue smock and straw hat — a bald crown next to a young woman. These ideas come to me precisely by putting the studies I already have opposite each other. We’ll see. But be that as it may, I’ve bought a large stretching frame (an old painting frame) from Laarman and covered it.<anchor n="6" xml:id="note-t-6"/> </ab>
<ab rend="indent">And it’s becoming clearer to me day by day, but it’s devilishly difficult to find figures that look right as opposites and can still find a place in the same, very confined space. And one has to do each one perhaps 3 or more times before it works out. But I’ll make a start on it and do the same as with the dung-heap, that is, begin again later on another stretching frame if the first doesn’t come out as I want. But wanted to have it relatively finished towards the time for potato digging, even though I’ll then have to go over it again completely on another piece of paper. </ab>
<ab rend="indent">It’s good that I went to <rs type="pers" key="1306">Rappard</rs> that time, for it was actually there that I got the idea of starting on the larger drawings, and I’ve noticed that while one composes one feels more exactly what studies one must make. These days I’m working with a great deal of pleasure and without getting especially tired, because of the enjoyment I feel. </ab>
<ab rend="indent">I had long restrained myself from composing, as you know, and in that respect a revolution has now come about in me because it was time it came,<anchor n="7" xml:id="note-t-7"/> and I breathe more freely now that I’ve slightly slackened the rein I had imposed on myself. But I still believe it was a good thing that I toiled away just at studies for such a long time, for it’s the same with everything, and particularly with the figure: one must study a great deal and not imagine that one can do it. I find <rs type="pers" key="323">Mauve</rs>’s words very fine: after all his work and experience he still says ‘sometimes I still don’t know where the <hi rend="ital">knobbles</hi> are on a cow’.
<pb f="1r" n="4" xml:id="pb-trans-1r-4" facs="#zone-pb-1r-4"/></ab>
<ab rend="indent">For my part, what I often do these days is that if I’m drawing a digger who has one leg in front of the other, or his one arm in front of the other, or his head leaning forwards, I first draw in detail the leg, the arm or the neck and back of the head that’s behind the one in front and hence out of view, and only afterwards on top of that what’s in sight, to get it as accurate as possible. </ab>
<ab rend="indent">I hope I’ll succeed in getting down the shadow or the ghost of the potato drawing by the time you come. I long for you. Don’t you know anything more definite about when you’ll be coming?</ab>
<ab rend="indent">Well, I must get back to my coal workers. All the cash I have at the moment is a money order for 1.23  1/2  guilders which is torn in two and has already been refused once. So I don’t need to tell you that I’ll be looking forward to your letter keenly. I’ve covered the big stretching frame so that I have a distraction and can still work in the days before receipt again if perhaps I can’t get a model. But perhaps I can get one after all. </ab>
<ab rend="indent">My Scheveningen cape is a splendid possession,<anchor n="8" xml:id="note-t-8"/> I have three detailed studies with it, a woman with a dustbin<anchor n="9" xml:id="note-t-9"/> and two with wheelbarrows.<anchor n="10" xml:id="note-t-10"/> When you send again I hope to take a fisherman’s jacket with a stand-up collar and short sleeves and a woman’s hat. The women’s hats are expensive and hard to obtain, it seems. Still, I have one if need be.</ab>
<ab rend="indent"><hi rend="ital">There must be Scheveningen Drawings as well, and soon</hi>. This time last year I was in the hospital<anchor n="11" xml:id="note-t-11"/> — I think the painted studies from last summer are poor and wrong — I thought of this because I’ve just looked up an old painted study of that coal-yard<anchor n="12" xml:id="note-t-12"/> to see how they were done last year. Now I consider them too carelessly and hastily done. In short, I’ve since concentrated on figure drawing again, and I think of painting only very indirectly. Well, adieu, write as soon as you can and good luck with everything. With a handshake.</ab>
<vg:whiteline/>
<ab>Ever yours,</ab>
<ab>Vincent</ab></div>
<div type="notes">
<note n="1" xml:id="n-1" target="#note-t-1">
<ab>
  <ref target="let348.xml">See letter 348</ref>: ‘Well, in front of me I have two blank sheets for new compositions and must set to work on them’.</ab></note>
<note n="2" xml:id="n-2" target="#note-t-2">
<ab>For the first and second versions of the drawing of the dung-heap, <ref target="let352.xml">see letter 352</ref>. Both versions are unknown. Here Van Gogh is referring to the revised, second version.</ab></note>
<note n="3" xml:id="n-3" target="#note-t-3">
<ab>This drawing of the coal yard at Rijnspoor station is not known.</ab></note>
<note n="4" xml:id="n-4" target="#note-t-4">
<ab>Soon afterwards Van Gogh made several studies of figures lifting potatoes: <rs type="ill" key="2442">F 1034 / JH 372</rs> and <rs type="ill" key="2444">F 9 / JH 385</rs>. <ref target="let357.xml">See letters 357</ref> and <ref target="let362.xml">362</ref>.</ab></note>
<note n="5" xml:id="n-5" target="#note-t-5">
<ab>A ‘hannekemaaier’ is a grass-mower, an agricultural labourer of German origin.</ab></note>
<note n="6" xml:id="n-6" target="#note-t-6">
<ab>Van Gogh would have bought his stretching frame from one of the two carpenters called Laarman in The Hague in 1883: <rs type="pers" key="481">Dirk Laarman</rs>, located at Paveljoensgracht 27a, or <rs type="pers" key="482">Cornelis Johan Laarman</rs>, at Visschersdijk 41 (close to the Grote kerk, now Torenstraat). Paveljoensgracht was nearest to Schenkweg, where Van Gogh lived (<hi rend="ital">SAAm</hi>, <hi rend="ital">Adresboeken</hi> <hi rend="ital">1882-1883</hi>).</ab>
<ab rend="indent">For the nature and purpose of the stretching frames, <ref target="let346.xml">see letters 346</ref> and <ref target="let348.xml">348</ref>. </ab></note>
<note n="7" xml:id="n-7" target="#note-t-7">
<ab>This phrasing is derived from a quotation from <rs type="pers" key="666">Hugo</rs>’s <hi rend="ital"><rs type="lit" key="310">Les misérables</rs></hi> that Van Gogh cited in <ref target="let397.xml#n-4">letter 397, n. 4.</ref></ab></note>
<note n="8" xml:id="n-8" target="#note-t-8">
<ab>Van Gogh had had a cape at his disposal since the beginning of June; <ref target="let351.xml">see letter 351</ref>.</ab></note>
<note n="9" xml:id="n-9" target="#note-t-9">
<ab>This drawing of a woman in a cape with a dustbin is not known. </ab></note>
<note n="10" xml:id="n-10" target="#note-t-10">
<ab>The two studies of a woman in a Scheveningen cape with a wheelbarrow are not known. </ab></note>
<note n="11" xml:id="n-11" target="#note-t-11">
<ab>For Van Gogh’s stay in the Municipal Hospital in June 1882, <ref target="let237.xml">see letters 237</ref> ff.</ab></note>
<note n="12" xml:id="n-12" target="#note-t-12">
<ab>This painted study of the coal yard at Rijnspoor station (of 1882) is not known.</ab></note></div></body></text></TEI>
