<?xml version="1.0" encoding="UTF-8"?>
<!-- Last Changed Date: 2018-07-18 12:32:41 +0200 (Wed, 18 Jul 2018) | SVN Revision: 2206 -->
<!--Licensed under Attribution-NonCommercial-ShareAlike 4.0 International (CC BY-NC-SA 4.0)-->
<?xml-model href="https://xmlschema.huygens.knaw.nl/vgodd.rng" type="application/xml" schematypens="http://relaxng.org/ns/structure/1.0"?>
<TEI xmlns:vg="http://www.vangoghletters.org/ns/" xmlns="http://www.tei-c.org/ns/1.0">
<teiHeader xmlns:xsi="http://www.w3.org/2001/XMLSchema-instance"><fileDesc>
<titleStmt>
<title>To Theo van Gogh. The Hague, Sunday, 2 September 1883.</title>
<editor>Leo Jansen</editor>
<editor>Hans Luijten</editor>
<editor>Nienke Bakker</editor></titleStmt>
<publicationStmt>
<publisher><name>Huygens Instituut voor Nederlandse Geschiedenis (KNAW)</name><email>info@huygens.knaw.nl</email></publisher>
<publisher>Van Gogh Museum</publisher>
<pubPlace>Amsterdam</pubPlace>
<date type="first" when="2009">2009</date>
<availability status="restricted">
<licence target="http://creativecommons.org/licenses/by-nc-sa/4.0/ https://creativecommons.org/licenses/by-nc-sa/4.0/legalcode">
<p>Attribution-NonCommercial-ShareAlike 4.0 International (CC BY-NC-SA 4.0) </p></licence></availability>
<ptr target="http://vangoghletters.org/orig/let380"/></publicationStmt><sourceDesc><vg:letDesc><vg:letIdentifier>
<idno type="jlb">380</idno>
<idno type="collectedletters">318</idno>
<idno type="brieven1990">383</idno></vg:letIdentifier><vg:letHeading><author>Vincent van Gogh</author><vg:addressee>Theo van Gogh</vg:addressee><vg:placeLet>The Hague</vg:placeLet><vg:dateLet>Sunday, 2 September 1883</vg:dateLet></vg:letHeading><vg:letContents>
<p>To Theo van Gogh. The Hague, Sunday, 2 September 1883.</p>
<note type="ongoingTopic" n="1">
<p>Theo’s visit to The Hague <ref target="let374.xml">(374)</ref></p></note>
<note type="ongoingTopic" n="2">
<p>Van Gogh’s plan to go to Drenthe <ref target="let379.xml">(379)</ref></p></note>
<note type="ongoingTopic" n="3">
<p>Drawings on consignment with Uncle Cor <ref target="let378.xml">(378)</ref></p></note></vg:letContents>
<note type="sourceStatus" xml:id="sourceStatus">
<p>Original manuscript</p></note>
<note type="location" xml:id="location">
<p>Amsterdam, Van Gogh Museum, inv. no. b341 V/1962</p></note>
<note type="date" xml:id="date">
<p>Vincent writes immediately after receiving Theo’s letter with the money (‘today’, <ref target="#l-2">ll. 2-3</ref>), which must have been the first remittance of September, because he continues to work on his plans for moving to Drenthe. Moreover, he says he has spoken to Sien ‘today’ <ref target="#l-14">(l. 14)</ref>; it turns out later that this was on a Sunday, the same Sunday on which Theo also went on a walk (<ref target="let381.xml#l-7">see letter 381, ll. 7-15</ref>). This means that the present letter must date from Sunday, 2 September 1883. </p></note></vg:letDesc></sourceDesc></fileDesc></teiHeader>
<facsimile xmlns:xsi="http://www.w3.org/2001/XMLSchema-instance">
<surface n="b 0341" xml:id="surf-pb-1r"><graphic mimeType="image/tiff" url="VGM001000437_01.TIF" rend="norend"/><graphic mimeType="image/tiff" url="VGM001000437_01_n.tif" rend="norend"/><graphic mimeType="image/jpeg" url="VGM001000437_01_nt.jpg" height="50px" rend="thumbnail"/><zone xml:id="zone-pb-1r-1">
<graphic mimeType="image/tiff" url="VGM001000437_01_nR.tif" rend="norend"/><graphic mimeType="image/jpeg" url="VGM001000437_01_nRt.jpg" height="50px" rend="thumbnail"/><graphic mimeType="image/png" url="VGM001000437_01_nRf.png" width="380px" rend="facstab"/></zone>
<zone xml:id="zone-pb-1r-4">
<graphic mimeType="image/tiff" url="VGM001000437_01_nL.tif" rend="norend"/><graphic mimeType="image/jpeg" url="VGM001000437_01_nLt.jpg" height="50px" rend="thumbnail"/><graphic mimeType="image/png" url="VGM001000437_01_nLf.png" width="380px" rend="facstab"/></zone>
</surface>
<surface n="b 0341" xml:id="surf-pb-1v"><graphic mimeType="image/tiff" url="VGM001000437_02.TIF" rend="norend"/><graphic mimeType="image/tiff" url="VGM001000437_02_n.tif" rend="norend"/><graphic mimeType="image/jpeg" url="VGM001000437_02_nt.jpg" height="50px" rend="thumbnail"/><zone xml:id="zone-pb-1v-2">
<graphic mimeType="image/tiff" url="VGM001000437_02_nL.tif" rend="norend"/><graphic mimeType="image/jpeg" url="VGM001000437_02_nLt.jpg" height="50px" rend="thumbnail"/><graphic mimeType="image/png" url="VGM001000437_02_nLf.png" width="380px" rend="facstab"/></zone>
<zone xml:id="zone-pb-1v-3">
<graphic mimeType="image/tiff" url="VGM001000437_02_nR.tif" rend="norend"/><graphic mimeType="image/jpeg" url="VGM001000437_02_nRt.jpg" height="50px" rend="thumbnail"/><graphic mimeType="image/png" url="VGM001000437_02_nRf.png" width="380px" rend="facstab"/></zone>
</surface></facsimile><text xmlns:xsi="http://www.w3.org/2001/XMLSchema-instance"><body>
<div type="original">
<pb f="1r" n="1" xml:id="pb-orig-1r-1" facs="#zone-pb-1r-1"/><lb n="1" xml:id="l-1"/>
<ab>Waarde Theo,</ab><lb n="1*" xml:id="l-1s"/>
<ab>Heb dank voor Uw brief <lb n="2" xml:id="l-2"/>en het ingeslotene<c type="kp">_</c>– Ik wil er reeds <lb n="3" xml:id="l-3"/>heden op antwoorden. Het kan waar zijn wat <lb n="4" xml:id="l-4"/>gij schrijft – wat we ook reeds bespraken – wat <lb n="5" xml:id="l-5"/>ik en voor en na dien tijd zelf ook meermalen over <lb n="6" xml:id="l-6"/>heb gedacht – dat indien de vrouw verpligt was <lb n="7" xml:id="l-7"/>van mij af te zijn – op eigen beenen te staan – <lb n="8" xml:id="l-8"/>zij een regter koers zou beginnen. Wegens ze <lb n="9" xml:id="l-9"/>2 kinderen heeft is het echter een zeer moeielijk geval <lb n="10" xml:id="l-10"/>maar wat zal ik er van zeggen – in de gegevenen <lb n="11" xml:id="l-11"/>is het iets waar zij zelf toe noodzaakt <lb n="12" xml:id="l-12"/>en <hi rend="ital">de omstandigheden nog veel meer echter toe</hi> <lb n="13" xml:id="l-13"/><hi rend="ital">noodzaken</hi>. Ik onderstreep dit laatste<c type="kp">_</c>–</ab><lb n="14" xml:id="l-14"/>
<ab rend="indent">Weet ge wat ik heb gedaan – ik heb van daag met <lb n="15" xml:id="l-15"/>haar een rustigen dag gehad – met haar er over gesproken <lb n="16" xml:id="l-16"/>lang en breed – haar uitgelegd ten volle hoe het met <lb n="17" xml:id="l-17"/>mij stond en dat ik weg <hi rend="ital">moet</hi> voor mijn werk <lb n="18" xml:id="l-18"/>en een jaar <hi rend="ital">moet</hi> hebben van weinig uitgeven en wat <lb n="19" xml:id="l-19"/>verdienen om ’t gepasseerde<c type="kk">/</c> dat me wat te zwaar was<c type="kk">/</c> <lb n="20" xml:id="l-20"/>in te halen. Dat ik voorzag dat als ik met haar <lb n="21" xml:id="l-21"/>bleef ik haar toch niet zou kunnen helpen meer over <lb n="22" xml:id="l-22"/>korten tijd<c type="kk">/</c> en dan alweer in schuld raken hier waar <lb n="23" xml:id="l-23"/>het duur is<c type="kk">/</c> en er niet meer uit kunnen.</ab><lb n="24" xml:id="l-24"/>
<ab rend="indent">Zoo dat kortom zij en ik wijs moesten zijn en <lb n="25" xml:id="l-25"/>van elkaar gaan als vrienden. Dat zij van haar <lb n="26" xml:id="l-26"/>familie moet gedaan krijgen die de kinderen <lb n="27" xml:id="l-27"/>opnemen en dat zij moet gaan dienen.</ab><lb n="28" xml:id="l-28"/>
<ab rend="indent">Nu<c type="kk">/</c> het is zoo duidelijk dat ik het hier moeielijk <lb n="29" xml:id="l-29"/>zou kunnen houden<c type="kk">/</c> dat zij het ook wel begrijpt. <lb n="30" xml:id="l-30"/>En zoo is onze afspraak wij<c type="kk">/</c> op dit moment <lb n="31" xml:id="l-31"/>beiden in den brand zittende en het erger makende <lb n="32" xml:id="l-32"/>door bij elkaar te blijven<c type="kk">/</c> zullen scheiden voor <lb n="33" xml:id="l-33"/>een tijd of voor altijd<c type="kk">/</c> zoo als het loopt.</ab><lb n="34" xml:id="l-34"/>
<ab rend="indent">Ik zeg er bij “of voor altijd” omdat zij voor <lb n="35" xml:id="l-35"/>haar kinderen<c type="kk">/</c> ik voor mijn werk een reden <lb n="36" xml:id="l-36"/>hebben om te <hi rend="ital">moeten</hi> leven quand bien même en <lb n="37" xml:id="l-37"/>dingen zullen moeten doen tegen onzen <lb n="38" xml:id="l-38"/>zin en – misschien niet zoo goed zullen <lb n="39" xml:id="l-39"/><hi rend="ital">kunnen</hi> zijn als we zouden willen.</ab>
<pb f="1v" n="2" xml:id="pb-orig-1v-2" facs="#zone-pb-1v-2"/><lb n="40" xml:id="l-40"/>
<ab rend="indent">Ik heb tot haar gezegd<c type="kk">/</c> gij zult er wel <lb n="41" xml:id="l-41"/>niet kunnen komen geheel regt maar ga <lb n="42" xml:id="l-42"/>zoo regt mogelijk<c type="kk">/</c> ik zal ook zoo regt mogelijk <lb n="43" xml:id="l-43"/>gaan maar weet vooruit ik verre van <lb n="44" xml:id="l-44"/>geheel goed het er af zal brengen in ’t leven. <lb n="45" xml:id="l-45"/>Dus zeg ik<c type="kk">/</c> zoolang ik maar wete dat gij <lb n="46" xml:id="l-46"/>Uw best doet en niet <hi rend="ital">alles</hi> loslaat en <lb n="47" xml:id="l-47"/>goed zijt voor de kinderen zoo als gij weet <lb n="48" xml:id="l-48"/>ik er ook goed voor ben geweest – als ge maar <lb n="49" xml:id="l-49"/>zòò doet dat de kinderen bij U<c type="kk">/</c> al zijt ge <lb n="50" xml:id="l-50"/>maar een arme dienstmeid<c type="kk">/</c> al zijt <lb n="51" xml:id="l-51"/>ge maar een arme hoer<c type="kk">/</c> toch een <lb n="52" xml:id="l-52"/><hi rend="sc">Moeder</hi> vinden – zijt en blijft ge <lb n="53" xml:id="l-53"/>met al den bliksemschen troep fouten <lb n="54" xml:id="l-54"/>in mijn oog <hi rend="ital">goed</hi>. En ik<c type="kk">/</c> ofschoon ik <lb n="55" xml:id="l-55"/>geen oogenblik twijfel of heb soortgelijke <lb n="56" xml:id="l-56"/>agrementen<c type="kk">/</c> zal niet anders worden <lb n="57" xml:id="l-57"/>hoop ik dan zoo als ik was<c type="kk">/</c> in zoover <lb n="58" xml:id="l-58"/>dat ik geen vrouw met een dikken buik <lb n="59" xml:id="l-59"/>of in de rats zal zien<c type="kk">/</c> of ik <lb n="60" xml:id="l-60"/>zal er ’t mijne van denken en doen <lb n="61" xml:id="l-61"/>wat ik er in doen kan als ’t in mijn weg komt.– <lb n="62" xml:id="l-62"/>Als het met U, zeg ik, zoo gesteld was als <lb n="63" xml:id="l-63"/>toen ik U vond<c type="kk">/</c> wel ge zoudt bij mij een t’huis <lb n="64" xml:id="l-64"/>hebben – een schuilplaats voor den storm – zoolang ik een stuk brood en een dak heb<c type="kk">/</c> maar <lb n="65" xml:id="l-65"/>nu is ’t zoo niet en de storm voorbij<c type="kk">/</c> ge kunt geloof <lb n="66" xml:id="l-66"/>ik een regten weg maken voor Uw voeten<anchor n="1" xml:id="note-o-1"/> zonder mij<c type="kp">_</c>– <lb n="67" xml:id="l-67"/>Welnu ge moet dat probeeren<c type="kp">_</c></ab><lb n="68" xml:id="l-68"/>
<ab rend="indent">Ik voor mij zal me ook een regten weg voor <lb n="69" xml:id="l-69"/>de voeten zien te maken<c type="kk">/</c> ik moet hard <lb n="70" xml:id="l-70"/>werken en doe gij dat ook. Zoo op die manier <lb n="71" xml:id="l-71"/>heb ik er over gesproken<c type="kp">_</c></ab>
<pb f="1v" n="3" xml:id="pb-orig-1v-3" facs="#zone-pb-1v-3"/><lb n="72" xml:id="l-72"/>
<ab rend="indent">Och broer gij ziet het wel<c type="kk">/</c> wij zouden niet van <lb n="73" xml:id="l-73"/>elkaar gaan als we niet moesten. Ik zeg U<c type="kk">/</c> we zouden <lb n="74" xml:id="l-74"/>niet van elkaar gaan als we niet moesten<c type="kp">_</c>– Hebben <lb n="75" xml:id="l-75"/>we elkaars fouten niet telkens vergeven en weer <lb n="76" xml:id="l-76"/>opgemaakt. Wij kennen elkaar zóó dat wij elkaar <lb n="77" xml:id="l-77"/>niet slecht meer kunnen vinden<c type="kp">_</c> Of het liefde is <lb n="78" xml:id="l-78"/>weet ik niet maar wat er tusschen ons is<c type="kk">/</c> is er tusschen <lb n="79" xml:id="l-79"/>ons<c type="kp">_</c></ab><lb n="80" xml:id="l-80"/>
<ab rend="indent">Betreffende ’t moeten<c type="kp">_</c>–  Ziet ge<c type="kk">/</c> ik wil ook <lb n="81" xml:id="l-81"/>niet in scharrelen vervallen<c type="kk">/</c> ik wil doorwerken<c type="kk">/</c> <lb n="82" xml:id="l-82"/>regt door – krachtig – doen wat gedaan moet <lb n="83" xml:id="l-83"/>worden in zake schilderen<c type="kp">_</c>– Dat<c type="kk">/</c> weet ik<c type="kk">/</c> <lb n="84" xml:id="l-84"/>kan ik niet verkeerd aan doen – dat wil zeggen<c type="kk">/</c> <lb n="85" xml:id="l-85"/>ik weet niet <hi rend="ital">hoe</hi> het zal uitkomen voor haar <lb n="86" xml:id="l-86"/>of voor mij als ik flink doorzet maar zeker <lb n="87" xml:id="l-87"/>zal het <hi rend="ital">beter</hi> uitkomen <lb n="88" xml:id="l-88"/>als ik desnoods <lb n="89" xml:id="l-89"/>alleen mij een eind verder sabel dan dat wij <lb n="90" xml:id="l-90"/>beiden in <hi rend="ital">stagnatie</hi> zouden vervallen door te <lb n="90a" xml:id="l-90a"/>blijven bij elkaar als we in elkaars wielen rijden.</ab><lb n="91" xml:id="l-91"/>
<ab rend="indent">Nu kom ik terug op wat Drenthe betreft. <lb n="92" xml:id="l-92"/>Denk er eens over of gij een weg ziet voor <lb n="93" xml:id="l-93"/>mij om geld te krijgen voor mij alleen er heen te gaan. Desnoods <lb n="94" xml:id="l-94"/>kan ik, stel ik me voor, de meubels hier laten<c type="kk">/</c> ergens een hoek zolder <lb n="94a" xml:id="l-94a"/>huren van mijn huisbaas<c type="kp">_</c></ab><lb n="95" xml:id="l-95"/>
<ab rend="indent">Maar ik wil af hoe eer hoe liever van mijn zware huishuur <lb n="96" xml:id="l-96"/>vooreerst<c type="kk">/</c> begrijpt ge<c type="kk">/</c> en ik wil naar ginder hoe eer <lb n="97" xml:id="l-97"/>hoe liever. Ik heb het noodig om te vorderen<c type="kk">/</c> Drenthe<c type="kk">/</c> <lb n="98" xml:id="l-98"/>Katwijk<c type="kk">/</c><anchor n="2" xml:id="note-o-2"/> Brabant<c type="kk">/</c> ’t kan me niet schelen<c type="kk">/</c> een tijd te <lb n="99" xml:id="l-99"/>zijn bij een boer of zoo<c type="kk">/</c> geheel<c type="kk">/</c> geheel wijd weg buiten<c type="kk">/</c> <lb n="100" xml:id="l-100"/>wijd weg in zoover de natuur echt moet zijn.</ab><lb n="101" xml:id="l-101"/>
<ab rend="indent">En dan moet ik veel schilderen en iets meer <lb n="102" xml:id="l-102"/>aan schilderbehoeften kunnen besteden.</ab><lb n="103" xml:id="l-103"/>
<ab rend="indent">Ik heb met v.d. Weele alles nog eens besproken<c type="kk">/</c> <lb n="104" xml:id="l-104"/>hij is een middag op ’t atelier geweest<c type="kk">/</c> heeft <lb n="105" xml:id="l-105"/>mijn studies een voor een gezien<c type="kk">/</c> wij hebben <lb n="106" xml:id="l-106"/>toen verscheidenen er van verschilderd zamen <lb n="107" xml:id="l-107"/>om mij dingen te wijzen van techniek<c type="kp">_</c>– Enfin <lb n="108" xml:id="l-108"/>hij heeft me nuttige dingen gewezen. Verder<c type="kk">/</c> voor <lb n="109" xml:id="l-109"/>ik ga<c type="kk">/</c> dezer dagen dus<c type="kk">/</c> zal hij nog wat van <lb n="110" xml:id="l-110"/>zijn tijd geven om me een &amp; ander te zeggen.</ab>
<pb f="1r" n="4" xml:id="pb-orig-1r-4" facs="#zone-pb-1r-4"/><lb n="111" xml:id="l-111"/>
<ab rend="indent">Wisselingh is ook een morgen bij me geweest<c type="kp">_</c> <lb n="112" xml:id="l-112"/>Heel gezellig – hij zeide ik was verder <lb n="113" xml:id="l-113"/>dan hij gedacht had<c type="kp">_</c>– We hebben zamen koffij <lb n="114" xml:id="l-114"/>gedronken en over oude tijden gepraat<c type="kp">_</c> <lb n="115" xml:id="l-115"/>Hij gaf me veel moed en v.d. Weele ook<c type="kp">_</c> <lb n="116" xml:id="l-116"/>Maar het schilderen kan niet ontweken worden<c type="kk">/</c> <lb n="117" xml:id="l-117"/>ik moet – laat ik het nu maar eens <lb n="118" xml:id="l-118"/>ronduit zeggen – zien dat ik een honderttal <lb n="119" xml:id="l-119"/>flinke studies schilder. Ziet ge<c type="kk">/</c> <hi rend="ital">doorzetten</hi> <lb n="120" xml:id="l-120"/>er mee<c type="kp">_</c> En die studies moeten praktische <lb n="121" xml:id="l-121"/>motieven zijn ook. brokken natuur met karakter. <lb n="122" xml:id="l-122"/>Wisselingh zal wel eens wat van mij <lb n="123" xml:id="l-123"/>nemen<c type="kk">/</c> misschien reeds spoedig<c type="kk">/</c> en <lb n="124" xml:id="l-124"/>ik heb met hem afgesproken ik dezen herfst <lb n="125" xml:id="l-125"/>reeds of tegen den winter<c type="kk">/</c> enfin als ik een poosje <lb n="126" xml:id="l-126"/>geheel buiten zal zijn geweest<c type="kk">/</c> hem wat hoop te zenden. <lb n="127" xml:id="l-127"/>en daarmee voort te gaan<c type="kp">_</c> Zoo dat hij op de hoogte blijft van <lb n="128" xml:id="l-128"/>wat ik uitvoer<c type="kk">/</c> of hij er al dan niet van neemt<c type="kp">_</c></ab><lb n="129" xml:id="l-129"/>
<ab rend="indent">Ik heb hem gezegd<c type="kk">/</c> schrijf me over wat ik U zenden zal en dan zal ik <lb n="130" xml:id="l-130"/>in dat genre doorzetten waar gij denkt iets mee te kunnen doen.</ab><lb n="131" xml:id="l-131"/>
<ab rend="indent">Betreffende C.M.<c type="kk">/</c> ik stuurde hem meer dan 20 studies<c type="kk">/</c> zoo <lb n="132" xml:id="l-132"/>geloof ik hij – bovendien later kunnende inruilen – niet <lb n="133" xml:id="l-133"/>malcontent zal zijn.<anchor n="3" xml:id="note-o-3"/></ab><lb n="134" xml:id="l-134"/>
<ab rend="indent">Daar gij zelf niet over hebt zoo wilde ik U in bedenking geven hem <lb n="135" xml:id="l-135"/>eens de zaak bloot te leggen dat het goed zou zijn ik naar buiten <lb n="136" xml:id="l-136"/>kon en eens flink doorschilderen<c type="kp">_</c> Dat wij zullen zien het <lb n="137" xml:id="l-137"/>zonder zijn hulp er af te brengen<c type="kk">/</c> maar dat als het eens moest <lb n="138" xml:id="l-138"/>het zooveel helpen zoude als hij niet geheel zich er buiten <lb n="139" xml:id="l-139"/>hield in ’t vervolg. Gij ziet<c type="kk">/</c> er is wel mogelijkheid op wij er nu toe <lb n="140" xml:id="l-140"/>raken toe te komen met het gewone en toch te doen <lb n="141" xml:id="l-141"/>wat het werk vordert<c type="kk">/</c> ook wat schilderen betreft. Bij een boer in Drenthe <lb n="142" xml:id="l-142"/>betaalt men iets van f<c type="kp">_</c> 1 per dag voor logies en kost. De vrouw wou ik wel  <lb n="143" xml:id="l-143"/>aanvankelijk een oogje op houden zooveel ik kan met wat bij te passen<c type="kk">/</c> <lb n="144" xml:id="l-144"/>maar toch de zorg zal verminderen en het atelier moet dan <lb n="145" xml:id="l-145"/>een tijd opgegeven worden. Den boel geborgen in een hoek zolder <lb n="146" xml:id="l-146"/>tot betere tijden. En dan zonder baggage<c type="kk">/</c> zonder gezelschap op reis <lb n="147" xml:id="l-147"/>voor studie. Schrijf mij nu eens spoedig hoe gij denkt over <lb n="148" xml:id="l-148"/>een en ander<c type="kk">/</c> ik wou gij dadelijk eens schreeft als ge dezen <lb n="149" xml:id="l-149"/>gelezen hebt hoe gij denkt over een en ander. Ik voor mij ga morgen <lb n="150" xml:id="l-150"/>mijn huur opzeggen en afspreken ik desnoods mijn boeltje hier <lb n="151" xml:id="l-151"/>ergens bergen kan. De vrouw gaat op een dienst uit. En ondertusschen <lb n="152" xml:id="l-152"/>werk ik wat ik kan<c type="kp">_</c> Betreffende een plan om ergens heen te gaan<c type="kk">/</c> ik wacht <lb n="153" xml:id="l-153"/>Uw schrijven af en wij zullen zien wat we doen kunnen daarna<c type="kp">_</c> Ik hoop <lb n="154" xml:id="l-154"/>het een weg is om er boven op te komen. adieu kerel<c type="kk">/</c> heb ’t zoo goed mogelijk<c type="kk">/</c> <lb n="155" xml:id="l-155"/>heb wat voorspoed met de zaken. geloof me</ab>
<vg:whiteline/><lb n="155*" xml:id="l-155s"/>
<ab>t. à t<c type="kp">_</c></ab><lb n="156" xml:id="l-156"/>
<ab>Vincent.</ab>
<vg:whiteline/>
<div type="textualNotes">
<note target="l-7" n="7">staan – &lt; staan</note>
<note target="l-34" n="34">“of voor altijd” &lt; of voor altijd</note>
<note target="l-52" n="52">vinden – &lt; vinden</note>
<note target="l-80" n="80">Betreffende &lt; Betreffen</note>
<note target="l-83" n="83">Dat<c type="kk">/</c> &lt; <hi rend="ital">It is also possible that </hi>‘Dat’ <hi rend="ital">should be read as the object of </hi>‘weet’.</note>
<note target="l-118" n="118">zeggen – &lt; zeggen</note></div></div>
<div type="translation">
<pb f="1r" n="1" xml:id="pb-trans-1r-1" facs="#zone-pb-1r-1"/>
<ab>My dear Theo,</ab>
<ab>Accept my thanks for your letter and the enclosure. I want to answer it today. What you write may be true — as we’ve already discussed — as I’ve thought to myself more than once, both before and since then — that if the <rs type="pers" key="463">woman</rs> were obliged to do without me — to stand on her own feet — she would follow a straighter course. Since she has 2 <rs type="pers" key="466 467">children</rs>, however, it’s a very difficult case, but what can I say? In the given situation it’s something that she herself makes necessary, and <hi rend="ital">the circumstances make much more necessary</hi>. I underline this last.</ab>
<ab rend="indent">Do you know what I’ve done? Today I had a quiet day with <rs type="pers" key="463">her</rs> — talked with her about it at great length — explained fully what my position was and how I <hi rend="ital">must</hi> go for my work and <hi rend="ital">must</hi> have a year with few outgoings and earn something to make up for what had passed, which had been rather too much for me. That I foresaw that if I stayed with her, I soon wouldn’t be able to help her any more and would then get into debt again here, where it’s expensive, and be unable to get out of it.</ab>
<ab rend="indent">So in short <rs type="pers" key="463">she</rs> and I must be sensible and part as friends. That she’d have to get her family to take the children in, and that she must go into service.</ab>
<ab rend="indent">Well, it’s so clear that it’s impossible for me to carry on here that <rs type="pers" key="463">she</rs> too understands. And so our agreement is that, both of us being in a fix at the moment, and making it worse by staying together, we’ll separate for a while or forever, depending on how things turn out.</ab>
<ab rend="indent">I say ‘or forever’ because we have reasons for <hi rend="ital">having</hi> to live nonetheless, <rs type="pers" key="463">she</rs> in her children and I in my work, and shall have to do things we don’t like — and shall perhaps not be <hi rend="ital">able</hi> to be as good as we would wish.
<pb f="1v" n="2" xml:id="pb-trans-1v-2" facs="#zone-pb-1v-2"/></ab>
<ab rend="indent">I said to <rs type="pers" key="463">her</rs>, you may not be able to manage by going entirely straight, but go as straight as possible, I too shall go as straight as possible, but be assured in advance that I’ll do far from well in life. So I say, as long as I know that you’re doing your best and not letting <hi rend="ital">everything</hi> go and are good to the children, just as you know I too have been good to them — as long as you behave in a way that the <rs type="pers" key="466 467">children</rs> still find a <hi rend="sc">Mother</hi> in you, even if you’re only a poor maidservant, even if you’re only a poor whore — in my eyes you are and will remain <hi rend="ital">good</hi>, with the whole damned host of faults. And I, though I don’t doubt for a moment that I have similarly attractive points, will be no different, I hope, from how I was, in that I won’t be able to see a woman with a big belly or in a stew without drawing my own conclusions about it and doing what I can if she crosses my path. If you were in the same state, I say, as when I found you, you would have a home with me — a shelter from the storm — as long as I had a crust of bread and a roof, but it isn’t like that now and the storm has passed, I believe you can now make a straight path for your feet<anchor n="1" xml:id="note-t-1"/> without me. Well, you must try.</ab>
<ab rend="indent">For my part I’ll also make a straight path for my feet, I must work hard, and you should too. That’s how I talked about it.
<pb f="1v" n="3" xml:id="pb-trans-1v-3" facs="#zone-pb-1v-3"/></ab>
<ab rend="indent">Ah, brother, you see that we wouldn’t have parted if we didn’t have to. I repeat, we wouldn’t have parted if we didn’t have to. Haven’t we forgiven each other’s faults time after time and made up again? We know each other so well that we can’t think each other bad. I don’t know whether it’s love, but what there is between us is between us.</ab>
<ab rend="indent">As regards having to. You see, I don’t want to lapse into scraping by, I want to keep on working, straight ahead — vigorously — do what must be done by way of painting. I know that it can’t be wrong to do that — that’s to say, I don’t know <hi rend="ital">how</hi> it will turn out for <rs type="pers" key="463">her</rs> or for me if I keep on working hard, but it will certainly turn out <hi rend="ital">better</hi> if I keep hewing away on my own, if need be, than if we both lapse into <hi rend="ital">stagnation</hi> by staying together when we get in each other’s way.</ab>
<ab rend="indent">I come back now to Drenthe. Think about whether you see a way for me to get money to go there on my own. If need be, I imagine, I can leave the furniture here, and rent a corner of an attic somewhere from my landlord.</ab>
<ab rend="indent">But first I want to be rid of the burden of my house rent, the sooner the better, you understand, and I want to go over there, the sooner the better. I need it to make progress. Drenthe, Katwijk,<anchor n="2" xml:id="note-t-2"/> Brabant, I don’t mind. To stay for a time with a farmer or someone, far, far away in the country, far enough away for nature there to be real.</ab>
<ab rend="indent">And then I must paint a lot and be able to spend a little more on painting materials.</ab>
<ab rend="indent">I discussed everything again with <rs type="pers" key="1440">Van der Weele</rs>. He spent an afternoon at the studio and saw my studies one by one. Together we repainted several of them to show me some things to do with technique. Anyway, he showed me some useful things. Also, before I go, in the next few days in other words, he’ll give some more of his time to tell me a thing or two.
<pb f="1r" n="4" xml:id="pb-trans-1r-4" facs="#zone-pb-1r-4"/></ab>
<ab rend="indent"><rs type="pers" key="821">Wisselingh</rs>, too, came for a morning. Very pleasant — he said I had got further than he expected. We had coffee together and talked about old times. He gave me great encouragement, and <rs type="pers" key="1440">Van der Weele</rs> did too. But there’s no getting away from painting. I must — let me say it plainly for once — try to paint about a hundred substantial studies. You see, <hi rend="ital">persevering </hi>with them. And these studies must be practical subjects too. Fragments of nature with character. <rs type="pers" key="821">Wisselingh</rs> will take something from me now and again, perhaps soon, and I’ve agreed with him that as early as this autumn or towards the winter, anyway when I’ve been in the country for a while, I hope to send him something. And to continue doing that. So that he’ll be abreast of what I’m doing, whether or not he takes anything.</ab>
<ab rend="indent">I said to him, write to me about what I send you, and then I’ll continue in the genre that you think you can do something with.</ab>
<ab rend="indent">As for <rs type="pers" key="422">C.M.</rs>, I sent him more than 20 studies, so I don’t think he’ll be dissatisfied — moreover, he can exchange them later.<anchor n="3" xml:id="note-t-3"/></ab>
<ab rend="indent">Given that you have nothing to spare, I would ask you to consider putting the case to him — that it would be good if I could go to the country and do a lot of painting. That we’ll try to manage without his aid, but that when necessary it would be such a help if he didn’t stay out of it completely in future. You see, there’s a possibility that we’ll now be able to manage with the usual and still be able to do what the work demands, in painting as well. At a farmer’s in Drenthe one pays about 1 guilder a day for board and lodging. I would like to keep an eye on the <rs type="pers" key="463">woman</rs> in the beginning as far as I can, and contribute something, but still the care will be reduced, and the studio will have to be given up for a time. The things stored in a corner of an attic until better times. And then without baggage, without company, off on an excursion to study. Write to me soon and tell me what you think about one thing and another, I want you to write immediately when you’ve read this and say what you think about one thing and another. For my part, I’m going to give my <rs type="pers" key="812">landlord</rs> notice tomorrow and arrange to store my things somewhere here, if need be. The woman is going to look for a position in service. And meanwhile I do what work I can. As for a plan of where to go, I’ll wait for your letter, and after that we’ll see what we can do. I hope it will be a way of getting back on my feet. Adieu, old chap, I wish you the very best, I hope the business prospers. Believe me</ab>
<vg:whiteline/>
<ab>Ever yours,</ab>
<ab>Vincent.</ab></div>
<div type="notes">
<note n="1" xml:id="n-1" target="#note-t-1">
<ab>Cf. <bibleref xmlns="http://www.vangoghletters.org/ns/" book="Heb" chap="12" v="13">Heb. 12:13</bibleref>.</ab></note>
<note n="2" xml:id="n-2" target="#note-t-2">
<ab>As well as the two provinces mentioned, the coastal town of Katwijk was popular with painters. </ab></note>
<note n="3" xml:id="n-3" target="#note-t-3">
<ab>Theo had mediated to put <rs type="pers" key="422">Uncle Cor</rs> and Vincent back in touch; <ref target="let378.xml">see letter 378</ref>.</ab></note></div></body></text></TEI>
