<?xml version="1.0" encoding="UTF-8"?>
<!-- Last Changed Date: 2018-07-18 12:32:41 +0200 (Wed, 18 Jul 2018) | SVN Revision: 2206 -->
<!--Licensed under Attribution-NonCommercial-ShareAlike 4.0 International (CC BY-NC-SA 4.0)-->
<?xml-model href="https://xmlschema.huygens.knaw.nl/vgodd.rng" type="application/xml" schematypens="http://relaxng.org/ns/structure/1.0"?>
<TEI xmlns:vg="http://www.vangoghletters.org/ns/" xmlns="http://www.tei-c.org/ns/1.0">
<teiHeader xmlns:xsi="http://www.w3.org/2001/XMLSchema-instance"><fileDesc>
<titleStmt>
<title>To Theo van Gogh. The Hague, on or about Saturday, 21 April 1883. </title>
<editor>Leo Jansen</editor>
<editor>Hans Luijten</editor>
<editor>Nienke Bakker</editor></titleStmt>
<publicationStmt>
<publisher><name>Huygens Instituut voor Nederlandse Geschiedenis (KNAW)</name><email>info@huygens.knaw.nl</email></publisher>
<publisher>Van Gogh Museum</publisher>
<pubPlace>Amsterdam</pubPlace>
<date type="first" when="2009">2009</date>
<availability status="restricted">
<licence target="http://creativecommons.org/licenses/by-nc-sa/4.0/ https://creativecommons.org/licenses/by-nc-sa/4.0/legalcode">
<p>Attribution-NonCommercial-ShareAlike 4.0 International (CC BY-NC-SA 4.0) </p></licence></availability>
<ptr target="http://vangoghletters.org/orig/let337"/></publicationStmt><sourceDesc><vg:letDesc><vg:letIdentifier>
<idno type="jlb">337</idno>
<idno type="collectedletters">280</idno>
<idno type="brieven1990">339</idno></vg:letIdentifier><vg:letHeading><author>Vincent van Gogh</author><vg:addressee>Theo van Gogh</vg:addressee><vg:placeLet>The Hague</vg:placeLet><vg:dateLet>on or about Saturday, 21 April 1883</vg:dateLet></vg:letHeading><vg:letContents>
<p>To Theo van Gogh. The Hague, on or about Saturday, 21 April 1883. </p>
<note type="ongoingTopic" n="1">
<p>Theo’s love for the ailing Marie <ref target="let300.xml">(300)</ref></p></note>
<note type="ongoingTopic" n="2">
<p>Alterations to the studio windows <ref target="let317.xml">(317)</ref></p></note></vg:letContents>
<note type="sourceStatus" xml:id="sourceStatus">
<p>Original manuscript</p></note>
<note type="location" xml:id="location">
<p>Amsterdam, Van Gogh Museum, inv. no. b303 V/1962</p></note>
<note type="date" xml:id="date">
<p>The letter comes after <ref target="let336.xml">letter 336</ref> of on or about Wednesday, 11 April 1883 because Theo must have responded to Vincent’s remarks about the widow of Frans Soek and her mother in <ref target="let336.xml">letter 336</ref>. Since Vincent says thanks for the money received, it must be assumed that this was the next remittance, that of 20 April. We therefore date the letter on or about Saturday, 21 April 1883. </p></note></vg:letDesc></sourceDesc></fileDesc></teiHeader>
<facsimile xmlns:xsi="http://www.w3.org/2001/XMLSchema-instance">
<surface n="b 0303" xml:id="surf-pb-1r"><graphic mimeType="image/tiff" url="VGM001000380_01.TIF" rend="norend"/><graphic mimeType="image/tiff" url="VGM001000380_01_n.tif" rend="norend"/><graphic mimeType="image/jpeg" url="VGM001000380_01_nt.jpg" height="50px" rend="thumbnail"/><zone xml:id="zone-pb-1r-1">
<graphic mimeType="image/tiff" url="VGM001000380_01_nR.tif" rend="norend"/><graphic mimeType="image/jpeg" url="VGM001000380_01_nRt.jpg" height="50px" rend="thumbnail"/><graphic mimeType="image/png" url="VGM001000380_01_nRf.png" width="380px" rend="facstab"/></zone>
<zone xml:id="zone-pb-1r-4">
<graphic mimeType="image/tiff" url="VGM001000380_01_nL.tif" rend="norend"/><graphic mimeType="image/jpeg" url="VGM001000380_01_nLt.jpg" height="50px" rend="thumbnail"/><graphic mimeType="image/png" url="VGM001000380_01_nLf.png" width="380px" rend="facstab"/></zone>
</surface>
<surface n="b 0303" xml:id="surf-pb-1v"><graphic mimeType="image/tiff" url="VGM001000380_02.TIF" rend="norend"/><graphic mimeType="image/tiff" url="VGM001000380_02_n.tif" rend="norend"/><graphic mimeType="image/jpeg" url="VGM001000380_02_nt.jpg" height="50px" rend="thumbnail"/><zone xml:id="zone-pb-1v-2">
<graphic mimeType="image/tiff" url="VGM001000380_02_nL.tif" rend="norend"/><graphic mimeType="image/jpeg" url="VGM001000380_02_nLt.jpg" height="50px" rend="thumbnail"/><graphic mimeType="image/png" url="VGM001000380_02_nLf.png" width="380px" rend="facstab"/></zone>
<zone xml:id="zone-pb-1v-3">
<graphic mimeType="image/tiff" url="VGM001000380_02_nR.tif" rend="norend"/><graphic mimeType="image/jpeg" url="VGM001000380_02_nRt.jpg" height="50px" rend="thumbnail"/><graphic mimeType="image/png" url="VGM001000380_02_nRf.png" width="380px" rend="facstab"/></zone>
</surface></facsimile><text xmlns:xsi="http://www.w3.org/2001/XMLSchema-instance"><body>
<div type="original">
<pb f="1r" n="1" xml:id="pb-orig-1r-1" facs="#zone-pb-1r-1"/><lb n="1" xml:id="l-1"/>
<ab>Waarde Theo,</ab><lb n="1*" xml:id="l-1s"/>
<ab>Dank voor Uw schrijven<c type="kk">/</c> dank voor het ingeslotene. <lb n="2" xml:id="l-2"/>Uw brief las ik met veel belangstelling. Ik ben blij dat gij <lb n="3" xml:id="l-3"/>juist inziet van welken kant waarschijnlijk moeielijkheden <lb n="4" xml:id="l-4"/>zullen komen. N.l. dat – zonder ’t expres te doen – <lb n="5" xml:id="l-5"/>vrouwen als bij S.<anchor n="1" xml:id="note-o-1"/> (ge zegt teregt ze echter op zich <lb n="6" xml:id="l-6"/>zelf goed zijn) weinig voorzigtig zijn in wat ze zeggen <lb n="7" xml:id="l-7"/>enz. Als ge met een woord spreekt over eene relatie <lb n="8" xml:id="l-8"/>tusschen Uw patient &amp; hare eigene moeder<anchor n="2" xml:id="note-o-2"/> zoo is dat <lb n="9" xml:id="l-9"/>iets waar ik U ook niet mede feliciteer. Ik vrees <lb n="10" xml:id="l-10"/>aan die band zal zij menigmaal <hi rend="ital">achter</hi>uit getrokken <lb n="11" xml:id="l-11"/>worden als gij haar <hi rend="ital">vóóruit</hi>gang zoekt <lb n="12" xml:id="l-12"/>te bewerken. Alleen – het is niets ongewoons<c type="kp">_</c></ab><lb n="13" xml:id="l-13"/>
<ab rend="indent">Het is echter wel eene treurige gedachte dat <lb n="14" xml:id="l-14"/>iets als eene relatie tusschen moeder en dochter <lb n="15" xml:id="l-15"/>een donkeren kant kan hebben. Zoo dat een <lb n="16" xml:id="l-16"/>man die licht liefheeft en het zoekt er fataal door <lb n="17" xml:id="l-17"/>gedwarsboomd kan worden. Door den invloed van <lb n="18" xml:id="l-18"/>moeder en den omgang met vriendinnen – misschien <lb n="19" xml:id="l-19"/>meer dan door iets anders – komt er in de vrouwen <lb n="20" xml:id="l-20"/>soms iets wat men <hi rend="ital">retrograde</hi> noemt<anchor n="3" xml:id="note-o-3"/> en hervormingen <lb n="21" xml:id="l-21"/>in denken en doen – soms noodig en dringend noodig – <lb n="22" xml:id="l-22"/>belemmerd. Ik ben er blij om dat gij met <lb n="23" xml:id="l-23"/>regt voorziet wat misschien U te wachten <lb n="24" xml:id="l-24"/>staat van dien kant maar ik ben er niet blij om <lb n="25" xml:id="l-25"/>dat dit U niet bespaard werd – was de vrouw <lb n="26" xml:id="l-26"/><hi rend="ital">geheel</hi> van haar familie af<c type="kk">/</c> gij zoudt minder <lb n="27" xml:id="l-27"/>bezwaren in de toekomst te wachten hebben geloof ik. 
<pb f="1v" n="2" xml:id="pb-orig-1v-2" facs="#zone-pb-1v-2"/><lb n="28" xml:id="l-28"/>En de moeielijkheid ligt juist daarin dat men <lb n="29" xml:id="l-29"/>onmogelijk precies berekenen kan in welken <lb n="30" xml:id="l-30"/>vorm de bezwaren zullen komen en bij ’t nemen <lb n="31" xml:id="l-31"/>van voorzorgsmaatregelen soms denken moet<c type="kk">/</c> ja <lb n="32" xml:id="l-32"/>maar ’t kan best zijn ik precies tegenovergestelde <lb n="33" xml:id="l-33"/>manoeuvres zal moeten doen.</ab><lb n="34" xml:id="l-34"/>
<ab rend="indent">Er is ergens in eene voorrede van Zola een woord<c type="kk">/</c> <lb n="35" xml:id="l-35"/>ik meen in dezen vorm<c type="kk">/</c> “Ces femmes ne sont cependant <lb n="36" xml:id="l-36"/>pas mauvaises<c type="kk">/</c> l’impossibilité d’une vie droite <lb n="37" xml:id="l-37"/>dans les commérages et les médisances des <lb n="38" xml:id="l-38"/>faubourgs est la cause de leurs fautes &amp; de leurs chûtes”<c type="kp">_</c><anchor n="4" xml:id="note-o-4"/> <lb n="39" xml:id="l-39"/>Als er zooveel ontwikkeling in de vrouw is dat <lb n="40" xml:id="l-40"/>in gedachten en begrippen zij U volgen kan en dus <lb n="41" xml:id="l-41"/>in Uw gemoedsleven deelen kan<c type="kk">/</c> zoo wordt <lb n="42" xml:id="l-42"/>dat een sterke band die veel bezwaren neutraliseert. <lb n="43" xml:id="l-43"/>In het aanknoopen van relaties met haar familie <lb n="44" xml:id="l-44"/>zou ik meenen ’t bezwaar te voorzien was dat <lb n="45" xml:id="l-45"/>men daardoor soms in ’t officieele vervalt (de lui <lb n="46" xml:id="l-46"/>nemen ’t zóó op soms<c type="kk">/</c> zeer indiscreet) waar men <lb n="47" xml:id="l-47"/>meer privé en niet officieel ’t bedoeld had.</ab><lb n="48" xml:id="l-48"/>
<ab rend="indent">Doen &amp; zwijgen zijn niet de bedoelingen <lb n="49" xml:id="l-49"/>van iedereen en sommige oudere &amp; wijzere <lb n="50" xml:id="l-50"/>familieleden vervallen zoo ligt in ’t lawaaimaken <lb n="51" xml:id="l-51"/>dat men er spijt van hebben kan hen <lb n="52" xml:id="l-52"/>gesproken te hebben. Juist ook omdat zij <lb n="53" xml:id="l-53"/>’t niet laten kunnen te intrigueeren en <lb n="54" xml:id="l-54"/>enfin – <hi rend="ital">het zijn waarschijnlijk wolven</hi><c type="kp">_</c><anchor n="5" xml:id="note-o-5"/></ab>
<pb f="1v" n="3" xml:id="pb-orig-1v-3" facs="#zone-pb-1v-3"/><lb n="55" xml:id="l-55"/>
<ab rend="indent">Ik wou we niet zoo ver van elkaar waren<c type="kp">_</c> <lb n="56" xml:id="l-56"/>ik schreef U gisteren meer uitvoerig over sommige moeielijkheden <lb n="57" xml:id="l-57"/>waarmee misschien gij binnenkort te maken zult hebben <lb n="58" xml:id="l-58"/>maar het is ’t gevoel dat ik zelf ook niet weet <lb n="59" xml:id="l-59"/>soms hoe er door te komen dat me terughield van te schrijven<c type="kp">_</c><anchor n="6" xml:id="note-o-6"/> <lb n="60" xml:id="l-60"/>Bovendien ik heb ’t vertrouwen dat liefde waar ze opregt is <lb n="61" xml:id="l-61"/>niet vergaat<c type="kk">/</c> althans dan niet waar tegelijk men <lb n="62" xml:id="l-62"/>met rede handelt. Toch<c type="kk">/</c> ik zou dat ook weer <lb n="63" xml:id="l-63"/>willen doorschrappen omdat het niet juist is. want liefde kan <lb n="64" xml:id="l-64"/>betrekkelijk wel degelijk vergaan – doch er is iets van een <lb n="65" xml:id="l-65"/>kracht van renaissance in de liefde<c type="kp">_</c></ab>
<vg:whiteline/><lb n="66" xml:id="l-66"/>
<ab><hi rend="ital">Ce que l’homme tue</hi><c type="kk">/</c><hi rend="ital"> Dieu le ressucite</hi><c type="kp">_</c><anchor n="7" xml:id="note-o-7"/></ab>
<vg:whiteline/><lb n="67" xml:id="l-67"/>
<ab>V.d. Weele was weer eens bij me<c type="kp">_</c> Misschien kom <lb n="68" xml:id="l-68"/>ik door hem in kennnis met Piet vd<c type="kp">_</c> Velden <lb n="69" xml:id="l-69"/>dien ge zeker wel kent uit zijn boeren- en visschersfiguren.–<anchor n="8" xml:id="note-o-8"/></ab><lb n="70" xml:id="l-70"/>
<ab rend="indent">Ik heb v.d. V. ééns ontmoet en hij maakte toen <lb n="71" xml:id="l-71"/>een goede impressie op mij<c type="kk">/</c> ik dacht aan ’t figuur <lb n="72" xml:id="l-72"/>van Felix Holt de radicaal<c type="kk">/</c> van Eliott.<anchor n="9" xml:id="note-o-9"/> Er is iets breeds <lb n="73" xml:id="l-73"/>en ruws in hem dat mij zeer bevalt – iets <lb n="74" xml:id="l-74"/>van het ruwe van torchon. Een man die <lb n="75" xml:id="l-75"/>de beschaving blijkbaar niet zoekt <lb n="76" xml:id="l-76"/>in uiterlijke dingen doch inwendig veel verder <lb n="77" xml:id="l-77"/>is<c type="kk">/</c> <hi rend="ital">veel veel veel</hi> verder dan de meesten. <lb n="78" xml:id="l-78"/>Enfin hij is een echt artist en ik wou ik hem <lb n="79" xml:id="l-79"/>kende want ik zou hem vertrouwen en ik weet <lb n="80" xml:id="l-80"/>zeker ik van hem zou leeren. En ook al komt het <lb n="81" xml:id="l-81"/>niet door v.d. Weele<c type="kk">/</c> zou ’t niet onmogelijk zijn <lb n="82" xml:id="l-82"/>ik hem eens tegen ’t lijf liep.</ab><lb n="83" xml:id="l-83"/>
<ab rend="indent">Rappard zou verl. Maandag bij me gekomen zijn<c type="kp">_</c> <lb n="84" xml:id="l-84"/>toen werd zijne zuster<anchor n="10" xml:id="note-o-10"/> ziek<c type="kk">/</c> schreef hij<c type="kk">/</c> en kon <lb n="85" xml:id="l-85"/>hij weer niet. Misschien komt hij deze week. </ab><lb n="86" xml:id="l-86"/>
<ab rend="indent">Nu<c type="kk">/</c> tegenwoordig is er geen teekening meer <lb n="87" xml:id="l-87"/>waar ik niet met ’t penseel in werk met de <lb n="88" xml:id="l-88"/>drukinkt.</ab><lb n="89" xml:id="l-89"/>
<ab rend="indent">Ik moet U wel zeggen dat ik wel wat <lb n="90" xml:id="l-90"/>gegeneerd ben in mijn beurs<c type="kp">_</c> dit is zeer zeker <lb n="91" xml:id="l-91"/>niet Uw schuld – maar ’t is mijn schuld ook <lb n="92" xml:id="l-92"/>niet<c type="kp">_</c> hoe ik ook bereken<c type="kk">/</c> ik kan niet meer bezuinigen. 
<pb f="1r" n="4" xml:id="pb-orig-1r-4" facs="#zone-pb-1r-4"/><lb n="93" xml:id="l-93"/>en voor ’t uitvoeren van sommige <lb n="94" xml:id="l-94"/>plannen zou ik meer moeten hebben dan ik over <lb n="95" xml:id="l-95"/>beschikken kan. Begon ik er aan<c type="kk">/</c> ik zou moeten <lb n="96" xml:id="l-96"/>blijven steken. Maar ’t is wel eens iets melankolieks <lb n="97" xml:id="l-97"/>als men denkt<c type="kk">/</c> dit of dat zou ik zoo en zoo kunnen <lb n="98" xml:id="l-98"/>maken<c type="kk">/</c> en te stuiten op de kosten.</ab><lb n="99" xml:id="l-99"/>
<ab rend="indent">Er blijft dan een onvoldane energie in iemand die <lb n="100" xml:id="l-100"/>men zou wenschen niet te behoeven in zich <lb n="101" xml:id="l-101"/>op te sluiten. Toch zeg ik het niet om te klagen – <lb n="102" xml:id="l-102"/>ik ben dankbaar ik<c type="kk">/</c> zij ’t niet zoo krachtig als ik zou <lb n="103" xml:id="l-103"/>willen<c type="kk">/</c> vorderen kan<c type="kp">_</c>– Maar de Engelschen zeggen <lb n="104" xml:id="l-104"/>wel eens<c type="kk">/</c> Time is money<c type="kk">/</c> en ik denk soms onwillekeurig <lb n="105" xml:id="l-105"/>het hard is tijd te zien voorbijgaan waarin dit of dat reeds <lb n="106" xml:id="l-106"/>had kunnen gedaan worden als ik de middelen gehad had. <lb n="107" xml:id="l-107"/>Gij zult begrijpen wat ik bedoel<c type="kk">/</c> ik zou meer willen <lb n="108" xml:id="l-108"/>kunnen besteden nog<c type="kk">/</c> en aan model en aan <lb n="109" xml:id="l-109"/>schilderbehoeften. Al verkoop ik geen een van <lb n="110" xml:id="l-110"/>mijn studies<c type="kk">/</c> toch zijn ze geloof ik waard wat zij <lb n="111" xml:id="l-111"/>aan verschotten<anchor n="a" xml:id="note-o-a"/> kosten. Het atelier is zoo veel beter <lb n="112" xml:id="l-112"/>en bruikbaarder geworden doch ik heb slechts stoom genoeg <lb n="113" xml:id="l-113"/>voor “half speed” en zou “full speed” willen gaan. <lb n="114" xml:id="l-114"/>Nog eens, ik zeg het niet om te klagen, ook niet <lb n="115" xml:id="l-115"/>omdat ik U tot grootere opofferingen zou willen dringen<c type="kk">/</c> <lb n="116" xml:id="l-116"/>gij zijt eigentlijk zelf ook boven uw kracht <lb n="117" xml:id="l-117"/>belast. Maar tot explicatie en om mijn hart eens <lb n="118" xml:id="l-118"/>lucht te geven. Want ge begrijpt dat ik soms <lb n="119" xml:id="l-119"/>zware zorg heb. Enfin roeien met die riemen die er zijn <lb n="120" xml:id="l-120"/>en de dingen die we niet vertillen kunnen met <lb n="121" xml:id="l-121"/>kracht ondermijnen door geduld. Deze week <lb n="122" xml:id="l-122"/>teekende ik een paar liggende figuren<c type="kk">/</c><anchor n="11" xml:id="note-o-11"/> ik zal wel eens <lb n="123" xml:id="l-123"/>figuren van lijken of zieken noodig hebben<c type="kk">/</c> zoowel <lb n="124" xml:id="l-124"/>mannen als vrouwen. Onlangs kwam ik ’t huis van Israels voorbij<anchor n="12" xml:id="note-o-12"/> – ik ben <lb n="125" xml:id="l-125"/>daar nooit binnen geweest – de voordeur stond open daar den gang geschrobd werd – <lb n="126" xml:id="l-126"/>ik zag dingen hangen in den gang en weet ge wat het waren.</ab><lb n="127" xml:id="l-127"/>
<ab rend="indent">de groote Herkomer<c type="kk">/</c> <hi rend="ital">Last muster Sunday at Chelsea</hi><anchor n="13" xml:id="note-o-13"/> en <lb n="128" xml:id="l-128"/>eene phot. naar dat bewuste schij van <hi rend="ital">Roll</hi><c type="kk">/</c> <hi rend="ital">Grève de</hi> <lb n="129" xml:id="l-129"/><hi rend="ital">Charbonniers</hi><c type="kk">/</c> waarover ge U misschien herinnert ik U in der <lb n="130" xml:id="l-130"/>tijd schreef.<anchor n="14" xml:id="note-o-14"/> Ik wist niet dat er eene phot<c type="kp">_</c> van Last muster <lb n="131" xml:id="l-131"/>bestond. Ik heb de groote houtsnee van de twee hoofdfiguren en </ab><lb n="132" xml:id="l-132"/>
<ab>de eerste ruwe schets<c type="kk">/</c> lang vóór ’t sch<hi rend="ss">ij</hi> gemaakt.<anchor n="15" xml:id="note-o-15"/></ab><lb n="133" xml:id="l-133"/>
<ab rend="indent">Nu adieu kerel<c type="kk">/</c> het beste met Uw patient<c type="kk">/</c> voorspoed <lb n="134" xml:id="l-134"/>met het werk.</ab>
<vg:whiteline/><lb n="135" xml:id="l-135"/>
<ab>t. à t.</ab><lb n="136" xml:id="l-136"/>
<ab>Vincent</ab>
<vg:whiteline/>
<div type="textualNotes">
<note target="l-19" n="19">anders – &lt; anders</note>
<note target="l-40" n="40">zij U &lt; U</note>
<note target="l-69" n="69">boeren- en visschersfiguren.– &lt; boeren en visschers figuren.–</note>
<note target="l-125" n="125">geweest – &lt; geweest</note>
<note target="l-125" n="125">werd – &lt; werd</note></div></div>
<div type="translation">
<pb f="1r" n="1" xml:id="pb-trans-1r-1" facs="#zone-pb-1r-1"/>
<ab>My dear Theo,</ab>
<ab>Thanks for your letter, thanks for the enclosure. I read your letter with great interest. I’m glad that you understand correctly from which quarter difficulties will probably come. Namely, that — without meaning to do so — women like S.<anchor n="1" xml:id="note-t-1"/> (you rightly say that they, though, are good in themselves) aren’t very careful about what they say, etc. When, in short, you refer to a relationship between your <rs type="pers" key="508">patient</rs> and her own mother,<anchor n="2" xml:id="note-t-2"/> that isn’t something on which I congratulate you. I fear that she’ll be drawn <hi rend="ital">back</hi>wards many times by that link when you’re trying to bring about <hi rend="ital">for</hi>ward movement. But — it’s nothing unusual.</ab>
<ab rend="indent">It is, however, a sad thought that something like the relationship between mother and daughter can have a dark side. So that a man who loves light and seeks it can be fatally thwarted by it. Through the influence of the mother and mixing with girlfriends — perhaps more than through anything else — something called a <hi rend="ital">retrograde</hi><anchor n="3" xml:id="note-t-3"/><hi rend="ital"> </hi>gets into women sometimes and prevents reforms in their thinking and actions, which are sometimes needed, and urgently needed. I’m glad that you rightly foresee what may lie in store for you from that quarter, but I’m not glad that you weren’t spared this — if the woman had left her family <hi rend="ital">completely</hi>, you could expect fewer problems in the future, I believe. 
<pb f="1v" n="2" xml:id="pb-trans-1v-2" facs="#zone-pb-1v-2"/> And the difficulty is precisely that it’s impossible to calculate exactly what form the problems will take, and that when taking precautionary measures one must sometimes think: yes, but it may well be that I’ll have to perform diametrically opposite manoeuvres. </ab>
<ab rend="indent">Somewhere in a preface by <rs type="pers" key="836">Zola</rs> there are the following words, I believe in this form: ‘Yet these women are not bad, the impossibility of living a straight life in the midst of the gossip and calumny of the suburbs is the cause of their faults and their fall’.<anchor n="4" xml:id="note-t-4"/> If the <rs type="pers" key="508">woman</rs> is sufficiently cultivated to be able to follow you in thoughts and concepts and thus share in your inner life, that will be a strong bond that will neutralize many problems. The problem to be expected in establishing relations with her family, I would think, is that one sometimes lapses into the official as a result (people take it like that sometimes, most indiscreetly), when one meant it to be more private and unofficial.</ab>
<ab rend="indent">Act and be silent is not everyone’s aim, and some older and wiser family members lapse so easily into noise-making that one may regret having spoken to them. Especially because they can’t help intriguing, and anyway — <hi rend="ital">they’re probably wolves</hi>.<anchor n="5" xml:id="note-t-5"/> 
<pb f="1v" n="3" xml:id="pb-trans-1v-3" facs="#zone-pb-1v-3"/></ab>
<ab rend="indent">I wish we weren’t so far apart. I wrote to you yesterday at greater length about some difficulties you may encounter shortly, but I was prevented from writing<anchor n="6" xml:id="note-t-6"/> by the sense that I myself sometimes don’t know how to carry on. Moreover, I have faith that where love is true it doesn’t die, at least not when one acts with reason at the same time. Yet I would like to cross that out as well, because it’s not right. For love can indeed die, in a way — but there’s something like a power of renaissance in love. </ab>
<vg:whiteline/>
<ab><hi rend="ital">What man kills God restores to life</hi>.<anchor n="7" xml:id="note-t-7"/></ab>
<vg:whiteline/>
<ab><rs type="pers" key="1440">Van der Weele</rs> came to see me again. Perhaps through him I’ll make the acquaintance of <rs type="pers" key="1400">Piet van der Velden</rs>, whom you certainly know from his figures of peasants and fishermen.<anchor n="8" xml:id="note-t-8"/> </ab>
<ab rend="indent">I met <rs type="pers" key="1400">Van der V.</rs> once, and he made a good impression on me at the time. I was reminded of the character of Felix Holt the radical by <rs type="pers" key="590">Eliot</rs>.<anchor n="9" xml:id="note-t-9"/> There’s something broad and rough in him that pleases me greatly — something like the roughness of torchon. A man who evidently doesn’t seek civilization in outward things but is much further inwardly, <hi rend="ital">much much much</hi> further than most people. In short, he’s a true artist, and I’d like to get to know him for I would trust him and I’m sure I would learn from him. And if it doesn’t happen through <rs type="pers" key="1440">Van der Weele</rs>, it isn’t impossible that I may bump into him at some point. </ab>
<ab rend="indent"><rs type="pers" key="1306">Rappard</rs> was due to visit me last Monday, then his <rs type="pers" key="1755">sister</rs><anchor n="10" xml:id="note-t-10"/> fell ill, he wrote, and again he couldn’t come. Perhaps he’ll come this week. </ab>
<ab rend="indent">Well, at present there are no drawings in which I don’t work in printer’s ink with a brush. </ab>
<ab rend="indent">I have to say that I’m running a little short. This is certainly not your fault — but it’s not my fault either. Whatever calculations I make, I can’t economize any further. 
<pb f="1r" n="4" xml:id="pb-trans-1r-4" facs="#zone-pb-1r-4"/> And to carry out some plans I would need to have more than I can command. I’d get stuck if I began them. But it’s sometimes a sad thing when one thinks, I could do one thing or another this way or that way, and to come up against the costs. </ab>
<ab rend="indent">Then there remains undischarged energy in a person that one would prefer not to have to shut up inside oneself. Yet I don’t say this to complain — I’m grateful that I can make progress, albeit not as forcefully as I would like. But the English say sometimes: Time is money, and I can’t help thinking on occasion that it’s hard to see time passing in which this or that could have been done if I’d had the means. You will understand what I mean, I would like to be able to spend more, both on models and on painting materials. Even if I don’t sell a single one of my studies, I still believe they’re worth what they cost in outgoings. The studio is so much better and more practical, but I only have enough steam for ‘half speed’ and want to go ‘full speed’. Again, I don’t say this to complain, nor because I want to press you to make greater sacrifices — you’re already overburdened yourself. But in explanation and to open my heart for once. For you’ll understand that sometimes I’m burdened with cares. Still, we must make shift with what we have, and undermine with patience the things we can’t lift with strength. This week I drew a few recumbent figures,<anchor n="11" xml:id="note-t-11"/> I’ll need figures of corpses or sick people eventually, both men and women. I passed by <rs type="pers" key="1107">Israëls</rs>’s house lately<anchor n="12" xml:id="note-t-12"/> — I’ve never been inside it — the front door stood open because the hall was being scrubbed — I saw things hanging in the hall and do you know what they were?</ab>
<ab rend="indent">The large <rs type="pers" key="1080">Herkomer</rs>, <hi rend="ital">Last muster Sunday at Chelsea</hi><anchor n="13" xml:id="note-t-13"/> and a photo<anchor n="b" xml:id="note-t-b"/> after that painting by <hi rend="ital"><rs type="pers" key="1329">Roll</rs>, Miners’ strike</hi>, which you may remember I wrote to you about at the time.<anchor n="14" xml:id="note-t-14"/> I didn’t know there was a photo<anchor n="c" xml:id="note-t-c"/> of Last muster. I have the large woodcut of the two main figures and the first rough sketch, done long before the painting.<anchor n="15" xml:id="note-t-15"/> </ab>
<ab rend="indent">Well, adieu old chap, best wishes for your patient, good fortune with work.</ab>
<vg:whiteline/>
<ab>Ever yours,</ab>
<ab>Vincent</ab></div>
<div type="notes">
<note n="1" xml:id="n-1" target="#note-t-1">
<ab>The widow Soek and her mother; cf. <ref target="let336.xml#n-14">letter 336, n. 14.</ref></ab></note>
<note n="2" xml:id="n-2" target="#note-t-2">
<ab>Neither <rs type="pers" key="508">Marie</rs> nor her mother has been identified.</ab></note>
<note n="3" xml:id="n-3" target="#note-t-3">
<ab>Van Gogh is referring here to <rs type="pers" key="707">Michelet</rs>. In <hi rend="ital"><rs type="lit" key="11">L’amour</rs></hi> he wrote of the married woman: ‘she is almost always brought up by her mother to have reactionary ideas’ (presque toujours elle est élevée par sa mère dans les pensées rétrogrades) (Michelet, <hi rend="ital">L’amour</hi>, p. 167).</ab>
<ab rend="indent">There is a similar passage in <hi rend="ital"><rs type="lit" key="12">La femme</rs></hi> on the danger that a woman can lapse into a ‘reactionary past’ (passé rétrograde). She hinders the progress of her husband, who is stifled by ‘the old family home’ (le vieux foyer de famille) (Michelet 1863, pp. 12-13). Van Gogh expresses this view in similar phrasing in <ref target="let349.xml">letter 349</ref>.</ab></note>
<note n="4" xml:id="n-4" target="#note-t-4">
<ab>Van Gogh is referring here to the following passage from the ‘Préface’ to <rs type="pers" key="836">Zola</rs>’s <hi rend="ital"><rs type="lit" key="255">L’assommoir</rs></hi>, dated 1 January 1877: ‘We must by no means conclude that the people in its entirety is bad, because my characters are not bad, they are merely ignorant, and ruined by the world of harsh toil and misery in which they live.’ (Il ne faut point conclure que le peuple tout entier est mauvais, car mes personnages ne sont pas mauvais, ils ne sont qu’ignorants et gâtés par le milieu de rude besogne et de misère où ils vivent). See Zola 1960-1967, vol. 2, p. 374. Also quoted in <ref target="let379.xml">letter 379</ref>. For the novel, <ref target="let338.xml#n-12">see letter 338, n. 12.</ref></ab></note>
<note n="5" xml:id="n-5" target="#note-t-5">
<ab>Possibly an allusion to ‘Homo homini lupus’ (Man is like a wolf to his fellow man); after Plautus, <hi rend="ital">Asinaria</hi>, 495.</ab></note>
<note n="6" xml:id="n-6" target="#note-t-6">
<ab>Van Gogh appears – in view also of <ref target="#l-62">ll. 62-63</ref> – to mean that he had started a letter but did not send it. </ab></note>
<note n="7" xml:id="n-7" target="#note-t-7">
<ab>Borrowed from <rs type="pers" key="666">Victor Hugo</rs>, <hi rend="ital"><rs type="lit" key="310">Les misérables</rs></hi>, vol. 1, book 1, chapter 4: ‘He whom man kills, God brings back to life; he whom the brothers drive away, find the Father’ (Celui que l’homme tue, Dieu le ressuscite; celui que les frères chassent retrouve le Père). See Hugo 1951, p. 41.</ab></note>
<note n="8" xml:id="n-8" target="#note-t-8">
<ab><rs type="pers" key="1400">Pieter van der Velden</rs> worked in Wassenaar and The Hague between 1875 and 1888 (see Scheen 1981). </ab></note>
<note n="9" xml:id="n-9" target="#note-t-9">
<ab>For the protagonist of <rs type="pers" key="590">George Eliot</rs>’s novel <hi rend="ital"><rs type="lit" key="57">Felix Holt, the radical</rs></hi>, <ref target="let066.xml#n-1">see letter 66, n. 1.</ref></ab></note>
<note n="10" xml:id="n-10" target="#note-t-10">
<ab><rs type="pers" key="1755">Wilhelmina Elisabeth van Rappard</rs>.</ab></note>
    <note n="a" xml:id="n-a" target="#note-o-a">
<ab>Means: ‘onkosten’ (outgoings).</ab></note>
<note n="11" xml:id="n-11" target="#note-t-11">
    <ab>Only one drawing of a recumbent figure is known: <hi rend="ital">Woman on her deathbed</hi> (<rs type="ill" key="3035">F 841 / JH 359</rs>), which will have been one of them. </ab></note>
<note n="12" xml:id="n-12" target="#note-t-12">
<ab><rs type="pers" key="1107">Jozef Israëls</rs> had lived since 1873 in an elegant building with a studio on Koninginnegracht 2 in The Hague. See exhib. cat. Groningen 1999, p. 358.</ab></note>
<note n="13" xml:id="n-13" target="#note-t-13">
    <ab>For <rs type="pers" key="1080">Herkomer</rs>’s <hi rend="ital"><rs type="ill" key="171">The last muster (Sunday at Chelsea hospital</rs></hi> / <hi rend="ital">Chelsea pensioners</hi>), <ref target="let199.xml#n-12">see letter 199, n. 12</ref> and cf. <ref target="let303.xml#n-6">letter 303, n. 6.</ref></ab></note><note n="b" xml:id="n-b" target="#note-t-b"><ab>Van Gogh wrote ‘phot.’ possibly meaning photogravure and not photograph.</ab></note>
<note n="14" xml:id="n-14" target="#note-t-14">
    <ab>For <rs type="pers" key="1329">Alfred Roll</rs>’s <hi rend="ital"><rs type="ill" key="1950">A miners’ strike</rs></hi>, <ref target="let263.xml#n-5">see letter 263, n. 5.</ref> Van Gogh discussed the print at length in <ref target="let272.xml">letter 272</ref>.</ab></note><note n="c" xml:id="n-c" target="#note-t-c"><ab>Van Gogh wrote ‘phot.’ possibly meaning photogravure and not photograph.</ab></note>
<note n="15" xml:id="n-15" target="#note-t-15">
    <ab>Van Gogh evidently means a photograph after the <hi rend="ital">painting</hi> by <rs type="pers" key="1080">Hubert von Herkomer</rs>. We have been unable to confirm that it was on sale at the time. When Herkomer’s painting won a gold medal of honour in 1878 at the International Exhibition in Paris, however, Arthur Turrell did make a mezzotint after the work (for Pilgeram and Lefevre). See Edward Morris, <hi rend="ital">Victorian and Edwardian paintings in the Lady Lever Art Gallery</hi>. London 1994, pp. 50-56, esp. 53. By ‘the large woodcut of the two main figures’ Van Gogh means <hi rend="ital"><rs type="ill" key="1910">The last muster</rs></hi>; for ‘the first rough sketch’ <ref target="let337.xml#n-13">see n. 13</ref>. See also <ref target="let199.xml#n-12">letter 199, n. 12.</ref></ab></note></div></body></text></TEI>
