<?xml version="1.0" encoding="UTF-8"?>
<!-- Last Changed Date: 2018-07-18 12:32:41 +0200 (Wed, 18 Jul 2018) | SVN Revision: 2206 -->
<!--Licensed under Attribution-NonCommercial-ShareAlike 4.0 International (CC BY-NC-SA 4.0)-->
<?xml-model href="https://xmlschema.huygens.knaw.nl/vgodd.rng" type="application/xml" schematypens="http://relaxng.org/ns/structure/1.0"?>
<TEI xmlns:vg="http://www.vangoghletters.org/ns/" xmlns="http://www.tei-c.org/ns/1.0">
<teiHeader xmlns:xsi="http://www.w3.org/2001/XMLSchema-instance"><fileDesc>
<titleStmt>
<title>To Theo van Gogh. The Hague, on or about Monday, 11 June 1883. </title>
<editor>Leo Jansen</editor>
<editor>Hans Luijten</editor>
<editor>Nienke Bakker</editor></titleStmt>
<publicationStmt>
<publisher><name>Huygens Instituut voor Nederlandse Geschiedenis (KNAW)</name><email>info@huygens.knaw.nl</email></publisher>
<publisher>Van Gogh Museum</publisher>
<pubPlace>Amsterdam</pubPlace>
<date type="first" when="2009">2009</date>
<availability status="restricted">
<licence target="http://creativecommons.org/licenses/by-nc-sa/4.0/ https://creativecommons.org/licenses/by-nc-sa/4.0/legalcode">
<p>Attribution-NonCommercial-ShareAlike 4.0 International (CC BY-NC-SA 4.0) </p></licence></availability>
<ptr target="http://vangoghletters.org/orig/let352"/></publicationStmt><sourceDesc><vg:letDesc><vg:letIdentifier>
<idno type="jlb">352</idno>
<idno type="collectedletters">292</idno>
<idno type="brieven1990">354</idno></vg:letIdentifier><vg:letHeading><author>Vincent van Gogh</author><vg:addressee>Theo van Gogh</vg:addressee><vg:placeLet>The Hague</vg:placeLet><vg:dateLet>on or about Monday, 11 June 1883</vg:dateLet></vg:letHeading><vg:physDesc><vg:decoration><vg:decoList xml:id="sketches"><vg:decoItem n="A" xml:id="sketch-1"><vg:decoDesc>
<p>
      <hi rend="ital">Rubbish dump (dung-heap)</hi> (<rs type="sketch" key="97">F - / JH 370</rs>), letter sketch</p></vg:decoDesc></vg:decoItem></vg:decoList></vg:decoration></vg:physDesc><vg:letContents>
<p>To Theo van Gogh. The Hague, on or about Monday, 11 June 1883. </p>
<note type="ongoingTopic" n="1">
<p>Theo’s love for the ailing Marie (<ref target="let300.xml">300</ref>)</p></note>
<note type="ongoingTopic" n="2">
<p>Van Gogh wants to draw inside the Old Men’s and Women’s Home in The Hague <ref target="let351.xml">(351)</ref></p></note></vg:letContents>
<note type="sourceStatus" xml:id="sourceStatus">
<p>Original manuscript</p></note>
<note type="location" xml:id="location">
<p>Amsterdam, Van Gogh Museum, inv. no. b315 V/1962 </p></note>
<note type="date" xml:id="date">
<p>Vincent thanks Theo for the ‘timely consignment’ with the remittance <ref target="#l-98">(l. 98)</ref>, which must have been the second in June. Moreover, some time must have passed between the previous letter to Theo (<ref target="let351.xml">letter 351</ref>) and the present one, because he goes into Theo’s reaction to that letter <ref target="#l-3">(ll. 3-6)</ref>. We have therefore dated the letter on or about Monday, 11 June 1883. </p></note></vg:letDesc></sourceDesc></fileDesc></teiHeader>
<facsimile xmlns:xsi="http://www.w3.org/2001/XMLSchema-instance">
<surface n="b 0315" xml:id="surf-pb-1r"><graphic mimeType="image/tiff" url="VGM001000396_01.TIF" rend="norend"/><graphic mimeType="image/tiff" url="VGM001000396_01_n.tif" rend="norend"/><graphic mimeType="image/jpeg" url="VGM001000396_01_nt.jpg" height="50px" rend="thumbnail"/><zone xml:id="zone-pb-1r-1">
<graphic mimeType="image/tiff" url="VGM001000396_01_nR.tif" rend="norend"/><graphic mimeType="image/jpeg" url="VGM001000396_01_nRt.jpg" height="50px" rend="thumbnail"/><graphic mimeType="image/png" url="VGM001000396_01_nRf.png" width="380px" rend="facstab"/></zone>
</surface>
<surface n="b 0315" xml:id="surf-pb-1v"><graphic mimeType="image/tiff" url="VGM001000396_02.TIF" rend="norend"/><graphic mimeType="image/tiff" url="VGM001000396_02_n.tif" rend="norend"/><graphic mimeType="image/jpeg" url="VGM001000396_02_nt.jpg" height="50px" rend="thumbnail"/><zone xml:id="zone-pb-1v-2">
<graphic mimeType="image/tiff" url="VGM001000396_02_nL.tif" rend="norend"/><graphic mimeType="image/jpeg" url="VGM001000396_02_nLt.jpg" height="50px" rend="thumbnail"/><graphic mimeType="image/png" url="VGM001000396_02_nLf.png" width="380px" rend="facstab"/></zone>
<zone xml:id="zone-pb-1v-3">
<graphic mimeType="image/tiff" url="VGM001000396_02_nR.tif" rend="norend"/><graphic mimeType="image/jpeg" url="VGM001000396_02_nRt.jpg" height="50px" rend="thumbnail"/><graphic mimeType="image/png" url="VGM001000396_02_nRf.png" width="380px" rend="facstab"/></zone>
</surface></facsimile><text xmlns:xsi="http://www.w3.org/2001/XMLSchema-instance"><body>
<div type="original">
<pb f="1r" n="1" xml:id="pb-orig-1r-1" facs="#zone-pb-1r-1"/><lb n="1" xml:id="l-1"/>
<ab>Waarde Theo,</ab><lb n="1*" xml:id="l-1s"/>
<ab>Uw brief &amp; inhoud was me <lb n="2" xml:id="l-2"/>regt welkom, hartelijk dank er voor.</ab><lb n="3" xml:id="l-3"/>
<ab rend="indent">En deed ’t me genoegen te zien ge de dingen <lb n="4" xml:id="l-4"/>bedaard opneemt<c type="kk">/</c> wat trouwens ik dan ook niet <lb n="5" xml:id="l-5"/>anders dacht. ik bedoel betreffende de <lb n="6" xml:id="l-6"/>gemaakte bezwaren.</ab><lb n="7" xml:id="l-7"/>
<ab rend="indent">Nu<c type="kk">/</c> sedert ik laatst schreef heb ik erg getobt op <lb n="8" xml:id="l-8"/>die teekening van den mestvaalt.<anchor n="1" xml:id="note-o-1"/> Het is <lb n="9" xml:id="l-9"/>een prachtig geval<c type="kp">_</c></ab><lb n="10" xml:id="l-10"/>
<ab rend="indent">De eerste teekening er van heeft reeds zoo veel <lb n="11" xml:id="l-11"/>veranderingen ondergaan – nu eens hier wit<c type="kk">/</c> <lb n="12" xml:id="l-12"/>dan weer zwart geweest op verschillende plaatsen – <lb n="13" xml:id="l-13"/>dat ik het overgebragt heb op een tweede papier <lb n="14" xml:id="l-14"/>omdat het eerste te gefatigueerd was<c type="kp">_</c><anchor n="2" xml:id="note-o-2"/> En ben nu daarop <lb n="15" xml:id="l-15"/>op nieuw bezig. Ik moet er s’morgens vroeg <lb n="16" xml:id="l-16"/>voor op want dan zie ik de effekten die ik <lb n="17" xml:id="l-17"/>hebben moet. Kon ik ’t maar zóó krijgen als <lb n="18" xml:id="l-18"/>ik ’t in mijn gedachten heb.</ab><lb n="19" xml:id="l-19"/>
<ab rend="indent">Nu<c type="kk">/</c> die tweede is op de zelfde grootte als de <lb n="20" xml:id="l-20"/>twee vroegeren van de veenderij &amp; zandgraving<anchor n="3" xml:id="note-o-3"/> <lb n="21" xml:id="l-21"/>&amp; kan in de lijst. Op dit moment is er <lb n="22" xml:id="l-22"/>wel effekt in doch ik vrees ik ’t weer bederven <lb n="23" xml:id="l-23"/>zal. Maar daar moet men ook al niet <lb n="24" xml:id="l-24"/>bang voor zijn anders komt men er nooit. <lb n="25" xml:id="l-25"/>En tusschen de bedrijven in heb ik nog een <lb n="26" xml:id="l-26"/>groote studie van eene naaister gemaakt.<anchor n="4" xml:id="note-o-4"/></ab><lb n="27" xml:id="l-27"/>
<ab rend="indent">Maar ik heb eene teleurstelling gehad met het <lb n="28" xml:id="l-28"/>Weeshuis in dit opzigt dat de permissie om er te teekenen <lb n="29" xml:id="l-29"/>mij <hi rend="ital">niet</hi> is gegeven – er waren<c type="kk">/</c> zeide men<c type="kk">/</c> geen <lb n="30" xml:id="l-30"/>antecedenten van dien aard en bovendien ging <lb n="31" xml:id="l-31"/>men schoonmaken en nieuwe vloeren leggen in <lb n="32" xml:id="l-32"/>de zalen. Enfin dit is nu zoo erg niet want <lb n="33" xml:id="l-33"/>er zijn meer weeshuizen<c type="kk">/</c> alleen in <hi rend="ital">dit</hi> ken ik <lb n="34" xml:id="l-34"/>een man die ik geregeld tot model heb en dat <lb n="35" xml:id="l-35"/>zou me ’t maken van schetsen gemakkelijker hebben <lb n="36" xml:id="l-36"/>gemaakt.<anchor n="5" xml:id="note-o-5"/></ab>
<pb f="1v" n="2" xml:id="pb-orig-1v-2" facs="#zone-pb-1v-2"/><lb n="37" xml:id="l-37"/>
<ab rend="indent">Verl. winter zag ik ’t Oude mannenhuis <lb n="38" xml:id="l-38"/>te Voorburg.<anchor n="6" xml:id="note-o-6"/> Natuurlijk kleiner <lb n="39" xml:id="l-39"/>maar haast nog typiger.</ab><lb n="40" xml:id="l-40"/>
<ab rend="indent">Toen op dien dag<c type="kk">/</c> ’t was tegen den avond<c type="kk">/</c> <lb n="41" xml:id="l-41"/>zaten de oudjes op banken &amp; stoelen <lb n="42" xml:id="l-42"/>rond een oude kolomkagchel<c type="kk">/</c> heel <lb n="43" xml:id="l-43"/>echt.</ab><lb n="44" xml:id="l-44"/>
<ab rend="indent">Misschien ga ik dat te Voorburg probeeren <lb n="45" xml:id="l-45"/>nu ik hier niet teregt kan.</ab><lb n="46" xml:id="l-46"/>
<ab rend="indent">Was ook een dag op Schevening &amp; <lb n="47" xml:id="l-47"/>zag daar een mooi geval van kerels <lb n="48" xml:id="l-48"/>met een wagen vol netten die getaand<anchor n="a" xml:id="note-o-a"/> <lb n="49" xml:id="l-49"/>waren &amp; op de duinen werden uitgespreid<c type="kp">_</c> <lb n="50" xml:id="l-50"/>Ik zal dat of ’t netten <hi rend="ital">verstellen</hi> <lb n="51" xml:id="l-51"/>bepaald eens aangrijpen in groote <lb n="52" xml:id="l-52"/>teekening.</ab><lb n="53" xml:id="l-53"/>
<ab rend="indent">’t Is wel een verbetering Theo<c type="kk">/</c> dat ik <lb n="54" xml:id="l-54"/>die ramen &amp; lijst heb laten maken <lb n="55" xml:id="l-55"/>voor fusains of wat ’t ook zij want dat <lb n="56" xml:id="l-56"/>werkt pleizierig.<anchor n="7" xml:id="note-o-7"/></ab><lb n="57" xml:id="l-57"/>
<ab rend="indent">Wat ge zegt van te veel omgang met <lb n="58" xml:id="l-58"/>schilders <hi rend="ital">niet</hi> goed maar eenigen omgang <lb n="59" xml:id="l-59"/>wel<c type="kk">/</c> vind ik wel waar. En ben om die <lb n="60" xml:id="l-60"/>reden ook blij v.d. Weele komt<c type="kp">_</c></ab><lb n="61" xml:id="l-61"/>
<ab rend="indent">Ja men kan wel eens ’t heimwee hebben <lb n="62" xml:id="l-62"/>om met lui die wat weten te <lb n="63" xml:id="l-63"/>praten er over<c type="kp">_</c> En vooral als <lb n="64" xml:id="l-64"/>men in één zelfden geest werkt <lb n="65" xml:id="l-65"/>en zoekt kan men elkaar zeer veel <lb n="66" xml:id="l-66"/>sterken en animeeren en wordt niet zoo <lb n="67" xml:id="l-67"/>ligt gedecourageerd.</ab>
<pb f="1v" n="3" xml:id="pb-orig-1v-3" facs="#zone-pb-1v-3"/><lb n="68" xml:id="l-68"/>
<ab rend="indent">men kan niet altijd buiten het vaderland <lb n="69" xml:id="l-69"/>leven<c type="kk">/</c> en ’t vaderland is niet de natuur <lb n="70" xml:id="l-70"/>alleen maar er moet bij komen menschenharten <lb n="71" xml:id="l-71"/>die ’t zelfde zoeken &amp; voelen<c type="kp">_</c> En dan is ’t vaderland <lb n="72" xml:id="l-72"/>pas compleet &amp; voelt men zich t’huis.</ab>
<vg:whiteline/><figure facs="zone-sketch-1" n="A"/>
<vg:whiteline/><lb n="73" xml:id="l-73"/>
<ab>Dit is nu de compositie van de mestvaalt<c type="kp">_</c> <lb n="74" xml:id="l-74"/>’K weet niet in hoever ge er uit wijs kunt worden. <lb n="75" xml:id="l-75"/>Voorop wijven die aschbakken leegen<c type="kk">/</c> daarachter de <lb n="76" xml:id="l-76"/>loodsen waar de mest bewaard wordt en de kerels aan <lb n="77" xml:id="l-77"/>’t werk met kruiwagens &amp;c.</ab><lb n="78" xml:id="l-78"/>
<ab rend="indent">De eerste die ik maakte er van was eenigzins anders<c type="kk">/</c><anchor n="8" xml:id="note-o-8"/> <lb n="79" xml:id="l-79"/>er stonden n.l. twee andere kerels op den voorgrond <lb n="80" xml:id="l-80"/>met zuidwesters die ze bij slecht weer dikwijls dragen<c type="kk">/</c> <lb n="81" xml:id="l-81"/>en was de groep vrouwen meer in toon.</ab><lb n="82" xml:id="l-82"/>
<ab rend="indent">Doch dat lichteffekt is er werkelijk<c type="kk">/</c> daar ’t licht <lb n="83" xml:id="l-83"/>van boven tusschen de loodsen invalt op de <lb n="84" xml:id="l-84"/>figuren die in de gangpaden zich bevinden<c type="kp">_</c></ab><lb n="85" xml:id="l-85"/>
<ab rend="indent">’t Zou een prachtig geval zijn om te schilderen<c type="kp">_</c> <lb n="86" xml:id="l-86"/>Ik denk dat gij er alles van begrijpt<c type="kk">/</c> ik wou dat ik er eens <lb n="87" xml:id="l-87"/>met Mauve over praten kon. Maar misschien <lb n="88" xml:id="l-88"/>is ’t zelfs beter van niet<c type="kp">_</c> Want niet altijd helpt het iemand <lb n="89" xml:id="l-89"/>vooruit als men raad krijgt van een ander<c type="kk">/</c> al is hij nog zoo <lb n="90" xml:id="l-90"/>knap en de knapsten zijn niet altijd ook knap in het <lb n="91" xml:id="l-91"/>duidelijk uitleggen van iets<c type="kp">_</c> Nog eens<c type="kk">/</c> ik weet het zelf <lb n="92" xml:id="l-92"/>niet wat wenschelijk is<c type="kp">_</c> Vooreerst<c type="kk">/</c> het schilderen is geenszins <lb n="93" xml:id="l-93"/>mijn hoofddoel en misschien krijg ik ’t alleen spoediger <lb n="94" xml:id="l-94"/>klaar voor een illustratie dan als iemand die aan illustraties <lb n="95" xml:id="l-95"/>volstrekt niet denken zou<c type="kk">/</c> mij er raad omtrent gaf.</ab><lb n="96" xml:id="l-96"/>
<ab rend="indent">Met Rappard kan ik nog ’t best opschieten van allemaal.</ab><lb n="97" xml:id="l-97"/>
<ab rend="indent">adieu kerel<c type="kk">/</c> ’t beste in alle dingen en dank voor <lb n="98" xml:id="l-98"/>tijdigen zending<c type="kp">_</c></ab>
<vg:whiteline/><lb n="98*" xml:id="l-98s"/>
<ab>t. à t.</ab><lb n="99" xml:id="l-99"/>
<ab>Vincent</ab>
<vg:whiteline/>
<div type="textualNotes">
<note target="l-11" targetEnd="l-12" n="11-12">– nu <supplied><hi rend="ital">...</hi></supplied> plaatsen – &lt; <hi rend="ital">Dashes added by us.</hi></note></div></div>
<div type="translation">
<pb f="1r" n="1" xml:id="pb-trans-1r-1" facs="#zone-pb-1r-1"/>
<ab>My dear Theo,</ab>
<ab>Your letter and the contents were truly welcome, many thanks for them. </ab>
<ab rend="indent">And I was pleased to see that you were taking things calmly, and indeed I had expected nothing else. I mean as regards the objections raised. </ab>
<ab rend="indent">Well, since I last wrote I’ve slaved away at that drawing of the dung-heap.<anchor n="1" xml:id="note-t-1"/> It’s a splendid sight. </ab>
<ab rend="indent">The first drawing of it has already undergone so many changes — now white here, then black again at various places — that I transferred it to a second paper because the first was too worn.<anchor n="2" xml:id="note-t-2"/> And am now working again on that. I have to get up early in the morning, for that’s when I see the effects I want. If only I could get it as I have it in my mind. </ab>
<ab rend="indent">Well, the second is the same size as the two earlier ones of the peat-cutting and the sand quarry,<anchor n="3" xml:id="note-t-3"/> and can go in the frame. There is effect in it at the moment, but I fear I’ll spoil it again. But one mustn’t be afraid of that, otherwise one will never get anywhere. And in the meantime I’ve also done a large study of a woman sewing.<anchor n="4" xml:id="note-t-4"/> </ab>
<ab rend="indent">But I’ve had a disappointment with the Orphanage in that I have <hi rend="ital">not</hi> been given permission to draw there — there were, they said, no precedents of that kind and, furthermore, they were going to clean and lay new floors in the wards. Well, it’s not too bad for there are other orphanages, it’s just that in <hi rend="ital">this</hi> one I know a <rs type="pers" key="811">man</rs> who has modelled for me regularly, and that would have made it easier for me to do sketches.<anchor n="5" xml:id="note-t-5"/>
<pb f="1v" n="2" xml:id="pb-trans-1v-2" facs="#zone-pb-1v-2"/></ab>
<ab rend="indent">Last winter I saw the old men’s home at Voorburg.<anchor n="6" xml:id="note-t-6"/> Smaller, of course, but almost more typical. </ab>
<ab rend="indent">On that day, it was near evening, the old boys were sitting on benches and chairs around an old cannon stove, very real. </ab>
<ab rend="indent">Perhaps I’ll try that one in Voorburg now I can’t do it here. </ab>
<ab rend="indent">Also went to Scheveningen for a day and saw a fine sight of fellows there with a cart full of nets that had been tanned and spread out on the dunes. I’ll definitely tackle that or the nets being <hi rend="ital">mended</hi> in a large drawing sometime. </ab>
<ab rend="indent">It certainly is an improvement, Theo, that I had those stretching frames and frame made for charcoal drawings or whatever it may be, for working with them is a pleasure.<anchor n="7" xml:id="note-t-7"/> </ab>
<ab rend="indent">What you say about spending too much time with painters being <hi rend="ital">not</hi> good but some time being all right is true, I believe. And for that reason, too, I’m glad <rs type="pers" key="1440">Van der Weele</rs> comes to call. </ab>
<ab rend="indent">Yes, one sometimes feels a longing to discuss it with people in the know. And especially when one works and searches in the same spirit, one can give each other great strength and stimulus, and one isn’t easily discouraged.
<pb f="1v" n="3" xml:id="pb-trans-1v-3" facs="#zone-pb-1v-3"/></ab>
<ab rend="indent">One can’t always live outside the fatherland, and the fatherland isn’t just nature; to that must be added human hearts that seek and feel the same. It’s only then that the fatherland is complete and one feels at home. </ab>
<vg:whiteline/>
<ab><figure facs="zone-sketch-1" n="A"/></ab>
<vg:whiteline/>
<ab>This is now the composition of the dung-heap. I don’t know how much sense you can make of it. In the front women emptying dustbins, behind them the sheds where the dung is stored, and the fellows at work with wheelbarrows &amp;c. </ab>
<ab rend="indent">The first one I did was a little different:<anchor n="8" xml:id="note-t-8"/> there were two other fellows in the foreground with sou’westers, which they often wear in bad weather, and the group of women was more in the dark.</ab>
<ab rend="indent">Yet that light effect really is there, since the light falls from above between the sheds onto the figures that are on the paths.</ab>
<ab rend="indent">It would be a splendid sight to paint. I think you understand all about it, I wish I could talk to <rs type="pers" key="323">Mauve</rs> about it. But perhaps it’s even better not to. For getting advice from another person doesn’t always help someone to make progress, however clever the person may be, and the cleverest aren’t always clever when it comes to explaining something clearly. Again, I don’t know myself what is desirable. For the present, painting is far from being my main goal, and perhaps I’d get it ready for an illustrated magazine quicker on my own than if someone who would never consider illustrated magazines gave me advice. </ab>
<ab rend="indent">I get on with <rs type="pers" key="1306">Rappard</rs> best of all.</ab>
<ab rend="indent">Adieu, old chap, best wishes in everything and thanks for the timely dispatch.</ab>
<vg:whiteline/>
<ab>Ever yours,</ab>
<ab>Vincent</ab></div>
<div type="notes">
<note n="1" xml:id="n-1" target="#note-t-1">
<ab>This is the resumption of the unknown drawing that was also mentioned in <ref target="let350.xml">letters 350</ref> and <ref target="let351.xml">351</ref>. </ab></note>
<note n="2" xml:id="n-2" target="#note-t-2">
<ab>The subject of the drawing is shown in the letter sketch in <ref target="let350.xml">letter 350</ref>. After several treatments and being ‘transferred’ to a new sheet, the drawing had been considerably altered in the process, as is evident from the letter sketch later in the present letter, <hi rend="ital">Rubbish dump (dung-heap)</hi> (<rs type="sketch" key="97">F - / JH 370</rs>). The original drawing has not been preserved. </ab></note>
<note n="3" xml:id="n-3" target="#note-t-3">
<ab>These are the drawing <hi rend="ital">Peat diggers in the dunes</hi> (<rs type="ill" key="2437">F 1031 / JH 363</rs>), and an unknown drawing referred to in <ref target="let348.xml">letter 348</ref> as ‘team of workmen labouring’. The first measures c. 50 x 100 cm. Cf. <ref target="let348.xml#n-5">letter 348, n. 5.</ref></ab></note>
<note n="4" xml:id="n-4" target="#note-t-4">
<ab>This study of a woman sewing is not known. </ab></note>
<note n="5" xml:id="n-5" target="#note-t-5">
<ab>The regular model was <rs type="pers" key="811">Adrianus Zuyderland</rs>; <ref target="let277.xml">see letter 277</ref>.</ab></note>
<note n="6" xml:id="n-6" target="#note-t-6">
<ab>The Diakonie Armhuis of the Nederlands Hervormde Gemeente in Kleine Laan, A 147, now Schoolstraat 1-3 (<hi rend="ital">Oudarchief gemeente Voorburg; inventaris der bezittingen van de Diakonie Armen der Nederlands Hervormde Gemeente</hi>).</ab></note>
<note n="a" xml:id="n-a" target="#note-o-a">
<ab>Means: ‘boiled in tannin – a brownish yellow dye – so that the nets become more durable and take on a yellow or brownish colour’.</ab></note>
<note n="7" xml:id="n-7" target="#note-t-7">
<ab>For the stretching frames Van Gogh had had made for large drawings, <ref target="let348.xml">see letter 348</ref>.</ab></note>
<note n="8" xml:id="n-8" target="#note-t-8">
<ab>For the first version of the subject, cf. the letter sketch in <ref target="let350.xml">letter 350</ref>.</ab></note></div></body></text></TEI>
