<?xml version="1.0" encoding="UTF-8"?>
<!-- Last Changed Date: 2018-07-18 12:32:41 +0200 (Wed, 18 Jul 2018) | SVN Revision: 2206 -->
<!--Licensed under Attribution-NonCommercial-ShareAlike 4.0 International (CC BY-NC-SA 4.0)-->
<?xml-model href="https://xmlschema.huygens.knaw.nl/vgodd.rng" type="application/xml" schematypens="http://relaxng.org/ns/structure/1.0"?>
<TEI xmlns:vg="http://www.vangoghletters.org/ns/" xmlns="http://www.tei-c.org/ns/1.0">
<teiHeader xmlns:xsi="http://www.w3.org/2001/XMLSchema-instance"><fileDesc>
<titleStmt>
<title>To Theo van Gogh. Hoogeveen, Friday, 12 October 1883.</title>
<editor>Leo Jansen</editor>
<editor>Hans Luijten</editor>
<editor>Nienke Bakker</editor></titleStmt>
<publicationStmt>
<publisher><name>Huygens Instituut voor Nederlandse Geschiedenis (KNAW)</name><email>info@huygens.knaw.nl</email></publisher>
<publisher>Van Gogh Museum</publisher>
<pubPlace>Amsterdam</pubPlace>
<date type="first" when="2009">2009</date>
<availability status="restricted">
<licence target="http://creativecommons.org/licenses/by-nc-sa/4.0/ https://creativecommons.org/licenses/by-nc-sa/4.0/legalcode">
<p>Attribution-NonCommercial-ShareAlike 4.0 International (CC BY-NC-SA 4.0) </p></licence></availability>
<ptr target="http://vangoghletters.org/orig/let394"/></publicationStmt><sourceDesc><vg:letDesc><vg:letIdentifier>
<idno type="jlb">394</idno>
<idno type="collectedletters">332</idno>
<idno type="brieven1990">397</idno></vg:letIdentifier><vg:letHeading><author>Vincent van Gogh</author><vg:addressee>Theo van Gogh</vg:addressee><vg:placeLet>Hoogeveen</vg:placeLet><vg:dateLet>Friday, 12 October 1883</vg:dateLet></vg:letHeading><vg:letContents>
<p>To Theo van Gogh. Hoogeveen, Friday, 12 October 1883.</p>
<note type="ongoingTopic" n="1">
<p>Theo’s idea of going to America <ref target="let392.xml">(392)</ref></p></note>
<note type="ongoingTopic" n="2">
<p>Tensions between Theo and his employers <ref target="let392.xml">(392)</ref></p></note></vg:letContents>
<note type="sourceStatus" xml:id="sourceStatus">
<p>Original manuscript</p></note>
<note type="location" xml:id="location">
<p>Amsterdam, Van Gogh Museum, inv. nos. b355 a-b V/1962</p></note>
<note type="date" xml:id="date">
<p>The letter was written in Hoogeveen. In <ref target="let392.xml">letter 392</ref> Vincent had written (and underlined the words) that he would be in Hoogeveen ‘<hi rend="ital">on</hi> <hi rend="ital">12 October</hi>’ <ref target="#l-70">(l. 70)</ref>. He wanted to receive and cash Theo’s second remittance there: ‘I just received your letter’ (<ref target="#l-1*">l. 1*</ref>). There is no reason to think that Van Gogh changed his plans. We have therefore dated the letter Friday, 12 October 1883.</p></note>
<note type="arrangement" xml:id="arrangement">
<p>A sheet was previously added to this letter but we believe that it was not sent at the same time. We have therefore separated it and listed it as <ref target="let395.xml">letter 395</ref>.</p></note></vg:letDesc></sourceDesc></fileDesc></teiHeader>
<facsimile xmlns:xsi="http://www.w3.org/2001/XMLSchema-instance">
<surface n="b 0355 a" xml:id="surf-pb-1r"><graphic mimeType="image/tiff" url="VGM001000455_01.TIF" rend="norend"/><graphic mimeType="image/tiff" url="VGM001000455_01_n.tif" rend="norend"/><graphic mimeType="image/jpeg" url="VGM001000455_01_nt.jpg" height="50px" rend="thumbnail"/><zone xml:id="zone-pb-1r-1">
<graphic mimeType="image/tiff" url="VGM001000455_01_nR.tif" rend="norend"/><graphic mimeType="image/jpeg" url="VGM001000455_01_nRt.jpg" height="50px" rend="thumbnail"/><graphic mimeType="image/png" url="VGM001000455_01_nRf.png" width="380px" rend="facstab"/></zone>
<zone xml:id="zone-pb-1r-4">
<graphic mimeType="image/tiff" url="VGM001000455_01_nL.tif" rend="norend"/><graphic mimeType="image/jpeg" url="VGM001000455_01_nLt.jpg" height="50px" rend="thumbnail"/><graphic mimeType="image/png" url="VGM001000455_01_nLf.png" width="380px" rend="facstab"/></zone>
</surface>
<surface n="b 0355 a" xml:id="surf-pb-1v"><graphic mimeType="image/tiff" url="VGM001000455_02.TIF" rend="norend"/><graphic mimeType="image/tiff" url="VGM001000455_02_n.tif" rend="norend"/><graphic mimeType="image/jpeg" url="VGM001000455_02_nt.jpg" height="50px" rend="thumbnail"/><zone xml:id="zone-pb-1v-2">
<graphic mimeType="image/tiff" url="VGM001000455_02_nL.tif" rend="norend"/><graphic mimeType="image/jpeg" url="VGM001000455_02_nLt.jpg" height="50px" rend="thumbnail"/><graphic mimeType="image/png" url="VGM001000455_02_nLf.png" width="380px" rend="facstab"/></zone>
<zone xml:id="zone-pb-1v-3">
<graphic mimeType="image/tiff" url="VGM001000455_02_nR.tif" rend="norend"/><graphic mimeType="image/jpeg" url="VGM001000455_02_nRt.jpg" height="50px" rend="thumbnail"/><graphic mimeType="image/png" url="VGM001000455_02_nRf.png" width="380px" rend="facstab"/></zone>
</surface>
<surface n="b 0355 b" xml:id="surf-pb-2r"><graphic mimeType="image/tiff" url="VGM001000456_01.TIF" rend="norend"/><graphic mimeType="image/tiff" url="VGM001000456_01_n.tif" rend="norend"/><graphic mimeType="image/jpeg" url="VGM001000456_01_nt.jpg" height="50px" rend="thumbnail"/><zone xml:id="zone-pb-2r-5">
<graphic mimeType="image/tiff" url="VGM001000456_01_nR.tif" rend="norend"/><graphic mimeType="image/jpeg" url="VGM001000456_01_nRt.jpg" height="50px" rend="thumbnail"/><graphic mimeType="image/png" url="VGM001000456_01_nRf.png" width="380px" rend="facstab"/></zone>
<zone xml:id="zone-pb-2r-8">
<graphic mimeType="image/tiff" url="VGM001000456_01_nL.tif" rend="norend"/><graphic mimeType="image/jpeg" url="VGM001000456_01_nLt.jpg" height="50px" rend="thumbnail"/><graphic mimeType="image/png" url="VGM001000456_01_nLf.png" width="380px" rend="facstab"/></zone>
</surface>
<surface n="b 0355 b" xml:id="surf-pb-2v"><graphic mimeType="image/tiff" url="VGM001000456_02.TIF" rend="norend"/><graphic mimeType="image/tiff" url="VGM001000456_02_n.tif" rend="norend"/><graphic mimeType="image/jpeg" url="VGM001000456_02_nt.jpg" height="50px" rend="thumbnail"/><zone xml:id="zone-pb-2v-6">
<graphic mimeType="image/tiff" url="VGM001000456_02_nL.tif" rend="norend"/><graphic mimeType="image/jpeg" url="VGM001000456_02_nLt.jpg" height="50px" rend="thumbnail"/><graphic mimeType="image/png" url="VGM001000456_02_nLf.png" width="380px" rend="facstab"/></zone>
<zone xml:id="zone-pb-2v-7">
<graphic mimeType="image/tiff" url="VGM001000456_02_nR.tif" rend="norend"/><graphic mimeType="image/jpeg" url="VGM001000456_02_nRt.jpg" height="50px" rend="thumbnail"/><graphic mimeType="image/png" url="VGM001000456_02_nRf.png" width="380px" rend="facstab"/></zone>
</surface></facsimile><text xmlns:xsi="http://www.w3.org/2001/XMLSchema-instance"><body>
<div type="original">
<pb f="1r" n="1" xml:id="pb-orig-1r-1" facs="#zone-pb-1r-1"/><lb n="1" xml:id="l-1"/>
<ab>Beste broer,</ab><lb n="1*" xml:id="l-1s"/>
<ab>Uw brief ontvang ik daareven<c type="kk">/</c> ik las en herlas hem <lb n="2" xml:id="l-2"/>met belangstelling en iets waar ik al wel eens over gedacht heb <lb n="3" xml:id="l-3"/>zonder te weten waaraan mij te houden<c type="kk">/</c> word mij duidelijk. <lb n="4" xml:id="l-4"/>Dat n.l. ge met mij gemeen hebt een tijd van onmogelijke <lb n="5" xml:id="l-5"/>molens &amp;c. teekenen<anchor n="1" xml:id="note-o-1"/> in stilte<c type="kk">/</c> waarvan de teekeningen in <lb n="6" xml:id="l-6"/>zonderling rapport staan tot den storm van gedachten en de <lb n="7" xml:id="l-7"/>aspiraties – ijdel omdat niemand die licht kan geven zich er <lb n="8" xml:id="l-8"/>om bekommerd (slechts een schilder zou dan op den regten weg <lb n="9" xml:id="l-9"/>kunnen helpen en die hebben hun gedachten elders). Dat is <lb n="10" xml:id="l-10"/>een grooten<c type="kk">/</c> inwendigen strijd en loopt uit op decouragement <lb n="11" xml:id="l-11"/>of op het overboord gooien van die gedachten als onpraktisch<c type="kk">/</c> <lb n="12" xml:id="l-12"/>en juist als men een jaar of 20 is<c type="kk">/</c> is men driftig om dat te doen<c type="kp">_</c> <lb n="13" xml:id="l-13"/>Wat er ook zij van dat ik toen iets heb gezegd dat onwillekeurig <lb n="14" xml:id="l-14"/>er toe bijdroeg om dat een &amp; ander overboord te gooien<c type="kk">/</c> op dat <lb n="15" xml:id="l-15"/>moment in kwestie waren mijn gedachten misschien de zelfden <lb n="16" xml:id="l-16"/>als de uwen<c type="kk">/</c> n.l. dat ik het iets onmogelijks vond<c type="kk">/</c> maar wat betreft <lb n="17" xml:id="l-17"/>dien wanhopigen strijd zonder men ergens licht krijgt<c type="kk">/</c> ik ken <lb n="18" xml:id="l-18"/>hem ook<c type="kk">/</c> hoe beroerd hij is<c type="kp">_</c>– Met alle energie kan men niets <lb n="19" xml:id="l-19"/>en vind zich zelf gek<c type="kk">/</c> weet ik wat meer<c type="kp">_</c>– Wat heb ik niet te <lb n="20" xml:id="l-20"/>Londen staan teekenen langs de Thames Embankment als ik <lb n="21" xml:id="l-21"/>s’avonds uit Southamton S<hi rend="ss">t</hi> naar huis ging<c type="kk">/</c> en het leek naar <lb n="22" xml:id="l-22"/>niets<c type="kp">_</c>–<anchor n="2" xml:id="note-o-2"/> Was er toen iemand geweest die mij gezegd had wat <lb n="23" xml:id="l-23"/>perspectief was<c type="kk">/</c> hoe veel misere zou me bespaard zijn<c type="kk">/</c> hoe veel <lb n="24" xml:id="l-24"/>verder zou ik nu zijn. Enfin fait accompli is fait accompli<c type="kp">_</c> <lb n="25" xml:id="l-25"/>Dat is toen niet gebeurd – ik heb wel eens gesproken tot <lb n="26" xml:id="l-26"/>Thijs Maris<c type="kk">/</c><anchor n="3" xml:id="note-o-3"/> ik heb niet durven spreken tot Boughton omdat <lb n="27" xml:id="l-27"/>ik een zoo groot respect gevoelde in zijn presentie<c type="kk">/</c> maar <lb n="28" xml:id="l-28"/>ik vond het daar ook niet<c type="kk">/</c> dat mij helpen met de <hi rend="ital">eerste</hi> <lb n="29" xml:id="l-29"/>dingen<c type="kk">/</c> met het A.b.c.</ab><lb n="30" xml:id="l-30"/>
<ab rend="indent">Laat ik nu nog eens zeggen dat ik in U geloof als artist <lb n="31" xml:id="l-31"/>en dat gij het nog worden kunt<c type="kk">/</c> ja dat gij in heel korten <lb n="32" xml:id="l-32"/>tijd met kalmte er over zoudt denken of gij het waart <lb n="33" xml:id="l-33"/>of niet<c type="kk">/</c> of gij er toe komen kondt iets te produceeren of <lb n="34" xml:id="l-34"/>niet indien gij voornoemd A.b.c. leerdet spellen en <lb n="35" xml:id="l-35"/>dan tevens een tijd <lb n="36" xml:id="l-36"/>door het korenveld wandeldet en de hei<c type="kk">/</c> om zoo dat <lb n="37" xml:id="l-37"/>weer eens te vernieuwen wat gij zelf zegt<c type="kk">/</c> “vroeger maakte ik <lb n="38" xml:id="l-38"/>een deel uit van die natuur<c type="kk">/</c> nu voel ik dat zoo niet meer”<c type="kp">_</c> <lb n="39" xml:id="l-39"/>Mag ik U zeggen broer<c type="kk">/</c> dat ik <hi rend="ital">dat</hi> wat gij daar zegt zoo <lb n="40" xml:id="l-40"/>diep<c type="kk">/</c> diep zelf heb ondervonden. Dat ik een tijd gehad heb van <lb n="41" xml:id="l-41"/>zenuwachtige<c type="kk">/</c> dorre overspanning waarin ik dagen had <lb n="42" xml:id="l-42"/>dat ik het allermooiste buiten niet mooi kon vinden juist <lb n="43" xml:id="l-43"/>omdat ik er me niet in voelde<c type="kp">_</c>– Dat doet het trottoir en <lb n="44" xml:id="l-44"/>het kantoor – en de zorg – en de zenuwen<c type="kp">_</c>–</ab><lb n="45" xml:id="l-45"/>
<ab rend="indent">Neem het mij nu niet kwalijk als ik nu zeg dat Uw ziel op dit <lb n="46" xml:id="l-46"/>moment ziek is – dat is zoo hoor – het is niet goed dat gij niet in de <lb n="47" xml:id="l-47"/>natuur in zijt – en nu vind ik N<hi rend="ss">o</hi> 1 dat gij dat weer normaal maakt<c type="kp">_</c> <lb n="48" xml:id="l-48"/>Ik vind het heel best dat gij zelf gevoelt het onderscheid tusschen Uw 
<pb f="1v" n="2" xml:id="pb-orig-1v-2" facs="#zone-pb-1v-2"/><lb n="49" xml:id="l-49"/>gemoedstoestand van nu en van andere jaren. En twijfel niet <lb n="50" xml:id="l-50"/>of gij zult het met mij eens zijn dat gij er op moet werken <lb n="51" xml:id="l-51"/>om dat te herstellen.</ab><lb n="52" xml:id="l-52"/>
<ab rend="indent">Ik moet nu eens kijken in mijn eigen verleden waar het hem <lb n="53" xml:id="l-53"/>toch aan geschort heeft dat ik jaren lang in dien steenachtigen<c type="kk">/</c> <lb n="54" xml:id="l-54"/>dorren gemoedstoestand heb verkeerd en wel zocht er uit te komen <lb n="55" xml:id="l-55"/>doch het werd steeds erger in plaats van beter.</ab><lb n="56" xml:id="l-56"/>
<ab rend="indent">Niet alleen voelde ik me versteend in plaats van gevoelig tegenover <lb n="57" xml:id="l-57"/>de natuur<c type="kk">/</c> doch wat iets nog veel ergers was<c type="kk">/</c> net precies zoo <lb n="58" xml:id="l-58"/>tegenover de menschen.</ab><lb n="59" xml:id="l-59"/>
<ab rend="indent">Men zeide dat ik malende was<c type="kk">/</c> ik zelf voelde ik het niet was<c type="kk">/</c> <lb n="60" xml:id="l-60"/>alleen daarom omdat ik heel diep in mij zelf mijn eigen kwaal <lb n="61" xml:id="l-61"/>gevoelde en zocht er weer bovenop te komen<c type="kp">_</c>– Ik deed allerlei <lb n="62" xml:id="l-62"/>efforts de perdu die tot niets leidden<c type="kk">/</c> ’t zij zoo<c type="kk">/</c> maar wegens dat <lb n="63" xml:id="l-63"/>idee fixe van weer op een normaal standpunt komen heb ik <lb n="64" xml:id="l-64"/>nooit mijn eigen wanhopig doen en laten<c type="kk">/</c> scharrelen en wurmen <lb n="65" xml:id="l-65"/>met mij zelf verward<c type="kp">_</c> Ten minste ik voelde steeds iets “laat ik <lb n="66" xml:id="l-66"/>maar iets doen<c type="kk">/</c> ergens zijn<c type="kk">/</c> het <hi rend="ital">moet</hi> zich herstellen<c type="kk">/</c> ik zal er weer <lb n="67" xml:id="l-67"/>bovenop komen<c type="kk">/</c> laat ik het geduld om te herstellen behouden”<c type="kp">_</c>–</ab><lb n="68" xml:id="l-68"/>
<ab rend="indent">Ik geloof niet dat iemand als Boks b.v.<c type="kk">/</c> die werkelijk gek bleek<c type="kk">/</c> <lb n="69" xml:id="l-69"/>zoo dacht<anchor n="4" xml:id="note-o-4"/> – daarom<c type="kk">/</c> ik herzeg<c type="kk">/</c> ik heb sedert er veel over gedacht<c type="kk">/</c> <lb n="70" xml:id="l-70"/>over mijn jaren van allerlei scharrelen<c type="kk">/</c> ik zie niet in dat gegeven <lb n="71" xml:id="l-71"/>mijn omstandigheden ik anders <hi rend="ital">kon</hi> zijn dan ik geweest ben.</ab><lb n="72" xml:id="l-72"/>
<ab rend="indent">Ziehier welken grond mij wegzonk onder de voeten – ziehier <lb n="73" xml:id="l-73"/>welken grond<c type="kk">/</c> indien hij wegzinkt<c type="kk">/</c> iemand moet miserabel maken<c type="kk">/</c> <lb n="74" xml:id="l-74"/>wie hij ook zij<c type="kp">_</c>– Ik was 6 jaar bij G&amp;C<hi rend="ss">ie</hi> geweest – G&amp;C<hi rend="ss">ie</hi> was ik <lb n="75" xml:id="l-75"/>in geworteld en ik dacht dat<c type="kk">/</c> al ging ik daar van daan<c type="kk">/</c> ik terug <lb n="76" xml:id="l-76"/>kon zien op 6 jaar helder werk<c type="kk">/</c> en dat als ik mij ergens presenteerde <lb n="77" xml:id="l-77"/>ik in alle kalmte mij beroepen kon op mijn verleden.</ab><lb n="78" xml:id="l-78"/>
<ab rend="indent">Geenszins<c type="kk">/</c> de zaken gaan zóó gehaast dat er weinig wordt <lb n="79" xml:id="l-79"/>nagedacht<c type="kk">/</c> weinig wordt gevraagd of geredeneerd. Men gaat <lb n="80" xml:id="l-80"/>volgens hoogst willekeurige<c type="kk">/</c> hoogst oppervlakkige impressies te <lb n="81" xml:id="l-81"/>werk. En is men buiten G.&amp;C<hi rend="ss">ie</hi><c type="kk">/</c> weet niemand meer <lb n="82" xml:id="l-82"/>wie G.&amp;C<hi rend="ss">ie</hi> is<c type="kp">_</c>– Het is een naam net als X&amp;C<hi rend="ss">o</hi><c type="kk">/</c> zonder <lb n="83" xml:id="l-83"/>beteekenis – en dus men is eenvoudig “iemand <lb n="84" xml:id="l-84"/>zonder betrekking”<c type="kp">_</c> In eens – plotseling – fataal – <lb n="85" xml:id="l-85"/>overal – ziedaar<c type="kp">_</c>– Natuurlijk juist omdat men <lb n="86" xml:id="l-86"/>een zekere degelijkheid heeft zegt men niet<c type="kk">/</c> ik ben deze<c type="kk">/</c> <lb n="87" xml:id="l-87"/>ik ben dit of dat<c type="kp">_</c>– Men presenteert zich voor een <lb n="88" xml:id="l-88"/>nieuwe betrekking in alles serieux<c type="kk">/</c> zonder veel woorden<c type="kk">/</c> <lb n="89" xml:id="l-89"/>er ’t oog op houdende een hand aan een ploeg te slaan<c type="kp">_</c><anchor n="5" xml:id="note-o-5"/> <lb n="90" xml:id="l-90"/>Goed – maar nu<c type="kk">/</c> de “iemand zonder betrekking”<c type="kk">/</c> l’homme <lb n="91" xml:id="l-91"/>de quelque part<c type="kk">/</c> wordt zachtjes aan verdacht<c type="kp">_</c></ab>
<pb f="1v" n="3" xml:id="pb-orig-1v-3" facs="#zone-pb-1v-3"/><lb n="92" xml:id="l-92"/>
<ab rend="indent">Gesteld nu Uw nieuwe patroon is een man wiens <lb n="93" xml:id="l-93"/>zaken nog al heel mystiek zijn en gesteld hij heeft eenvoudig <lb n="94" xml:id="l-94"/>een doel<c type="kk">/</c> “geld”<c type="kp">_</c> Kunt gij met al uw energie hem <lb n="95" xml:id="l-95"/>dadelijk op slag buitengewoon veel daaraan helpen<c type="kp">_</c>– Misschien wel <lb n="95a" xml:id="l-95a"/>niet he? <lb n="96" xml:id="l-96"/>Toch hij verlangt geld<c type="kk">/</c> geld quand même<c type="kk">/</c> gij verlangt <lb n="97" xml:id="l-97"/>iets meer van de zaken te weten en wat gij ziet of hoort <lb n="98" xml:id="l-98"/>is tamelijk walgelijk.</ab><lb n="99" xml:id="l-99"/>
<ab rend="indent">“Iemand zonder betrekking”<c type="kk">/</c> ik heb je niet meer noodig<c type="kk">/</c> <lb n="100" xml:id="l-100"/>is het weldra<c type="kp">_</c>– Zie<c type="kk">/</c> nu zijt ge dat hoe langer hoe <lb n="101" xml:id="l-101"/>meer<c type="kk">/</c> Iemand zonder betrekking. Ga naar Engeland<c type="kk">/</c> <lb n="102" xml:id="l-102"/>ga naar Amerika<c type="kk">/</c> dat helpt alles niets<c type="kk">/</c> overal zijt <lb n="103" xml:id="l-103"/>ge een ontwortelden boom. G&amp;C<hi rend="ss">ie</hi><c type="kk">/</c> waar Uw wortels <lb n="104" xml:id="l-104"/>zitten van jongs af aan<anchor n="6" xml:id="note-o-6"/> – G&amp;C<hi rend="ss">ie</hi><c type="kk">/</c> ofschoon indirekt <lb n="105" xml:id="l-105"/>zij U in die beroerdigheid brengen omdat gij hen <lb n="106" xml:id="l-106"/>in jongenstijd als ’t mooist<c type="kk">/</c> ’t best<c type="kk">/</c> ’t grootst van de wereld <lb n="107" xml:id="l-107"/>beschouwdet – G&amp;C<hi rend="ss">ie</hi><c type="kk">/</c> <hi rend="ital">indien</hi> ge tot hen weer keerdet – <lb n="108" xml:id="l-108"/>ik heb dat niet gedaan toen – ik <hi rend="ital">kon</hi> het niet – mijn hart <lb n="109" xml:id="l-109"/>was te vol<c type="kk">/</c> veel te vol – G&amp;C<hi rend="ss">ie</hi><c type="kk">/</c> ze zouden U <lb n="110" xml:id="l-110"/>den koelen schouder toedraaijen<c type="kk">/</c> een nous n’avons plus <lb n="111" xml:id="l-111"/>à nous en occuper<c type="kk">/</c> of zoo<c type="kp">_</c>– Met dat al is men <lb n="112" xml:id="l-112"/>ontworteld en de wereld keert het om en zegt dat <lb n="113" xml:id="l-113"/>gij zelf U ontworteld hebt<c type="kp">_</c>– Daadzaak – Uwe plaats <lb n="114" xml:id="l-114"/>kent U niet meer<c type="kp">_</c>– Te melankoliek was dat voor <hi rend="ital">mij</hi> om er <lb n="115" xml:id="l-115"/>aan te tornen – en ik herinner mij niet ooit in een stemming <lb n="116" xml:id="l-116"/>geweest te zijn iemand er zoo over te spreken als ik het nu tot <lb n="117" xml:id="l-117"/>U zeg. Omdat ik<c type="kk">/</c> en zelfs tot mijn verwondering want ik dacht <lb n="118" xml:id="l-118"/>dat indien tegen mij<c type="kk">/</c> zij evenwel zeker niet tegen U dat zouden <lb n="119" xml:id="l-119"/>hebben durven doen<c type="kk">/</c> in uw brief de woorden lees “de heeren hebben <lb n="120" xml:id="l-120"/>’t mij toen ik deze week met hen sprak<c type="kk">/</c> bijna onmogelijk <lb n="121" xml:id="l-121"/>gemaakt”<c type="kp">_</c> Kerel hoe het met mij gesteld is weet gij<c type="kk">/</c> <lb n="122" xml:id="l-122"/>maar als gij over een &amp; ander miserable zijt<c type="kk">/</c> <lb n="123" xml:id="l-123"/><hi rend="ital">voel U niet</hi> <hi rend="sc">alleen</hi><c type="kp">_</c> Het is <hi rend="ital">te veel</hi> om <lb n="124" xml:id="l-124"/><hi rend="ital">alleen</hi> te dragen en iets of wat er van kan ik meevoelen <lb n="125" xml:id="l-125"/><hi rend="ital">wat</hi> het is. Nu<c type="kk">/</c> sta gij op Uw stuk en laat Uw smart <lb n="126" xml:id="l-126"/>U niet van streek brengen – als de heeren zóó doen<c type="kk">/</c> sta gij <lb n="127" xml:id="l-127"/>dan op Uw eer en neem Uw congé niet aan dan op <lb n="128" xml:id="l-128"/>condities die U guarandeeren een nieuwe betrekking <lb n="129" xml:id="l-129"/>te krijgen<c type="kp">_</c> Zij zijn niet waard gij U driftig maakt<c type="kk">/</c> <lb n="130" xml:id="l-130"/>wordt dat niet<c type="kk">/</c> al <hi rend="ital">brengen</hi> <hi rend="ital">zij het daarop</hi>. Ik werd <lb n="131" xml:id="l-131"/>driftig en liep er vierkant uit. Nu<c type="kk">/</c> in mijn positie was <lb n="132" xml:id="l-132"/>’t weer anders dan in de Uwe<c type="kk">/</c> ik was een van de laatsten<c type="kk">/</c> gij <lb n="133" xml:id="l-133"/>een van de eersten<c type="kk">/</c> doch wat ik zeg van ontworteld zijn<c type="kk">/</c> <lb n="134" xml:id="l-134"/>ik vrees gij dat ook zoudt voelen indien ge er uit waart<c type="kk">/</c> dus 
<pb f="1r" n="4" xml:id="pb-orig-1r-4" facs="#zone-pb-1r-4"/><lb n="135" xml:id="l-135"/>zie ook <hi rend="ital">dat</hi> koelbloedig onder de oogen<c type="kk">/</c> sta hun en <lb n="136" xml:id="l-136"/>laat U er niet uitknikkeren zonder op die moeielijke <lb n="137" xml:id="l-137"/>toestand van op nieuw beginnen ietwat berekend te zijn. <lb n="138" xml:id="l-138"/>En weet dit wel – gegeven een ontworteling<c type="kk">/</c> gegeven <lb n="139" xml:id="l-139"/>een niet op nieuw vlotten<c type="kk">/</c> wanhoop dan niet<c type="kp">_</c>–</ab><lb n="140" xml:id="l-140"/>
<ab rend="indent">Dan<c type="kk">/</c> in het uiterste<c type="kk">/</c> ga NIET naar Amerika want het is <lb n="141" xml:id="l-141"/>daar precies ’t zelfde als Parijs<c type="kp">_</c>– Neen laat het punt waarop <lb n="142" xml:id="l-142"/>men zegt<c type="kk">/</c> ik zal me verdonkeremanen<c type="kk">/</c> bij U verdacht <lb n="143" xml:id="l-143"/>zijn<c type="kk">/</c> ik heb ’t zelf ook gehad<c type="kk">/</c> ik hoop dat gij het niet <lb n="144" xml:id="l-144"/>zult hebben. <hi rend="ital">Als</hi> gij het hadt<c type="kk">/</c> ik herzeg<c type="kk">/</c> laat het U verdacht <lb n="145" xml:id="l-145"/>zijn<c type="kk">/</c> weersta het met een groote leukheid<c type="kk">/</c> <lb n="146" xml:id="l-146"/>zeg dan<c type="kk">/</c> dit punt is mij een bewijs ik op een muur stuit<c type="kp">_</c> <lb n="147" xml:id="l-147"/>Die muur is voor stieren om tegen aan te loopen<c type="kk">/</c> ik <lb n="148" xml:id="l-148"/>ben ook wel een stier maar een intelligenten<c type="kk">/</c> ik ben <lb n="149" xml:id="l-149"/>een stier om artist te worden<c type="kp">_</c>– Enfin bedank er voor <lb n="150" xml:id="l-150"/>Uw kop te pletter te loopen<c type="kk">/</c> dat is al. Ik zeg niet dat <lb n="151" xml:id="l-151"/>het zóó gaan zal<c type="kk">/</c> ik hoop er van het op een muur komen <lb n="152" xml:id="l-152"/>geen sprake whatever zal zijn. Maar gesteld ergens <lb n="153" xml:id="l-153"/>was après tout een draaikolk met bijbehoorende puntige <lb n="154" xml:id="l-154"/>rots promontoires<c type="kk">/</c> goed<c type="kk">/</c> dan zou ik alleen denken men <lb n="155" xml:id="l-155"/>dien wel links zou mogen laten liggen<c type="kk">/</c> niet waar<c type="kp">_</c>– <lb n="156" xml:id="l-156"/>Dat die rots er zou kunnen wezen geeft ge misschien wel <lb n="157" xml:id="l-157"/>toe<c type="kk">/</c> wegens gij zelf mij uit dien kolk hebt gehaald toen <lb n="158" xml:id="l-158"/>ik zelf geen hoop meer had om er uit te komen en magteloos <lb n="159" xml:id="l-159"/>om verder tegen te streven<c type="kp">_</c>–</ab><lb n="160" xml:id="l-160"/>
<ab rend="indent">Ik bedoel<c type="kk">/</c> zeil gij dat vaarwater op een grooten <lb n="161" xml:id="l-161"/>afstand om<c type="kp">_</c>– Het begint U te trekken in dat ééne – <lb n="162" xml:id="l-162"/>ik zeg niet meer of minder dan ik zeker van ben – dat gij <lb n="163" xml:id="l-163"/>uit de natuur uit zijt. Vind gij het nu gek van mij <lb n="164" xml:id="l-164"/>dat ik zoo veel als dat durf zeggen: nu in ’t heele begin<c type="kk">/</c> <lb n="165" xml:id="l-165"/>verander <hi rend="ital">nu</hi> reeds en niet later dan nu in zoover van <lb n="166" xml:id="l-166"/>koers<c type="kk">/</c> dat gij er op werkt het verband tusschen U zelf <lb n="167" xml:id="l-167"/>en de natuur te herstellen? Hoe meer <lb n="168" xml:id="l-168"/>gij in die gemoedsstemming blijft van uit de <lb n="169" xml:id="l-169"/>natuur uit<c type="kk">/</c> hoe meer gij uw eeuwigen vijand (ook de mijne) <lb n="170" xml:id="l-170"/>Zenuwachtigheid in de hand werkt. wat voor poetsen die <lb n="171" xml:id="l-171"/>U <hi rend="ital">zou</hi> <hi rend="ital">kunnen</hi> spelen heb ik meer ondervinding van dan gij<c type="kp">_</c> <lb n="172" xml:id="l-172"/>Gij begint nu in een vaarwater te komen dat U van streek brengt in <lb n="173" xml:id="l-173"/>zoover ’t rapport met de natuur verbroken schijnt<c type="kp">_</c> Neem dat heel <lb n="174" xml:id="l-174"/>leuk als een teeken van afwijking<c type="kk">/</c> zeg: o neen dien kant niet <lb n="175" xml:id="l-175"/>uit s.v.p. Zoek een nieuwen lust<c type="kk">/</c> een belangstelling in iets<c type="kk">/</c> b.v. denk: <lb n="176" xml:id="l-176"/>de perspectief moet toch au fond het eenvoudigst van alle dingen zijn <lb n="177" xml:id="l-177"/>en het clair obscur eene eenvoudige<c type="kk">/</c> niet een ingewikkelde zaak<c type="kp">_</c> <lb n="178" xml:id="l-178"/>Het moet iets zijn dat van zelf spreekt<c type="kk">/</c> ander<supplied>s ge</supplied>ef ik er niet veel om<c type="kp">_</c>– Tracht <lb n="179" xml:id="l-179"/>zóó terug te komen tot de natuur.</ab>
<pb f="2r" n="5" xml:id="pb-orig-2r-5" facs="#zone-pb-2r-5"/><lb n="180" xml:id="l-180"/>
<ab rend="indent">Wilt gij nu<c type="kk">/</c> kerel<c type="kk">/</c> van mij eenvoudig dit gelooven<c type="kk">/</c> dat op <lb n="181" xml:id="l-181"/>het moment waarop ik U schrijf ik iets terug heb van het zelfde <lb n="182" xml:id="l-182"/>van jaren geleden<c type="kp">_</c> Dat ik weer pleizier heb in molens bij voorbeeld<c type="kk">/</c> <lb n="183" xml:id="l-183"/>dat ik mij vooral hier in Drenthe voel zoo ongeveer als <lb n="184" xml:id="l-184"/>toen ik in der tijd voor ’t eerst het mooie in de kunst begon <lb n="185" xml:id="l-185"/>te zien. Ge zult dat nu wel een normale stemming <lb n="186" xml:id="l-186"/>willen noemen<c type="kk">/</c> niet waar – een mooi vinden van de dingen <lb n="187" xml:id="l-187"/>buiten<c type="kk">/</c> kalm genoeg zijn om ze te teekenen<c type="kk">/</c> te schilderen<c type="kp">_</c> <lb n="188" xml:id="l-188"/>En gesteld eens <hi rend="ital">gij</hi> zoudt ergens op een muur komen<c type="kk">/</c> <lb n="189" xml:id="l-189"/>zoudt gij iemand in mijn stemming van nu niet <lb n="190" xml:id="l-190"/>bedaard genoeg vinden om eens lust te hebben met hem <lb n="191" xml:id="l-191"/>een tijdje te loopen<c type="kk">/</c> juist om afleiding van gedachten te <lb n="192" xml:id="l-192"/>hebben als door zenuwachtigheid die gedachten een <lb n="193" xml:id="l-193"/>zeker wanhopig element beginnen te krijgen<c type="kp">_</c>– Gij zijt U zelf en niet <lb n="194" xml:id="l-194"/>au fond veranderd maar uw zenuwen beginnen van streek <lb n="195" xml:id="l-195"/>te raken door overspanning<c type="kp">_</c> Nu<c type="kk">/</c> pas op voor uw zenuwen <lb n="196" xml:id="l-196"/>en denk er niet ligt over want die brengen tot driftige <lb n="197" xml:id="l-197"/>manoeuvres<c type="kk">/</c> enfin ge weet daar zelf een &amp; ander van<c type="kp">_</c>–</ab><lb n="198" xml:id="l-198"/>
<ab rend="indent">Theo versta mij goed<c type="kk">/</c> op dit moment Pa<c type="kk">/</c> Moe<c type="kk">/</c> Wil<c type="kk">/</c> Marie <lb n="199" xml:id="l-199"/>en vooral ik worden gesteund door U<c type="kk">/</c> om onzentwil <lb n="200" xml:id="l-200"/>moet gij doorzetten komt het U voor<c type="kk">/</c> en geloof nu dat ik <lb n="201" xml:id="l-201"/>alles daarvan voel<c type="kk">/</c> ten minste heel veel wel daarvan voelen <lb n="202" xml:id="l-202"/>kan<c type="kp">_</c>– Denk nu daarover eens na<c type="kp">_</c> Wat is het doel en van <lb n="203" xml:id="l-203"/>U zelf en van Pa<c type="kk">/</c> Moe<c type="kk">/</c> Wil<c type="kk">/</c> Marie en mij? wat willen <lb n="204" xml:id="l-204"/>wij allen te zamen?– Wij willen<c type="kk">/</c> regt handelende<c type="kk">/</c> er boven op blijven<c type="kk">/</c> <lb n="205" xml:id="l-205"/>wij willen allen komen tot een klare positie<c type="kk">/</c> niet tot een scheeve <lb n="206" xml:id="l-206"/>positie niet waar<c type="kk">/</c> dat willen we allen eenstemmig en <lb n="207" xml:id="l-207"/>opregt<c type="kk">/</c> hoe zeer onderling verschillende of niet verschillende.– <lb n="208" xml:id="l-208"/>Wat willen wij allen stellen tegenover het noodlot? Allen<c type="kk">/</c> <lb n="209" xml:id="l-209"/>allen zonder onderscheid bedaard werken<c type="kk">/</c> kalmte<c type="kp">_</c> <lb n="210" xml:id="l-210"/>Heb ik het mis den algemeenen toestand als zoodanig te beschouwen? <lb n="211" xml:id="l-211"/>Goed<c type="kk">/</c> waar staan wij nu voor? wij staan tegenover een <lb n="212" xml:id="l-212"/>calamiteit die<c type="kk">/</c> U treffende<c type="kk">/</c> ons allen treft<c type="kp">_</c>– Best<c type="kp">_</c>– Een onweer <lb n="213" xml:id="l-213"/>dreigt<c type="kk">/</c> wij zien het dreigen<c type="kk">/</c> die bliksem kon ons wel eens <lb n="214" xml:id="l-214"/>treffen<c type="kp">_</c>– Best<c type="kp">_</c>– wat doen wij nu<c type="kp">_</c>– Gaan wij nu radeloos <lb n="215" xml:id="l-215"/>worden. Ik geloof niet dat wij daartoe gestemd zijn – <lb n="216" xml:id="l-216"/>al zouden zekere zenuwen die wij allen in ons ligchaam <lb n="217" xml:id="l-217"/>hebben<c type="kk">/</c> al zouden zekere hartepeezen<c type="kk">/</c> fijner dan zenuwen<c type="kk">/</c> <lb n="218" xml:id="l-218"/>geschokt worden of smart ondervinden<c type="kp">_</c>–</ab><lb n="219" xml:id="l-219"/>
<ab rend="indent"><hi rend="ital">Nous sommes aujourd’hui ce que nous étions hier</hi><c type="kk">/</c><anchor n="7" xml:id="note-o-7"/> al <lb n="220" xml:id="l-220"/>valt die bliksem of al mogt het eens donderen misschien. 
<pb f="2v" n="6" xml:id="pb-orig-2v-6" facs="#zone-pb-2v-6"/><lb n="221" xml:id="l-221"/>Zijn wij die lui of zijn wij het niet<c type="kk">/</c> die de dingen <lb n="222" xml:id="l-222"/>kalm kunnen onder de oogen zien<c type="kk">/</c> is eenvoudig de <lb n="223" xml:id="l-223"/>kwestie<c type="kk">/</c> en ik zie geen reden waarom wij dat <hi rend="ital">niet</hi> zouden zijn. <lb n="224" xml:id="l-224"/>Wat ik er nu verder in zie is het volgende – <lb n="225" xml:id="l-225"/>Dat onze positie ook tegenover elkaar op dit <lb n="226" xml:id="l-226"/>moment regt is<c type="kk">/</c> dat opdat die regt blijve wenschelijk <lb n="227" xml:id="l-227"/>is een naauwere aaneensluiting en mijns inziens <lb n="228" xml:id="l-228"/>zijn er in ons zelven een paar dingen die we <lb n="229" xml:id="l-229"/>onder elkaar moeten uitmaken.</ab><lb n="230" xml:id="l-230"/>
<ab rend="indent">Vooreerst zoude ik het heel best vinden indien <lb n="231" xml:id="l-231"/>Uwe betrekking tot Marie eene daadzaak werd <lb n="232" xml:id="l-232"/>die op vaster schroeven werd gezet<c type="kk">/</c> zoo mogelijk <lb n="232a" xml:id="l-232a"/>een bepaald engagement dus.</ab><lb n="233" xml:id="l-233"/>
<ab rend="indent">Tweedens zoude ik het wenschelijk vinden dat <lb n="234" xml:id="l-234"/>wij onderling begrepen de omstandigheden urgent <lb n="235" xml:id="l-235"/>gebieden dat Brabant voor mij niet gesloten moet <lb n="236" xml:id="l-236"/>zijn langer. Ik vind het zelf ’t beste ik er <hi rend="ital">niet</hi> <lb n="237" xml:id="l-237"/>kom indien het anders kan<c type="kk">/</c> maar in geval van <lb n="238" xml:id="l-238"/>calamiteit<c type="kk">/</c> wegens Pa een huis heeft dat geen <lb n="239" xml:id="l-239"/>huishuur kost<c type="kk">/</c> zou de huishuur die ik gedwongen ben <lb n="240" xml:id="l-240"/>te geven kunnen bezuinigd worden<c type="kp">_</c></ab><lb n="241" xml:id="l-241"/>
<ab rend="indent">Ik ben op een punt dat waarschijnlijk <lb n="242" xml:id="l-242"/>spoedig <hi rend="ital">eenige</hi> verdienste van mijn werk komt<c type="kp">_</c> <lb n="243" xml:id="l-243"/>En als wij nu de uitgaven konden reduceeren tot <lb n="244" xml:id="l-244"/>een minimum<c type="kk">/</c> beneden de tegenwoordigen zelfs<c type="kk">/</c> <lb n="245" xml:id="l-245"/>zoo kon ik in plaats van te verteeren misschien verdienen<c type="kk">/</c> <lb n="246" xml:id="l-246"/>word positief in plaats van negatief<c type="kp">_</c>–</ab><lb n="247" xml:id="l-247"/>
<ab rend="indent">Is er kwestie van dat wij verdienen <hi rend="ital">moeten</hi><c type="kk">/</c> zoo zie <lb n="248" xml:id="l-248"/>ik een kans op die manier<c type="kk">/</c> indien er t’huis geduld<c type="kk">/</c> besef <lb n="249" xml:id="l-249"/>der noodzakelijkheden is<c type="kk">/</c> indien er vooral als ’t op model <lb n="250" xml:id="l-250"/>aankomt zelfs door de huisgenooten wordt meegewerkt. <lb n="251" xml:id="l-251"/>In kwestie model zou men bepaald moeten doen <lb n="252" xml:id="l-252"/>wat ik verlangde<c type="kk">/</c> moeten vertrouwen ik er mijn <lb n="253" xml:id="l-253"/>reden voor had. Indien ik zeide tegen Moe of tegen <lb n="254" xml:id="l-254"/>Wil of Lies<c type="kk">/</c> poseer eens<c type="kk">/</c> zou dit moeten gebeuren<c type="kp">_</c>–<anchor n="8" xml:id="note-o-8"/></ab>
<pb f="2v" n="7" xml:id="pb-orig-2v-7" facs="#zone-pb-2v-7"/><lb n="255" xml:id="l-255"/>
<ab rend="indent">Natuurlijk zou ik geen onredelijke eisschen doen<c type="kp">_</c> <lb n="256" xml:id="l-256"/>Gij weet hoe het kwam ik er weg ging<c type="kk">/</c> oorzaak au fond <lb n="257" xml:id="l-257"/>een misverstaan van elkaar<c type="kk">/</c> eigentlijk in <hi rend="ital">alle</hi> dingen<c type="kp">_</c> <lb n="258" xml:id="l-258"/><hi rend="ital">Kan</hi> men dan toch zamenwonen<c type="kp">_</c> <hi rend="ital">ja</hi> voor een <hi rend="ital">tijd</hi> als <lb n="259" xml:id="l-259"/>het <hi rend="ital">moet</hi> en men van weerskanten inziet men alles moet <lb n="260" xml:id="l-260"/>ondergeschikt laten aan wat de force majeure der omstandigheden <lb n="261" xml:id="l-261"/>gebiedt<c type="kp">_</c>– Ik had gewild dat <hi rend="ital">in der tijd</hi> dat begrepen was <lb n="262" xml:id="l-262"/>en ik heb ook niet het initiatief genomen van weg gaan – toen <lb n="263" xml:id="l-263"/>mij gezegd werd<c type="kk">/</c> ga weg<c type="kk">/</c> ben ik evenwel gegaan<c type="kp">_</c>–</ab><lb n="264" xml:id="l-264"/>
<ab rend="indent">Enfin ik kom daarop wegens ik inzie dat misschien <lb n="265" xml:id="l-265"/>het zoo loopen zal dat gij de handen vrij <hi rend="ital">moet</hi> hebben<c type="kk">/</c> <lb n="266" xml:id="l-266"/>en als daartoe kan dienstig zijn dat ik een tijd t’huis ben<c type="kk">/</c> <lb n="267" xml:id="l-267"/>zoo mijns inziens moeten Pa en ik beiden ons direkt <lb n="268" xml:id="l-268"/>daarin schikken<c type="kp">_</c>– Overigens als ’t niet hoeft – tant mieux<c type="kp">_</c>– <lb n="269" xml:id="l-269"/>Maar ik zeg niet ik absoluut in Drenthe <hi rend="ital">moet</hi> zijn<c type="kk">/</c> <lb n="270" xml:id="l-270"/><hi rend="ital">waar</hi> ik ben doet er niet het meeste toe<c type="kp">_</c>–</ab><lb n="271" xml:id="l-271"/>
<ab rend="indent">Weet gij dit dus<c type="kk">/</c> dat ik in dat opzigt natuurlijk <lb n="272" xml:id="l-272"/>datgene wat gij raadzaam zoudt achten doen zou<c type="kp">_</c>–</ab><lb n="273" xml:id="l-273"/>
<ab rend="indent">Nu<c type="kk">/</c> ik schrijf heden aan Pa zonder meer woorden eenvoudig <lb n="274" xml:id="l-274"/>dit: in geval Theo het raadzaam zou achten dat mijn onkosten <lb n="275" xml:id="l-275"/>tot een minimum werden gebragt en ik voor een tijd t’huis <lb n="276" xml:id="l-276"/>zoude wonen<c type="kk">/</c> hoop ik van mijzelf evenzeer als van U dat <lb n="277" xml:id="l-277"/>wij de wijsheid zullen hebben door onderlinge oneenigheid de <lb n="278" xml:id="l-278"/>dingen <hi rend="ital">niet</hi> in ’t vaarwater te sturen<c type="kk">/</c> maar zwijgende over al <lb n="279" xml:id="l-279"/>het gepasseerde ons schikken zullen naar wat de omstandigheden <lb n="280" xml:id="l-280"/>meebrengen. Verder over U of over zaken niets, noch zou <lb n="281" xml:id="l-281"/>ik in geval ik t’huis zijn moest over U spreken anders dan in <lb n="282" xml:id="l-282"/>’t algemeen. En over Marie vooralsnog zeker <hi rend="ital">niet</hi> spreken<c type="kp">_</c>–</ab><lb n="283" xml:id="l-283"/>
<ab rend="indent">Indien gij Theo<c type="kk">/</c> een jaar misschien geleden zeidet dat gij zeker <lb n="284" xml:id="l-284"/>geen schilder zoudt worden<c type="kk">/</c><anchor n="9" xml:id="note-o-9"/> zeker zoudt blijven in ’t tegenwoordige vak<c type="kk">/</c> <lb n="285" xml:id="l-285"/>toen ’t moest toegeven<c type="kk">/</c> <hi rend="ital">nu</hi> geef ik het niet zoozeer toe<c type="kk">/</c> <lb n="286" xml:id="l-286"/>ik zie nog steeds dat telkens in de kunstgeschiedenis zich <lb n="287" xml:id="l-287"/>voordoen van ’t verschijnsel dat twee broers schilder zijn<c type="kp">_</c> <lb n="288" xml:id="l-288"/>Ik weet dat de toekomst onvoorspelbaar is<c type="kk">/</c> althans ik <lb n="289" xml:id="l-289"/>verklaar U niet te weten hoe ’t loopen zal<c type="kp">_</c>– Dat ik in U <lb n="290" xml:id="l-290"/>geloof als artist is evenwel bepaald zoo<c type="kk">/</c> en zelfs door <lb n="291" xml:id="l-291"/>een &amp; ander in uw laatste schrijven versterkt.</ab><lb n="292" xml:id="l-292"/>
<ab rend="indent">Weet het nu wel dat ik U een ding aan raad <lb n="293" xml:id="l-293"/>als urgent noodig – Pas op Uw zenuwen – neem <lb n="294" xml:id="l-294"/>alle middelen te baat om uw gestel kalm te houden<c type="kp">_</c> <lb n="295" xml:id="l-295"/>Spreek zelfs als ’t kan dagelijks met een dokter<c type="kk">/</c> <lb n="296" xml:id="l-296"/>niet zoozeer omdat een dokter er iets aan doen kan zooveel <lb n="297" xml:id="l-297"/>als noodig zou zijn<c type="kk">/</c> doch omdat de demarche van een 
<pb f="2r" n="8" xml:id="pb-orig-2r-8" facs="#zone-pb-2r-8"/><lb n="298" xml:id="l-298"/>dokter er over te spreken &amp;c. het U zelf voor oogen zal houden<c type="kk">/</c> <lb n="299" xml:id="l-299"/><hi rend="ital">dit</hi> is de zenuwachtigheid<c type="kk">/</c> <hi rend="ital">dat</hi> ben ik<c type="kp">_</c></ab><lb n="300" xml:id="l-300"/>
<ab rend="indent">Het is hier een kwestie van zelfkennis<c type="kk">/</c> van sereniteit<c type="kk">/</c> <lb n="301" xml:id="l-301"/>ondanks al de streken die de zenuwen <hi rend="ital">moeten</hi> <lb n="302" xml:id="l-302"/>spelen. Ik reken de heele gedachte van dat het op een <lb n="303" xml:id="l-303"/>zich verdonkeremanen zou <hi rend="ital">kunnen</hi> uitdraaijen<c type="kk">/</c> een werking <lb n="304" xml:id="l-304"/>van zenuwen<c type="kp">_</c> Houd het daar nu zelf ook voor en ge doet <lb n="305" xml:id="l-305"/>wijs en wel<c type="kp">_</c>– Ik hoop dat gij verder <hi rend="ital">geen</hi> slag zult slaan<c type="kk">/</c> <lb n="306" xml:id="l-306"/>ik hoop dat gij <hi rend="ital">geen</hi> finantieele uitvinding zult doen – <lb n="307" xml:id="l-307"/>ik hoop dat gij schilder zult worden. Indien gij <lb n="308" xml:id="l-308"/>door een kalm aplomb de crisis<c type="kk">/</c> nu door de heeren <lb n="309" xml:id="l-309"/>opzettelijk geformeerd<c type="kk">/</c><anchor n="10" xml:id="note-o-10"/> kunt van uw koude kleeren laten <lb n="310" xml:id="l-310"/>afdruipen<c type="kk">/</c> hun zeggen “zóó ga ik <hi rend="ital">zeker</hi> <hi rend="ital">niet</hi> heen<c type="kk">/</c> <hi rend="ital">nu</hi> <lb n="311" xml:id="l-311"/>zeker niet<c type="kk">/</c> <hi rend="ital">nooit</hi> op die manier” – indien gij hun <lb n="312" xml:id="l-312"/>zegt<c type="kk">/</c> ik heb plannen doch die zijn niet eens van <lb n="313" xml:id="l-313"/>commercieelen aard en zoodra die uitvoerbaar zijn <lb n="314" xml:id="l-314"/>retireer ik mij in alle kalmte; voor dien tijd<c type="kk">/</c> zoolang <lb n="315" xml:id="l-315"/>gij op mijn doen en laten geen fouten ziet<c type="kk">/</c> <lb n="316" xml:id="l-316"/>laat de dingen zóó als ze zijn<c type="kk">/</c> maar weet dat <lb n="317" xml:id="l-317"/>gij in mijn persoon U zeer vergist indien gij <lb n="318" xml:id="l-318"/>meent ik weg zou gaan doordat gij ’t me onmogelijk maakt, of op eenige onredelijke wijze van U zou <lb n="319" xml:id="l-319"/>scheiden<c type="kp">_</c> Wilt ge van mij af zijn<c type="kk">/</c> goed<c type="kk">/</c> ik wil <lb n="320" xml:id="l-320"/>ook wel van U af zijn<c type="kk">/</c> doch in der minne en <lb n="321" xml:id="l-321"/>in alle orde<c type="kk">/</c> en het spreekt van zelf dat <lb n="322" xml:id="l-322"/>ik staande moet blijven<c type="kp">_</c>– Enfin zie hun aan ’t <lb n="323" xml:id="l-323"/>verstand te brengen gij dood leuk en kalm zijt en blijven zult<c type="kk">/</c> <lb n="324" xml:id="l-324"/>volstrekt evenwel niet absoluut wilt blijven – <lb n="325" xml:id="l-325"/>doch niet heengaat voor gij een gunstig <lb n="326" xml:id="l-326"/>moment ziet<c type="kp">_</c>– Dat komt mij voor de manier te zijn <lb n="327" xml:id="l-327"/>waarop het geen zij nu trachten te doen<c type="kk">/</c> ’t U onmogelijk <lb n="328" xml:id="l-328"/>te maken te blijven<c type="kk">/</c> tegengegaan moet worden<c type="kp">_</c>– Zij verdenken <lb n="329" xml:id="l-329"/>U misschien van elders reeds relaties aan te knoopen en <lb n="330" xml:id="l-330"/>in zoo’n geval is ’t iemand het onmogelijk maken soms heel <lb n="331" xml:id="l-331"/>venijnig<c type="kp">_</c>– Als zij venijnig worden nu<c type="kk">/</c> is er niet aan te doen<c type="kk">/</c> <lb n="332" xml:id="l-332"/>coupeer dat dus – misschien is een kalm toonen op zekere <lb n="333" xml:id="l-333"/>condities gij U retireeren zoudt dan ’t beste<c type="kp">_</c>–</ab><lb n="334" xml:id="l-334"/>
<ab rend="indent">Inmiddels<c type="kk">/</c> indien om U de handen vrij te laten ik <lb n="335" xml:id="l-335"/>voor een tijd naar huis moet<c type="kk">/</c> waarschuw dan<c type="kp">_</c>– En nog eens<c type="kk">/</c> <lb n="336" xml:id="l-336"/>Pa<c type="kk">/</c> moe<c type="kk">/</c> Wil<c type="kk">/</c> Marie<c type="kk">/</c> ik<c type="kk">/</c> allen in een woord<c type="kk">/</c> wij vinden in <hi rend="ital">U</hi> <hi rend="ital">zelf</hi> nog meer dan <lb n="337" xml:id="l-337"/>in Uw geld. Het verdonkeremanen is niets dan klinkklaar zenuwen<c type="kp">_</c>–</ab><lb n="338" xml:id="l-338"/>
<ab rend="indent">Maar – herstel – <hi rend="ital">tracht</hi> te herstellen<c type="kk">/</c> al gaat het niet in eens – ’t rapport tusschen U en de natuur <lb n="339" xml:id="l-339"/>en de menschen. En lukt dat op geen andere manier dan door schilder te worden<c type="kk">/</c> <lb n="340" xml:id="l-340"/>welnu wordt het dan<c type="kk">/</c> ook al ziet ge nog zoo veel bezwaren &amp; onmogelijkheden.</ab><lb n="341" xml:id="l-341"/>
<ab rend="indent">Hoor eens – schrijf mij heel spoedig – doe dat nu bepaald<c type="kp">_</c>– Met een handdruk<c type="kp">_</c></ab>
<vg:whiteline/><lb n="341*" xml:id="l-341s"/>
<ab>t. à t.</ab><lb n="342" xml:id="l-342"/>
<ab>Vincent.</ab>
<vg:whiteline/>
<div type="textualNotes">
<note target="l-7" n="7">– ijdel &lt; ijdel</note>
<note target="l-62" n="62">leidden<c type="kk">/</c> &lt; leiden</note>
<note target="l-67" n="67">behouden”<c type="kp">_</c>– &lt; behouden –</note>
<note target="l-75" n="75">geworteld – &lt; geworteld</note>
<note target="l-104" n="104">aan – &lt; aan</note>
<note target="l-120" n="120">bijna &lt; ’t bijna</note>
<note target="l-140" n="140">NIET &lt; <hi rend="ital">Four times underlined.</hi></note>
<note target="l-161" n="161">ééne – &lt; ééne</note>
<note target="l-164" n="164">zeggen: &lt; zeggen</note>
<note target="l-169" n="169">(ook de mijne) &lt; <hi rend="ital">Parentheses added by us.</hi></note>
<note target="l-174" n="174">zeg: &lt; zeg</note>
<note target="l-175" n="175">denk: &lt; denk</note>
<note target="l-178" n="178">ander<supplied>s ge</supplied>ef &lt; <hi rend="ital">Text lost due to an ink-blot</hi>.</note>
<note target="l-246" n="246">word &lt; wordt</note>
<note target="l-261" n="261">gebiedt<c type="kp">_</c>– &lt; gebieden –</note>
<note target="l-311" n="311">manier” &lt; manier</note>
<note target="l-314" n="314">kalmte; &lt; kalmte</note>
<note target="l-318" n="318">doordat &lt; door dat</note></div></div>
<div type="translation">
<pb f="1r" n="1" xml:id="pb-trans-1r-1" facs="#zone-pb-1r-1"/>
<ab>Dear brother,</ab>
<ab>I just received your letter. I read and re-read it with interest, and something that I’ve already thought about sometimes, without knowing what to do about it, is becoming clear to me. It’s that you and I have in common a time of quietly drawing impossible windmills &amp;c.,<anchor n="1" xml:id="note-t-1"/> where the drawings are in a singular rapport with the storm of thoughts and aspirations — in vain, because no one who can shed light is concerned about them (only a painter would then be able to help one along the right path, and their thoughts are elsewhere). This is a great inner struggle, and it ends in discouragement or in throwing those thoughts overboard as impractical, and precisely when one is 20 or so, one is passionate to do that. Whatever the truth of the matter that I said something then that unwittingly contributed to throwing those things overboard; at that moment my thoughts were perhaps the same as yours, that’s to say that I saw it as something impossible, but as regards that desperate struggle without seeing any light, I know it too, how awful it is. With all one’s energy one can do nothing and thinks oneself mad, and I don’t know what else. When I was in London, how often I would stand on the Thames Embankment and draw as I made my way home from Southampton Street in the evening, and it looked terrible.<anchor n="2" xml:id="note-t-2"/> If only there had been someone then who had told me what perspective was, how much misery I would have been spared, how much further along I would be now. Well, <hi rend="ital">fait accompli</hi> is <hi rend="ital">fait accompli</hi>. It didn’t happen then — I did talk to <rs type="pers" key="1202">Thijs Maris</rs><anchor n="3" xml:id="note-t-3"/> occasionally (I didn’t dare speak to <rs type="pers" key="878">Boughton</rs>, because I felt such great respect in his presence) but I didn’t find it there either, that helping me with the <hi rend="ital">first </hi>things, with the ABC.</ab>
<ab rend="indent">Let me now repeat that I believe in you as an artist, and that you can still become one, indeed that you should very soon think calmly about whether you are one or not, whether you would be able to produce something or not if you learned to spell the aforementioned ABC, and then also spent some time walking through the wheatfield and the heath, in order to renew once more what you yourself say, ‘I used to be part of that nature, now I don’t feel that any more’. Let me tell you, brother, that I myself have felt so deeply, deeply <hi rend="ital">that</hi> which you say there. That I’ve had a time of nervous, barren stress when I had days when I couldn’t find the most beautiful countryside beautiful, precisely because I didn’t feel myself part of it. That’s what pavements and the office — and care — and nerves — do.</ab>
<ab rend="indent">Don’t take it amiss if I say now that your soul is sick at this moment — it really is — it isn’t good that you aren’t part of nature — and I think that No. 1 now is for you to make that normal again. I think it’s very good that you yourself feel the difference between your 
<pb f="1v" n="2" xml:id="pb-trans-1v-2" facs="#zone-pb-1v-2"/> state of mind now and in other years. And don’t doubt that you will agree with me that you must work on it to put it right.</ab>
<ab rend="indent">I now have to look back into my own past to see what the matter was, spending years in that stony, barren state of mind and trying to emerge from it, and yet it got worse and worse instead of better.</ab>
<ab rend="indent"> Not only did I feel indifferent instead of responsive to nature but also, which was much worse, I felt exactly the same about people.</ab>
<ab rend="indent"> People said that I was going mad; I myself felt that I wasn’t, if only because I felt my own malady very deep inside myself and tried to get over it again. I made all sorts of forlorn attempts that led to nothing, so be it, but because of that <hi rend="ital">idée fixe</hi> of getting back to a normal position I never confused my own desperate doings, scrambling and squirmings with I myself. At least I always felt ‘let me just do something, be somewhere, it <hi rend="ital">must</hi> get better, I’ll get over it, let me have the patience to recover’.</ab>
<ab rend="indent">I don’t believe that someone like <rs type="pers" key="875">Boks</rs>, for instance, who really turned out to be mad, thought like that<anchor n="4" xml:id="note-t-4"/> — so I say again, I’ve thought about it a lot since, about my years of all sorts of scrambling, and I don’t see that, given my circumstances, I <hi rend="ital">could</hi> be other than I have been.</ab>
<ab rend="indent">Here is the ground that sank beneath my feet — here is the ground which, if it sinks, must make a person miserable, whoever he may be. I was with G&amp;Cie for 6 years — I had put down roots in G&amp;Cie and I thought that, although I left, I could look back on 6 years of good work, and that if I presented myself somewhere I could refer to my past with equanimity.</ab>
<ab rend="indent">But by no means; things are done so hurriedly that little consideration is given, little is questioned or reasoned. People act on the most random, most superficial impressions. And once one is out of G&amp;Cie no one knows who G&amp;Cie is. It’s a name like X&amp;Co., without meaning — and so one is simply ‘a person without a situation’. All at once — suddenly — fatally — everywhere — there you have it. Of course, precisely because one has a certain respectability one doesn’t say I’m so-and-so, I’m this or that. One presents oneself for a new situation serious in all respects, without saying much, with a view to putting one’s hand to the plough.<anchor n="5" xml:id="note-t-5"/> Very well, but then, that ‘person without a situation’, the man from anywhere, gradually becomes suspect. 
<pb f="1v" n="3" xml:id="pb-trans-1v-3" facs="#zone-pb-1v-3"/></ab>
<ab rend="indent">Suppose that your new employer is a man whose affairs are very mysterious, and suppose that he has just one goal, ‘money’. With all your energy, can you really immediately, at once, help him a very great deal in that? Perhaps not, eh? And yet he wants money, money come what may; you want to know something more about the business, and what you see or hear is pretty disgusting.</ab>
<ab rend="indent">And soon it’s: ‘someone without a situation’, I don’t need you any more. See, now that’s what you increasingly become: someone without a situation. Go to England, go to America, it doesn’t help at all, you’re an uprooted tree everywhere. G&amp;Cie, where your roots are from an early age<anchor n="6" xml:id="note-t-6"/> — G&amp;Cie, although indirectly they cause you this misery because in your youth you regarded them as the finest, the best, the biggest in the world — G&amp;Cie, <hi rend="ital">were</hi> you to return to them — I didn’t do that then — I <hi rend="ital">couldn’t</hi> — my heart was too full, much too full — G&amp;Cie, they’d give you the cold shoulder, say it was no longer their concern or something. With all this one has been uprooted, and the world turns it around and says that you’ve uprooted yourself. Fact — your place no longer acknowledges you. <hi rend="ital">I</hi> felt too melancholy to do anything about it — and I don’t remember ever having been in the mood to talk to someone about it as I’m talking to you now. Because, and actually to my surprise, for I thought that even if they did it to me they would, however, certainly not have dared to do it to you, I read in your letter the words ‘when I spoke to them this week the gentlemen made it almost impossible for me’. Old chap, you know how it is with me, but if you’re miserable about one thing and another, <hi rend="ital">do not feel you are </hi><hi rend="sc">alone</hi>. It’s <hi rend="ital">too much</hi> to bear <hi rend="ital">alone</hi>, and to some extent I can sympathize with you the <hi rend="ital">way</hi> it is. Now, stand your ground and don’t let your pain throw you off balance — if the gentlemen behave like this, stand on your dignity and don’t accept your dismissal except on terms that guarantee you’ll get a new situation. They aren’t worth your losing your temper, don’t do that, even if <hi rend="ital">they provoke you</hi>. I lost my temper and walked straight out. Now in my position it was different again from yours; I was one of the least, you are one of the first, but what I say about being uprooted, I’m afraid that you would feel the same if you were out of it, so 
<pb f="1r" n="4" xml:id="pb-trans-1r-4" facs="#zone-pb-1r-4"/> look at <hi rend="ital">that</hi>, too, cold-bloodedly, stand up to them and don’t let them push you out without being a little prepared for that difficult situation of beginning again. And know this — given an uprooting, given not making headway again, don’t despair.</ab>
<ab rend="indent">Then, in the worst case, do NOT go to America, because it’s exactly the same there as in Paris. No, beware of reaching that point where one says: I’ll make myself scarce; I had that myself, I hope that you won’t have it. <hi rend="ital">If </hi>you had it, I say again, beware of it, resist it with great coolness, say to yourself, this point proves to me that I’m running into a brick wall. This is a wall for bulls to run into; I am a bull too, but an intelligent one, I am a bull about becoming an artist. Anyway, get out before you smash your head to pieces, that’s all. I’m not saying that that’s what <hi rend="ital">will</hi> happen; I hope that there will be no question whatever of running into a wall. But suppose after all that there was a whirlpool with accompanying sharp-edged rocky promontories, well, I would just think that you might avoid it, wouldn’t you? Perhaps you’ll admit that those rocks might be there, since you yourself pulled me out of that whirlpool when I had no more hope of getting out of it and was powerless to fight against it any more.</ab>
<ab rend="indent">I mean, give those waters a very wide berth. They’re beginning to drag you down in that one thing — I say no more nor less than I’m sure of — that you aren’t part of nature. Do you think it strange of me that I dare to say as much as this: now, at the very beginning, change course <hi rend="ital">now</hi> and no later than now in so far as you work at restoring the bond between yourself and nature? The more you remain in the frame of mind of not being part of nature, the more you play into the hands of your eternal enemy (and mine too), Nerves. I have more experience than you of the sort of tricks they <hi rend="ital">could</hi> play on you. You’re now beginning to enter waters that are throwing you off balance, inasmuch as the rapport with nature seems to be broken. Take that very coolly as a sign of aberration; say, oh no, not that way if you please. Seek a new passion, an interest in something; think, for example, after all perspective must fundamentally be the simplest of all things and chiaroscuro a simple, not a complicated matter. It must be something that speaks for itself, otherwise I don’t much care for it. Try to get back to nature in this way. 
<pb f="2r" n="5" xml:id="pb-trans-2r-5" facs="#zone-pb-2r-5"/></ab>
<ab rend="indent">Will you now, old chap, simply take it from me when I say that as I write to you I’ve got something back of what I had years ago. That I’m again taking pleasure in windmills, for example, that particularly here in Drenthe I feel much as I did then, at the time when I first began to see the beauty in art. You’d be prepared to call that a normal mood, wouldn’t you? — finding the outdoor things beautiful, being calm enough to draw them, to paint them. And suppose <hi rend="ital">you</hi> were to come up against a brick wall somewhere, wouldn’t you find someone in my present mood composed enough to want to take a little walk with him, precisely in order to have a distraction from thoughts if, through nervousness, these thoughts start to acquire a certain despairing element? You are yourself and not fundamentally changed, but your nerves are beginning to be unstrung by strain. Now, look after your nerves, and don’t take them lightly, because they cause quick-tempered manoeuvres — well, you know a thing or two about that yourself.</ab>
<ab rend="indent">Make no mistake, Theo, at this moment <rs type="pers" key="526">Pa</rs>, <rs type="pers" key="524">Ma</rs>, <rs type="pers" key="407">Wil</rs>, <rs type="pers" key="508">Marie</rs>, and I above all, are supported by you; it seems to you that you have to go on for our sakes, and believe me I fully understand that, or at least can understand it to a very great extent. Just think about this for a moment. What is your goal and Pa’s, Ma’s, Wil’s, Marie’s and mine? What do we all want? We want, acting decently, to keep our heads above water, we all want to arrive at a clear position, not a false position, don’t we? This is what we all want, unanimously and sincerely, however much we differ or don’t differ among ourselves. What are we all prepared to do against fate? All, all of us without exception to work quietly, calmness. Am I wrong in regarding the general situation in this way? Very well, what are we facing now? We’re confronting a calamity which, touching you, touches us all. Fine. A storm is brewing. We see it brewing. That lightning might well strike us. Fine. What do we do now? Do we reach our wit’s end? I don’t think that we’re inclined that way — even if certain nerves that we all have in our bodies, even if certain fibres of the heart, finer than nerves, are shocked or experience pain.</ab>
<ab rend="indent"><hi rend="ital">We are today what we were yesterday</hi>,<anchor n="7" xml:id="note-t-7"/> even if the lightning strikes or even, perhaps, should it thunder. 
<pb f="2v" n="6" xml:id="pb-trans-2v-6" facs="#zone-pb-2v-6"/> Are we or are we not the sort who can look at things calmly? That, simply, is the question, and I see no reason why we should <hi rend="ital">not</hi> be so. What I also see is the following — that our position towards one another is also straight at this moment. That for the purposes of keeping straight it’s desirable to have a closer connection, and in my view there are a few things in ourselves that we’ll have to work out between us.</ab>
<ab rend="indent">In the first place, I would be very pleased if your relationship with <rs type="pers" key="508">Marie</rs> were to be put on a firmer footing; in other words a formal engagement if possible.</ab>
<ab rend="indent">Secondly, I would consider it desirable that we all understood that circumstances urgently require that Brabant no longer be closed to me. I myself think it better that I do <hi rend="ital">not</hi> go there unless there’s no other choice, but in the event of an emergency the rent that I’m obliged to pay could be saved, because <rs type="pers" key="526">Pa</rs> has a house there rent-free.</ab>
<ab rend="indent">I’m at a point where there will probably be <hi rend="ital">some</hi> income from my work soon. And if we could now reduce expenditure to a minimum, even below what it is at present, perhaps I could earn instead of consume, become positive instead of negative.</ab>
<ab rend="indent">If it’s a question of our <hi rend="ital">having</hi> to earn, I can see a chance in this way — if there’s patience at home, a realization of the necessities, if above all, when it comes to models for me, even the family cooperates. As to the question of models, they’d definitely have to do what I wanted, have to trust that I had my reasons for it. If I were to say to <rs type="pers" key="524">Ma</rs> or to <rs type="pers" key="407">Wil</rs> or <rs type="pers" key="401">Lies</rs>, pose for me, it would have to happen.<anchor n="8" xml:id="note-t-8"/> 
<pb f="2v" n="7" xml:id="pb-trans-2v-7" facs="#zone-pb-2v-7"/></ab>
<ab rend="indent">I wouldn’t make any unreasonable demands, of course. You know how it came about that I left; the fundamental cause was misunderstanding one another, actually in <hi rend="ital">all</hi> things. So <hi rend="ital">can </hi>we live together? <hi rend="ital">Yes</hi>, for a <hi rend="ital">time</hi>, if we <hi rend="ital">have</hi> to and people on both sides understand that everything has to be subordinated to what <hi rend="ital">the force majeure </hi>of circumstances dictates. I had hoped that that was understood <hi rend="ital">at the time</hi>, and I didn’t take the initiative to leave — when I was told to go away, though, I went.</ab>
<ab rend="indent">Anyway, I broach this because I see that perhaps things will come to pass such that you <hi rend="ital">must </hi>have your hands free, and if it might help for me to live at home for a while, I think that <rs type="pers" key="526">Pa</rs> and I would both have to reconcile ourselves to that immediately. Although if it isn’t necessary — so much the better. But I’m not saying that I absolutely <hi rend="ital">must</hi> be in Drenthe; <hi rend="ital">where</hi> isn’t the most important thing.</ab>
<ab rend="indent">So be aware of this, that in that respect I would of course do whatever you thought advisable.</ab>
<ab rend="indent">Well, I’ll write to <rs type="pers" key="526">Pa</rs> today, without more ado, simply this: if Theo were to think it advisable that my expenses should be reduced to a minimum and I should live at home for a while, I hope that both you and I will have the sense <hi rend="ital">not</hi> to put a spoke in the wheel through mutual discord, but keeping silent about everything that has passed will reconcile ourselves to what circumstances bring. Nothing more about you or about business nor, should I have to live at home, would I talk about you other than in general terms. And for the time being I would certainly <hi rend="ital">not </hi>mention <rs type="pers" key="508">Marie</rs>.</ab>
<ab rend="indent">Theo, if you had said perhaps a year ago that you would certainly not become a painter,<anchor n="9" xml:id="note-t-9"/> would certainly stay in your present profession, I would have had to accede; <hi rend="ital">now</hi> I don’t accede so readily, I still see that repeated occurrence in the history of art of the phenomenon of two brothers who are painters. I know that the future is unpredictable, at least I tell you that I don’t know how things will turn out. However, it’s definitely the case that I believe in you as an artist, and this is actually reinforced by some of the things in your last letter.</ab>
<ab rend="indent">Mind now, I advise you of one thing that’s urgently necessary — beware of your nerves — use all means to keep your constitution calm. Consult a doctor daily if you possibly can, not so much because a doctor can do anything about it, as much as would be needed, but because the very fact of going to a 
<pb f="2r" n="8" xml:id="pb-trans-2r-8" facs="#zone-pb-2r-8"/> doctor to talk about it &amp;c. will show you, <hi rend="ital">this</hi> is nerves, <hi rend="ital">that</hi> is me.</ab>
<ab rend="indent">It’s a question here of self-knowledge, of serenity, despite all the tricks that the nerves <hi rend="ital">must</hi> play. I consider the whole idea that it <hi rend="ital">could</hi> come to your making yourself scarce to be the effect of nerves. You would do wisely and well to regard it in this way yourself. I hope that you will <hi rend="ital">not</hi> bring off a coup, I hope that you will <hi rend="ital">not</hi> make a financial invention — I hope that you will become a painter. If, through cool aplomb, you can let the crisis now deliberately being created by the gentlemen<anchor n="10" xml:id="note-t-10"/> run off you like water off a duck’s back, can say to them ‘I am <hi rend="ital">certainly not</hi> leaving in this way, certainly not <hi rend="ital">now</hi>, <hi rend="ital">never</hi> like this’ — if you say to them, I have plans but they aren’t even of a commercial nature, and as soon as they can be put into effect I’ll retire in all tranquillity; until that time, as long as you can’t find fault with what I do, leave things as they are, but know that you’re very much mistaken in me if you think that I would leave because you make things impossible for me, or would part from you in any unreasonable way. If you want to be rid of me, very well, I also want to be rid of you, but amicably and in good order, and it goes without saying that I must keep going. Anyhow, try to make them understand that you’re dead cool and calm and will remain so, however that you have absolutely no desire whatsoever to stay — but that you won’t leave until you see a favourable moment. This seems to me to be the way to counter what they’re now trying to do, to make it impossible for you to stay. Perhaps they suspect that you’ve already established relations elsewhere, and in such a case making it impossible for someone to stay can sometimes be very nasty. If they turn nasty now, there’s nothing for it, cut it short — perhaps the best thing might be to explain calmly that you would retire on certain conditions.</ab>
<ab rend="indent">In the meantime, let me know if I should go home for a while so that you have your hands free. And again, <rs type="pers" key="526">Pa</rs>, <rs type="pers" key="524">Ma</rs>, <rs type="pers" key="407">Wil</rs>, <rs type="pers" key="508">Marie</rs>, I, in a word all of us, think much more of <hi rend="ital">you yourself</hi> than of your money. Making yourself scarce is nothing but sheer nerves.</ab>
<ab rend="indent">But — restore — <hi rend="ital">try</hi> to restore, even if it doesn’t happen all at once — the rapport between you and nature and people. And if the only way to do this is to become a painter, well then become one, even if you see ever so many objections and impossibilities.</ab>
<ab rend="indent">Now listen — write to me very soon — be sure to do that. With a handshake.</ab>
<vg:whiteline/>
<ab>Ever yours,</ab>
<ab>Vincent.</ab></div>
<div type="notes">
<note n="1" xml:id="n-1" target="#note-t-1">
<ab>Van Gogh could have meant two things here: both literally ‘drawing impossible windmills’ (drawing windmills does figure later in the letter) and figuratively ‘getting ideas that are impossible to achieve’ (cf. ‘drawing castles in the air’).</ab></note>
<note n="2" xml:id="n-2" target="#note-t-2">
<ab>Van Gogh worked for Goupil &amp; Cie in London from June 1873 to May 1875. Cf. in this regard also <ref target="let039.xml">letter 39</ref> and the little sketch after a view of London by <rs type="pers" key="1246">De Nittis</rs>.</ab></note>
<note n="3" xml:id="n-3" target="#note-t-3">
<ab>Van Gogh had once asked <rs type="pers" key="1202">Maris</rs> if he would be his teacher. Maris must have told him that ‘you would have an odd one in me’, to which Van Gogh replied that that was exactly what he needed. Letter from Matthijs Maris to P. Haverkorn van Rijsewijk. See Heijbroek 1975, p. 282, and n. 154.</ab></note>
<note n="4" xml:id="n-4" target="#note-t-4">
<ab>See for <rs type="pers" key="875">Marinus Boks</rs>’s madness: <ref target="let307.xml#n-11">letter 307, n. 11.</ref></ab></note>
<note n="5" xml:id="n-5" target="#note-t-5">
<ab>Expression derived from <bibleref xmlns="http://www.vangoghletters.org/ns/" book="Luke" chap="9" v="62">Luke 9:62</bibleref>.</ab></note>
<note n="6" xml:id="n-6" target="#note-t-6">
<ab>Theo joined Goupil in 1873 at the age of 15.</ab></note>
<note n="7" xml:id="n-7" target="#note-t-7">
<ab>This expression is taken from <rs type="pers" key="707">Michelet</rs>; <ref target="let143.xml#n-2">see letter 143, n. 2.</ref></ab></note>
<note n="8" xml:id="n-8" target="#note-t-8">
<ab><rs type="pers" key="407">Willemien</rs> had already posed for him; <ref target="let168.xml">see letter 168</ref>. </ab></note>
<note n="9" xml:id="n-9" target="#note-t-9">
<ab>The question of whether or not to become a painter came up in <ref target="let274.xml">letter 274</ref> of 22 October 1882.</ab></note>
<note n="10" xml:id="n-10" target="#note-t-10">
<ab>Possibly an allusion to the impending takeover of Goupil by <rs type="pers" key="303">Boussod</rs> and <rs type="pers" key="796">Valadon</rs> in 1884.</ab></note></div></body></text></TEI>
