<?xml version="1.0" encoding="UTF-8"?>
<!-- Last Changed Date: 2018-07-18 12:32:41 +0200 (Wed, 18 Jul 2018) | SVN Revision: 2206 -->
<!--Licensed under Attribution-NonCommercial-ShareAlike 4.0 International (CC BY-NC-SA 4.0)-->
<?xml-model href="https://xmlschema.huygens.knaw.nl/vgodd.rng" type="application/xml" schematypens="http://relaxng.org/ns/structure/1.0"?>
<TEI xmlns:vg="http://www.vangoghletters.org/ns/" xmlns="http://www.tei-c.org/ns/1.0">
<teiHeader xmlns:xsi="http://www.w3.org/2001/XMLSchema-instance"><fileDesc>
<titleStmt>
<title>To Theo van Gogh. The Hague, Saturday, 3 February 1883.</title>
<editor>Leo Jansen</editor>
<editor>Hans Luijten</editor>
<editor>Nienke Bakker</editor></titleStmt>
<publicationStmt>
<publisher><name>Huygens Instituut voor Nederlandse Geschiedenis (KNAW)</name><email>info@huygens.knaw.nl</email></publisher>
<publisher>Van Gogh Museum</publisher>
<pubPlace>Amsterdam</pubPlace>
<date type="first" when="2009">2009</date>
<availability status="restricted">
<licence target="http://creativecommons.org/licenses/by-nc-sa/4.0/ https://creativecommons.org/licenses/by-nc-sa/4.0/legalcode">
<p>Attribution-NonCommercial-ShareAlike 4.0 International (CC BY-NC-SA 4.0) </p></licence></availability>
<ptr target="http://vangoghletters.org/orig/let306"/></publicationStmt><sourceDesc><vg:letDesc><vg:letIdentifier>
<idno type="jlb">306</idno>
<idno type="collectedletters">263</idno>
<idno type="brieven1990">308</idno></vg:letIdentifier><vg:letHeading><author>Vincent van Gogh</author><vg:addressee>Theo van Gogh</vg:addressee><vg:placeLet>The Hague</vg:placeLet><vg:dateLet>Saturday, 3 February 1883</vg:dateLet></vg:letHeading><vg:letContents>
<p>To Theo van Gogh. The Hague, Saturday, 3 February 1883.</p>
<note type="ongoingTopic" n="1">
<p>Missing letter from Theo with money <ref target="let283.xml">(283)</ref></p></note>
<note type="ongoingTopic" n="2">
<p>Theo’s love for the ailing Marie <ref target="let300.xml">(300)</ref></p></note></vg:letContents>
<note type="sourceStatus" xml:id="sourceStatus">
<p>Original manuscript</p></note>
<note type="location" xml:id="location">
<p>Amsterdam, Van Gogh Museum, inv. no. b285 V/1962</p></note>
<note type="date" xml:id="date">
<p>Letter headed: ‘3 Februarij’. It is evident from the reference to Theo’s situation with Marie <ref target="#l-20">(ll. 20-21)</ref> that it must be Saturday, 3 February 1883.</p></note></vg:letDesc></sourceDesc></fileDesc></teiHeader>
<facsimile xmlns:xsi="http://www.w3.org/2001/XMLSchema-instance">
<surface n="b 0285" xml:id="surf-pb-1r"><graphic mimeType="image/tiff" url="VGM001000354_01.TIF" rend="norend"/><graphic mimeType="image/tiff" url="VGM001000354_01_n.tif" rend="norend"/><graphic mimeType="image/jpeg" url="VGM001000354_01_nt.jpg" height="50px" rend="thumbnail"/><zone xml:id="zone-pb-1r-1">
<graphic mimeType="image/tiff" url="VGM001000354_01_nR.tif" rend="norend"/><graphic mimeType="image/jpeg" url="VGM001000354_01_nRt.jpg" height="50px" rend="thumbnail"/><graphic mimeType="image/png" url="VGM001000354_01_nRf.png" width="380px" rend="facstab"/></zone>
<zone xml:id="zone-pb-1r-4">
<graphic mimeType="image/tiff" url="VGM001000354_01_nL.tif" rend="norend"/><graphic mimeType="image/jpeg" url="VGM001000354_01_nLt.jpg" height="50px" rend="thumbnail"/><graphic mimeType="image/png" url="VGM001000354_01_nLf.png" width="380px" rend="facstab"/></zone>
</surface>
<surface n="b 0285" xml:id="surf-pb-1v"><graphic mimeType="image/tiff" url="VGM001000354_02.TIF" rend="norend"/><graphic mimeType="image/tiff" url="VGM001000354_02_n.tif" rend="norend"/><graphic mimeType="image/jpeg" url="VGM001000354_02_nt.jpg" height="50px" rend="thumbnail"/><zone xml:id="zone-pb-1v-2">
<graphic mimeType="image/tiff" url="VGM001000354_02_nL.tif" rend="norend"/><graphic mimeType="image/jpeg" url="VGM001000354_02_nLt.jpg" height="50px" rend="thumbnail"/><graphic mimeType="image/png" url="VGM001000354_02_nLf.png" width="380px" rend="facstab"/></zone>
<zone xml:id="zone-pb-1v-3">
<graphic mimeType="image/tiff" url="VGM001000354_02_nR.tif" rend="norend"/><graphic mimeType="image/jpeg" url="VGM001000354_02_nRt.jpg" height="50px" rend="thumbnail"/><graphic mimeType="image/png" url="VGM001000354_02_nRf.png" width="380px" rend="facstab"/></zone>
</surface></facsimile><text xmlns:xsi="http://www.w3.org/2001/XMLSchema-instance"><body>
<div type="original">
<pb f="1r" n="1" xml:id="pb-orig-1r-1" facs="#zone-pb-1r-1"/><lb n="1" xml:id="l-1"/>
<ab>3 Februarij</ab>
<vg:whiteline/><lb n="2" xml:id="l-2"/>
<ab>Waarde Theo,</ab><lb n="3" xml:id="l-3"/>
<ab>Zeer verlangend ben ik weer naar Uw schrijven<c type="kk">/</c> <lb n="4" xml:id="l-4"/>daar wij reeds 3 feb. hebben (en de tijd van de post ook heden voorbij) schrijf ik maar eens <lb n="5" xml:id="l-5"/>uit voorzorg. Is ’t dat gij een paar dagen later geschreven <lb n="6" xml:id="l-6"/>hebt zoo komt alles in orde maar wegens ’t geen <lb n="7" xml:id="l-7"/>dezen winter gebeurde met den brief meld ik het U voor <lb n="8" xml:id="l-8"/>’t geval gij vòòr den eersten mogt hebben geschreven. <lb n="9" xml:id="l-9"/>Dan zoudt ge misschien wel doen eens te informeeren<c type="kp">_</c></ab><lb n="10" xml:id="l-10"/>
<ab rend="indent">Ik heb gemerkt dat de bestellers brieven voor den Schenkweg <lb n="11" xml:id="l-11"/>wel eens medegeven aan personen die aldaar wonen <lb n="12" xml:id="l-12"/>in plaats van dat ze ze zelf bezorgen. ’t is voor de <lb n="13" xml:id="l-13"/>bestellers soms een heel eind uit den koers en ik weet het <lb n="14" xml:id="l-14"/>daarom omdat de besteller ’t mij zelf wel eens heeft <lb n="15" xml:id="l-15"/>gevraagd iets voor hem te bezorgen onlangs<c type="kk">/</c> ’t geen <lb n="16" xml:id="l-16"/>ik natuurlijkerwijs deed – doch er evenwel bij dacht <lb n="17" xml:id="l-17"/>aan den verloren geraakten brief.– Enfin.–</ab><lb n="18" xml:id="l-18"/>
<ab rend="indent">Wij hebben hier dezer dagen<c type="kk">/</c> vooral van nacht<c type="kk">/</c> <lb n="19" xml:id="l-19"/>stormweer. Het zal spoken op zee.</ab><lb n="20" xml:id="l-20"/>
<ab rend="indent">Hoe gaat het met Uw zieke. Uit wat gij schreeft <lb n="21" xml:id="l-21"/>zie ik dingen die mij erg treffen (b.v. dat <hi rend="ital">zij</hi> <lb n="22" xml:id="l-22"/>de schuld betaalde van den man die haar bedrogen had)<c type="kk">/</c> <lb n="23" xml:id="l-23"/>die wel iets nobels zijn. Dat “niet t’huis” treffen <lb n="24" xml:id="l-24"/>van dat lid van de kamer bragt mij den naam te binnen <lb n="25" xml:id="l-25"/>die Punch geeft aan den secretaris van binnenl. zaken <lb n="26" xml:id="l-26"/>(the <hi rend="ital">Home</hi> secretary is zijn titel)<c type="kp">_</c> Dit personaadje heet <lb n="27" xml:id="l-27"/>in Punch nooit anders dan the <hi rend="ital">Seldom at Home</hi> <lb n="28" xml:id="l-28"/>secretary.<anchor n="1" xml:id="note-o-1"/> Wat zijn er veel van die Seldom at <lb n="29" xml:id="l-29"/>home menschen. En hen allen te zamen noemt Dickens <lb n="30" xml:id="l-30"/>het circumlocutie kantoor (circumlocution office)<c type="kp">_</c><anchor n="2" xml:id="note-o-2"/></ab><lb n="31" xml:id="l-31"/>
<ab rend="indent">Er staan veel lui te zuchten voor de deur van die how not <lb n="32" xml:id="l-32"/>to do it inrigtingen en niet minder diep wordt er misschien <lb n="33" xml:id="l-33"/>daar gezucht als op de oude Pont des soupirs.<anchor n="3" xml:id="note-o-3"/></ab>
<pb f="1v" n="2" xml:id="pb-orig-1v-2" facs="#zone-pb-1v-2"/><lb n="34" xml:id="l-34"/>
<ab rend="indent">Dezer dagen ben ik erg slap geweest – ik heb mij <lb n="35" xml:id="l-35"/>wat overwerkt vrees ik – en die “droessem” van het <lb n="36" xml:id="l-36"/>werken<c type="kk">/</c> die naweeen van overspanning<c type="kk">/</c> wat zijn <lb n="37" xml:id="l-37"/>die beroerd. Het leven heeft dan de kleur van <lb n="38" xml:id="l-38"/>vuil water<c type="kk">/</c> ’t word iets als een aschhoop<c type="kp">_</c></ab><lb n="39" xml:id="l-39"/>
<ab rend="indent">Dan zou men wel eens een vriend bij <lb n="40" xml:id="l-40"/>zich willen hebben. Soms heldert dat <lb n="41" xml:id="l-41"/>den doffen mist op.</ab><lb n="42" xml:id="l-42"/>
<ab rend="indent">In zulke dagen heb ik soms ontzettend veel <lb n="43" xml:id="l-43"/>zorg over de toekomst en ben melankoliek <lb n="44" xml:id="l-44"/>over mijn werk, en voel mij magteloos. <lb n="45" xml:id="l-45"/>Maar ’t is gevaarlijk te veel daarover <lb n="46" xml:id="l-46"/>te spreken of te malen<c type="kk">/</c> dus genoeg.</ab><lb n="47" xml:id="l-47"/>
<ab rend="indent">Ik heb toch zitten werken aan een aquarel<c type="shy">-</c><lb n="48" xml:id="l-48"/>schets<c type="kk">/</c> weer van spitters of liever <lb n="49" xml:id="l-49"/>straatwerkers hier op den Schenkweg<c type="kk">/</c><anchor n="4" xml:id="note-o-4"/> maar ’t deugt niet<c type="kp">_</c></ab><lb n="50" xml:id="l-50"/>
<ab rend="indent">Ik heb ook eens met conté een paar figuren <lb n="51" xml:id="l-51"/>geteekend<anchor n="5" xml:id="note-o-5"/> die geloof ik beter zijn.</ab><lb n="52" xml:id="l-52"/>
<ab rend="indent">Niet met conté alleen maar ’t geheel natgemaakt <lb n="53" xml:id="l-53"/>en de schaduwen laten vloeien<c type="kk">/</c> de lichten weer uitgehaald<c type="kp">_</c><lb n="54" xml:id="l-54"/>Het kan ook wel zijn ik kou gevat heb – maar <lb n="55" xml:id="l-55"/>ik moet voor ik werkelijk iets doen kan die lamheid <lb n="56" xml:id="l-56"/>kwijt zijn.</ab><lb n="57" xml:id="l-57"/>
<ab rend="indent">Ik ben bezig Uit mijne gevangenistijd te lezen van <lb n="58" xml:id="l-58"/>Fritz Reuter<c type="kk">/</c> wat erg geestig is.<anchor n="6" xml:id="note-o-6"/> Die duitschers hebben <lb n="59" xml:id="l-59"/>hun eigenaardigen humor weer anders dan de <lb n="60" xml:id="l-60"/>Engelschen. Herkomer heeft ook eens een <lb n="61" xml:id="l-61"/>boerenvastenavond<anchor n="7" xml:id="note-o-7"/> gemaakt<c type="kk">/</c> iets als Boeren Breughel,<anchor n="8" xml:id="note-o-8"/> <lb n="62" xml:id="l-62"/>waar dat ook sterk in is<c type="kp">_</c></ab>
<pb f="1v" n="3" xml:id="pb-orig-1v-3" facs="#zone-pb-1v-3"/><lb n="63" xml:id="l-63"/>
<ab rend="indent">Van Herkomer gesproken<c type="kk">/</c> ik las onlangs <lb n="64" xml:id="l-64"/>eene soort levensbeschrijving van hem <lb n="65" xml:id="l-65"/>ofschoon tamelijk onvolledig.<anchor n="9" xml:id="note-o-9"/></ab><lb n="66" xml:id="l-66"/>
<ab rend="indent">Maar dit viel me in ’t oog onder anderen. <lb n="67" xml:id="l-67"/>Hij heeft een tijd gewoond en geschilderd <lb n="68" xml:id="l-68"/>in een leegstaand huis of dat niet eens <lb n="69" xml:id="l-69"/>af was misschien<c type="kk">/</c> daar hij de huur niet had. <lb n="70" xml:id="l-70"/>Toen kwam hij aan de Graphic en <lb n="71" xml:id="l-71"/>was betrekkelijk uit de zorg. Maar ook <lb n="72" xml:id="l-72"/>toen hij daar reeds geemployeerd was <lb n="73" xml:id="l-73"/>werd hij nog weinig geacht. Zoo zelfs <lb n="74" xml:id="l-74"/>dat het eerste idée van the <hi rend="ital">Last muster</hi> <lb n="75" xml:id="l-75"/><hi rend="ital">at Chelsea Hospital</hi>, zijnde eene teekening <lb n="76" xml:id="l-76"/>die betrekkelijk maar weinig verschilt van <lb n="77" xml:id="l-77"/>de definitieve compositie doch een <lb n="78" xml:id="l-78"/>zeker ruw aspect heeft, bijna verworpen <lb n="79" xml:id="l-79"/>werd. <hi rend="ital">Niemand</hi> van de Graphic administratie <lb n="80" xml:id="l-80"/>keurde het goed<c type="kk">/</c> behalve alleen de toenmalige manager<c type="kp">_</c> <lb n="81" xml:id="l-81"/>(’k Zou me zeer verwonderen als die nu nog aan ’t bestuur was<c type="kp">_</c>) <lb n="82" xml:id="l-82"/>Die kreeg het er door dat de schets geplaatst werd <lb n="83" xml:id="l-83"/>en vroeg Herkomer of hij voor hem <lb n="84" xml:id="l-84"/>het meer uitvoerig wilde op nieuw maken. <lb n="85" xml:id="l-85"/>Dat is dus de oorsprong van een schilderij <lb n="86" xml:id="l-86"/>dat sedert en te Parijs en te Londen de besten <lb n="87" xml:id="l-87"/>in verbazing heeft gebragt.</ab><lb n="88" xml:id="l-88"/>
<ab rend="indent">NU zou ook bijna ieder de eerste schets heel mooi <lb n="89" xml:id="l-89"/>vinden.</ab><lb n="90" xml:id="l-90"/>
<ab rend="indent">Tevens stond daar nog in hoe hij <hi rend="ital">niet</hi> iemand <lb n="91" xml:id="l-91"/>is die gemakkelijk werkt<c type="kk">/</c> integendeel van ’t begin <lb n="92" xml:id="l-92"/>af en steeds sedert te worstelen had met een soort <lb n="93" xml:id="l-93"/>onhandigheid en geen schilderij maakt zonder <lb n="94" xml:id="l-94"/>ontzettend veel hoofdbreken.</ab>
<pb f="1r" n="4" xml:id="pb-orig-1r-4" facs="#zone-pb-1r-4"/><lb n="95" xml:id="l-95"/>
<ab rend="indent">Dat hij ook steeds nog zelfs nu door velen <lb n="96" xml:id="l-96"/>onaangenaam genoemd wordt is iets wat <lb n="97" xml:id="l-97"/>ik mij haast niet begrijpen kan.</ab><lb n="98" xml:id="l-98"/>
<ab rend="indent">Er is niets innigers te bedenken haast dan <lb n="99" xml:id="l-99"/>zijn werk.</ab><lb n="100" xml:id="l-100"/>
<ab rend="indent">Als gij komt zal ik U de houtsnee <lb n="101" xml:id="l-101"/>van het oude <hi rend="ital">vrouwen</hi>huis eens laten <lb n="102" xml:id="l-102"/>zien<c type="kk">/</c> minder bekend doch niet minder <lb n="103" xml:id="l-103"/>mooi dan de oude mannen<c type="kp">_</c></ab><lb n="104" xml:id="l-104"/>
<ab rend="indent">Iets als de naaischool te Katwijk <lb n="105" xml:id="l-105"/>van Israels.<anchor n="10" xml:id="note-o-10"/></ab><lb n="106" xml:id="l-106"/>
<ab rend="indent">Nu<c type="kk">/</c> schrijf eens spoedig als ge <lb n="107" xml:id="l-107"/>’t niet reeds gedaan hebt. <lb n="108" xml:id="l-108"/>Ik verlang erg naar berigt <lb n="109" xml:id="l-109"/>hoe ’t met Uw zieke gaat<c type="kp">_</c> <lb n="110" xml:id="l-110"/>Het beste daar mee en met <lb n="111" xml:id="l-111"/>alles. Ook gefeliciteerd met <lb n="112" xml:id="l-112"/>Pa’s verjaardag.<anchor n="11" xml:id="note-o-11"/> Ik stuurde Pa <lb n="113" xml:id="l-113"/>eene teekening die ik gemaakt had <lb n="114" xml:id="l-114"/>naar aanleiding van aanmerkingen <lb n="115" xml:id="l-115"/>die Pa op het eerste oude mannetje van <lb n="116" xml:id="l-116"/>de lithographie<anchor n="12" xml:id="note-o-12"/> gemaakt had. Niet omdat <lb n="117" xml:id="l-117"/>ik Pa precies gelijk gaf doch ik dacht<c type="kk">/</c> nu <lb n="118" xml:id="l-118"/>weet ik hoe ge ’t zoudt willen hebben<c type="kk">/</c> ik zal <lb n="119" xml:id="l-119"/>het voor U trachten te maken. Doch <lb n="120" xml:id="l-120"/>ik vrees het is me niet gelukt. Zoo ook <lb n="121" xml:id="l-121"/>als men zijn best doet lukt het niet altijd om <lb n="122" xml:id="l-122"/>de mensen ’t naar den zin te maken. Pa schreef <lb n="123" xml:id="l-123"/>wel niet dat hij ’t niet goed vond doch het schemerde er <lb n="124" xml:id="l-124"/>toch in door. ’t Kan best zijn ’t ook niet deugde. Enfin als ge <lb n="125" xml:id="l-125"/>t’huis komt zullen ze ’t U wel eens laten kijken. adieu – maar zeg <lb n="126" xml:id="l-126"/>hun er niets over.–</ab>
<vg:whiteline/><lb n="126*" xml:id="l-126s"/>
<ab>t. à t.</ab><lb n="126*"/>
<ab>Vincent</ab>
<vg:whiteline/>
<div type="textualNotes">
<note target="l-30" n="30">(circumlocution office) &lt; <hi rend="ital">Parentheses added by us.</hi></note>
<note target="l-43" n="43">ben melankoliek &lt; melankoliek</note>
<note target="l-68" n="68">leegstaand huis &lt; leegstaand</note></div></div>
<div type="translation">
<pb f="1r" n="1" xml:id="pb-trans-1r-1" facs="#zone-pb-1r-1"/>
<ab>3 February</ab>
<vg:whiteline/>
<ab>My dear Theo,</ab>
<ab>I dearly long for your letter again, and since it’s 3 Feb. already (and it’s past the postman’s time today) I’m writing as a precaution. If it’s because you wrote a few days later it will be all right, but owing to what happened with the letter this winter I’m letting you know in case you wrote before the first. Then it might be as well if you made enquiries. </ab>
<ab rend="indent">I’ve noticed that the postmen sometimes give letters for Schenkweg to people living there instead of delivering them themselves. For the postmen it’s sometimes a long way off their route, and I know this because the postman asked me to deliver something for him the other day, which of course I did — though I thought about the lost letter. Oh well. </ab>
<ab rend="indent">We’ve had storms here of late, especially last night. There’ll be rough seas. </ab>
<ab rend="indent">How is your <rs type="pers" key="508">patient</rs> getting along? In what you write I see things that touch me deeply (such as that <hi rend="ital">she</hi> paid the debt of the man who had deceived her), that are really noble. That not finding that member of parliament ‘at home’ reminded me of the name that Punch gives to the secretary of home affairs (the <hi rend="ital">Home</hi> Secretary is his title). In Punch this personage is never called anything but the <hi rend="ital">Seldom at Home</hi> Secretary.<anchor n="1" xml:id="note-t-1"/> What a lot of these Seldom-at-home people there are! And <rs type="pers" key="580">Dickens</rs> calls all of them together the circumlocution office.<anchor n="2" xml:id="note-t-2"/> <anchor n="a" xml:id="note-t-a"/> </ab>
<ab rend="indent">A great many people stand sighing before the door of these how-not-to-do-it institutions, and their sighs may be no less deep than those on the old Bridge of Sighs.<anchor n="3" xml:id="note-t-3"/> 
<pb f="1v" n="2" xml:id="pb-trans-1v-2" facs="#zone-pb-1v-2"/> </ab>
<ab rend="indent">I’ve been feeling very weak of late — I fear that I’ve rather overworked myself — and those ‘dregs’ of working, those afterpains of exertion, how horrible they are. Then life has the colour of dirty water, it’s like a rubbish dump.</ab>
<ab rend="indent">At those times one would like to have a friend near one. Sometimes that clears up the dim mist. </ab>
<ab rend="indent">On such days I sometimes worry terribly about the future and am melancholy about my work, and feel powerless. But it’s dangerous to speak too much of this or to keep thinking about it, so enough. </ab>
<ab rend="indent">I’ve nevertheless been working on a watercolour sketch, again of diggers, or rather road-menders, here in Schenkweg,<anchor n="4" xml:id="note-t-4"/> but it’s no good. </ab>
<ab rend="indent">I’ve also drawn a few figures in conté<anchor n="5" xml:id="note-t-5"/> that are better, I believe. </ab>
<ab rend="indent">Not just with conté, but making the whole thing wet and letting the shadows flow, the lights heightened again. It may also be that I’ve caught a cold — but before I can really do anything I must get over this lack of energy. </ab>
<ab rend="indent">I’m reading Uit mijne gevangenistijd by <rs type="pers" key="728">Fritz Reuter</rs>, which is most amusing.<anchor n="6" xml:id="note-t-6"/> The Germans have their own distinctive humour that’s different from that of the English. <rs type="pers" key="1080">Herkomer</rs> once did a peasant carnival,<anchor n="7" xml:id="note-t-7"/> rather like <rs type="pers" key="909">Peasant Bruegel</rs>,<anchor n="8" xml:id="note-t-8"/> in which that’s also strong. 
<pb f="1v" n="3" xml:id="pb-trans-1v-3" facs="#zone-pb-1v-3"/> </ab>
<ab rend="indent">Speaking of <rs type="pers" key="1080">Herkomer</rs>, I recently read a sort of biography of him, though pretty incomplete.<anchor n="9" xml:id="note-t-9"/> </ab>
<ab rend="indent">But this struck me, among other things. He lived and painted for a time in an empty house, or perhaps one that wasn’t even finished, for he hadn’t got the rent. Then he was taken on by The Graphic and was relatively free of cares. But even when he was employed there, he still enjoyed little respect. To the point even that the first idea for <hi rend="ital">Last muster at Chelsea Hospital</hi>, which is a drawing that differs relatively little from the final composition but has a certain rough look, was almost rejected. <hi rend="ital">No one</hi> in The Graphic administration approved of it, except for the manager at the time. (I’d be most surprised if he’s still in the management.) He made sure that the sketch was placed and asked Herkomer if he would do it again in greater detail for him. So that’s the origin of a painting that has since astounded the best in Paris and London. </ab>
<ab rend="indent">NOW nearly everyone would find the first sketch very beautiful. </ab>
<ab rend="indent">It also said that he’s <hi rend="ital">not</hi> someone who works easily; on the contrary, from the beginning and ever since he has struggled with a kind of awkwardness, and can’t do a painting without racking his brains a very great deal. 
<pb f="1r" n="4" xml:id="pb-trans-1r-4" facs="#zone-pb-1r-4"/> </ab>
<ab rend="indent">That even now he’s still described by many as disagreeable is something I find nearly incomprehensible. </ab>
<ab rend="indent">It’s almost impossible to imagine anything deeper than his work. </ab>
<ab rend="indent">When you come I’ll show you the woodcut of the old <hi rend="ital">women</hi>’s home, less well known but no less fine than the old men.</ab>
<ab rend="indent">A little like The sewing school at Katwijk by <rs type="pers" key="1107">Israëls</rs>.<anchor n="10" xml:id="note-t-10"/> </ab>
<ab rend="indent">Well, write soon if you haven’t already done so. I’m longing for news of your <rs type="pers" key="508">patient</rs>. Best wishes for that and for everything. Also, my congratulations on <rs type="pers" key="526">Pa</rs>’s birthday.<anchor n="11" xml:id="note-t-11"/> I sent Pa a drawing that I did after he made some comments about the first old man in the lithograph.<anchor n="12" xml:id="note-t-12"/> Not because I entirely agreed with Pa, but I thought, now that I know how you would like it to be, I’ll try and make it for you. Yet I fear I haven’t succeeded. One doesn’t always manage to please people when one does one’s best. Pa didn’t write that he didn’t like it, but that was what came across anyway. It may indeed be that it’s no good. Well, when you come home they’ll show it to you. Adieu — but don’t say anything to them about it.</ab>
<vg:whiteline/>
<ab>Ever yours,</ab>
<ab>Vincent</ab></div>
<div type="notes">
<note n="1" xml:id="n-1" target="#note-t-1">
<ab>This ‘Seldom-at-Home Secretary’ has been identified as <rs type="pers" key="100">Sir William Vernon Harcourt</rs>. He was a barrister who served in five British governments, and was Home Secretary under Gladstone from 1880 to 1885. He is referred to as the ‘Seldom-at-Home Secretary’ in satirical pieces in <hi rend="ital">Punch</hi>. See e.g. <hi rend="ital">Punch</hi> 79 (6 November 1880), p. 207, and <hi rend="ital">Punch</hi> 81 (9 July 1881), p. 6.</ab></note>
<note n="2" xml:id="n-2" target="#note-t-2">
      <ab>The Circumlocution Office features repeatedly in <rs type="lit" key="199"><hi rend="ital">Little Dorrit</hi></rs> (particularly vol. 1, chapter 10). It is a highly bureaucratic ministry and the most proficient of all departments in the art of <hi rend="ital">How not to do it</hi>, that is, the avoidance and even obstruction of any action at all. See Dickens 1979, p. 500. See also <ref target="let155.xml">letters 155</ref>, <ref target="let179.xml">179</ref> and <ref target="let291.xml">291</ref>.</ab></note><note n="a" xml:id="n-a" target="#note-t-a"><ab>Van Gogh wrote this in both Dutch and English.</ab></note>
<note n="3" xml:id="n-3" target="#note-t-3">
<ab>The ‘Bridge of Sighs’ in Venice.</ab></note>
<note n="4" xml:id="n-4" target="#note-t-4">
<ab>
      <hi rend="ital">Diggers in Schenkweg</hi> (<rs type="ill" key="2381">F 927 / JH 161</rs>). For the identification of this watercolour, see exhib. cat. The Hague 1990, pp. 33-34.</ab></note>
<note n="5" xml:id="n-5" target="#note-t-5">
<ab>These figures drawn in conté cannot be identified.</ab></note>
<note n="6" xml:id="n-6" target="#note-t-6">
<ab><rs type="pers" key="728">Fritz Reuter</rs> was a much-loved popular writer in the tradition of <rs type="pers" key="671">Washington Irving</rs> and <rs type="pers" key="580">Charles Dickens</rs>. <rs type="lit" key="320"><hi rend="ital">Ut mine Festungstid</hi></rs> (1862), which is part of the autobiographical series <rs type="lit" key="321"><hi rend="ital">Olle Kamellen</hi></rs>, is about the last four years of Reuter’s captivity in the prison of Mecklenburg among other places. His account is written with calm objectivity and is sometimes humorous, without glossing over the moments of despair and disappointment. The original version was in broad Mecklenburg dialect; Van Gogh would have read a Dutch translation which appeared under the general title <hi rend="ital">Gedroogde kruiden</hi>. In this <hi rend="ital">Ut mine Festungstid</hi> became <hi rend="ital">Herinneringen uit mijne gevangenissen</hi> (printed in 1867, 1868, 1879 and 1883).</ab></note>
<note n="7" xml:id="n-7" target="#note-t-7">
<ab><rs type="pers" key="1080">Herkomer</rs>, <rs type="ill" key="164"><hi rend="ital">Carnival time in the Bavarian Alps</hi></rs>: <ref target="let304.xml#n-25">see letter 304, n. 25.</ref></ab></note>
<note n="8" xml:id="n-8" target="#note-t-8">
<ab><rs type="pers" key="909">Pieter Bruegel the Elder</rs>.</ab></note>
      <note n="9" xml:id="n-9" target="#note-t-9">
<ab>The short, anonymous biography ‘Hubert Herkomer’, <hi rend="ital">The Graphic</hi> 18 (26 October 1878), p. 438, from which Van Gogh borrowed the anecdote that follows.</ab></note>
<note n="10" xml:id="n-10" target="#note-t-10">
      <ab>Since Van Gogh compares <rs type="pers" key="1080">Herkomer</rs>’s engraving with <rs type="ill" key="2022"><hi rend="ital">The sewing school at Katwijk</hi></rs> by <rs type="pers" key="1107">Jozef Israëls</rs> (<ref target="let295.xml#n-6">see letter 295, n. 6</ref>), he must have in mind <rs type="ill" key="2034"><hi rend="ital">Old age – A study at the Westminster Union</hi></rs> (<ref target="let303.xml#n-5">see letter 303, n. 5</ref>). Cf. for <rs type="ill" key="171"><hi rend="ital">The last muster</hi></rs>: <ref target="let199.xml#n-12">letter 199, n. 12</ref>.</ab></note>
      <note n="11" xml:id="n-11" target="#note-t-11">
<ab><rs type="pers" key="526">Mr van Gogh</rs> would be 61 on 8 February.</ab></note>
<note n="12" xml:id="n-12" target="#note-t-12">
<ab>The first lithograph Vincent sent to Theo was <hi rend="ital">Old man </hi>(<rs type="ill" key="2408">F 1658 / JH 256</rs>); after that Theo got <hi rend="ital">Old man drinking coffee</hi> (<rs type="ill" key="2415">F 1657 / JH 266</rs>) and <hi rend="ital">‘At eternity’s gate’</hi> (<rs type="ill" key="2417">F 1662 / JH 268</rs>), which Vincent often referred to as ‘little old man’. Which drawing he sent to his <rs type="pers" key="526">father</rs> as a follow-up to the lithograph cannot be determined.</ab></note></div></body></text></TEI>
