<?xml version="1.0" encoding="UTF-8"?>
<!-- Last Changed Date: 2018-07-18 12:32:41 +0200 (Wed, 18 Jul 2018) | SVN Revision: 2206 -->
<!--Licensed under Attribution-NonCommercial-ShareAlike 4.0 International (CC BY-NC-SA 4.0)-->
<?xml-model href="https://xmlschema.huygens.knaw.nl/vgodd.rng" type="application/xml" schematypens="http://relaxng.org/ns/structure/1.0"?>
<TEI xmlns:vg="http://www.vangoghletters.org/ns/" xmlns="http://www.tei-c.org/ns/1.0">
<teiHeader xmlns:xsi="http://www.w3.org/2001/XMLSchema-instance"><fileDesc>
<titleStmt>
<title>To Theo van Gogh. The Hague, Sunday, 3 June 1883.</title>
<editor>Leo Jansen</editor>
<editor>Hans Luijten</editor>
<editor>Nienke Bakker</editor></titleStmt>
<publicationStmt>
<publisher><name>Huygens Instituut voor Nederlandse Geschiedenis (KNAW)</name><email>info@huygens.knaw.nl</email></publisher>
<publisher>Van Gogh Museum</publisher>
<pubPlace>Amsterdam</pubPlace>
<date type="first" when="2009">2009</date>
<availability status="restricted">
<licence target="http://creativecommons.org/licenses/by-nc-sa/4.0/ https://creativecommons.org/licenses/by-nc-sa/4.0/legalcode">
<p>Attribution-NonCommercial-ShareAlike 4.0 International (CC BY-NC-SA 4.0) </p></licence></availability>
<ptr target="http://vangoghletters.org/orig/let348"/></publicationStmt><sourceDesc><vg:letDesc><vg:letIdentifier>
<idno type="jlb">348</idno>
<idno type="collectedletters">288</idno>
<idno type="brieven1990">350</idno></vg:letIdentifier><vg:letHeading><author>Vincent van Gogh</author><vg:addressee>Theo van Gogh</vg:addressee><vg:placeLet>The Hague</vg:placeLet><vg:dateLet>Sunday, 3 June 1883</vg:dateLet></vg:letHeading><vg:physDesc><vg:decoration><vg:decoList xml:id="sketches"><vg:decoItem n="A" xml:id="sketch-1"><vg:decoDesc>
<p>
      <hi rend="ital">The sandpit at Dekkersduin near The Hague</hi> (<rs type="sketch" key="95">F 1028 / JH 367</rs>), enclosed sketch</p></vg:decoDesc></vg:decoItem></vg:decoList></vg:decoration></vg:physDesc><vg:letContents>
<p>To Theo van Gogh. The Hague, Sunday, 3 June 1883.</p>
<note type="ongoingTopic" n="1">
<p>Theo’s love for the ailing Marie <ref target="let300.xml">(300)</ref></p></note>
<note type="ongoingTopic" n="2">
<p>Van Gogh’s visit to Van Rappard’s studio <ref target="let344.xml">(344)</ref></p></note>
<note type="ongoingTopic" n="3">
<p>Loan of 25 guilders from Van Rappard <ref target="let339.xml">(339)</ref></p></note>
<note type="ongoingTopic" n="4">
<p>Conflict with Sien’s family <ref target="let338.xml">(338)</ref></p></note></vg:letContents>
<note type="sourceStatus" xml:id="sourceStatus">
<p>Original manuscript</p></note>
<note type="location" xml:id="location">
<p>Amsterdam, Van Gogh Museum, inv. nos. b311 a-b V/1962 (sheets 1, 2) and d320 V/1969 (sheet 3)</p></note>
<note type="date" xml:id="date">
<p>Vincent thanks Theo for his letter, which must have contained the remittance of 1 June; this is confirmed in <ref target="#l-239">ll. 239-240</ref>, where he says that he is waiting ‘until it is the tenth again’. Given that the letter was written on a Sunday <ref target="#l-2">(l. 2)</ref>, it dates from Sunday, 3 June 1883.</p></note>
<note type="additionalDetail" xml:id="additionalDetail">
<p>
  <ref target="let349.xml">Letter 349</ref>, which follows on from this one immediately, was enclosed with this letter. <ref target="let349.xml">See letter 349</ref>, <hi rend="ital">Additional details</hi>.</p></note></vg:letDesc></sourceDesc></fileDesc></teiHeader>
<facsimile xmlns:xsi="http://www.w3.org/2001/XMLSchema-instance">
<surface n="b 0311 a" xml:id="surf-pb-1r"><graphic mimeType="image/tiff" url="VGM001000389_01.TIF" rend="norend"/><graphic mimeType="image/tiff" url="VGM001000389_01_n.tif" rend="norend"/><graphic mimeType="image/jpeg" url="VGM001000389_01_nt.jpg" height="50px" rend="thumbnail"/><zone xml:id="zone-pb-1r-1">
<graphic mimeType="image/tiff" url="VGM001000389_01_nR.tif" rend="norend"/><graphic mimeType="image/jpeg" url="VGM001000389_01_nRt.jpg" height="50px" rend="thumbnail"/><graphic mimeType="image/png" url="VGM001000389_01_nRf.png" width="380px" rend="facstab"/></zone>
<zone xml:id="zone-pb-1r-4">
<graphic mimeType="image/tiff" url="VGM001000389_01_nL.tif" rend="norend"/><graphic mimeType="image/jpeg" url="VGM001000389_01_nLt.jpg" height="50px" rend="thumbnail"/><graphic mimeType="image/png" url="VGM001000389_01_nLf.png" width="380px" rend="facstab"/></zone>
</surface>
<surface n="b 0311 a" xml:id="surf-pb-1v"><graphic mimeType="image/tiff" url="VGM001000389_02.TIF" rend="norend"/><graphic mimeType="image/tiff" url="VGM001000389_02_n.tif" rend="norend"/><graphic mimeType="image/jpeg" url="VGM001000389_02_nt.jpg" height="50px" rend="thumbnail"/><zone xml:id="zone-pb-1v-2">
<graphic mimeType="image/tiff" url="VGM001000389_02_nL.tif" rend="norend"/><graphic mimeType="image/jpeg" url="VGM001000389_02_nLt.jpg" height="50px" rend="thumbnail"/><graphic mimeType="image/png" url="VGM001000389_02_nLf.png" width="380px" rend="facstab"/></zone>
<zone xml:id="zone-pb-1v-3">
<graphic mimeType="image/tiff" url="VGM001000389_02_nR.tif" rend="norend"/><graphic mimeType="image/jpeg" url="VGM001000389_02_nRt.jpg" height="50px" rend="thumbnail"/><graphic mimeType="image/png" url="VGM001000389_02_nRf.png" width="380px" rend="facstab"/></zone>
</surface>
<surface n="b 0311 b" xml:id="surf-pb-2r"><graphic mimeType="image/tiff" url="VGM001000390_01.TIF" rend="norend"/><graphic mimeType="image/tiff" url="VGM001000390_01_n.tif" rend="norend"/><graphic mimeType="image/jpeg" url="VGM001000390_01_nt.jpg" height="50px" rend="thumbnail"/><zone xml:id="zone-pb-2r-5">
<graphic mimeType="image/tiff" url="VGM001000390_01_nR.tif" rend="norend"/><graphic mimeType="image/jpeg" url="VGM001000390_01_nRt.jpg" height="50px" rend="thumbnail"/><graphic mimeType="image/png" url="VGM001000390_01_nRf.png" width="380px" rend="facstab"/></zone>
<zone xml:id="zone-pb-2r-8">
<graphic mimeType="image/tiff" url="VGM001000390_01_nL.tif" rend="norend"/><graphic mimeType="image/jpeg" url="VGM001000390_01_nLt.jpg" height="50px" rend="thumbnail"/><graphic mimeType="image/png" url="VGM001000390_01_nLf.png" width="380px" rend="facstab"/></zone>
</surface>
<surface n="b 0311 b" xml:id="surf-pb-2v"><graphic mimeType="image/tiff" url="VGM001000390_02.TIF" rend="norend"/><graphic mimeType="image/tiff" url="VGM001000390_02_n.tif" rend="norend"/><graphic mimeType="image/jpeg" url="VGM001000390_02_nt.jpg" height="50px" rend="thumbnail"/><zone xml:id="zone-pb-2v-6">
<graphic mimeType="image/tiff" url="VGM001000390_02_nL.tif" rend="norend"/><graphic mimeType="image/jpeg" url="VGM001000390_02_nLt.jpg" height="50px" rend="thumbnail"/><graphic mimeType="image/png" url="VGM001000390_02_nLf.png" width="380px" rend="facstab"/></zone>
<zone xml:id="zone-pb-2v-7">
<graphic mimeType="image/tiff" url="VGM001000390_02_nR.tif" rend="norend"/><graphic mimeType="image/jpeg" url="VGM001000390_02_nRt.jpg" height="50px" rend="thumbnail"/><graphic mimeType="image/png" url="VGM001000390_02_nRf.png" width="380px" rend="facstab"/></zone>
</surface>
<surface n="d 0320" xml:id="surf-pb-3r"><graphic mimeType="image/tiff" url="VGM001001674_01.TIF" rend="norend"/><zone xml:id="zone-pb-3r-8">
<graphic mimeType="image/tiff" url="VGM001001674_01_n.tif" rend="norend"/><graphic mimeType="image/jpeg" url="VGM001001674_01_nt.jpg" height="50px" rend="thumbnail"/><graphic mimeType="image/png" url="VGM001001674_01_nf.png" width="380px" rend="facstab"/></zone>
</surface><surface n="d 0320 V/1969" xml:id="surf-extra-3v"><graphic mimeType="image/tiff" url="VGM001001674_02.TIF" rend="norend"/><zone xml:id="zone-extra-1">
<graphic mimeType="image/tiff" url="VGM001001674_02_n.tif" rend="norend"/><graphic mimeType="image/jpeg" url="VGM001001674_02_nt.jpg" height="50px" rend="thumbnail"/><graphic mimeType="image/png" url="VGM001001674_02_nf.png" width="380px" rend="facstab"/></zone>
</surface></facsimile><text xmlns:xsi="http://www.w3.org/2001/XMLSchema-instance"><body>
<div type="original">
<pb f="1r" n="1" xml:id="pb-orig-1r-1" facs="#zone-pb-1r-1"/><lb n="1" xml:id="l-1"/>
<ab>Waarde Theo,</ab><lb n="1*" xml:id="l-1s"/>
<ab>Dank voor Uw brief en dank voor het ingeslotene. <lb n="2" xml:id="l-2"/>Van daag is ’t zondag en heb ik van de week woedend gewerkt en neem <lb n="3" xml:id="l-3"/>het er vandaag eens van af om rustig aan U te schrijven<c type="kk">/</c> wat uitvoeriger <lb n="4" xml:id="l-4"/>dan ik in den laatsten tijd heb kunnen doen omdat veel dingen <lb n="5" xml:id="l-5"/>mij aftrokken. En te meer is ’t me behoefte te schrijven <lb n="6" xml:id="l-6"/>omdat ik zie uit Uw schrijven het niet alles voorspoedig gaat <lb n="7" xml:id="l-7"/>voor U en ik wat hartelijker wilde schrijven dan gewoonlijk.</ab><lb n="8" xml:id="l-8"/>
<ab rend="indent">Als in mijn eigen geval – bij mijn geringe inkomsten – <lb n="9" xml:id="l-9"/>Pa en Moe ’t bezwaar maakten van geen geld <lb n="10" xml:id="l-10"/>met betrekking tot het trouwen – ik kan betrekkelijk <lb n="11" xml:id="l-11"/>het billijken – en althans me begrijpen zij zoo spreken <lb n="12" xml:id="l-12"/>en het toegeven. Doch nu zij, Theo, in <hi rend="ital">Uw</hi> geval – <lb n="13" xml:id="l-13"/>bij U die eene vaste betrekking hebt en een mooi <lb n="14" xml:id="l-14"/>inkomen (nota bene aanzienlijker dan hun eigen) – <lb n="15" xml:id="l-15"/>zij dit zelfde bezwaar opperen<c type="kk">/</c> zoo vind ik dat <lb n="16" xml:id="l-16"/>onuitsprekelijk pretentieus en radicaal goddeloos. <lb n="17" xml:id="l-17"/>Eigentlijk zijn de dominés al mee de meest goddelooze <lb n="18" xml:id="l-18"/>menschen in de zamenleving en dorre materialisten. <lb n="19" xml:id="l-19"/>Niet direkt op den preekstoel doch in privé aangelegenheden<c type="kp">_</c> <lb n="20" xml:id="l-20"/>Van een moreel standpunt uit mag men misschien bezwaar <lb n="21" xml:id="l-21"/>maken tegen trouwen in zekere gevallen waar <hi rend="ital">broodsgebrek</hi> <lb n="22" xml:id="l-22"/>in den absoluten zin te voorzien is doch m.i<c type="kp">_</c> vervalt <lb n="23" xml:id="l-23"/>in ’t moreele dit bezwaar direkt geheel en al zoodra <lb n="24" xml:id="l-24"/>er van <hi rend="ital">broodsgebrek</hi> in den <hi rend="ital">letterlijken</hi> zin geen sprake <lb n="25" xml:id="l-25"/>is. En ridicuul zou ’t zijn in Uw geval nu al direkt <lb n="26" xml:id="l-26"/><hi rend="ital">broodsgebrek</hi> te voorzien.</ab><lb n="27" xml:id="l-27"/>
<ab rend="indent">Gesteld iemand als de oude Heer Goupil<anchor n="1" xml:id="note-o-1"/> maakte <lb n="28" xml:id="l-28"/>bezwaar over ’t geld – van zijn standpunt uit<c type="kk">/</c> dat van <lb n="29" xml:id="l-29"/>een rijk handelaar<c type="kk">/</c> verwacht men niet anders.</ab><lb n="30" xml:id="l-30"/>
<ab rend="indent">Maar van Pa en Moe<c type="kk">/</c> die nederig moesten <lb n="31" xml:id="l-31"/>zijn en tevreden met het eenvoudige<c type="kk">/</c> vind ik <lb n="32" xml:id="l-32"/>het heel leelijk zij zoo spreken en schaam mij <lb n="33" xml:id="l-33"/>er als ’t ware over zij zoo zijn.<anchor n="2" xml:id="note-o-2"/> <lb n="36" xml:id="l-36"/>Ik wou wij allen in ons huis zochten <lb n="37" xml:id="l-37"/>naar vrede en ons bekrompen<c type="kk">/</c> liever dan <lb n="38" xml:id="l-38"/>te jagen naar hooge positie<c type="kp">_</c> En onze energie <lb n="39" xml:id="l-39"/>besteedden om ons op te werken <lb n="40" xml:id="l-40"/>in geestbeschaving en humaniteit maar tevreden <lb n="41" xml:id="l-41"/>waren uit principe met het meest eenvoudige<c type="kp">_</c></ab><lb n="42" xml:id="l-42"/>
<ab rend="indent">Dus het spijt en grieft me, het stelt me alweer vreesselijk <lb n="43" xml:id="l-43"/>te leur, dat Pa en Moe dat gezegd hebben.</ab><lb n="44" xml:id="l-44"/>
<ab rend="indent">Ik zou ik weet niet wat willen doen <lb n="45" xml:id="l-45"/>als door iets ik dit ongedaan kon maken. Ik <lb n="46" xml:id="l-46"/>zou trotsch willen zijn op Pa omdat hij een waarachtig arm <lb n="47" xml:id="l-47"/>dorpspredikant was in den reinen zin van het Evangelie maar <lb n="48" xml:id="l-48"/>ik vind het zoo beroerd als Pa vervalt in zulke dingen die niet strooken <lb n="49" xml:id="l-49"/>met "<hi rend="ital">the dignity of his calling</hi>"<c type="kp">_</c></ab>
<pb f="1v" n="2" xml:id="pb-orig-1v-2" facs="#zone-pb-1v-2"/><lb n="50" xml:id="l-50"/>
<ab rend="indent">Ik meen men van Pa met regt verwachten zou mogen <lb n="51" xml:id="l-51"/>dat hij medewerkte waar het ’t behoud eener <lb n="52" xml:id="l-52"/>arme vrouw alleen geldt – Partij trekken zou voor <lb n="53" xml:id="l-53"/><hi rend="ital">haar</hi> juist omdat zij arm en alleen was<c type="kp">_</c></ab><lb n="54" xml:id="l-54"/>
<ab rend="indent">Dit niet te doen is een enorme fout in Pa<c type="kk">/</c> en <lb n="55" xml:id="l-55"/>is het inhumaan van wie ’t ook zij die dit doet<c type="kk">/</c> dubbel <lb n="56" xml:id="l-56"/>inhumaan als een evangeliedienaar dit doet<c type="kp">_</c></ab><lb n="57" xml:id="l-57"/>
<ab rend="indent">En in den weg te staan van eene zoodanige <lb n="58" xml:id="l-58"/>vrouw<c type="kk">/</c> te <hi rend="ital">beletten</hi> haar redding en behoud<c type="kk">/</c> <lb n="59" xml:id="l-59"/>is monstrueus.</ab><lb n="60" xml:id="l-60"/>
<ab rend="indent">Nu weet ik zeer wel dat plus minus alle dominés <lb n="61" xml:id="l-61"/>zóó zouden spreken als Pa – en daarom reken <lb n="62" xml:id="l-62"/>ik voor mij dat heele corps onder de meest <lb n="63" xml:id="l-63"/>goddelooze menschen die er zijn in de zamenleving<c type="kp">_</c> <lb n="64" xml:id="l-64"/>Gij en ik evenzeer<c type="kk">/</c> we doen wel eens iets <lb n="65" xml:id="l-65"/>dat misschien zonde is maar we zijn toch niet <lb n="66" xml:id="l-66"/>onbarmhartig en we hebben toch medelijden<c type="kk">/</c> en <lb n="67" xml:id="l-67"/>juist omdat we ons zelf niet zonder fout rekenen <lb n="67a" xml:id="l-67a"/>en weten hoe die dingen in hun werk gaan <lb n="68" xml:id="l-68"/>schelden we niet op gevallen of zwakke vrouwen als de <lb n="69" xml:id="l-69"/>dominés<c type="kk">/</c> als was het alles hun eigen schuld<c type="kp">_</c></ab><lb n="70" xml:id="l-70"/>
<ab rend="indent">En nu is de vrouw van U bovendien eene fatsoenlijke <lb n="71" xml:id="l-71"/>vrouw uit eene burgerfamilie en werkelijk is<c type="kk">/</c> vind ik<c type="kk">/</c> <lb n="72" xml:id="l-72"/>de fout van Pa <hi rend="ital">groot</hi>.</ab><lb n="73" xml:id="l-73"/>
<ab rend="indent">Gesteld er waren bezwaren<c type="kk">/</c> me dunkt <lb n="74" xml:id="l-74"/>Pa moest juist als menschenherder U aansporen <lb n="75" xml:id="l-75"/>haar te helpen en de bezwaren te dragen <lb n="76" xml:id="l-76"/>ter wille van haar behoudenis. Men moest bij iemand <lb n="77" xml:id="l-77"/>als Pa troost vinden kunnen waar de maatschappij <lb n="78" xml:id="l-78"/>geen troost geeft – maar jawel – ze maken ’t nog <lb n="79" xml:id="l-79"/>erger dan gewone menschen.</ab><lb n="80" xml:id="l-80"/>
<ab rend="indent">Het is enorm dat Pa deze houding aanneemt<c type="kp">_</c></ab><lb n="81" xml:id="l-81"/>
<ab rend="indent">Toen Pa hier was sprak hij met afkeuring over mijn zijn met de vrouw<c type="kp">_</c> <lb n="82" xml:id="l-82"/>ik zeide toen dat ik niet weigerde haar te trouwen<c type="kp">_</c></ab><lb n="83" xml:id="l-83"/>
<ab rend="indent">Toen ONTWEEK pa dat en praatte er om heen<c type="kp">_</c></ab><lb n="84" xml:id="l-84"/>
<ab rend="indent">Hij wilde niet direkt zeggen dat ik haar verlaten moest maar <lb n="85" xml:id="l-85"/>betreurde het dat ik met haar relaties had<c type="kp">_</c></ab><lb n="86" xml:id="l-86"/>
<ab rend="indent">Ik heb overigens met Pa er weinig over doorgepraat juist omdat <lb n="87" xml:id="l-87"/>ik niet inzie hij precies de persoon is die er nu mede te maken heeft. <lb n="88" xml:id="l-88"/>Gij hebt Uw pligt gedaan Pa en Moe ’t mede te deelen doch nu ze zoo <lb n="89" xml:id="l-89"/>spreken geven zij U dunkt me het regt hun verder <lb n="90" xml:id="l-90"/>buiten bepaalde confidences te laten en minder er in te kennen <lb n="91" xml:id="l-91"/>dan wel als zij billijker waren. Zij vergissen zich in dit opzigt <lb n="92" xml:id="l-92"/>dat zij niet nederig en humaan genoeg zijn in dit geval.</ab>
<pb f="1v" n="3" xml:id="pb-orig-1v-3" facs="#zone-pb-1v-3"/><lb n="93" xml:id="l-93"/>
<ab rend="indent">Nu – ge schrijft over de zaken dat zij minder voorspoedig <lb n="94" xml:id="l-94"/>gaan. Dit is beroerd genoeg. Maar de positie is altijd <lb n="95" xml:id="l-95"/>hachelijk geweest en zal ’t altijd wel blijven <lb n="96" xml:id="l-96"/>in ’t leven. Laat ons maar courage houden en <lb n="97" xml:id="l-97"/>energie en sereniteit zoeken<c type="kp">_</c></ab><lb n="98" xml:id="l-98"/>
<ab rend="indent">Ik kan U mede deelen dat mijne eerste compositie <lb n="99" xml:id="l-99"/>waarvan ik U croquis zond<anchor n="3" xml:id="note-o-3"/> tot op eene zekere hoogte is gevorderd <lb n="100" xml:id="l-100"/>zoodat ze betrekkelijk af is. Ik heb de teekening eerst gemaakt <lb n="101" xml:id="l-101"/>met fusain<c type="kk">/</c> daarna nog eens er over heen gewerkt met ’t penseel <lb n="102" xml:id="l-102"/>en drukinkt. Er zit dus nog al kracht in en geloof ik men de tweede keer <lb n="102a" xml:id="l-102a"/>men ’t bekijkt er nog weer wat in zou kunnen vinden wat men den eersten keer niet gezien had<c type="kp">_</c><anchor n="4" xml:id="note-o-4"/></ab><lb n="103" xml:id="l-103"/>
<ab rend="indent">En dan is sedert ik U croquis zond eene tweede <lb n="104" xml:id="l-104"/>teekening van een soortgelijk geval er bij ontstaan.<anchor n="5" xml:id="note-o-5"/> <lb n="105" xml:id="l-105"/>Weet ge nog dat in der tijd gij me (verl. jaar) beschreeft <lb n="106" xml:id="l-106"/>een ongeluk in een carriere op de Butte Montmartre<c type="kk">/</c> <lb n="107" xml:id="l-107"/>waar ge een troep werklui zaagt <lb n="108" xml:id="l-108"/>terwijl er een in de groeve zich geblesseerd had.<anchor n="6" xml:id="note-o-6"/></ab><lb n="109" xml:id="l-109"/>
<ab rend="indent">Nu<c type="kk">/</c> ’t is een dergelijk geval maar eenvoudig <lb n="110" xml:id="l-110"/>de ploeg werklui aan den arbeid.</ab><lb n="111" xml:id="l-111"/>
<ab rend="indent">Ik was met v.d. Weele in Dekkersduin en we kwamen <lb n="112" xml:id="l-112"/>daar aan die zandgraving<anchor n="7" xml:id="note-o-7"/> en ging ik er sedert <lb n="113" xml:id="l-113"/>heen en had druk model dag in dag uit <lb n="114" xml:id="l-114"/>en zoo staat de tweede er ook op.</ab><lb n="115" xml:id="l-115"/>
<ab rend="indent">Het zijn kerels met kruiwagens en spittertjes<c type="kk">/</c> <lb n="116" xml:id="l-116"/>ik zal zien ik er ook een croquis van maak<anchor n="8" xml:id="note-o-8"/> doch ’t is <lb n="117" xml:id="l-117"/>een ingewikkelde compositie en in croquis misschien zoowel de <lb n="118" xml:id="l-118"/>een als de ander moeielijk te zien.</ab><lb n="119" xml:id="l-119"/>
<ab rend="indent">De figuren zijn naar uitvoerige studies geteekend<c type="kp">_</c> <lb n="120" xml:id="l-120"/>Ik wou erg graag ze gereproduceerd konden worden<c type="kp">_</c> <lb n="121" xml:id="l-121"/>De eerste is op grijs papier<c type="kk">/</c> de andere op geel.</ab><lb n="122" xml:id="l-122"/>
<ab rend="indent">Ik verlang er zeer naar Theo<c type="kk">/</c> dat <lb n="123" xml:id="l-123"/>ge eens weer op ’t atelier zijn zult want er zijn <lb n="124" xml:id="l-124"/>zoo veel studies ook en kunt ge nu ook zien <lb n="125" xml:id="l-125"/>met welk doel ik de studies maak en zijn er nog <lb n="126" xml:id="l-126"/>veel meer dingen uit te trekken.</ab>
<pb f="1r" n="4" xml:id="pb-orig-1r-4" facs="#zone-pb-1r-4"/><lb n="127" xml:id="l-127"/>
<ab rend="indent">Ik heb laten maken eene lijst of liever passepartout van gewoon hout en die de <lb n="128" xml:id="l-128"/>kleur van notenhout gegeven met zwarten binnenrand <lb n="129" xml:id="l-129"/>en dat sluit de teekening goed af en men kan prettig <lb n="130" xml:id="l-130"/>in de lijst werken.<anchor n="9" xml:id="note-o-9"/></ab><lb n="131" xml:id="l-131"/>
<ab rend="indent">Ik heb mij voor meer grootere composities ingerigt <lb n="132" xml:id="l-132"/>en heb weer spanramen voor twee nieuwen staan<c type="kp">_</c> <lb n="133" xml:id="l-133"/>ik wou het houthakken in ’t bosch ook wel eens <lb n="134" xml:id="l-134"/>maken en de aschvaalt met de chiffonniers <lb n="135" xml:id="l-135"/>en ’t aardappelrooien in het duin.</ab><lb n="136" xml:id="l-136"/>
<ab rend="indent">Het is goed geweest ik eens naar Rappard ging want <lb n="137" xml:id="l-137"/>zijn sympathie heeft mij opgewekt waar ik geen <lb n="138" xml:id="l-138"/>zelfvertrouwen genoeg had.</ab><lb n="139" xml:id="l-139"/>
<ab rend="indent">Maar als gij deze teekeningen ziet Theo<c type="kk">/</c> en de studies ziet <lb n="140" xml:id="l-140"/>dan zult gij wel begrijpen dat ik zooveel zorg en moeite <lb n="141" xml:id="l-141"/>heb gehad dit jaar als ik maar dragen kon. Het is woedend <lb n="142" xml:id="l-142"/>moeielijk om het figuur te smeden<c type="kp">_</c> </ab><lb n="143" xml:id="l-143"/>
<ab rend="indent">En waarachtig<c type="kk">/</c> het is er mee als met het ijzer – men werkt op een <lb n="144" xml:id="l-144"/>model en werkt er op door<c type="kk">/</c> in ’t begin gaat het niet maar juist <lb n="145" xml:id="l-145"/>eindelijk word het meegaander en vind men ’t figuur <lb n="146" xml:id="l-146"/>zoo als ’t ijzer smeedbaar wordt als het gloeiend is <lb n="147" xml:id="l-147"/>en <hi rend="ital">dan</hi> moet men er op doorgaan. Zoo voor deze twee <lb n="148" xml:id="l-148"/>teekeningen heb ik aanhoudend model gehad en doorgesjouwd <lb n="149" xml:id="l-149"/>vroeg en laat<c type="kp">_</c></ab><lb n="150" xml:id="l-150"/>
<ab rend="indent">Het is mij een tegenvaller gij schrijven moet dat de zaken <lb n="151" xml:id="l-151"/>niet erg vlotten – is het dat de positie hagchelijker wordt<c type="kk">/</c> <lb n="152" xml:id="l-152"/>laat ons de energie verdubbelen.</ab><lb n="153" xml:id="l-153"/>
<ab rend="indent">Ik zal dubbel attent zijn op mijn teekeningen<c type="kk">/</c> <lb n="154" xml:id="l-154"/>maar voorloopig nog<c type="kk">/</c> wees gij dubbel attent in ’t zenden <lb n="155" xml:id="l-155"/>van het geld.<anchor n="10" xml:id="note-o-10"/> Het vertegenwoordigt voor mij model<c type="kk">/</c> <lb n="156" xml:id="l-156"/>atelier<c type="kk">/</c> brood<c type="kk">/</c> vermindering er van heeft <lb n="157" xml:id="l-157"/>iets als stikken of verdrinken ten gevolge<c type="kk">/</c> ik bedoel<c type="kk">/</c> <lb n="158" xml:id="l-158"/>ik kan het nu evenmin missen of het <lb n="159" xml:id="l-159"/>met minder doen als dat ik de lucht missen <lb n="160" xml:id="l-160"/>kan. Ik heb deze twee teekeningen reeds lang <lb n="161" xml:id="l-161"/>in mijn hart gehad maar ik had het geld niet om <lb n="162" xml:id="l-162"/>ze uit te voeren en nu door dat van Rappard <lb n="163" xml:id="l-163"/>zijn ze vlot geworden.<anchor n="a" xml:id="note-o-a"/> De scheppingskracht kan <lb n="164" xml:id="l-164"/>men niet inhouden<c type="kk">/</c> het moet er uit wat men voelt<c type="kp">_</c></ab>
<pb f="2r" n="5" xml:id="pb-orig-2r-5" facs="#zone-pb-2r-5"/><lb n="165" xml:id="l-165"/>
<ab rend="indent">Weet gij waar ik dikwijls over denk. Het is om te zien <lb n="166" xml:id="l-166"/>relaties te krijgen in Engeland met Graphic of London <lb n="167" xml:id="l-167"/>News. Ik wilde nu ’t me vlot zoo erg graag <lb n="168" xml:id="l-168"/>doorsjouwen op eenige grootere composities <lb n="169" xml:id="l-169"/>voor illustratie geschikt. <hi rend="ital">Boughton</hi> met <hi rend="ital">Abbey</hi> <lb n="170" xml:id="l-170"/>zamen maken voor Harper te New York (agent voor <lb n="171" xml:id="l-171"/>de Graphic ook) teekeningen “<hi rend="ital">picturesque Holland</hi>”<c type="kp">_</c><anchor n="11" xml:id="note-o-11"/> <lb n="172" xml:id="l-172"/>Die illustraties (zeer doorwerkt al zijn ze klein<c type="kk">/</c> <lb n="173" xml:id="l-173"/>gemaakt bepaald naar grootere teekeningen) zag ik <lb n="174" xml:id="l-174"/>bij Rappard. Ik denk nu bij me zelf dat als <lb n="175" xml:id="l-175"/>Graphic en Harper hun teekenaars sturen naar Holland <lb n="176" xml:id="l-176"/>zij niet onwillig gestemd mogten zijn een <lb n="177" xml:id="l-177"/>Hollandsch teekenaar aan te nemen als hij <lb n="178" xml:id="l-178"/>iets goeds voor niet te veel geld wil leveren. <lb n="179" xml:id="l-179"/>Ik zou er op werken willen <hi rend="sc">vast</hi> verbonden te worden <lb n="180" xml:id="l-180"/>tegen een maandgeld<c type="kk">/</c> liever dan nu en dan <lb n="181" xml:id="l-181"/>een teekening betrekkelijk duurder te verkoopen. <lb n="182" xml:id="l-182"/>En mij verbinden voor eene serie composities <lb n="183" xml:id="l-183"/>naar aanleiding van b.v. deze twee die op ’t ezel staan of die ik er <lb n="184" xml:id="l-184"/>nog bij zal maken. Ik zou ’t raadzaam vinden <lb n="185" xml:id="l-185"/>zelf eens naar Londen te gaan met <lb n="186" xml:id="l-186"/>studies en teekeningen en de managers der <lb n="187" xml:id="l-187"/>diverse inrigtingen op te zoeken of liever <lb n="188" xml:id="l-188"/>nog de teekenaars Herkomer<c type="kk">/</c> Green<c type="kk">/</c> Boughton <lb n="189" xml:id="l-189"/>(sommigen echter zijn tegenwoordig in Amerika) of anderen <lb n="190" xml:id="l-190"/>als ze in Londen zijn. En zou ook inlichting <lb n="191" xml:id="l-191"/>omtrent procedes dáár beter dan elders kunnen <lb n="192" xml:id="l-192"/>krijgen. Wie weet of Rappard niet mee <lb n="193" xml:id="l-193"/>zou willen gaan en ook teekeningen <lb n="194" xml:id="l-194"/>mede nemen. Zoo iets<c type="kk">/</c> met of zonder <lb n="195" xml:id="l-195"/>wijzigingen in het plan<c type="kk">/</c> zou dunkt me moeten <lb n="196" xml:id="l-196"/>gedaan worden. Ik zou dunkt me durven op <lb n="197" xml:id="l-197"/>mij nemen iedere maand ongeveer 1 groote <lb n="198" xml:id="l-198"/>teekening te leveren voor dubbele bladzij (double page engraving) van illustratie<c type="kk">/</c> <lb n="199" xml:id="l-199"/>en zal mij op de andere formaten ook eens toeleggen<c type="kk">/</c> <lb n="200" xml:id="l-200"/>de bladzijde (whole page) en de halve bladzij (half page). Ik weet wel <lb n="201" xml:id="l-201"/>dat men groot en klein reproduceeren kan doch de <lb n="202" xml:id="l-202"/>dubbele bladzij preteert zich beter tot ’t geen breed <lb n="203" xml:id="l-203"/>gedaan is<c type="kk">/</c> de kleineren kunnen op andere wijs <lb n="204" xml:id="l-204"/>geteekend zijn<c type="kk">/</c> b.v. met de pen en potlood.</ab>
<pb f="2v" n="6" xml:id="pb-orig-2v-6" facs="#zone-pb-2v-6"/><lb n="205" xml:id="l-205"/>
<ab rend="indent">Nu geloof ik de managers der illustraties niet iederen dag <lb n="206" xml:id="l-206"/>iemand vinden die de illustraties als zijn <lb n="207" xml:id="l-207"/>bepaald doel beschouwt<c type="kp">_</c></ab><lb n="208" xml:id="l-208"/>
<ab rend="indent">Aan ’t kleine schetsje dat ik nu zooeven van de groote <lb n="209" xml:id="l-209"/>teek. maakte (in een kwartiertje tijd en hier in sluit) ziet ge dat als ’t bepaald om ’t formaat <lb n="210" xml:id="l-210"/>kleiner of grooter te maken te doen is<c type="kk">/</c> ik daar niet tegen op <lb n="211" xml:id="l-211"/>zie<c type="kp">_</c> als ik bepaald weet men dit of dat op eene zekere <lb n="212" xml:id="l-212"/>grootte hebben wil<c type="kk">/</c> dat kan ik doen.</ab><lb n="213" xml:id="l-213"/>
<ab rend="indent">Maar voor mijn eigen studie werk ik liever <lb n="214" xml:id="l-214"/>wat grooter, zoo dat ik de handen<c type="kk">/</c> voeten<c type="kk">/</c> kop <lb n="215" xml:id="l-215"/>meer en detail bestudeeren kan.</ab><lb n="216" xml:id="l-216"/>
<ab rend="indent">Vind gij zelf niet dat in dezen zelfden stijl <lb n="217" xml:id="l-217"/>waarin ik nu <hi rend="ital">Turfstekers en Zandwerkers</hi> <lb n="218" xml:id="l-218"/>heb opgevat<c type="kk">/</c> er een massa gevallen van <lb n="219" xml:id="l-219"/>houtkappen &amp;c<c type="kp">_</c> zouden kunnen gemaakt worden <lb n="220" xml:id="l-220"/>die dunkt me op zoo’n wijs levendigheid genoeg <lb n="221" xml:id="l-221"/>hebben om als illustratie te dienen.</ab><lb n="222" xml:id="l-222"/>
<ab rend="indent">Maar nog eens<c type="kk">/</c> het geld van U<c type="kk">/</c> zoolang ik <lb n="223" xml:id="l-223"/>geen emplooi gevonden heb<c type="kk">/</c> is me absoluut onmisbaar<c type="kp">_</c></ab><lb n="224" xml:id="l-224"/>
<ab>Hetgeen ik nu van daag van U ontving<c type="kk">/</c> ik moet <lb n="225" xml:id="l-225"/>precies zooveel zoowat betalen direkt als ik <lb n="226" xml:id="l-226"/>ontvangen heb<c type="kk">/</c> ik moet nog drie modellen <lb n="227" xml:id="l-227"/>betalen die ik meermalen had<c type="kk">/</c> ik moet <lb n="228" xml:id="l-228"/>den timmerman betalen<c type="kk">/</c> huishuur betalen<c type="kk">/</c> <lb n="229" xml:id="l-229"/>bij den bakker en kruidenier en ook al den schoenmaker nog betalen<c type="kk">/</c> <lb n="230" xml:id="l-230"/>en weer wat inslaan. Nu<c type="kk">/</c> ik heb <lb n="231" xml:id="l-231"/>voor mijn neus twee blanke vellen <lb n="232" xml:id="l-232"/>voor nieuwe composities en moet toch <lb n="233" xml:id="l-233"/>daaraan tijgen. Weer zou ik dag in dag uit <lb n="234" xml:id="l-234"/>model moeten nemen en worstelen tot ik <lb n="235" xml:id="l-235"/>t’er op heb. Quand bien même tijg ik er <lb n="236" xml:id="l-236"/>aan maar over een paar dagen begrijpt <lb n="237" xml:id="l-237"/>gij dat ik absoluut à sec ben<c type="kk">/</c> en dan <lb n="238" xml:id="l-238"/>die vreesselijke 8 lange dagen van <lb n="239" xml:id="l-239"/>niet vooruit kunnen en wachten<c type="kk">/</c> wachten tot <lb n="240" xml:id="l-240"/>het den tienden weer is.</ab><lb n="241" xml:id="l-241"/>
<ab rend="indent">Ja kerel<c type="kk">/</c> konden we maar iemand vinden <lb n="242" xml:id="l-242"/>die de teekeningen nam.</ab><lb n="243" xml:id="l-243"/>
<ab rend="indent">Voor mij is ’t werken absoluut behoefte<c type="kk">/</c> <lb n="244" xml:id="l-244"/>ik kan niet er mee traîneeren eigentlijk<c type="kk">/</c> 
<pb f="2v" n="7" xml:id="pb-orig-2v-7" facs="#zone-pb-2v-7"/><lb n="245" xml:id="l-245"/>ik heb geen pleizier in iets anders meer dan in <lb n="246" xml:id="l-246"/>het werk<c type="kk">/</c> dat wil zeggen<c type="kk">/</c> ’t pleizier in iets anders <lb n="247" xml:id="l-247"/>houdt direkt op en ik word melankoliek als ik <lb n="248" xml:id="l-248"/>niet voort kan met den arbeid. Ik heb dan <lb n="249" xml:id="l-249"/>’t gevoel van den wever als hij ziet dat zijn <lb n="250" xml:id="l-250"/>draden in den war gaan en het patroon dat <lb n="251" xml:id="l-251"/>hij op ’t getouw had naar de weerga en zijn <lb n="252" xml:id="l-252"/>denken en inspanning zonder resultaat. <lb n="253" xml:id="l-253"/>Zie het dus te schipperen dat wij het <lb n="254" xml:id="l-254"/>volhouden met energie<c type="kp">_</c> Ik ga permissie <lb n="255" xml:id="l-255"/>vragen om in ’t oude mannen- &amp; vrouwen gesticht <lb n="256" xml:id="l-256"/>te werken.<anchor n="12" xml:id="note-o-12"/> Ik heb reeds veel studies van weesmannen <lb n="257" xml:id="l-257"/>maar ik moet de vrouwen ook hebben en de <lb n="258" xml:id="l-258"/>entourage ook op de plaats zelf. Nu<c type="kk">/</c> gij hebt <lb n="259" xml:id="l-259"/>zelf voor Uw vrouw te zorgen<c type="kk">/</c> gij weet dus <lb n="260" xml:id="l-260"/>genoeg dat van dien kant ik ook ’t niet makkelijk <lb n="261" xml:id="l-261"/>heb met nog twee kleintjes er bij<c type="kp">_</c></ab><lb n="262" xml:id="l-262"/>
<ab rend="indent">Zeg eens<c type="kk">/</c> ’t antwoord van Pa en Moe influenceert toch <lb n="263" xml:id="l-263"/>niet op Uw komen dezen zomer niet waar?</ab><lb n="264" xml:id="l-264"/>
<ab rend="indent">’t Is zoo noodig dunkt me gij de studies en de <lb n="265" xml:id="l-265"/>groote teekeningen ziet<c type="kk">/</c> juist met het oog op <lb n="266" xml:id="l-266"/>’t finantieele ook. Dezelfde demarches die <lb n="267" xml:id="l-267"/>ik te Londen zou doen bij de lui van de <lb n="268" xml:id="l-268"/>illustraties zoudt gij dunkt me ook te Parijs <lb n="269" xml:id="l-269"/>kunnen doen als ge een paar groote <lb n="270" xml:id="l-270"/>teekeningen kondt laten zien.</ab><lb n="271" xml:id="l-271"/>
<ab rend="indent">Alleen in dit geval zou denk ik het wijs zijn <lb n="272" xml:id="l-272"/>niet te beginnen voor dat we zoo goed als zeker <lb n="273" xml:id="l-273"/>zijn dat ze ’t grif accepteeren.</ab><lb n="274" xml:id="l-274"/>
<ab rend="indent">Deze grootere composities<c type="kk">/</c> ze brengen veel verschotten<anchor n="d" xml:id="note-o-b"/> <lb n="275" xml:id="l-275"/>mee wil men conscientieus ze behandelen<c type="kp">_</c> Want kerel<c type="kk">/</c> <lb n="276" xml:id="l-276"/>het moet alles met model<c type="kk">/</c> ook al gebruikt men <lb n="277" xml:id="l-277"/>studies<c type="kk">/</c> toch moet men retoucheeren met ’t model <lb n="278" xml:id="l-278"/>er weer bij<c type="kp">_</c> Als ik nog meer model kon nemen ik zou <lb n="279" xml:id="l-279"/>ze nog veel<c type="kk">/</c> veel beter kunnen maken<c type="kp">_</c> <lb n="280" xml:id="l-280"/>Dus kerel<c type="kk">/</c> wat betreft ik U een keer niet noodig <lb n="281" xml:id="l-281"/>zou hebben – ik heb het meer noodig dan ooit maar <lb n="282" xml:id="l-282"/>ik wijs U op de kans die we hebben als we volhouden<c type="kp">_</c> <lb n="283" xml:id="l-283"/>Door ’t geld van Rappard heb ik verscheidene dingen <lb n="284" xml:id="l-284"/>reeds van schetsboeken &amp;c. en al wat gij stuurt zet zich <lb n="285" xml:id="l-285"/>om in teekeningen en ik geloof dat gij ’t geen ik <lb n="286" xml:id="l-286"/>nu aan bezig ben geschikter zult vinden dan het vroegere. <lb n="287" xml:id="l-287"/>Dus laat ons moed houden en energiek zijn. 
<pb f="2r" n="8" xml:id="pb-orig-2r-8" facs="#zone-pb-2r-8"/></ab><lb n="288" xml:id="l-288"/>
<ab rend="indent">Iets wat me in den weg zit voor meerdere dingen die ik van <lb n="289" xml:id="l-289"/>het strand in ’t hoofd heb is dat ik geen Scheveningsch vrouwen<c type="shy">-</c><lb n="290" xml:id="l-290"/>costuum heb. Ge begrijpt dat ik wel eene dergelijke <lb n="291" xml:id="l-291"/>compositie met Scheveningsche figuren zou kunnen maken <lb n="292" xml:id="l-292"/>zoo in den geest van bijgaand croquis<c type="kp">_</c> Maar als ik <lb n="293" xml:id="l-293"/>buiten een figuurtje teeken is het natuurlijk te <lb n="294" xml:id="l-294"/>oppervlakkig. Het moet wederom opgevat en doorwerkt <lb n="295" xml:id="l-295"/>worden met model en heeft men de costumes noodig<c type="kp">_</c> <lb n="296" xml:id="l-296"/>Nu<c type="kk">/</c> dat zou een uitgaaf zijn die als ik ze doen kon <lb n="297" xml:id="l-297"/>drie<c type="kk">/</c> vier teekeningen die ik in ’t hoofd heb vlot zou <lb n="298" xml:id="l-298"/>maken<c type="kp">_</c> Doch hoe kan ik het doen<c type="kp">_</c> zoo als <lb n="299" xml:id="l-299"/>ik zeg<c type="kk">/</c> over 3 dagen is alles wat ik nu heb op <lb n="300" xml:id="l-300"/>want haast alles moet er direkt af. Voor deze twee <lb n="301" xml:id="l-301"/>teekeningen heb ik diverse kielen<c type="kk">/</c> broeken<c type="kk">/</c> zuidwester &amp;c<c type="kp">_</c> <lb n="302" xml:id="l-302"/>ook noodig gehad<c type="kp">_</c> Een model heeft niet altijd een <lb n="303" xml:id="l-303"/>mooien kiel aan die pittoresk is<c type="kk">/</c> men verwisselt dat en <lb n="304" xml:id="l-304"/>het wordt echter en spreekt meer. Als ge komt moet ge eens <lb n="305" xml:id="l-305"/>zien hoe die studies voor de figuren op ’t eerste <lb n="306" xml:id="l-306"/>plan van ’t croquis doorwrocht zijn. Ik maakte ze <lb n="307" xml:id="l-307"/>buiten op een zandhoop bij een bloemist.</ab><lb n="307*" xml:id="l-307s"/>
<ab rend="indent">In ’t begin van Uw brief <lb n="308" xml:id="l-308"/>schrijft ge nog ’t U pleizier doet er geen reden tot ongerustheid was omtrent de <lb n="309" xml:id="l-309"/>vrouw<c type="kp">_</c> Wel<c type="kk">/</c> die is er ook niet direkt in zoover dat ik voor mij ook in dat <lb n="310" xml:id="l-310"/>opzigt sereniteit en goeden moed zoek te bewaren<c type="kp">_</c> Doch zorg <lb n="311" xml:id="l-311"/>heb ik wel<c type="kk">/</c> zelfs zware zorg en moeielijkheden ontbreken niet<c type="kp">_</c> <lb n="312" xml:id="l-312"/>Ik heb begonnen te zoeken naar het behoud van de vrouw ondanks de <lb n="313" xml:id="l-313"/>moeielijkheden en tot heden volgehouden ondanks de moeielijkheden<c type="kk">/</c> <lb n="314" xml:id="l-314"/>maar ook in ’t vervolg zal niet alles couleur de rose zijn<c type="kp">_</c> <lb n="315" xml:id="l-315"/>Enfin we moeten werken zoo hard we kunnen. Theo de moeielijkheden <lb n="316" xml:id="l-316"/>die ik met de vrouw had toen ik U laatst schreef<c type="kk">/</c> weet ge wat dat was – <hi rend="ital">haar</hi> <lb n="317" xml:id="l-317"/>familie zocht haar van mij af te krijgen – ik heb met <hi rend="ital">niemand</hi> behalve <lb n="318" xml:id="l-318"/>de moeder mij ooit bemoeid omdat ik hen niet te <lb n="319" xml:id="l-319"/>vertrouwen vond. Hoe meer ik trachtte de geschiedenis van die familie te analyseeren<c type="kk">/</c> <lb n="320" xml:id="l-320"/>hoe meer ik in dat gevoelen versterkt ben. Nu<c type="kk">/</c> juist omdat ik ze links heb laten <lb n="321" xml:id="l-321"/>leggen<anchor n="e" xml:id="note-o-e"/> intrigueeren ze en zoo kwam het tot een attaque op verraderlijke wijs<c type="kp">_</c> <lb n="322" xml:id="l-322"/>Ik heb de vrouw mijn zienswijs over hun bedoelingen gezegd en verder <lb n="323" xml:id="l-323"/>dat ze moest kiezen tusschen haar familie en mij maar dat ik geen omgang <lb n="324" xml:id="l-324"/>met iemand van hen verlangde te hebben<c type="kk">/</c> ten allereerste omdat ik geloofde <lb n="325" xml:id="l-325"/>relaties met haar familie haar zouden terugbrengen tot haar vroeger <lb n="326" xml:id="l-326"/>verkeerd leven. Het voorstel der familie was dat zij met haar moeder zouden <lb n="327" xml:id="l-327"/>huishouden voor een broer van haar<anchor n="13" xml:id="note-o-13"/> die van zijn vrouw af is en een <lb n="328" xml:id="l-328"/>fameus mauvais sujet is. De reden van de familie waarom zij haar raadden <lb n="329" xml:id="l-329"/>van mij vandaan te gaan was<c type="kk">/</c> ik verdiende te weinig en ik was niet goed voor haar <lb n="330" xml:id="l-330"/>en deed het maar om ’t poseeren doch zou haar in den steek laten. Nota bene<c type="kk">/</c> <lb n="331" xml:id="l-331"/>door het kleine kind heb ik betrekkelijk weinig van haar poseeren kunnen <lb n="332" xml:id="l-332"/>hebben niet waar<c type="kk">/</c> dit heele jaar lang. Enfin ik geef U zelf in bedenking <lb n="333" xml:id="l-333"/>in hoe ver deze vermoedens jegens mij gegrond waren. Welnu maar <lb n="334" xml:id="l-334"/>het werd achter mijn rug stilletjes bepraat en eindelijk vertelde de vrouw het <lb n="335" xml:id="l-335"/>mij. Ik zeide haar<c type="kk">/</c> doe wat ge wilt maar ik zal U niet verlaten tenzij <lb n="336" xml:id="l-336"/>gij terugkeert tot Uw vroeger leven.<anchor n="14" xml:id="note-o-14"/> Het beroerde is Theo<c type="kk">/</c> dat als we het eens <lb n="337" xml:id="l-337"/>arm hebben<c type="kk">/</c> op zoo’n wijs men beproefd de vrouw van haar stuk te brengen <lb n="338" xml:id="l-338"/>en b.v. dat mauvais sujet van een broer haar zoekt terug te brengen in het vroegere. <lb n="339" xml:id="l-339"/>Nu – ik zeg van haar alleen dit – ik zou het flink en royaal van haar vinden indien <lb n="340" xml:id="l-340"/>zij alle relaties afbrak met haar familie, ik zelf raad haar af er heen te gaan doch <lb n="341" xml:id="l-341"/>als zij gaan wil laat ik haar gaan. En de verzoeking om b.v. haar kind te laten kijken <lb n="342" xml:id="l-342"/>brengt haar dikwijls in haar familie terug. En die invloed is fataal en heeft <lb n="343" xml:id="l-343"/>vat op haar juist omdat het van haar familie komt en die haar van streek maken door dat zij zeggen <lb n="344" xml:id="l-344"/>“hij laat je toch in den steek”. Zoo zoeken ze haar te bewegen <hi rend="ital">mij</hi> in den steek te laten. adieu kerel<c type="kk">/</c> <lb n="345" xml:id="l-345"/>laat ons werken en ons hoofd helder houden en trachten regt te handelen. Ge weet hoe het staat met mijn geld<c type="kk">/</c> <lb n="346" xml:id="l-346"/>als het kan<c type="kk">/</c> help mij<c type="kp">_</c>–</ab>
<vg:whiteline/><lb n="346*" xml:id="l-346s"/>
<ab>Vincent</ab>
<pb f="3r" n="8" xml:id="pb-orig-3r-8" facs="#zone-pb-3r-8"/> <figure facs="zone-sketch-1" n="A"/>
<vg:whiteline/>
<div type="textualNotes">
<note target="l-1" n="1">* ingeslotene. &lt; ingeslotene,</note>
<note target="l-14" n="14">eigen) – &lt; eigen)</note>
<note target="l-71" n="71">vind ik<c type="kk">/</c> &lt; vind</note>
<note target="l-104" n="104">soortgelijk &lt; Soortgelijk</note>
<note target="l-107" n="107">een troep &lt; troep</note>
<note target="l-209" n="209">(in <supplied><hi rend="ital">...</hi></supplied> sluit) &lt; <hi rend="ital">Added later; parentheses added by us.</hi></note>
<note target="l-255" n="255">mannen- &lt; mannen</note></div></div>
<div type="translation">
<pb f="1r" n="1" xml:id="pb-trans-1r-1" facs="#zone-pb-1r-1"/>
<ab>My dear Theo,</ab>
<ab>Thanks for your letter and thanks for the enclosure. Today is Sunday, and this week I’ve worked furiously and am taking today off to be able to write quietly to you, at somewhat greater length than has been possible recently, because many things distracted me. And my need to write is all the greater because I see from your letter that not everything is going well for you, and I wanted to write rather more warmly than normal. </ab>
<ab rend="indent">If in my own case — with my limited income — <rs type="pers" key="526 524">Pa and Ma</rs> objected to marriage because of the lack of money, I could more or less accept that, and at least understand their speaking like that and make allowances. But now that they’re raising this same objection in <hi rend="ital">your</hi> case, Theo, you who have a permanent position and a good income (more substantial than their own, mark you), I find that unspeakably pretentious and utterly wicked. Ministers are in fact among the wickedest people in society, and barren materialists. Not in the pulpit so much, but in private matters. From a moral standpoint one might perhaps be entitled to object to marriage in certain cases where <hi rend="ital">destitution</hi> in the absolute sense is to be expected, but in my view this objection is at once completely invalid morally as soon as there’s no question of <hi rend="ital">destitution</hi> in the <hi rend="ital">literal</hi> sense. And in your case it would be ridiculous to expect immediate <hi rend="ital">destitution</hi>. </ab>
<ab rend="indent">Suppose someone like old <rs type="pers" key="436">Mr Goupil</rs><anchor n="1" xml:id="note-t-1"/> had an objection concerning money — one expects no less from his standpoint, that of a rich dealer.</ab>
<ab rend="indent">But with <rs type="pers" key="526 524">Pa and Ma</rs>, who are supposed to be humble and content with simplicity, I think it very nasty of them to speak like that, and I’m ashamed, as it were, that they’re like that.<anchor n="2" xml:id="note-t-2"/> I wish everybody in our house would seek peace and stint themselves rather than chase after a high position. And put our energy into improving ourselves in cultivation of the mind and humanity while being content with the simplest of things on principle. </ab>
<ab rend="indent">So it grieves and offends me, it again disappoints me terribly, that <rs type="pers" key="526 524">Pa and Ma</rs> said that. </ab>
<ab rend="indent">I would do I don’t know what if I could get this undone somehow. I’d like to be proud of <rs type="pers" key="526">Pa</rs> because he was a truly poor village pastor in the pure sense of the gospel, but I find it so wretched when Pa stoops to things that aren’t in keeping with ‘<hi rend="ital">the dignity of his calling</hi>’.
<pb f="1v" n="2" xml:id="pb-trans-1v-2" facs="#zone-pb-1v-2"/></ab>
<ab rend="indent">I think <rs type="pers" key="526">Pa</rs> might rightly be expected to cooperate where it’s a matter of saving a poor <rs type="pers" key="508">woman</rs> on her own — to take <hi rend="ital">her </hi>side precisely because she was poor and alone. </ab>
<ab rend="indent">Not to do this is a great fault in <rs type="pers" key="526">Pa</rs>, and it’s inhuman of whoever does this, and doubly inhuman if a minister does it. </ab>
<ab rend="indent">And to stand in the way of such a woman, to <hi rend="ital">obstruct</hi> her rescue and salvation, is monstrous. </ab>
<ab rend="indent">Now I know full well that almost every minister would say the same as <rs type="pers" key="526">Pa</rs> — and that’s why I for one count that entire corps among the wickedest people there are in society. You and I likewise, we occasionally do something that’s perhaps a sin, but after all we’re not merciless and we do feel compassion, and precisely because we don’t consider ourselves to be without fault and know how these things work, we don’t scold fallen or weak women as the ministers do, as if it were all their own fault. </ab>
<ab rend="indent">And, moreover, your <rs type="pers" key="508">woman</rs> is a decent woman from a respectable family, and really <rs type="pers" key="526">Pa</rs> is <hi rend="ital">greatly</hi> at fault, I think. </ab>
<ab rend="indent">Suppose there were difficulties, it seems to me that <rs type="pers" key="526">Pa</rs>, especially as a pastor, ought to urge you to help <rs type="pers" key="508">her</rs> and to bear the difficulties for the sake of saving her. With someone like Pa one ought to be able to find comfort where society offers no comfort — but oh yes — they make it worse than ordinary people. </ab>
<ab rend="indent">It’s atrocious that <rs type="pers" key="526">Pa</rs> adopts this attitude. </ab>
<ab rend="indent">When Pa was here he spoke disapprovingly about my being with the <rs type="pers" key="463">woman</rs>. I said then that I didn’t refuse to marry her. </ab>
<ab rend="indent">Then <rs type="pers" key="526">Pa</rs> AVOIDED that and talked around the subject. </ab>
<ab rend="indent">He didn’t want to come out with it and say that I should abandon <rs type="pers" key="463">her</rs>, but regretted that I had relations with her. </ab>
<ab rend="indent">I’ve hardly talked this over with <rs type="pers" key="526">Pa</rs> at all, as a matter of fact, precisely because I fail to see that he’s exactly the person who has anything to do with this. You’ve fulfilled your duty to inform <rs type="pers" key="526 524">Pa and Ma</rs>, but now that they talk like this they give you the right, it seems to me, to exclude them from further confidences and to consult them less than you would if they were more reasonable. They’re mistaken in the sense that they’re not humble and humane enough in this case.
<pb f="1v" n="3" xml:id="pb-trans-1v-3" facs="#zone-pb-1v-3"/></ab>
<ab rend="indent">Well, you say that business isn’t flourishing. That’s bad enough. But the situation has always been precarious and always will be in life. Let’s keep our spirits up and seek energy and serenity. </ab>
<ab rend="indent">I can inform you that my first composition, of which I sent you a croquis,<anchor n="3" xml:id="note-t-3"/> has progressed to a level where it’s nearly finished. I did the drawing in charcoal first, then I worked it over with the brush and printer’s ink. So there’s quite some force in it, and I believe that the second time one looks at it one will be able to find more than one saw the first time.<anchor n="4" xml:id="note-t-4"/> </ab>
<ab rend="indent">And a second drawing of a similar scene was made since I sent you a croquis.<anchor n="5" xml:id="note-t-5"/> Do you remember describing to me some time ago (last year) an accident in a quarry on the Butte Montmartre where you saw a band of workmen and one had injured himself in the quarry?<anchor n="6" xml:id="note-t-6"/> </ab>
<ab rend="indent">Well, it’s a similar scene, but just the team of workmen labouring. </ab>
<ab rend="indent">I was in Dekkersduin with <rs type="pers" key="1440">Van der Weele</rs> and there we came across the sand quarry,<anchor n="7" xml:id="note-t-7"/> and I’ve been there since and had plenty of models day in, day out, and so the second is now done too. </ab>
<ab rend="indent">They are fellows with wheelbarrows and diggers. I’ll see that I do a croquis of them as well,<anchor n="8" xml:id="note-t-8"/> but it’s a complicated composition and perhaps it may be hard to see both the one and the other in a croquis. </ab>
<ab rend="indent">The figures are drawn from extensive studies. I would very much like them to be reproduced. The first is on grey paper, the other on yellow. </ab>
<ab rend="indent">I long greatly, Theo, for you to be in the studio once more, for there are so many studies too and you can now see what my aim is when I do the studies, and many more things could be taken from them.
<pb f="1r" n="4" xml:id="pb-trans-1r-4" facs="#zone-pb-1r-4"/></ab>
<ab rend="indent">I’ve had a frame, or rather passe-partout, made of ordinary wood and given it the colour of walnut with a black inside edge, and that encloses the drawing well and one can work comfortably in the frame.<anchor n="9" xml:id="note-t-9"/></ab>
<ab rend="indent">I’ve arranged everything in readiness for larger compositions and again have strainers for two new ones. I want to do the tree-felling in the woods sometime, and the rubbish dump with the rag-pickers and the potato-digging in the dunes. </ab>
<ab rend="indent">It’s good that I went to <rs type="pers" key="1306">Rappard</rs>, for his sympathy raised my spirits when I hadn’t enough self-confidence. </ab>
<ab rend="indent">But when you see these drawings, Theo, and see the studies, you’ll understand that this year I’ve had as much care and trouble as I can bear. It’s maddeningly difficult to forge the figure. </ab>
<ab rend="indent">And really, it’s the same as with iron — one works on a model and carries on working on it, it’s difficult in the beginning but eventually it becomes more pliant, and one finds the figure just as iron becomes malleable when it’s red-hot and <hi rend="ital">then</hi> one must keep going at it. So I’ve had models continually for these two drawings, and toiled away early and late. </ab>
<ab rend="indent">It’s disappointing that you write that business isn’t going very well — if the position gets more precarious, let’s redouble our efforts. </ab>
<ab rend="indent">I’ll be doubly attentive to my drawings, but for the time being you be doubly attentive to sending the money.<anchor n="10" xml:id="note-t-10"/> For me it represents model, studio, bread; reducing it would lead to something like suffocating or drowning, I mean I can no more do without it now than I can do without air. I’ve had these two drawings in my heart for a long time already, but I didn’t have the money to do them and now, through that from <rs type="pers" key="1306">Rappard</rs>, progress has been made. The creative power can’t be held back, what one feels must come out.
<pb f="2r" n="5" xml:id="pb-trans-2r-5" facs="#zone-pb-2r-5"/></ab>
<ab rend="indent">Do you know what I often consider? It’s to establish relations in England with The Graphic or London News. Now that I’m making progress, I want so very much to carry on working on some larger compositions suitable for an illustrated magazine. <hi rend="ital"><rs type="pers" key="878">Boughton</rs></hi> and <hi rend="ital"><rs type="pers" key="838">Abbey</rs></hi> are together doing drawings of ‘<hi rend="ital">picturesque Holland</hi>’ for Harper of New York (also the agent for The Graphic).<anchor n="11" xml:id="note-t-11"/> I saw these illustrations (very finished although they’re small, definitely done after larger drawings) at <rs type="pers" key="1306">Rappard</rs>’s. Now I think to myself that if The Graphic and Harper send their draughtsmen to Holland, they wouldn’t be unwilling to take on a Dutch draughtsman if he could supply them with something good for not too much money. I’d like to work towards being <hi rend="sc">permanently</hi> employed for a monthly wage rather than selling a drawing now and again for a relatively higher sum. And commit myself to a series of compositions following on, for example, from these two that are on the easel or from others that I’ll add. I would think it advisable to go to London myself with studies and drawings and to look up the managers of the various organizations, or preferably the draughtsmen <rs type="pers" key="1080">Herkomer</rs>, <rs type="pers" key="1058 1059">Green</rs>, <rs type="pers" key="878">Boughton</rs> (some, however, are in America at present) or others, if they’re in London. And would be able to get information about processes better there than elsewhere. Who knows, perhaps Rappard would also like to come along and bring drawings as well? Something like that needs to be done, I believe, with or without changes to the plan. I would dare, I believe, to undertake to supply about 1 large drawing each month for a double-page engraving,<anchor n="a" xml:id="note-t-a"/> and shall apply myself to the other formats too, the whole page and the half page.<anchor n="b" xml:id="note-t-b"/> I know that they can reproduce large and small, but the double page lends itself better to what is done broadly; the smaller can be drawn in other ways, say, with pen and pencil.
<pb f="2v" n="6" xml:id="pb-trans-2v-6" facs="#zone-pb-2v-6"/></ab>
<ab rend="indent">Now I believe that it isn’t every day that the managers of illustrated magazines find someone who regards those magazines as his special goal. </ab>
<ab rend="indent">From the small sketch that I’ve made just this minute (in a quarter of an hour and enclosed herewith) of the large drawing, you can see that, if it’s a matter of making the format smaller or bigger, I’m not daunted by that. If I know definitely that this or that is required in a certain size, I can do that. </ab>
<ab rend="indent">But for my own study I prefer to work in a somewhat larger size, so that I can study the hands, feet, head in more detail. </ab>
<ab rend="indent">Don’t you agree that a host of scenes of tree-felling &amp;c. could be done in the same style in which I’ve handled <hi rend="ital">Peat diggers and Sand workers</hi> which it seems to me would have enough vitality done like that to serve as illustrations? </ab>
<ab rend="indent">But once again, as long as I don’t find employment the money from you is absolutely indispensable. What I received from you today — I immediately have to pay out exactly as much as I receive, I still have to pay three models whom I had several times, I have to pay the carpenter, pay rent, still pay the baker and grocer and the cobbler as well, and stock up again. Well, in front of me I have two blank sheets for new compositions and must set to work on them. I ought to take a model again, day in, day out, and struggle until I’ve got it down. I’m starting work on it nonetheless, but in a few days, you understand, I’ll be absolutely broke, and then those terrible 8 long days of not being able to carry on and waiting, waiting until it’s the tenth again. </ab>
<ab rend="indent">Yes, old chap, if only we could find someone who would take the drawings. </ab>
<ab rend="indent">For me work is an absolute necessity, indeed I can’t really drag it out, 
<pb f="2v" n="7" xml:id="pb-trans-2v-7" facs="#zone-pb-2v-7"/> I take no more pleasure in anything than in work, that’s to say, pleasure in other things stops immediately and I become melancholy if I can’t get on with the work. Then I feel like a weaver when he sees his threads getting tangled and the pattern that he had on the loom going to the devil and his thought and effort coming to nothing. So try to handle it so that we can persevere energetically. I’m going to ask for permission to work in the old people’s home.<anchor n="12" xml:id="note-t-12"/> I already have many studies of orphan men, but I need to have the women too, and also the setting at the place itself. Well, you have your <rs type="pers" key="508">woman</rs> to look after, so you know well enough that I don’t have it easy from that angle either, with two more little ones on top. </ab>
<ab rend="indent">Tell me, <rs type="pers" key="526 524">Pa and Ma</rs>’s answer won’t affect whether you come this summer, will it? </ab>
<ab rend="indent">It’s so essential, I believe, that you see the studies and the large drawings, especially with a view to the financial side as well. You could take the same steps in Paris as I would take in London as regards the people at the illustrated magazines, I believe, if you could show them a couple of large drawings. </ab>
<ab rend="indent">But in this case I think it would be wise not to begin before we’re as good as certain that they’ll readily accept it. </ab>
<ab rend="indent">These larger compositions entail many outgoings if one treats them conscientiously. For, old chap, it all has to be done with models; even if one uses studies, one still has to retouch with the model there again. If I could take a model more often, I could do them far, far better. So, old chap, as for my not needing you one time, I need it more than ever, but I would point out the opportunity we have if we persevere. Because of the money from <rs type="pers" key="1306">Rappard</rs>, I already have several things such as sketchbooks &amp;c., and everything you send is converted into drawings, and I believe you’ll find what I’m working on now more suitable than the previous ones. So let’s be of good heart and energetic.
<pb f="2r" n="8" xml:id="pb-trans-2r-8" facs="#zone-pb-2r-8"/></ab>
<ab rend="indent">One obstacle to several things that I have in my head from the beach is that I don’t have a Scheveningen woman’s costume. You understand that I could do that kind of composition with Scheveningen figures in the spirit of the enclosed croquis. But if I draw a figure outdoors it is of course too superficial. It has to be taken up again and worked over with a model, and one needs the costumes. Well, that would be an expense which, if I could afford it, would make three, four drawings I have in my head smooth going. Yet how can I afford it? As I say, in three days everything I have now will be gone, because almost all of it has to be paid out immediately. For these two drawings I also needed various smocks, trousers, sou’wester &amp;c. A model doesn’t always have on a fine smock that’s picturesque — one changes that and it becomes more real and more expressive. When you come you must see how those studies for the figures in the foreground of the croquis are solidly worked. I did them outdoors on a pile of sand near a florist. </ab>
<ab rend="indent">In the beginning of your letter you write that you’re pleased that there’s no reason to be concerned about the <rs type="pers" key="463">woman</rs>. Well, there isn’t immediately, inasmuch as I try to preserve my serenity and good spirits in that respect too. But I do have cares, heavy cares even, and there’s no lack of difficulties. I began trying to save the woman despite the difficulties, and have persevered up till now despite the difficulties, but it won’t all be rosy in the future either. Still, we must work as hard as we can. Theo, the difficulties I was having with the woman when I last wrote to you — do you know what that was? <hi rend="ital">Her</hi> family were trying to get her away from me. I’ve never involved myself with <hi rend="ital">anyone</hi> except the mother, because I considered them untrustworthy. The more I try to analyze the history of that family, the more I’m strengthened in that view. Well, they were intriguing precisely because I ignored them, and this led to a treacherous attack. I’ve told the woman how I view their intentions and also that she must choose between her family and me, but that I didn’t wish to have any dealings with any of them, in the first place because I believed relations with her family would lead her back to her previous wrong life. The family’s proposal was that she and her <rs type="pers" key="464">mother</rs> should keep house for a <rs type="pers" key="469">brother</rs> of hers<anchor n="13" xml:id="note-t-13"/> who is separated from his <rs type="pers" key="188">wife</rs> and is a notoriously bad lot. The reason why the family advised her to leave me was that I earned too little and I wasn’t good for her, and only did it for the posing but would leave her in the lurch. Mark you, because of the small child she hasn’t done much posing for me this whole year, has she? Anyway, I leave it to you to decide to what extent these suspicions about me were well founded. Well then, but it was secretly discussed behind my back, and in the end the woman told me. I said to her, do what you like but I shan’t abandon you unless you go back to your previous life.<anchor n="14" xml:id="note-t-14"/> The wretched thing is, Theo, that if we’re poor at some point, they try to upset the woman in this way, and that bad lot of a brother, for instance, tries to get her back to the old life. Now — I say only this of her — I would think it brave and generous of her if she broke off all relations with her family, I myself advise her not to go there, but if she wants to go I let her. And the temptation to show off her child, say, often brings her back to her family. And that influence is fatal and has a grip on her precisely because it comes from her family and those who unsettle her by saying ‘he’ll leave you in the lurch’. In this way they seek to persuade her to leave <hi rend="ital">me</hi> in the lurch. Adieu, old chap, let’s work and keep a clear head and try to act rightly. You know how things are with my money, help me if you can.</ab>
<vg:whiteline/>
<ab>Vincent</ab>
<vg:whiteline/>
<ab>
<pb f="3r" n="8" xml:id="pb-trans-3r-8" facs="#zone-pb-3r-8"/></ab>
<ab><figure facs="zone-sketch-1" n="A"/></ab></div>
<div type="notes">
<note n="1" xml:id="n-1" target="#note-t-1">
<ab><rs type="pers" key="436">Adolphe Goupil</rs>, founder of the firm Goupil &amp; Cie.</ab></note>
<note n="2" xml:id="n-2" target="#note-t-2">
<ab>After this sentence Van Gogh crossed out: ‘I would live on bread and coffee and nothing else for three years, Theo, if <rs type="pers" key="526">Pa</rs> had not been so pretentious’.</ab></note>
<note n="3" xml:id="n-3" target="#note-t-3">
<ab>The ‘composition’ is the drawing <hi rend="ital">Peat diggers in the dunes</hi> (<rs type="ill" key="2437">F 1031 / JH 363</rs>); the ‘croquis’ after it is the letter sketch in <ref target="let347.xml">letter 347</ref>.</ab></note>
<note n="4" xml:id="n-4" target="#note-t-4">
<ab>Van Gogh added the sentence ‘So there’s... the first time’ later.</ab></note>
<note n="5" xml:id="n-5" target="#note-t-5">
<ab>This drawing of workmen, on yellow paper according to <ref target="#l-121">l. 121</ref>, is not known. Some idea of it can be obtained from the sketch enclosed with this letter and a second sketch after the same drawing, <hi rend="ital">The sandpit at Dekkersduin near The Hague </hi>(<rs type="ill" key="2439">F 1029 / JH 366</rs>); cf. <ref target="#n-8">n. 8.</ref></ab></note>
<note n="6" xml:id="n-6" target="#note-t-6">
<ab>Theo had written about a scene with workmen on Montmartre in the beginning of September 1882; <ref target="let260.xml">see letters 260</ref> and <ref target="let261.xml">261</ref>.</ab></note>
<note n="7" xml:id="n-7" target="#note-t-7">
<ab>For this visit to a sand quarry at Dekkersduin, near Scheveningen, see also <ref target="let347.xml">letter 347</ref>. On this levelling of dunes: Visser 1973, pp. 111-115. </ab></note>
<note n="8" xml:id="n-8" target="#note-t-8">
<ab>The enclosed sketch <hi rend="ital">The sandpit at Dekkersduin near The Hague </hi>(<rs type="sketch" key="95">F 1028 / JH 367</rs>).</ab></note>
<note n="9" xml:id="n-9" target="#note-t-9">
<ab>Van Gogh had got the idea for this kind of frame from <rs type="pers" key="1306">Van Rappard</rs>; <ref target="let346.xml">see letter 346</ref>.</ab></note>
<note n="10" xml:id="n-10" target="#note-t-10">
<ab>The reason for insisting on the continuation of the remittances becomes clear later in the letter <ref target="#l-280">(ll. 280-281)</ref>: Theo must have asked whether, in view of his own financial difficulties, it would be possible to skip Vincent’s remittance for once. </ab></note>
<note n="a" xml:id="n-a" target="#note-o-a">
<ab>Means: ‘is er vooruitgang in gekomen’ (progress has been made). </ab></note>
<note n="11" xml:id="n-11" target="#note-t-11">
  <ab>In the months January-April 1883 illustrations by <rs type="pers" key="878">George Boughton</rs> and <rs type="pers" key="838">Edwin Abbey</rs> had appeared in <hi rend="ital">Harper’s New Monthly Magazine</hi> in the series ‘Artist strolls in Holland’. See <hi rend="ital">Harper’s New Monthly Magazine</hi> 66: January 1883, pp. 164-180; February 1883, pp. 387-406; March 1883, pp. 520-539; and April 1883, pp. 683-705. See for illustrations <ref target="let359.xml#n-10">letter 359, nn. 10</ref> and <ref target="let359.xml#n-11"> 11.</ref> The series was to be continued from August 1884. Later, sketches were published separately under the title <hi rend="ital">Sketching rambles in Holland</hi>. New York 1885. Cf. also <ref target="let354.xml">letter 354</ref>.</ab></note><note n="b" xml:id="n-b" target="#note-t-b"><ab>Van Gogh wrote ‘dubbele bladzij van illustratie’ (double page illustration) and added the translation ‘double page engraving’ in parentheses.</ab></note><note n="c" xml:id="n-c" target="#note-t-c"><ab>Van Gogh wrote ‘de bladzijde’ and ‘de halve bladzij’ and added the translation ‘whole page’ and ‘half page’ in parentheses.</ab></note>
<note n="12" xml:id="n-12" target="#note-t-12">
<ab>The Nederlands Hervormd Oude-mannen-en-vrouwenhuis, on Z. Buitensingel 1, where Van Gogh’s favourite model <rs type="pers" key="811">Adrianus Zuyderland</rs> lived.</ab></note>
<note n="d" xml:id="n-d" target="#note-o-d">
<ab>Means: ‘uitgaven’ (outgoings).</ab></note>
<note n="e" xml:id="n-e" target="#note-o-e">
<ab>Means: ‘liggen’ (lie).</ab></note>
<note n="13" xml:id="n-13" target="#note-t-13">
<ab>Sien’s brother, <rs type="pers" key="469">Carolus Ernestus Jacobus Hoornik</rs>, married <rs type="pers" key="188">Johanna Elisabeth Angenita Rombouts</rs> on 26 April 1882. Their marriage was annulled in 1884.</ab></note>
<note n="14" xml:id="n-14" target="#note-t-14">
<ab>By ‘previous life’ Van Gogh means prostitution.</ab></note></div></body></text></TEI>
