<?xml version="1.0" encoding="UTF-8"?>
<!-- Last Changed Date: 2018-07-18 12:32:41 +0200 (Wed, 18 Jul 2018) | SVN Revision: 2206 -->
<!--Licensed under Attribution-NonCommercial-ShareAlike 4.0 International (CC BY-NC-SA 4.0)-->
<?xml-model href="https://xmlschema.huygens.knaw.nl/vgodd.rng" type="application/xml" schematypens="http://relaxng.org/ns/structure/1.0"?>
<TEI xmlns:vg="http://www.vangoghletters.org/ns/" xmlns="http://www.tei-c.org/ns/1.0">
<teiHeader xmlns:xsi="http://www.w3.org/2001/XMLSchema-instance"><fileDesc>
<titleStmt>
<title>To Anthon van Rappard. The Hague, on or about Wednesday, 9 May 1883.</title>
<editor>Leo Jansen</editor>
<editor>Hans Luijten</editor>
<editor>Nienke Bakker</editor></titleStmt>
<publicationStmt>
<publisher><name>Huygens Instituut voor Nederlandse Geschiedenis (KNAW)</name><email>info@huygens.knaw.nl</email></publisher>
<publisher>Van Gogh Museum</publisher>
<pubPlace>Amsterdam</pubPlace>
<date type="first" when="2009">2009</date>
<availability status="restricted">
<licence target="http://creativecommons.org/licenses/by-nc-sa/4.0/ https://creativecommons.org/licenses/by-nc-sa/4.0/legalcode">
<p>Attribution-NonCommercial-ShareAlike 4.0 International (CC BY-NC-SA 4.0) </p></licence></availability>
<ptr target="http://vangoghletters.org/orig/let341"/></publicationStmt><sourceDesc><vg:letDesc><vg:letIdentifier>
<idno type="jlb">341</idno>
<idno type="collectedletters">R34</idno>
<idno type="brieven1990">343</idno></vg:letIdentifier><vg:letHeading><author>Vincent van Gogh</author><vg:addressee>Anthon van Rappard</vg:addressee><vg:placeLet>The Hague</vg:placeLet><vg:dateLet>on or about Wednesday, 9 May 1883</vg:dateLet></vg:letHeading><vg:letContents>
<p>To Anthon van Rappard. The Hague, on or about Wednesday, 9 May 1883.</p>
<note type="ongoingTopic" n="1">
<p>Van Rappard’s illness <ref target="let290.xml">(290)</ref></p></note>
<note type="ongoingTopic" n="2">
<p>Loan of 25 guilders from Van Rappard <ref target="let339.xml">(339)</ref></p></note></vg:letContents>
<note type="sourceStatus" xml:id="sourceStatus">
<p>Original manuscript</p></note>
<note type="location" xml:id="location">
<p>Amsterdam, Van Gogh Museum, inv. nos. b8366 a-c V/2006</p></note>
<note type="date" xml:id="date">
<p>At the time the letter was written, Van Gogh had received both a letter and, a day later, a telegram from Van Rappard; <ref target="let342.xml">see letter 342</ref>. Since there is no mention of this in <ref target="let340.xml">letter 340</ref> of on or about 7 May, at least two days must have passed since that letter. We therefore date the present letter on or about Wednesday, 9 May 1883. It is unlikely to have been later.</p></note>
<note type="arrangement" xml:id="arrangement">
<p>In previous editions of the correspondence – with the exception of the earliest Van Rappard edition (<hi rend="ital">Letters to Van Rappard </hi>1936) – a fourth sheet was added at the end of the letter. On the grounds of the content, however, we are in agreement with the 1936 edition, and have placed the sheet with <ref target="let345.xml">letter 345</ref>. See <hi rend="ital">Arrangement</hi> there.</p>
<p> </p></note></vg:letDesc></sourceDesc></fileDesc></teiHeader>
<facsimile xmlns:xsi="http://www.w3.org/2001/XMLSchema-instance">
<surface n="b 8366 a" xml:id="surf-pb-1r"><graphic mimeType="image/tiff" url="VGM001001617_01.TIF" rend="norend"/><graphic mimeType="image/tiff" url="VGM001001617_01_n.tif" rend="norend"/><graphic mimeType="image/jpeg" url="VGM001001617_01_nt.jpg" height="50px" rend="thumbnail"/><zone xml:id="zone-pb-1r-1">
<graphic mimeType="image/tiff" url="VGM001001617_01_nR.tif" rend="norend"/><graphic mimeType="image/jpeg" url="VGM001001617_01_nRt.jpg" height="50px" rend="thumbnail"/><graphic mimeType="image/png" url="VGM001001617_01_nRf.png" width="380px" rend="facstab"/></zone>
<zone xml:id="zone-pb-1r-4">
<graphic mimeType="image/tiff" url="VGM001001617_01_nL.tif" rend="norend"/><graphic mimeType="image/jpeg" url="VGM001001617_01_nLt.jpg" height="50px" rend="thumbnail"/><graphic mimeType="image/png" url="VGM001001617_01_nLf.png" width="380px" rend="facstab"/></zone>
</surface>
<surface n="b 8366 a" xml:id="surf-pb-1v"><graphic mimeType="image/tiff" url="VGM001001617_02.TIF" rend="norend"/><graphic mimeType="image/tiff" url="VGM001001617_02_n.tif" rend="norend"/><graphic mimeType="image/jpeg" url="VGM001001617_02_nt.jpg" height="50px" rend="thumbnail"/><zone xml:id="zone-pb-1v-2">
<graphic mimeType="image/tiff" url="VGM001001617_02_nL.tif" rend="norend"/><graphic mimeType="image/jpeg" url="VGM001001617_02_nLt.jpg" height="50px" rend="thumbnail"/><graphic mimeType="image/png" url="VGM001001617_02_nLf.png" width="380px" rend="facstab"/></zone>
<zone xml:id="zone-pb-1v-3">
<graphic mimeType="image/tiff" url="VGM001001617_02_nR.tif" rend="norend"/><graphic mimeType="image/jpeg" url="VGM001001617_02_nRt.jpg" height="50px" rend="thumbnail"/><graphic mimeType="image/png" url="VGM001001617_02_nRf.png" width="380px" rend="facstab"/></zone>
</surface>
<surface n="b 8366 b" xml:id="surf-pb-2r"><graphic mimeType="image/tiff" url="VGM001001618_01.TIF" rend="norend"/><zone xml:id="zone-pb-2r-5">
<graphic mimeType="image/tiff" url="VGM001001618_01_n.tif" rend="norend"/><graphic mimeType="image/jpeg" url="VGM001001618_01_nt.jpg" height="50px" rend="thumbnail"/><graphic mimeType="image/png" url="VGM001001618_01_nf.png" width="380px" rend="facstab"/></zone>
</surface>
<surface n="b 8366 b" xml:id="surf-pb-2v"><graphic mimeType="image/tiff" url="VGM001001618_02.TIF" rend="norend"/><zone xml:id="zone-pb-2v-6">
<graphic mimeType="image/tiff" url="VGM001001618_02_n.tif" rend="norend"/><graphic mimeType="image/jpeg" url="VGM001001618_02_nt.jpg" height="50px" rend="thumbnail"/><graphic mimeType="image/png" url="VGM001001618_02_nf.png" width="380px" rend="facstab"/></zone>
</surface>
<surface n="b 8366 c" xml:id="surf-pb-3r"><graphic mimeType="image/tiff" url="VGM001001619_01.TIF" rend="norend"/><zone xml:id="zone-pb-3r-7">
<graphic mimeType="image/tiff" url="VGM001001619_01_n.tif" rend="norend"/><graphic mimeType="image/jpeg" url="VGM001001619_01_nt.jpg" height="50px" rend="thumbnail"/><graphic mimeType="image/png" url="VGM001001619_01_nf.png" width="380px" rend="facstab"/></zone>
</surface>
<surface n="b 8366 c" xml:id="surf-pb-3v"><graphic mimeType="image/tiff" url="VGM001001619_02.TIF" rend="norend"/><zone xml:id="zone-pb-3v-8">
<graphic mimeType="image/tiff" url="VGM001001619_02_n.tif" rend="norend"/><graphic mimeType="image/jpeg" url="VGM001001619_02_nt.jpg" height="50px" rend="thumbnail"/><graphic mimeType="image/png" url="VGM001001619_02_nf.png" width="380px" rend="facstab"/></zone>
</surface></facsimile><text xmlns:xsi="http://www.w3.org/2001/XMLSchema-instance"><body>
<div type="original">
<pb f="1r" n="1" xml:id="pb-orig-1r-1" facs="#zone-pb-1r-1"/><lb n="1" xml:id="l-1"/>
<ab>Amice Rappard.</ab><lb n="2" xml:id="l-2"/>
<ab>Uw telegram ontving ik heden <lb n="3" xml:id="l-3"/>morgen. Ik stond op ’t punt <lb n="4" xml:id="l-4"/>naar U toe te komen toen ik hoorde <lb n="5" xml:id="l-5"/>gij verhinderd waart. Doch bij nader <lb n="6" xml:id="l-6"/>inzien zag ik er van af omdat ik dacht <lb n="7" xml:id="l-7"/>dat welligt de dokter van meening <lb n="8" xml:id="l-8"/>zou zijn het U hinderen zou te spreken <lb n="9" xml:id="l-9"/>&amp;c.</ab><lb n="10" xml:id="l-10"/>
<ab rend="indent">Ik geloof anders van U zelf gij <lb n="11" xml:id="l-11"/>dit bezwaar <hi rend="ital">niet</hi> maken zoudt – ik <lb n="12" xml:id="l-12"/>zelf zou er ook geen zorg over <lb n="13" xml:id="l-13"/>hebben ’t U schaden zou. Integendeel <lb n="14" xml:id="l-14"/>betrekkelijk<c type="kk">/</c> er is iets in ’t gestel <lb n="15" xml:id="l-15"/>van ieder schilder dat eigenaardig is<c type="kp">_</c> <lb n="16" xml:id="l-16"/>Momenteele zwakte<c type="kk">/</c> zenuwachtigheid<c type="kk">/</c> <lb n="17" xml:id="l-17"/>melankolie<c type="kk">/</c> komt meermalen uit <lb n="18" xml:id="l-18"/>de inspanning van ’t werk voort – <lb n="19" xml:id="l-19"/>tevens echter is er een soort weeromstuit<c type="kk">/</c> <lb n="20" xml:id="l-20"/>&amp; genezen zwakte &amp;c<c type="kp">_</c> &amp;c<c type="kp">_</c> soms <lb n="21" xml:id="l-21"/>juist door inspanning weder.</ab><lb n="22" xml:id="l-22"/>
<ab rend="indent">Is iemand overvoerd en bleu<anchor n="a" xml:id="note-o-a"/> van <lb n="23" xml:id="l-23"/>redeneeren en overleggen met vrienden<c type="kk">/</c> <lb n="24" xml:id="l-24"/>mogelijk kon ’t hem goeddoen een tijd de <lb n="25" xml:id="l-25"/>eenzaamheid te zoeken doch zoover ik <lb n="26" xml:id="l-26"/>weet is dit niet Uw geval. 
<pb f="1v" n="2" xml:id="pb-orig-1v-2" facs="#zone-pb-1v-2"/><lb n="27" xml:id="l-27"/>Dus dacht ik er over naar U <lb n="28" xml:id="l-28"/>toe te komen<c type="kp">_</c>–</ab><lb n="29" xml:id="l-29"/>
<ab rend="indent">Maar ik dacht<c type="kk">/</c> Rappard heeft <lb n="30" xml:id="l-30"/>vaders<c type="kk">/</c> moeders<c type="kk">/</c> zusters<c type="kk">/</c> broers<c type="kk">/</c> <lb n="31" xml:id="l-31"/>meiden<c type="kk">/</c> knechts<c type="kk">/</c> weet ik wat <lb n="32" xml:id="l-32"/>meer in huis en die allen <lb n="33" xml:id="l-33"/>mogten op schildwacht staan om <lb n="34" xml:id="l-34"/>hem rustig te houden als de dokter <lb n="35" xml:id="l-35"/>zoo iets gezegd heeft. Komt men <lb n="36" xml:id="l-36"/>nu op zoo’n moment<c type="kk">/</c> is toch de <lb n="37" xml:id="l-37"/>aardigheid er af en men zit <lb n="38" xml:id="l-38"/>gegeneerd tegenover elkaar. <lb n="39" xml:id="l-39"/>Ik voor mij zeg U echter <lb n="40" xml:id="l-40"/>ronduit in mijn eigen gestel <lb n="41" xml:id="l-41"/>ik duidelijk die twee krachten <lb n="42" xml:id="l-42"/>van uitputting en weeropstijving <lb n="43" xml:id="l-43"/>door èèn zelfde oorzaak<c type="kk">/</c> inspanning <lb n="44" xml:id="l-44"/>op ’t werk veroorzaakt<c type="kk">/</c> bij tijden gevoel. <lb n="45" xml:id="l-45"/>En op de laatste<c type="kk">/</c> voor <lb n="46" xml:id="l-46"/>mij zelf niet alleen maar <lb n="47" xml:id="l-47"/>ook voor anderen<c type="kk">/</c> zóó vertrouw <lb n="48" xml:id="l-48"/>dat b.v. toen ik verl. jaar ziek <lb n="49" xml:id="l-49"/>was<anchor n="1" xml:id="note-o-1"/> ik brutaal tegen ’t avis van den <lb n="50" xml:id="l-50"/>dokter heb ingehandeld in eenige opzigten<c type="kk">/</c> <lb n="51" xml:id="l-51"/>niet omdat ik zijn raad verkeerd vond 
<pb f="1v" n="3" xml:id="pb-orig-1v-3" facs="#zone-pb-1v-3"/><lb n="52" xml:id="l-52"/>of ’t beter wilde weten maar <lb n="53" xml:id="l-53"/>bij mij zelf redeneerde<c type="kk">/</c> ik leef om <lb n="54" xml:id="l-54"/>te schilderen en niet direkt <lb n="55" xml:id="l-55"/>om mijn gestel te conserveeren<c type="kp">_</c> <lb n="55a" xml:id="l-55a"/>Soms is ’t mysterieuse woord<c type="kk">/</c> wie zijn leven zal verliezen die zal ’t vinden<c type="kk">/</c><anchor n="2" xml:id="note-o-2"/> <lb n="55b" xml:id="l-55b"/>klaar als den dag<c type="kp">_</c> <lb n="56" xml:id="l-56"/>Ik nu ben SPOEDIGER genezen <lb n="57" xml:id="l-57"/>dan een paar anderen van wie ik <lb n="58" xml:id="l-58"/>weet hoelang zij er over deden om <lb n="59" xml:id="l-59"/>van ’t zelfde beter te worden.</ab><lb n="60" xml:id="l-60"/>
<ab rend="indent">Maar – beste vriend – ik schrijf <lb n="61" xml:id="l-61"/>wat ik U anders zeer zeker zou zeggen – <lb n="62" xml:id="l-62"/>wees wel spaarzaam <lb n="63" xml:id="l-63"/>op Uw kracht in dezen zin dat ge <lb n="64" xml:id="l-64"/>geen krachten besteedt aan zaken die <lb n="65" xml:id="l-65"/>niet direkt tot Uw doel leiden. <lb n="66" xml:id="l-66"/>Kerkornamenten zeg ik ’t zelfde van <lb n="67" xml:id="l-67"/>als van decoraties maken.<anchor n="3" xml:id="note-o-3"/> ’t is m.i. <lb n="68" xml:id="l-68"/>kruid<anchor n="b" xml:id="note-o-b"/> verschieten aan ’t geen wel <lb n="69" xml:id="l-69"/>op zich zelf een schot kruid desnoods <lb n="70" xml:id="l-70"/>waard moge zijn van iemand die zijn <lb n="71" xml:id="l-71"/>patroontasch vol heeft en weer aanvullen kan <lb n="72" xml:id="l-72"/>als die leeg is<c type="kk">/</c> doch – amice – geen <lb n="73" xml:id="l-73"/>patroon van een tirailleur <lb n="74" xml:id="l-74"/>van wiens op zijn qui vive zijn <lb n="75" xml:id="l-75"/>belangrijke zaken mogten afhangen <lb n="76" xml:id="l-76"/>en wiens positie hem meer verantwoordelijkheid <lb n="77" xml:id="l-77"/>op de schouders legt dan een ander<c type="kp">_</c></ab><lb n="78" xml:id="l-78"/>
<ab rend="indent">Wat voor anderen gepermitteerd zij is misschien <lb n="79" xml:id="l-79"/>in U laakbaar<c type="kk">/</c> le mieux en ce cas <lb n="80" xml:id="l-80"/>etant l’ennemi du bien.<anchor n="4" xml:id="note-o-4"/> Ergo, spaar U voor <lb n="81" xml:id="l-81"/>le mieux.</ab>
<pb f="1r" n="4" xml:id="pb-orig-1r-4" facs="#zone-pb-1r-4"/><lb n="82" xml:id="l-82"/>
<ab rend="indent">Deelt ge mijn opinie omtrent uw responsabiliteit en <lb n="83" xml:id="l-83"/>’t geen van Uw post afhangt – ’k weet het niet precies<c type="kp">_</c> <lb n="84" xml:id="l-84"/>ten opzigte van iedereen zijn er twee gezigtspunten<c type="kk">/</c> <lb n="85" xml:id="l-85"/>wat men is<c type="kk">/</c> wat men zou kunnen zijn<c type="kp">_</c> <lb n="86" xml:id="l-86"/>In ’t eerste mogen we ons niet opsluiten dunkt <lb n="87" xml:id="l-87"/>mij met een “gerust” geweten. Het laatste moeten <lb n="88" xml:id="l-88"/>we als eene formidable realiteit boven ons gevoelen <lb n="89" xml:id="l-89"/>als zijnde wij nooit verantwoord, onvolkomen <lb n="90" xml:id="l-90"/>en vol fouten als we zijn, ’t ideaal en ’t geen <lb n="91" xml:id="l-91"/>tot in ’t oneindige gaat te verdonkeremanen als <lb n="92" xml:id="l-92"/>ging ’t ons niet aan. Ik heb een paar redenen <lb n="93" xml:id="l-93"/>Uw post in de gegeven toestanden zeer important <lb n="94" xml:id="l-94"/>te vinden. Misschien is mijn gevoel jegens <lb n="95" xml:id="l-95"/>U er somberder door. Ik vraag mij af<c type="kk">/</c> wat zal R. doen? <lb n="96" xml:id="l-96"/>Waar zal hij partij voor kiezen?</ab><lb n="97" xml:id="l-97"/>
<ab rend="indent">Maar nu is ’t niet direkt ’t moment daarover te <lb n="98" xml:id="l-98"/>philosopheeren. Dus ter zake. <lb n="99" xml:id="l-99"/>Ik heb een bepaald verlangen U binnen kort <lb n="100" xml:id="l-100"/>te ontmoeten. In een jaar tijds zag ik absoluut <lb n="101" xml:id="l-101"/>niets van U<c type="kk">/</c> langer zelfs want verl. jaar toen ge hier <lb n="102" xml:id="l-102"/>waart ook niet. Verder zaagt gij van mijn werk ook <lb n="103" xml:id="l-103"/>weinig – niets dan de lith.</ab><lb n="104" xml:id="l-104"/>
<ab rend="indent">Dus we moeten als ge ’t goed vindt ’t zoo schipperen <lb n="105" xml:id="l-105"/>dat we, en wel wederkeerig, elkaar zien. <lb n="106" xml:id="l-106"/>Is dus mijn voorstel dat ge me eens zult <lb n="107" xml:id="l-107"/>doen weten welken dag er geen verhindering <lb n="108" xml:id="l-108"/>zou zijn ik eens een morgen op Uw atelier kwam. <lb n="109" xml:id="l-109"/>Zoolang gij deze bewuste verschijnselen van bloed opgeven <lb n="110" xml:id="l-110"/>hebt vind ik het niet overdreven er bezwaren zijn tegen een <lb n="111" xml:id="l-111"/>komen naar hier. laat ons dus afspreken <lb n="112" xml:id="l-112"/>dit uit te stellen tot die verschijnselen geheel <lb n="113" xml:id="l-113"/>weg zijn. Maar den eersten den besten dag <lb n="114" xml:id="l-114"/>dat gij zonder Uw dokter te contrarieeren in Uw <lb n="115" xml:id="l-115"/>gewone doen zijt<c type="kk">/</c> kom ik als ik éen woordje berigt <lb n="116" xml:id="l-116"/>van U ontvang naar U toe.</ab><lb n="117" xml:id="l-117"/>
<ab rend="indent">Ge ziet<c type="kk">/</c> ik schrijf U nog vóór ik Uw brief <lb n="118" xml:id="l-118"/>ontvang waarvan Uw telegram melding maakt. Doch ’k veronderstel niet deze dit plan <lb n="119" xml:id="l-119"/>veel wijzigen zal doch welligt het er zich <lb n="120" xml:id="l-120"/>aan aansluit.</ab>
<pb f="2r" n="5" xml:id="pb-orig-2r-5" facs="#zone-pb-2r-5"/><lb n="121" xml:id="l-121"/>
<ab rend="indent">Meen niet ik geheel op alle decoraties of ornamenten tegen <lb n="122" xml:id="l-122"/>heb – doch ik heb er op tegen in <hi rend="ital">dezen</hi> tijd en in <lb n="123" xml:id="l-123"/>deze omstandigheden waar we nu hier in Holland mee te <lb n="124" xml:id="l-124"/>maken hebben. Ik heb er <hi rend="ital">niet</hi> op tegen als in een tijd van <lb n="125" xml:id="l-125"/>groote animo en een geest van energie en renaissance <lb n="126" xml:id="l-126"/>een zeker surplus van kracht zich in die rigting <lb n="127" xml:id="l-127"/>verliest. Maar ik heb er op tegen in een tijd waarin niet <lb n="128" xml:id="l-128"/>direct animo en energie de algemeene stemming <lb n="129" xml:id="l-129"/>is – vooral niet die der jongeren – laat dan <lb n="130" xml:id="l-130"/>wie energie heeft zich concentreeren<c type="kp">_</c>–</ab><lb n="131" xml:id="l-131"/>
<ab rend="indent">er is een tijd om vrolijk te zijn maar er is ook een <lb n="132" xml:id="l-132"/>tijd om streng te zijn.<anchor n="5" xml:id="note-o-5"/> Werkelijk<c type="kk">/</c> het is noodig <lb n="133" xml:id="l-133"/>dan men <hi rend="ital">niet</hi> deele die zekere gerustheid omtrent <lb n="134" xml:id="l-134"/>het goed gaan van alles<c type="kk">/</c> die zoo wat de conventie is tegenwoordig <lb n="134a" xml:id="l-134a"/>en heel best op een pruikentijd kan uitdraaijen.– toen ze dronken een <lb n="134b" xml:id="l-134b"/>glas &amp;c. en lieten de zaak zooals ze was<c type="kp">_</c><anchor n="6" xml:id="note-o-6"/> <lb n="135" xml:id="l-135"/><hi rend="ital">Als</hi> er decadence is – dan s.v.p. geen ornamenten <lb n="136" xml:id="l-136"/>maar – een inwendig gemeenschap <lb n="137" xml:id="l-137"/>zoeken met “<hi rend="ital">les vieux de la vieille</hi>” en ’t tegenwoordige <lb n="138" xml:id="l-138"/>negeeren.</ab><lb n="139" xml:id="l-139"/>
<ab rend="indent">Sommige zaken, amice, hebben in mijn geest <lb n="140" xml:id="l-140"/>’t overwigt boven eigen private aangelegenheden <lb n="141" xml:id="l-141"/>of private moeielijkheden. Indien ik verlangen heb <lb n="142" xml:id="l-142"/>met U te spreken zijn ook niet die laatsten ’t direkt <lb n="143" xml:id="l-143"/>motief. Zoo sprak ik ook nu over andere dingen vóór <lb n="144" xml:id="l-144"/>ik er toe kom U te bedanken ge me helpen wilt<c type="kk">/</c> <lb n="145" xml:id="l-145"/>wat me zeer geruststelt en me tegen de borst <lb n="146" xml:id="l-146"/>stuitende demarches besparen zal. Dank er voor<c type="kp">_</c><anchor n="7" xml:id="note-o-7"/> <lb n="147" xml:id="l-147"/><hi rend="ital">Als</hi> ik spreek over dingen in ’t algemeen<c type="kk">/</c> ik heb <lb n="148" xml:id="l-148"/>er eigentlijk ’t land aan zulks te doen.</ab><lb n="149" xml:id="l-149"/>
<ab rend="indent">Zoo ook wanneer ik bij U kom – ik kan niet <lb n="150" xml:id="l-150"/>verbergen ik voor mij zelf niet precies de <lb n="151" xml:id="l-151"/>toekomst heel helder zie en het twijfelachtig <lb n="152" xml:id="l-152"/>reken of ik zal kunnen doen wat ik mij <lb n="153" xml:id="l-153"/>voorstel te doen<c type="kp">_</c> Ik zoek dan ook eens <lb n="154" xml:id="l-154"/>raad te schaften met U om misschien wat licht <lb n="155" xml:id="l-155"/>te krijgen. Ik geloof gij een zeker oog op mijn <lb n="156" xml:id="l-156"/>werk hebt en Uw oordeel in sommige gevallen 
<pb f="2v" n="6" xml:id="pb-orig-2v-6" facs="#zone-pb-2v-6"/><lb n="157" xml:id="l-157"/>mij van veel nut zou kunnen zijn om als ik b.v. de <lb n="158" xml:id="l-158"/>studies voor iets heb het tot een definitief geheel te vormen. <lb n="159" xml:id="l-159"/>Nu op ’t moment heb ik <hi rend="ital">veel</hi> studies en schemeren <lb n="160" xml:id="l-160"/>mij 2 of 3 meer importante composities voor den <lb n="161" xml:id="l-161"/>geest waarvoor ik waarschijnlijk grootendeels de <lb n="162" xml:id="l-162"/>materialen in mijn studies heb.</ab><lb n="163" xml:id="l-163"/>
<ab rend="indent">Juist omdat ik Uw opinie waardeer zoo is ’t noodig <lb n="164" xml:id="l-164"/>ge ook mijn gedachten wat kent<c type="kp">_</c>– En meen ik ge <lb n="165" xml:id="l-165"/>genoeg bespiegelingskracht waarschijnlijk hebt om ook dan <lb n="166" xml:id="l-166"/>wanneer ge niet alles met me eens zoudt zijn<c type="kk">/</c> U mijn <lb n="167" xml:id="l-167"/>zienswijs te kunnen begrijpen.</ab><lb n="168" xml:id="l-168"/>
<ab rend="indent">Als ik iets op eene nieuwere rigting tegen heb zoo is <lb n="169" xml:id="l-169"/>dit geenszins op die van Israels<c type="kk">/</c> Mauve<c type="kk">/</c> Maris,<anchor n="8" xml:id="note-o-8"/> neen <lb n="170" xml:id="l-170"/>die is juist de beste m.i. doch er is iets sedert <lb n="171" xml:id="l-171"/>uit voortgevloeid dat ofschoon ’t er op lijkt eigentlijk <lb n="172" xml:id="l-172"/>regelregt tegen die meesters in is – en daar heb ik op tegen. <lb n="173" xml:id="l-173"/>V.d. Weele b.v. is serieuser en houdt zich in een regt spoor. <lb n="174" xml:id="l-174"/>Ik zag zijn studies verl. Zondag.</ab><lb n="175" xml:id="l-175"/>
<ab rend="indent">Nu geloof ik van U ook ge een regt spoor hebt maar <lb n="176" xml:id="l-176"/>ik weet niet of sommige dingen geen afwijkingen zijn <lb n="177" xml:id="l-177"/>in meer bovengenoemde rigting. Ik ben bereid deze opinie <lb n="178" xml:id="l-178"/>terug te nemen maar ’t komt me zoo voor<c type="kp">_</c>–</ab><lb n="179" xml:id="l-179"/>
<ab rend="indent">Nu – ik voor mij ik zoek ook dat spoor ’t welk <lb n="180" xml:id="l-180"/>ik het beste vind<c type="kk">/</c> dat van laat ons zeggen Israels<c type="kk">/</c> Mauve<c type="kk">/</c> Maris – ik <lb n="181" xml:id="l-181"/>weet niet eens hoe ver ik daarop gevorderd ben – veel <lb n="182" xml:id="l-182"/>minder hoe ver ik daarop nog vorderen zal – maar <lb n="183" xml:id="l-183"/>ik heb er mijn best voor gedaan en zal er mijn best voor <lb n="184" xml:id="l-184"/>doen. En dit zoo zijnde is ’t zoo ver van mijn intentie <lb n="185" xml:id="l-185"/>verwijderd als ’t Noorden van ’t Zuiden<c type="kk">/</c> als ik b.v. in Uw <lb n="186" xml:id="l-186"/>decoraties bezwaar zie<c type="kk">/</c> dit te doen op meesterachtige wijs of toon <lb n="187" xml:id="l-187"/>maar als zelf zoekende naar iets waars en degelijks – <lb n="188" xml:id="l-188"/>en serieus <hi rend="ital">niet</hi> omdat ik ’t reeds gevonden heb maar <lb n="189" xml:id="l-189"/>serieus omdat ik het zelf ook zoek<c type="kp">_</c></ab><lb n="190" xml:id="l-190"/>
<ab rend="indent">En is al wat ik zoo betreffende U niet alleen maar mijzelf <lb n="191" xml:id="l-191"/>zeker niet minder denk<c type="kk">/</c> dat wij op moeten passen voor het <lb n="192" xml:id="l-192"/>diffuse en zoeken naar concentratie en pittigheid. <lb n="193" xml:id="l-193"/>Als ik bij U kom – waarachtig het is ter wille van <lb n="194" xml:id="l-194"/>’tgeen de praktijk betreft en niet om de theorie of <lb n="195" xml:id="l-195"/>philosofie dat ik met U wou praten.</ab><lb n="196" xml:id="l-196"/>
<ab rend="indent">Ter wille van praktijk<c type="kk">/</c> prozaisch als maandag<c type="shy">-</c><lb n="197" xml:id="l-197"/>ochtend<c type="kp">_</c>–<anchor n="9" xml:id="note-o-9"/></ab>
<pb f="3r" n="7" xml:id="pb-orig-3r-7" facs="#zone-pb-3r-7"/><lb n="198" xml:id="l-198"/>
<ab rend="indent">Gij schrijft over een mooi blad in Graphic <lb n="199" xml:id="l-199"/>van <hi rend="ital">Howard Pyle</hi>. Als ge bedoelt eene compositie <lb n="200" xml:id="l-200"/>die denken doet aan Terburg of Nicolaas Keijzer – <lb n="201" xml:id="l-201"/>Penn en de colonisten – trof die ook mij – en wel <lb n="202" xml:id="l-202"/>zoo danig dat ik ’t N<hi rend="ss">o</hi> komen liet.<anchor n="10" xml:id="note-o-10"/> Ja dat <lb n="203" xml:id="l-203"/>is weergaasch mooi. Zoo nam ik een N<hi rend="ss">o</hi> London News <lb n="204" xml:id="l-204"/>ook ter wille van een blad van King – Werklui in <lb n="205" xml:id="l-205"/>een wagon van de Underground Railway<c type="kp">_</c><anchor n="11" xml:id="note-o-11"/></ab><lb n="206" xml:id="l-206"/>
<ab rend="indent">Ook heb ik ingeteekend op le Salon 1883 van <lb n="207" xml:id="l-207"/>Dumas waarvan 1 N<hi rend="ss">o</hi> uit is à 1 franc en <lb n="208" xml:id="l-208"/>in 12 maandel. afl. compleet zal zijn.<anchor n="12" xml:id="note-o-12"/></ab><lb n="209" xml:id="l-209"/>
<ab rend="indent">Het spijt me après tout erg ge niet gekomen <lb n="210" xml:id="l-210"/>zijt. doch ’t is Uw schuld niet.</ab><lb n="211" xml:id="l-211"/>
<ab rend="indent">Ik had tot nog toe min of meer <lb n="212" xml:id="l-212"/>scrupule bij U te komen om reden <lb n="213" xml:id="l-213"/>zoovelen mij liever niet dan wel zien <lb n="214" xml:id="l-214"/>en ik in ’t algemeen er tegen op zie te <lb n="215" xml:id="l-215"/>bezoeken. En dat is hier gekomen <lb n="216" xml:id="l-216"/>ten deele ook omdat ik de vrouw en haar twee kinderen in <lb n="217" xml:id="l-217"/>huis genomen heb en ze meenen <lb n="218" xml:id="l-218"/>men fatsoenshalve geen omgang met me <lb n="219" xml:id="l-219"/>hebben kan. Doch Uw opinie hieromtrent <lb n="220" xml:id="l-220"/>provisoir van U zelf vernomen hebbende <lb n="221" xml:id="l-221"/>als verschillende van de handelwijs van anderen<c type="kk">/</c> <lb n="222" xml:id="l-222"/>zoo meen ik mijn scrupule vervallen kan. <lb n="223" xml:id="l-223"/>Ik doe er zóó mee dat als iemand om <lb n="224" xml:id="l-224"/>deze reden mij mijd ik hem niet zoek<c type="kk">/</c> 
<pb f="3v" n="8" xml:id="pb-orig-3v-8" facs="#zone-pb-3v-8"/><lb n="225" xml:id="l-225"/>ik blijf liever ergens weg dan dat ik <lb n="226" xml:id="l-226"/>er te veel zou worden. Te meer daar ik <lb n="227" xml:id="l-227"/>ietwat<c type="kk">/</c> ietwat<c type="kk">/</c> ietwat, maar een <hi rend="ital">heel</hi> klein beetje, <lb n="228" xml:id="l-228"/>’t prejugé dergenen die zich houden of trachten <lb n="229" xml:id="l-229"/>te houden alleen aan de maatschappelijke conventies <lb n="230" xml:id="l-230"/>excuseeren kan en ze in hun waarde laat vooral <lb n="231" xml:id="l-231"/>omdat ik hun beschouw als zwak<c type="kk">/</c> en niet vechten <lb n="232" xml:id="l-232"/>wil<c type="kk">/</c> althans niet attaqueeren. In dit opzigt ook spaar ik voor mij WEL mijn patronen. Is dit te pedant? </ab><lb n="233" xml:id="l-233"/>
<ab rend="indent">Neem gij me zoo als ik ben en laat <lb n="234" xml:id="l-234"/>ons dus afspreken ik van U verneem <lb n="235" xml:id="l-235"/>wanneer ik U bezoeken kan zonder <lb n="236" xml:id="l-236"/>’t geen Uw dokter U voorschrijft te <lb n="237" xml:id="l-237"/>contrarieeren.</ab><lb n="238" xml:id="l-238"/>
<ab rend="indent">En nogmaals<c type="kk">/</c> bedankt voor dat ge me <lb n="239" xml:id="l-239"/>wilt helpen en Uw brief zal welkom <lb n="240" xml:id="l-240"/>zijn als hij komt doch als Uw <lb n="241" xml:id="l-241"/>toestand meebrengt ge met schrijven <lb n="242" xml:id="l-242"/>moet wachten zoo wacht er mee<c type="kp">_</c></ab><lb n="243" xml:id="l-243"/>
<ab rend="indent">adieu<c type="kk">/</c> met een handdruk in gedachten<c type="kp">_</c></ab>
<vg:whiteline/><lb n="244" xml:id="l-244"/>
<ab>t. à. t.</ab><lb n="245" xml:id="l-245"/>
<ab>Vincent</ab>
<vg:whiteline/>
<div type="textualNotes">
<note target="l-134" targetEnd="l-134" n="134-134">b die zoo <supplied><hi rend="ital">...</hi></supplied> was &lt; <hi rend="ital">Added later.</hi></note>
<note target="l-201" n="201">colonisten – &lt; colonisten</note>
<note target="l-224" n="224">reden &lt; rede</note>
<note target="l-250" n="250">dat – &lt; dat</note>
<note target="l-255" n="255">belang &lt; belang is</note>
<note target="l-256" n="256">van welk &lt; op welk</note></div></div>
<div type="translation">
<pb f="1r" n="1" xml:id="pb-trans-1r-1" facs="#zone-pb-1r-1"/>
<ab>My dear friend <rs type="pers" key="1306">Rappard</rs>.</ab>
<ab>I received your telegram this morning. I was on the point of coming to you when I heard you were indisposed. But on reflection I changed my mind because I thought that the doctor might take the view that it wouldn’t be good for you to talk, &amp;c. </ab>
<ab rend="indent">I believe otherwise that you yourself would <hi rend="ital">not</hi> object — I too wouldn’t be at all concerned that it would harm you. On the contrary indeed, there’s something peculiar in the temperament of every painter. Momentary weakness, nervousness, melancholy are often caused by the effort of working — at the same time, though, there’s a kind of rebound, and the weakness &amp;c. &amp;c. is cured precisely by making an effort. </ab>
<ab rend="indent">If someone is weak and has had more than enough of reasoning and discussing with friends, it might do him good to be solitary for a while, but as far as I know this isn’t the case with you. 
<pb f="1v" n="2" xml:id="pb-trans-1v-2" facs="#zone-pb-1v-2"/> So I considered coming to you. </ab>
<ab rend="indent">But I thought, <rs type="pers" key="1306">Rappard</rs> has fathers, mothers, sisters, brothers, maids, servants, and I don’t know what else at home, and they can all be on sentry duty to keep him quiet if the doctor has said something like that. Now if one arrives at such a moment, the pleasure is gone and you sit facing each other in embarrassment. For my part, though, I tell you frankly, at times I clearly feel the two forces of exhaustion and recovery in my own temperament due to one and the same cause, the effort put into work. And I trust in this so much, not only for myself but for others too, that when I was ill last year,<anchor n="1" xml:id="note-t-1"/> for example, I brazenly acted against the doctor’s advice in some respects, not because I thought his advice was wrong 
<pb f="1v" n="3" xml:id="pb-trans-1v-3" facs="#zone-pb-1v-3"/> or that I knew better, but because I reasoned to myself: I live to paint and not primarily to conserve my constitution. Sometimes the mysterious words, whosoever will lose his life shall find it,<anchor n="2" xml:id="note-t-2"/> are as clear as daylight. I was cured MORE SPEEDILY than a few others of whom I know how long they took to recover from the same thing.</ab>
<ab rend="indent">But — dear friend — I write what I would otherwise certainly say to you — save your strength in the sense of not expending it on matters that don’t lead directly to your goal. I say the same of church ornaments as of making decorations.<anchor n="3" xml:id="note-t-3"/> In my view this is using up powder on something that may be worth a shot of powder in itself, if need be, from someone who has a full cartridge box and can refill it when it’s empty, but — my dear friend — not a cartridge from a soldier on whose alertness important matters may depend and whose position puts greater responsibility on his shoulders than on other people’s.</ab>
<ab rend="indent">What’s permitted to others may be reprehensible in you, since in this case the better is the enemy of the good.<anchor n="4" xml:id="note-t-4"/> Ergo, save yourself for the better.
<pb f="1r" n="4" xml:id="pb-trans-1r-4" facs="#zone-pb-1r-4"/></ab>
<ab rend="indent">Do you share my opinion as to your responsibility and what depends on your post? I’m not certain about it. There are two points of view with everybody: what one is, what one could be. We may not confine ourselves in the first, it seems to me, with a ‘clear’ conscience. We should feel the second as a formidable reality above us since, imperfect and full of faults as we are, we’re never justified in stifling the ideal, and what extends into the infinite as if it were no concern of ours. I have a few reasons for finding your post highly important in the circumstances. Perhaps my feeling towards you is more sombre as a result. I wonder, what will <rs type="pers" key="1306">R</rs>. do? Which side will he choose?</ab>
<ab rend="indent">But now isn’t the moment to philosophize about that. So to business. I have a particular desire to meet you soon. I’ve seen absolutely nothing by you for a year, longer even, because I didn’t see anything last year either when you were here. Also, you’ve seen little of my work — nothing other than the lithographs. </ab>
<ab rend="indent">So, if you agree, we must arrange things so that we see each other, and visit each other in turn. So my proposal is that you let me know on which day there would be no obstacle to my coming to your studio for a morning. As long as you have these symptoms of coughing blood, I don’t think it exaggerated to say that there are objections to your coming here. So let’s agree to postpone that until these symptoms have gone completely. But the very first day that you’re back to your normal ways without disagreeing with your doctor, I’ll come to see you as soon as I hear one word from you.</ab>
<ab rend="indent">As you see, I’m writing to you even before receiving the letter mentioned in your telegram. But I don’t expect it to change much in this plan, but rather to endorse it.
<pb f="2r" n="5" xml:id="pb-trans-2r-5" facs="#zone-pb-2r-5"/></ab>
<ab rend="indent">Don’t imagine I’m against all decorations or ornaments — but I’m against them at <hi rend="ital">this</hi> time and in the circumstances we’re now facing here in Holland. I’m <hi rend="ital">not</hi> against them if a certain surplus of vigour is absorbed in that direction at a time of great enthusiasm and a spirit of energy and renaissance. But I’m against them at a time when enthusiasm and energy aren’t exactly the prevailing mood — especially among the young — so let those who have energy concentrate. </ab>
<ab rend="indent">There’s a time to be merry but there’s also a time to be severe.<anchor n="5" xml:id="note-t-5"/> Truly, then it’s necessary that one does <hi rend="ital">not</hi> share the confidence about everything going well, which is more or less the convention at present, and could end up in a periwig age — when they drank a glass &amp;c. and left things as they were.<anchor n="6" xml:id="note-t-6"/> <hi rend="ital">When</hi> there is decline — then no ornaments, please — but a quest for inner fellowship with ‘<hi rend="ital">the old hands of yesterday</hi>’, and ignore the present.</ab>
<ab rend="indent">Some matters, my dear friend, take precedence in my mind over one’s own private concerns or private difficulties. These last are also not the immediate motive if I desire to speak to you. Thus now I’ve talked about other things before getting round to thanking you for being ready to help me, which reassures me greatly and will spare me having to take distasteful measures. Thank you for that.<anchor n="7" xml:id="note-t-7"/> <hi rend="ital">If</hi> I talk about things in general, actually I detest doing such a thing.</ab>
<ab rend="indent">It will be the same if I come to you — I can’t conceal the fact that I, for one, can’t see the future clearly, and consider it doubtful whether I’ll be able to do what I propose to do. So I seek to have your advice to perhaps get some light. I believe you have a certain eye for my work, and in some cases 
<pb f="2v" n="6" xml:id="pb-trans-2v-6" facs="#zone-pb-2v-6"/> your judgement could be of great use to me when I have the studies for something, for example, in shaping them into the final whole. Now at the moment I have <hi rend="ital">many</hi> studies and 2 or 3 more important compositions are dawning in my mind for which I probably have most of the material in my studies.</ab>
<ab rend="indent">Precisely because I value your opinion, it’s necessary for you to know something of my thoughts too. And I believe you probably have enough power of contemplation to understand my vision even when you don’t agree with me about everything.</ab>
<ab rend="indent">If I have something against a new movement, it isn’t at all that of <rs type="pers" key="1107">Israëls</rs>, <rs type="pers" key="323">Mauve</rs> and <rs type="pers" key="1201 1202 1203">Maris</rs>.<anchor n="8" xml:id="note-t-8"/> No, that’s simply the best in my view, but something has since arisen from it which, while resembling it, is in fact directly opposed to those masters — and that’s what I’m against. <rs type="pers" key="1440">Van der Weele</rs>, for instance, is more serious and sticks to a straight line. I saw his studies last Sunday.</ab>
<ab rend="indent">Now I believe that you also have a straight line, but I wonder whether some things aren’t more deviations in the direction described. I’m ready to withdraw this opinion, but that’s how it appears to me.</ab>
<ab rend="indent">Now, for my part I too am looking for that line which I think is the best, that of let’s say <rs type="pers" key="1107">Israëls</rs>, <rs type="pers" key="323">Mauve</rs>, <rs type="pers" key="1201 1202 1203">Maris</rs>. I don’t even know how far I’ve advanced along it — much less how far I’ll yet advance — but I’ve done my best at it and shall continue to do my best. And this being so, if, for example, I see objections to your decorations, it’s as far from my intention as the north is from the south to do this in a schoolmasterly way or tone, but only as one who is himself searching for something true and sound — and serious <hi rend="ital">not</hi> because I’ve already found it but serious because I’m myself searching for it. </ab>
<ab rend="indent">And all I think regarding not only you, but certainly myself no less, is that we must be on our guard against the diffuse and search for concentration and pith. And if I come to you — truly, it’s with a view to what concerns practice, and not about theory or philosophy, that I want to talk to you.</ab>
<ab rend="indent">With a view to practice, as prosaic as Monday morning.<anchor n="9" xml:id="note-t-9"/>
<pb f="3r" n="7" xml:id="pb-trans-3r-7" facs="#zone-pb-3r-7"/></ab>
<ab rend="indent">You write about a beautiful print in The Graphic by <hi rend="ital"><rs type="pers" key="1285">Howard Pyle</rs></hi>. If you mean a composition that recalls <rs type="pers" key="883">Ter Borch</rs> or <rs type="pers" key="121">Nicolaes de Keyser</rs> — Penn and the colonists — it struck me too — so much so that I ordered that issue.<anchor n="10" xml:id="note-t-10"/> Yes, it’s deuced beautiful. In the same way I took an issue of London News for the sake of a sheet by <rs type="pers" key="1132">King</rs> — Workmen in a wagon of the Underground Railway.<anchor n="11" xml:id="note-t-11"/></ab>
<ab rend="indent">I’ve also subscribed to <rs type="pers" key="585">Dumas</rs>’s le Salon 1883, of which the first issue is out at 1 franc and which will be complete in 12 monthly instalments.<anchor n="12" xml:id="note-t-12"/></ab>
<ab rend="indent">I greatly regret that you didn’t come after all, but it wasn’t your fault.</ab>
<ab rend="indent">Up to now I had some qualms about coming to you, because so many prefer not to see me and I generally don’t look forward to paying visits. And part of the reason for that is also because I’ve taken the <rs type="pers" key="463">woman</rs> and her two <rs type="pers" key="466 467">children</rs> into my house, and they think they can’t decently have anything to do with me. But having provisionally learned from you yourself that your opinion is different from that of others, I believe I can give up my qualms. I deal with it by not seeking out those who avoid me for this reason, 
<pb f="3v" n="8" xml:id="pb-trans-3v-8" facs="#zone-pb-3v-8"/> I prefer to stay away from places rather than to be unwelcome. All the more so since I can slightly, slightly, slightly, but only a <hi rend="ital">very</hi> tiny bit, excuse the prejudice of those who are just observing or trying to observe social conventions and accept them as they are, above all because I regard them as weak and don’t want to fight, at least not attack. In this respect, too, I CERTAINLY save my cartridges. Is this too pedantic?</ab>
<ab rend="indent">Take me as I am and let us agree that I’ll hear from you when I can visit you without going against what your doctor prescribes.</ab>
<ab rend="indent">And thank you again for being willing to help me, and your letter will be welcome when it comes, but if your condition means that you must put off writing, then let it wait.</ab>
<ab rend="indent">Adieu, with a handshake in thought.</ab>
<vg:whiteline/>
<ab>Ever yours,</ab>
<ab>Vincent</ab></div>
<div type="notes">
<note n="a" xml:id="n-a" target="#note-o-a">
<ab>Means: ‘zwak’ (weak).</ab></note>
<note n="1" xml:id="n-1" target="#note-t-1">
<ab>In June 1882 Van Gogh had been treated for venereal disease at the Burgergasthuis: <ref target="let237.xml">see letters 237</ref> ff.</ab></note>
<note n="2" xml:id="n-2" target="#note-t-2">
<ab>This phrase occurs several times in the Gospels, cf. <bibleref xmlns="http://www.vangoghletters.org/ns/" book="Matt" chap="16" v="25">Matt. 16:25</bibleref> among others.</ab></note>
<note n="3" xml:id="n-3" target="#note-t-3">
<ab>For <rs type="pers" key="1306">Van Rappard</rs>’s work on the large decoration <hi rend="ital"><rs type="otherart" key="434">The muse of history</rs></hi> (1882), cf. <ref target="let284.xml#n-6">letter 284, n. 6.</ref></ab></note>
<note n="b" xml:id="n-b" target="#note-o-b">
<ab>Read: ‘kruit’ (ammunition). </ab></note>
<note n="4" xml:id="n-4" target="#note-t-4">
<ab>Saying.</ab></note>
<note n="5" xml:id="n-5" target="#note-t-5">
<ab>Possibly an allusion to <bibleref xmlns="http://www.vangoghletters.org/ns/" book="Eccl" chap="3" vr="1-8">Eccl. 3:1-8</bibleref>, ‘To everything there is a season’.</ab></note>
<note n="6" xml:id="n-6" target="#note-t-6">
<ab>The words ‘which... were’ were added later. Where Van Gogh writes ‘&amp;c’ at the end of the saying, the original was ‘they pissed a pee’ (<hi rend="ital">WNT</hi>). Quoted earlier in <ref target="let276.xml">letter 276</ref>.</ab></note>
<note n="7" xml:id="n-7" target="#note-t-7">
<ab>This means that Van Gogh wrote a (lost) letter to <rs type="pers" key="1306">Van Rappard</rs> asking for financial help; Vincent wrote to Theo that he would do so (<ref target="let340.xml">see letter 340</ref> and cf. <ref target="let342.xml">letter 342</ref>). </ab></note>
<note n="8" xml:id="n-8" target="#note-t-8">
<ab>Which Maris (<rs type="pers" key="1203">Jacob</rs>, <rs type="pers" key="1202">Matthijs</rs> or <rs type="pers" key="1201">Willem</rs>) Van Gogh means here is impossible to say for sure.</ab></note>
<note n="9" xml:id="n-9" target="#note-t-9">
<ab>Van Gogh spoke earlier of ‘Monday morning-like sobriety’; in that context it was probably an allusion to a passage in <hi rend="ital"><rs type="lit" key="216">Shirley</rs></hi> by <rs type="pers" key="534">Charlotte Brontë</rs> (<ref target="let274.xml#n-4">see letter 274, n. 4</ref>).</ab></note>
<note n="10" xml:id="n-10" target="#note-t-10">
<ab><rs type="pers" key="1285">Howard Pyle</rs>, <hi rend="ital">The first visit of William Penn to America – A conference with the colonists</hi>, engraved by <rs type="pers" key="1537">Eugène Froment</rs>, in <hi rend="ital">The Graphic</hi> 27 (14 April 1883), pp. 392-393 published shortly before. <rs type="ill" key="1225">Ill. 1225</rs>.</ab>
<ab rend="indent">It is understandable that Van Gogh likens the scene, which is set in 1672 according to the inscription, to the work of the seventeenth-century painter <rs type="pers" key="883">Gerard ter Borch</rs> (the younger), who worked in a similar style. The name Ter Borch was also sometimes spelt Terburg, as in French publications.</ab>
<ab rend="indent">Although Van Gogh also mentions Nicolaas Keijzer here, he probably does not mean the little known seventeenth-century Flemish painter <rs type="pers" key="121">Nicolaes de Keyser</rs>, but the Dutch painter <rs type="pers" key="1133">Thomas de Keyser</rs>, who was also mentioned in <ref target="let155.xml">letter 155</ref>. The latter is known for his portraiture, a genre in which Gerard ter Borch also worked. There were portraits by both in the Mauritshuis in The Hague. </ab></note>
<note n="11" xml:id="n-11" target="#note-t-11">
<ab><rs type="pers" key="1132">Edward R. King</rs>, <hi rend="ital">The workman’s train</hi>, engraved by Eugène Froment, in <hi rend="ital">The Illustrated London News</hi> 82 (14 April 1883), p. 373. There are two copies in the estate. <rs type="ill" key="1012">Ill. 1012</rs> (t*103 and t*581).</ab></note>
<note n="12" xml:id="n-12" target="#note-t-12">
<ab>Van Gogh very probably subscribed to the series published in 1883 by <rs type="pers" key="585">F.-G. Dumas</rs> (artistic director of <hi rend="ital">Paris Illustré</hi> and publisher of illustrated Salon catalogues among other things). The <hi rend="ital">Catalogue illustré officiel de la section des Beaux-Arts de L’Exposition Universelle d’Amsterdam 1883</hi> carried an advertisement for it: ‘From 1st May 1883, <hi rend="ital">Paris Illustré</hi> – Twelve numbers per year, illustrated with engravings in several colours ... One franc per number’ (A dater du 1er mai 1883 <hi rend="ital">Paris Illustré </hi>– Douze numéros par an illustrés de gravures en plusieurs tons ... Un franc le numéro). The first number covered the Salon of 1883. The following issues dealt with such subjects as ‘Villégiature et bains de mer’ (Holidays and bathing) and ‘Cercles et aquarellistes’ (Circles and watercolourists). Dumas’s normal illustrated Salon catalogue of 1883 cost 3.50 francs. Cf. also <ref target="let342.xml#n-10">letter 342, n. 10.</ref></ab></note></div></body></text></TEI>
