<?xml version="1.0" encoding="UTF-8"?>
<!-- Last Changed Date: 2018-07-18 12:32:41 +0200 (Wed, 18 Jul 2018) | SVN Revision: 2206 -->
<!--Licensed under Attribution-NonCommercial-ShareAlike 4.0 International (CC BY-NC-SA 4.0)-->
<?xml-model href="https://xmlschema.huygens.knaw.nl/vgodd.rng" type="application/xml" schematypens="http://relaxng.org/ns/structure/1.0"?>
<TEI xmlns:vg="http://www.vangoghletters.org/ns/" xmlns="http://www.tei-c.org/ns/1.0">
<teiHeader xmlns:xsi="http://www.w3.org/2001/XMLSchema-instance"><fileDesc>
<titleStmt>
<title>To Theo van Gogh. The Hague, Sunday, 12 or Monday, 13 August 1883.</title>
<editor>Leo Jansen</editor>
<editor>Hans Luijten</editor>
<editor>Nienke Bakker</editor></titleStmt>
<publicationStmt>
<publisher><name>Huygens Instituut voor Nederlandse Geschiedenis (KNAW)</name><email>info@huygens.knaw.nl</email></publisher>
<publisher>Van Gogh Museum</publisher>
<pubPlace>Amsterdam</pubPlace>
<date type="first" when="2009">2009</date>
<availability status="restricted">
<licence target="http://creativecommons.org/licenses/by-nc-sa/4.0/ https://creativecommons.org/licenses/by-nc-sa/4.0/legalcode">
<p>Attribution-NonCommercial-ShareAlike 4.0 International (CC BY-NC-SA 4.0) </p></licence></availability>
<ptr target="http://vangoghletters.org/orig/let372"/></publicationStmt><sourceDesc><vg:letDesc><vg:letIdentifier>
<idno type="jlb">372</idno>
<idno type="collectedletters">310</idno>
<idno type="brieven1990">375</idno></vg:letIdentifier><vg:letHeading><author>Vincent van Gogh</author><vg:addressee>Theo van Gogh</vg:addressee><vg:placeLet>The Hague</vg:placeLet><vg:dateLet>Sunday, 12 or Monday, 13 August 1883</vg:dateLet></vg:letHeading><vg:letContents>
<p>To Theo van Gogh. The Hague, Sunday, 12 or Monday, 13 August 1883.</p>
<note type="ongoingTopic" n="1">
<p>Planned visit by Theo <ref target="let361.xml">(361)</ref></p></note></vg:letContents>
<note type="sourceStatus" xml:id="sourceStatus">
<p>Original manuscript</p></note>
<note type="location" xml:id="location">
<p>Amsterdam, Van Gogh Museum, inv. no. b333 V/1962</p></note>
<note type="date" xml:id="date">
<p>Vincent thanks Theo for his remittance, which must have been that of the 10th; in the meantime Theo is on his way to Nuenen <ref target="#l-2">(l. 2)</ref>. It is unlikely that he began his journey on Saturday because that was a normal working day for him. Moreover, it is clear from <ref target="let373.xml">letter 373</ref> of 14 August that Theo must have arrived in Nuenen the day before since his father had been able to pass on by letter the time of the train Theo was going to take to The Hague. This means that Theo must have arrived on Sunday, 12 or Monday, 13 August and that Mr van Gogh wrote his letter on the 13th. It must have crossed with the present letter, which therefore dates from Sunday, 12 or Monday, 13 August 1883.</p></note>
<note type="additionalDetail" xml:id="additionalDetail">
<p>The letter was sent with a letter to his parents, whom Theo was visiting. Vincent sealed the letter and wrote on the outside: ‘Monsieur Th. van Gogh Jnr’.</p></note></vg:letDesc></sourceDesc></fileDesc></teiHeader>
<facsimile xmlns:xsi="http://www.w3.org/2001/XMLSchema-instance">
<surface n="b 0333" xml:id="surf-pb-1r"><graphic mimeType="image/tiff" url="VGM001000424_01.TIF" rend="norend"/><graphic mimeType="image/tiff" url="VGM001000424_01_n.tif" rend="norend"/><graphic mimeType="image/jpeg" url="VGM001000424_01_nt.jpg" height="50px" rend="thumbnail"/><zone xml:id="zone-pb-1r-1">
<graphic mimeType="image/tiff" url="VGM001000424_01_nR.tif" rend="norend"/><graphic mimeType="image/jpeg" url="VGM001000424_01_nRt.jpg" height="50px" rend="thumbnail"/><graphic mimeType="image/png" url="VGM001000424_01_nRf.png" width="380px" rend="facstab"/></zone>
</surface>
<surface n="b 0333" xml:id="surf-pb-1v"><graphic mimeType="image/tiff" url="VGM001000424_02.TIF" rend="norend"/><graphic mimeType="image/tiff" url="VGM001000424_02_n.tif" rend="norend"/><graphic mimeType="image/jpeg" url="VGM001000424_02_nt.jpg" height="50px" rend="thumbnail"/><zone xml:id="zone-pb-1v-2">
<graphic mimeType="image/tiff" url="VGM001000424_02_nL.tif" rend="norend"/><graphic mimeType="image/jpeg" url="VGM001000424_02_nLt.jpg" height="50px" rend="thumbnail"/><graphic mimeType="image/png" url="VGM001000424_02_nLf.png" width="380px" rend="facstab"/></zone>
<zone xml:id="zone-pb-1v-3">
<graphic mimeType="image/tiff" url="VGM001000424_02_nR.tif" rend="norend"/><graphic mimeType="image/jpeg" url="VGM001000424_02_nRt.jpg" height="50px" rend="thumbnail"/><graphic mimeType="image/png" url="VGM001000424_02_nRf.png" width="380px" rend="facstab"/></zone>
</surface></facsimile><text xmlns:xsi="http://www.w3.org/2001/XMLSchema-instance"><body>
<div type="original">
<pb f="1r" n="1" xml:id="pb-orig-1r-1" facs="#zone-pb-1r-1"/><lb n="1" xml:id="l-1"/>
<ab>Waarde Theo,</ab><lb n="2" xml:id="l-2"/>
<ab>’t berigt dat ge reeds op reis zijt bij dezen was <lb n="3" xml:id="l-3"/>me regt aangenaam<c type="kp">_</c> Dank voor Uw <lb n="4" xml:id="l-4"/>schrijven en het ingeslotene.</ab><lb n="5" xml:id="l-5"/>
<ab rend="indent">Dat ik verlangend naar U uitzie behoef <lb n="6" xml:id="l-6"/>ik U niet te zeggen – ik ben deze laatste <lb n="7" xml:id="l-7"/>dagen ver van wel geweest – altijd <lb n="8" xml:id="l-8"/>hetzelfde – bij tijden hartklopping ook – <lb n="9" xml:id="l-9"/>waar het ten lange laatste bij mij wel <lb n="10" xml:id="l-10"/>op neer kan draaien dat het hart aangedaan <lb n="11" xml:id="l-11"/>wordt<c type="kp">_</c>– Enfin ik weet daar zelf <lb n="12" xml:id="l-12"/>niet alles precies van doch wel weet <lb n="13" xml:id="l-13"/>ik dat ge t’huis of tegen wie ook er niet <lb n="14" xml:id="l-14"/>van spreken moet uit vrees van misconstructie <lb n="15" xml:id="l-15"/>in hun voorstellingen betreffende <lb n="16" xml:id="l-16"/>mijn omstandigheden.</ab><lb n="17" xml:id="l-17"/>
<ab rend="indent">Waarvan ik alleen dit bedoel dat ik <lb n="18" xml:id="l-18"/>wat goeds maken wil quand bien même <lb n="19" xml:id="l-19"/>en er kans is zulks te bewerkstelligen <lb n="20" xml:id="l-20"/>als we onze sereniteit behouden, toekomst <lb n="21" xml:id="l-21"/>donker of niet donker.</ab><lb n="22" xml:id="l-22"/>
<ab rend="indent">Als ik wist wanneer<c type="kk">/</c> n.l. met welken trein <lb n="23" xml:id="l-23"/>ge kwaamt zoo zou ik U afhalen<c type="kp">_</c> <lb n="24" xml:id="l-24"/>En gesteld ge mogt bij mij komen terwijl <lb n="25" xml:id="l-25"/>ik uit ben zoo kan de vrouw U zeggen waar <lb n="26" xml:id="l-26"/>ik ben want om U niet te missen ga <lb n="27" xml:id="l-27"/>ik niet verder van huis dan hier achter <lb n="28" xml:id="l-28"/>op den Binkhorst<anchor n="1" xml:id="note-o-1"/> een paar studies <lb n="29" xml:id="l-29"/>schilderen.</ab>
<pb f="1v" n="2" xml:id="pb-orig-1v-2" facs="#zone-pb-1v-2"/><lb n="30" xml:id="l-30"/>
<ab rend="indent">Zeer nieuwsgierig ben ik naar wat <lb n="31" xml:id="l-31"/>ge van ’t werk vinden zult<c type="kk">/</c> of er <lb n="32" xml:id="l-32"/>iets bij zal zijn waar ge iets in vinden <lb n="33" xml:id="l-33"/>zult of niet. Enfin we zullen zien<c type="kp">_</c> <lb n="34" xml:id="l-34"/>Ik ben wel steeds denkende er over <lb n="35" xml:id="l-35"/>de aardappelwroeters te ondernemen <lb n="36" xml:id="l-36"/>als groot schilderij<c type="kk">/</c> al zou het zijn <lb n="37" xml:id="l-37"/>dat het niet voor volgend jaar <lb n="38" xml:id="l-38"/>af kwam en dit saizoen <lb n="39" xml:id="l-39"/>slechts half af kwam. Mij dunkt <lb n="40" xml:id="l-40"/>de compositie zou zoo kunnen blijven<anchor n="2" xml:id="note-o-2"/> <lb n="41" xml:id="l-41"/>en vast begonnen worden.</ab><lb n="42" xml:id="l-42"/>
<ab rend="indent">Ik ben niet competent te onderscheiden <lb n="43" xml:id="l-43"/>in hoeverre mijn onwel me gevoelen <lb n="44" xml:id="l-44"/>een physieke oorzaak zou hebben of voor rekening <lb n="45" xml:id="l-45"/>van overspannen zenuwen komt<c type="kp">_</c> <lb n="46" xml:id="l-46"/>Het is me wel eens als of ik U in <lb n="47" xml:id="l-47"/>den tusschentijd eens had moeten <lb n="48" xml:id="l-48"/>spreken kunnen en praten over ’t werk <lb n="49" xml:id="l-49"/>maar nu zijt ge toch eindelijk <lb n="50" xml:id="l-50"/>gekomen en dat ons zamenzijn in elk <lb n="51" xml:id="l-51"/>geval me calmeeren zal geloof ik vast<c type="kp">_</c> 
<pb f="1v" n="3" xml:id="pb-orig-1v-3" facs="#zone-pb-1v-3"/><lb n="52" xml:id="l-52"/>Ik hoop we zamen eens een <lb n="53" xml:id="l-53"/>flink eind zullen loopen ook<c type="kp">_</c> <lb n="54" xml:id="l-54"/>Schreef ik U ik te Loosduinen <lb n="55" xml:id="l-55"/>doornstruiken heb gevonden <lb n="56" xml:id="l-56"/>precies als le Buisson <lb n="57" xml:id="l-57"/>van Ruysdael.<anchor n="3" xml:id="note-o-3"/></ab><lb n="58" xml:id="l-58"/>
<ab rend="indent">’t Is in die buurt dat ik me <lb n="59" xml:id="l-59"/>voorstel studies voor aardappelwroeters <lb n="60" xml:id="l-60"/>te gaan maken.</ab><lb n="61" xml:id="l-61"/>
<ab rend="indent">Ik mag lijden ik spoedig weer geheel <lb n="62" xml:id="l-62"/>normaal zal zijn<c type="kk">/</c> ik zal er mijn best <lb n="63" xml:id="l-63"/>voor doen want ik heb er gruwelijk het <lb n="64" xml:id="l-64"/>land aan dat ik niet zoo voort kan als <lb n="65" xml:id="l-65"/>’t zou kunnen zijn als ik mijn volle kracht <lb n="66" xml:id="l-66"/>had. Betreffende wat ik aan Rappard schreef<c type="kk">/</c> dat ik <lb n="67" xml:id="l-67"/>meende niet in de wereld te zijn om mijn gestel te <lb n="68" xml:id="l-68"/>conserveeren<c type="kk">/</c><anchor n="4" xml:id="note-o-4"/> zoo is dit een kwestie dat er omstandigheden <lb n="69" xml:id="l-69"/>zijn waarin men moet kiezen of deelen tusschen werken <lb n="70" xml:id="l-70"/>en niet eten of eten <lb n="71" xml:id="l-71"/>maar het werk laten waaien <lb n="71a" xml:id="l-71a"/>(dan n.l. als ’t werk onkosten vordert en voorloopig niet rendeert). <lb n="71"/>Nu koos ik <lb n="72" xml:id="l-72"/>in sommige gevallen het eerstgenoemde en <lb n="73" xml:id="l-73"/>geloof niet zulks een vergissing is<c type="kk">/</c> daar ons <lb n="74" xml:id="l-74"/>werk blijft doch wij zelf toch in geen geval<c type="kk">/</c> <lb n="75" xml:id="l-75"/>en iets te doen leven is<c type="kk">/</c> en ik <lb n="76" xml:id="l-76"/>liever een paar jaar daarvan heb dan <lb n="77" xml:id="l-77"/>veel jaren van er maar over suffen en <lb n="78" xml:id="l-78"/>uitstellen. En ik zei toen tegen Rappard er bij <lb n="79" xml:id="l-79"/>dat ik voor mij meende er waarheid was in <lb n="80" xml:id="l-80"/>het mysterieuse woord<c type="kk">/</c> wie zijn leven zal zoeken te <lb n="81" xml:id="l-81"/>behouden die zal het verliezen doch zoo wie het verliezen <lb n="82" xml:id="l-82"/>zal ter wille van iets hoogers die zal het vinden.<anchor n="5" xml:id="note-o-5"/></ab><lb n="83" xml:id="l-83"/>
<ab rend="indent">adieu kerel<c type="kk">/</c> tot ziens<c type="kk">/</c> met een handdruk<c type="kp">_</c></ab>
<vg:whiteline/><lb n="84" xml:id="l-84"/>
<ab>t. à t<c type="kp">_</c></ab><lb n="84*" xml:id="l-84s"/>
<ab>Vincent</ab>
<vg:whiteline/>
<div type="textualNotes">
<note target="l-71" n="71">a (dan <supplied><hi rend="ital">...</hi></supplied> rendeert). &lt; <hi rend="ital">Added later; parentheses added by us.</hi></note></div></div>
<div type="translation">
<pb f="1r" n="1" xml:id="pb-trans-1r-1" facs="#zone-pb-1r-1"/>
<ab>My dear Theo,</ab>
<ab>The news that you’re already on the way by now gave me great pleasure. Thanks for your letter and the enclosure. </ab>
<ab rend="indent">I don’t need to tell you that I’m eagerly looking forward to seeing you — I’ve been far from well in the last few days — always the same thing — heart palpitations as well at times — in the end, with me it may come down to the heart being affected. Well, I don’t know all about it in detail, but I do know that you mustn’t mention it at home or to anyone else for fear of it being misconstrued in their ideas of my circumstances. </ab>
<ab rend="indent">By which I mean only that I want to do something good, come what may, and there’s a chance of bringing that about if we keep our serenity, dark future or no dark future. </ab>
<ab rend="indent">I could meet you if I knew when, that’s to say on which train, you were coming. And supposing you come to see me while I’m out, the <rs type="pers" key="463">woman</rs> can tell you where I am because, so as not to miss you, I’m not going further from home than the Binkhorst<anchor n="1" xml:id="note-t-1"/> behind here, to paint some studies.
<pb f="1v" n="2" xml:id="pb-trans-1v-2" facs="#zone-pb-1v-2"/></ab>
<ab rend="indent">I’m very curious to know what you’ll think of the work, whether there’ll be anything which you think has something or not. Well, we’ll see. I keep thinking about undertaking the potato grubbers as a large painting, although it wouldn’t be finished before next year, and only half finished this season. It seems to me that the composition could stay as it is<anchor n="2" xml:id="note-t-2"/> and a start could be made on it. </ab>
<ab rend="indent">I’m not competent to determine the extent to which my feeling unwell has a physical cause or is due to nervous tension. It seems to me as if I ought to have been able to talk to you in the meantime and discuss the work, but now you’ve come at last and I firmly believe that our being together will calm me down at any rate. 
<pb f="1v" n="3" xml:id="pb-trans-1v-3" facs="#zone-pb-1v-3"/> I hope we’ll also go for a long walk together. Did I write to you that I had found thorn-bushes at Loosduinen exactly like <rs type="pers" key="1333">Ruisdael</rs>’s Bush?<anchor n="3" xml:id="note-t-3"/></ab>
<ab rend="indent">That’s the area in which I propose to do studies for the potato grubbers.</ab>
<ab rend="indent">I hope I’ll soon be completely normal again, I’ll do my best at that, for I thoroughly detest not being able to make headway as I could if I had my full strength. As regards what I wrote to <rs type="pers" key="1306">Rappard</rs>, that I didn’t think I was put into the world to conserve my constitution,<anchor n="4" xml:id="note-t-4"/> this is a question of there being circumstances in which one must choose between working and not eating, or eating and letting the work go hang (namely when the work leads to expenses and for the time being produces no return). Well, in some cases I chose the former, and I don’t believe that was a mistake, since our work remains but we ourselves defnitely do not, and having something to do is life, and I would rather have a few years of that than many years of just daydreaming about it and procrastinating. And I also said then to Rappard that I, for one, thought there was truth in the mysterious words, whosoever shall seek to save his life shall lose it and whosoever shall lose his life for the sake of something higher shall find it.<anchor n="5" xml:id="note-t-5"/> </ab>
<ab rend="indent">Adieu, old chap, goodbye for now, with a handshake.</ab>
<vg:whiteline/>
<ab>Ever yours,</ab>
<ab>Vincent </ab></div>
<div type="notes">
<note n="1" xml:id="n-1" target="#note-t-1">
<ab>De Binkhorst was a polder near to Van Gogh’s house and to the south-west of The Hague in the direction of Rijswijk and Voorburg.</ab></note>
<note n="2" xml:id="n-2" target="#note-t-2">
<ab>Van Gogh means that the composition of the proposed painting would stay the same as in the drawing <hi rend="ital">Potato grubbers</hi> (<rs type="ill" key="2442">F 1034 / JH 372</rs>), of which Theo had an idea from a letter sketch in <ref target="let357.xml">letter 357</ref>. In fact the painting (<rs type="ill" key="2444">F 9 / JH 385</rs>) was to have not four figures, but five. </ab></note>
<note n="3" xml:id="n-3" target="#note-t-3">
<ab>Van Gogh had written about discovering this spot in <ref target="let369.xml">letter 369</ref>. For <rs type="pers" key="1333">Jacob van Ruisdael</rs>’s <hi rend="ital"><rs type="ill" key="1707">The bush</rs></hi>, <ref target="let034.xml#n-4">see letter 34, n. 4.</ref></ab></note>
<note n="4" xml:id="n-4" target="#note-t-4">
    <ab>Van Gogh had written to <rs type="pers" key="1306">Van Rappard</rs> about this in <ref target="let341.xml">letter 341</ref>. The phrasing here – from which it could be concluded that Vincent is reacting to a comment on the subject by Theo – may indicate that Van Rappard had written to Theo about Vincent’s remark. It is also possible that Van Rappard referred to it in his letter to Vincent, which the latter had sent on to Theo (<ref target="let355.xml">see letter 355</ref>).</ab></note>
<note n="5" xml:id="n-5" target="#note-t-5">
<ab>This biblical reference (<bibleref xmlns="http://www.vangoghletters.org/ns/" book="Matt" chap="16" v="25">Matt. 16:25</bibleref>) was indeed included – in a slightly shorter form – in <ref target="let341.xml">letter 341</ref>.</ab></note></div></body></text></TEI>
