<?xml version="1.0" encoding="UTF-8"?>
<!-- Last Changed Date: 2018-07-18 12:32:41 +0200 (Wed, 18 Jul 2018) | SVN Revision: 2206 -->
<!--Licensed under Attribution-NonCommercial-ShareAlike 4.0 International (CC BY-NC-SA 4.0)-->
<?xml-model href="https://xmlschema.huygens.knaw.nl/vgodd.rng" type="application/xml" schematypens="http://relaxng.org/ns/structure/1.0"?>
<TEI xmlns:vg="http://www.vangoghletters.org/ns/" xmlns="http://www.tei-c.org/ns/1.0">
<teiHeader xmlns:xsi="http://www.w3.org/2001/XMLSchema-instance"><fileDesc>
<titleStmt>
<title>To Michiel Antoine de Zwart. The Hague, Wednesday, 14 March 1883.</title>
<editor>Leo Jansen</editor>
<editor>Hans Luijten</editor>
<editor>Nienke Bakker</editor></titleStmt>
<publicationStmt>
<publisher><name>Huygens Instituut voor Nederlandse Geschiedenis (KNAW)</name><email>info@huygens.knaw.nl</email></publisher>
<publisher>Van Gogh Museum</publisher>
<pubPlace>Amsterdam</pubPlace>
<date type="first" when="2009">2009</date>
<availability status="restricted">
<licence target="http://creativecommons.org/licenses/by-nc-sa/4.0/ https://creativecommons.org/licenses/by-nc-sa/4.0/legalcode">
<p>Attribution-NonCommercial-ShareAlike 4.0 International (CC BY-NC-SA 4.0) </p></licence></availability>
<ptr target="http://vangoghletters.org/orig/let328"/></publicationStmt><sourceDesc><vg:letDesc><vg:letIdentifier>
<idno type="jlb">328</idno>
<idno type="collectedletters">-</idno>
<idno type="brieven1990">331</idno></vg:letIdentifier><vg:letHeading><author>Vincent van Gogh</author><vg:addressee>Michiel de Zwart</vg:addressee><vg:placeLet>The Hague</vg:placeLet><vg:dateLet>Wednesday, 14 March 1883</vg:dateLet></vg:letHeading><vg:letContents>
<p>To Michiel Antoine de Zwart. The Hague, Wednesday, 14 March 1883.</p></vg:letContents>
<note type="sourceStatus" xml:id="sourceStatus">
<p>Reproduction</p></note>
<note type="location" xml:id="location">
<p>Unknown</p></note>
<note type="date" xml:id="date">
<p>Date of postmark: Wednesday, 14 March 1883.</p></note>
<note type="additionalDetail" xml:id="additionalDetail">
<p>The envelope belonging with this letter has been preserved. It is postmarked ‘’S GRAVENHAGE 14 MRT 83, 4-5 N.’ on the front. On the 5 cent stamp is the numbering stamp 44 (for The Hague). It is addressed to ‘Weled. Heer de Zwart/ Architekt/ Kleine Laan/ <hi rend="ital">Voorburg</hi>’. </p></note></vg:letDesc></sourceDesc></fileDesc></teiHeader>
    <facsimile xmlns:xsi="http://www.w3.org/2001/XMLSchema-instance">
        <surface n="Sheet number 1 not found." xml:id="surf-pb-1r">
            <graphic mimeType="image/tiff" url="328_1r.tif" rend="norend"/>
            <graphic mimeType="image/jpeg" url="328_1rt.jpg" height="50px" rend="thumbnail"/>
            <graphic mimeType="image/png" url="328_1rf.png" width="380px" rend="facstab"/>
            <zone xml:id="zone-pb-1r-1">
                <graphic mimeType="image/tiff" url="328_1r.tif" rend="norend"/>
                <graphic mimeType="image/jpeg" url="328_2rRt.jpg" height="50px" rend="thumbnail"/>
                <graphic mimeType="image/png" url="328_2rRf.png" width="380px" rend="facstab"/>
            </zone>
        </surface>
        <surface n="brief van elders" xml:id="surf-pb-2r">
            <graphic mimeType="image/tiff" url="" rend="norend"/>
            <zone xml:id="zone-pb-2r-2">
            <graphic mimeType="image/tiff" url="328_2r.tif" rend="norend"/>
            <graphic mimeType="image/jpeg" url="328_2rt.jpg" height="50px" rend="thumbnail"/>
            <graphic mimeType="image/png" url="328_2rf.png" width="380px" rend="facstab"/>
            </zone>
            <!--<zone xml:id="zone-extra-1">
<graphic mimeType="image/tiff" url="328_2rL.tif" rend="norend" /><graphic mimeType="image/jpeg" url="328_2rLt.jpg" height="50px" rend="thumbnail" /><graphic mimeType="image/png" url="328_2rLf.png" width="380px" rend="facstab" /></zone>
<zone xml:id="zone-extra-2">
<graphic mimeType="image/tiff" url="328_2rR.tif" rend="norend" /><graphic mimeType="image/jpeg" url="328_2rRt.jpg" height="50px" rend="thumbnail" /><graphic mimeType="image/png" url="328_2rRf.png" width="380px" rend="facstab" /></zone>-->
        </surface>
    </facsimile><text xmlns:xsi="http://www.w3.org/2001/XMLSchema-instance"><body>
<div type="original">
<pb f="1r" n="1" xml:id="pb-orig-1r-1" facs="#zone-pb-1r-1"/><lb n="1" xml:id="l-1"/>
<ab>Schenkweg 14 Mrt.</ab>
<vg:whiteline/><lb n="2" xml:id="l-2"/>
<ab>Geachte Heer de Zwart,</ab><lb n="3" xml:id="l-3"/>
<ab>Verl. Maandag<anchor n="1" xml:id="note-o-1"/> heb ik aan Giesenberg<anchor n="2" xml:id="note-o-2"/> betaald <lb n="4" xml:id="l-4"/>niet alleen de dien datum verschuldigde f<c type="kp">_</c> 4.60<anchor n="3" xml:id="note-o-3"/> <lb n="5" xml:id="l-5"/>doch <hi rend="ital">bovendien</hi> nog f<c type="kp">_</c> 10.–</ab><lb n="6" xml:id="l-6"/>
<ab rend="indent">Ingevolge van ’t in mijn schrijven van ll. <lb n="7" xml:id="l-7"/>maand behandelde, met betrekking tot <lb n="8" xml:id="l-8"/>het zolderkamertje.–<anchor n="4" xml:id="note-o-4"/></ab><lb n="9" xml:id="l-9"/>
<ab rend="indent">Ik mag nu wel op Uwe welwillendheid <lb n="10" xml:id="l-10"/>ten opzigte van het doelmatig inrigten <lb n="11" xml:id="l-11"/>daarvan rekenen, niet waar.–</ab><lb n="12" xml:id="l-12"/>
<ab rend="indent">’t Overigens aan U overlatende <lb n="13" xml:id="l-13"/>natuurlijkerwijs hoe U het maken <lb n="14" xml:id="l-14"/>wilt.–</ab><lb n="15" xml:id="l-15"/>
<ab rend="indent">Na groete<c type="kk">/</c> met achting</ab>
<vg:whiteline/><lb n="16" xml:id="l-16"/>
<ab>Uw dr.</ab><lb n="17" xml:id="l-17"/>
<ab>Vincent van Gogh.</ab>
<vg:whiteline/><ab><pb f="2r" n="2" xml:id="pb-orig-2r-2" facs="#zone-pb-2r-2"/></ab></div>
<div type="translation">
<pb f="1r" n="1" xml:id="pb-trans-1r-1" facs="#zone-pb-1r-1"/>
<ab>Schenkweg 14 March.</ab>
<vg:whiteline/>
<ab>Dear <rs type="pers" key="812">Mr de Zwart</rs>,</ab>
    <ab>Last Monday<anchor n="1" xml:id="note-t-1"/> I paid <rs type="pers" key="472">Giesenberg</rs><anchor n="2" xml:id="note-t-2"/> not only the 4.60<anchor n="3" xml:id="note-t-3"/> guilders due that day but also a <hi rend="ital">further</hi> 10 guilders.</ab>
<ab rend="indent">In accordance with the matter dealt with in my letter of last month with regard to the attic room.<anchor n="4" xml:id="note-t-4"/></ab>
<ab rend="indent">May I now count on your kind consideration in respect of fitting it up efficiently?</ab>
<ab rend="indent">Otherwise leaving it to you, naturally, to decide how you want to do it.</ab>
<ab rend="indent">I respectfully remain,</ab>
<vg:whiteline/>
<ab>Your servant</ab>
<ab>Vincent van Gogh.</ab><ab><pb f="2r" n="2" xml:id="pb-trans-2r-2" facs="#zone-pb-2r-2"/></ab></div>
<div type="notes">
<note n="1" xml:id="n-1" target="#note-t-1">
<ab>Van Gogh had agreed that in future he would pay the rent in three instalments spread over the month (<ref target="let320.xml">see letter 320</ref>).</ab></note>
<note n="2" xml:id="n-2" target="#note-t-2">
<ab>The person meant is <rs type="pers" key="472">Willem Kiesenberg</rs>.</ab></note>
    <note n="3" xml:id="n-3" target="#note-t-3">
<ab>Earlier there was talk of 4.50 guilders; <ref target="let320.xml">see letter 320</ref>.</ab></note>
<note n="4" xml:id="n-4" target="#note-t-4">
<ab>On this request for the attic room to be modified, <ref target="let320.xml">see letter 320</ref>.</ab></note></div></body></text></TEI>
