<?xml version="1.0" encoding="UTF-8"?>
<!-- Last Changed Date: 2018-07-18 12:32:41 +0200 (Wed, 18 Jul 2018) | SVN Revision: 2206 -->
<!--Licensed under Attribution-NonCommercial-ShareAlike 4.0 International (CC BY-NC-SA 4.0)-->
<?xml-model href="https://xmlschema.huygens.knaw.nl/vgodd.rng" type="application/xml" schematypens="http://relaxng.org/ns/structure/1.0"?>
<TEI xmlns:vg="http://www.vangoghletters.org/ns/" xmlns="http://www.tei-c.org/ns/1.0">
<teiHeader xmlns:xsi="http://www.w3.org/2001/XMLSchema-instance"><fileDesc>
<titleStmt>
<title>To Theo van Gogh. The Hague, on or about Thursday, 10 May 1883.</title>
<editor>Leo Jansen</editor>
<editor>Hans Luijten</editor>
<editor>Nienke Bakker</editor></titleStmt>
<publicationStmt>
<publisher><name>Huygens Instituut voor Nederlandse Geschiedenis (KNAW)</name><email>info@huygens.knaw.nl</email></publisher>
<publisher>Van Gogh Museum</publisher>
<pubPlace>Amsterdam</pubPlace>
<date type="first" when="2009">2009</date>
<availability status="restricted">
<licence target="http://creativecommons.org/licenses/by-nc-sa/4.0/ https://creativecommons.org/licenses/by-nc-sa/4.0/legalcode">
<p>Attribution-NonCommercial-ShareAlike 4.0 International (CC BY-NC-SA 4.0) </p></licence></availability>
<ptr target="http://vangoghletters.org/orig/let342"/></publicationStmt><sourceDesc><vg:letDesc><vg:letIdentifier>
<idno type="jlb">342</idno>
<idno type="collectedletters">284</idno>
<idno type="brieven1990">344</idno></vg:letIdentifier><vg:letHeading><author>Vincent van Gogh</author><vg:addressee>Theo van Gogh</vg:addressee><vg:placeLet>The Hague</vg:placeLet><vg:dateLet>on or about Thursday, 10 May 1883</vg:dateLet></vg:letHeading><vg:letContents>
<p>To Theo van Gogh. The Hague, on or about Thursday, 10 May 1883.</p>
<note type="ongoingTopic" n="1">
<p>Van Rappard’s illness <ref target="let290.xml">(290)</ref></p></note>
<note type="ongoingTopic" n="2">
<p>Loan of 25 guilders from Van Rappard <ref target="let339.xml">(339)</ref></p></note>
<note type="ongoingTopic" n="3">
<p>Theo is expecting the repayment of a loan to Hendrik van Gogh <ref target="let334.xml">(334)</ref></p></note>
<note type="ongoingTopic" n="4">
<p>Theo’s love for the ailing Marie <ref target="let300.xml">(300)</ref></p></note>
<note type="ongoingTopic" n="5">
<p>Conflict with Sien’s family <ref target="let338.xml">(338)</ref></p></note></vg:letContents>
<note type="sourceStatus" xml:id="sourceStatus">
<p>Original manuscript</p></note>
<note type="location" xml:id="location">
<p>Amsterdam, Van Gogh Museum, inv. nos. b307 a-b V/1962</p></note>
<note type="date" xml:id="date">
<p>Vincent, who is short of money, thanks Theo for his second, ‘timely consignment’ <ref target="#l-212">(ll. 212-213)</ref>. The letter must therefore date from on or about Thursday, 10 May 1883. This tallies with the report that he has seen a painting by Eugène Fromentin in Goupil’s window; it was displayed in the week of 8 May 1883 (<ref target="#n-12">see n. 12</ref>).</p></note></vg:letDesc></sourceDesc></fileDesc></teiHeader>
<facsimile xmlns:xsi="http://www.w3.org/2001/XMLSchema-instance">
<surface n="b 0307 a" xml:id="surf-pb-1r"><graphic mimeType="image/tiff" url="VGM001000384_01.TIF" rend="norend"/><graphic mimeType="image/tiff" url="VGM001000384_01_n.tif" rend="norend"/><graphic mimeType="image/jpeg" url="VGM001000384_01_nt.jpg" height="50px" rend="thumbnail"/><zone xml:id="zone-pb-1r-1">
<graphic mimeType="image/tiff" url="VGM001000384_01_nR.tif" rend="norend"/><graphic mimeType="image/jpeg" url="VGM001000384_01_nRt.jpg" height="50px" rend="thumbnail"/><graphic mimeType="image/png" url="VGM001000384_01_nRf.png" width="380px" rend="facstab"/></zone>
<zone xml:id="zone-pb-1r-4">
<graphic mimeType="image/tiff" url="VGM001000384_01_nL.tif" rend="norend"/><graphic mimeType="image/jpeg" url="VGM001000384_01_nLt.jpg" height="50px" rend="thumbnail"/><graphic mimeType="image/png" url="VGM001000384_01_nLf.png" width="380px" rend="facstab"/></zone>
</surface>
<surface n="b 0307 a" xml:id="surf-pb-1v"><graphic mimeType="image/tiff" url="VGM001000384_02.TIF" rend="norend"/><graphic mimeType="image/tiff" url="VGM001000384_02_n.tif" rend="norend"/><graphic mimeType="image/jpeg" url="VGM001000384_02_nt.jpg" height="50px" rend="thumbnail"/><zone xml:id="zone-pb-1v-2">
<graphic mimeType="image/tiff" url="VGM001000384_02_nL.tif" rend="norend"/><graphic mimeType="image/jpeg" url="VGM001000384_02_nLt.jpg" height="50px" rend="thumbnail"/><graphic mimeType="image/png" url="VGM001000384_02_nLf.png" width="380px" rend="facstab"/></zone>
<zone xml:id="zone-pb-1v-3">
<graphic mimeType="image/tiff" url="VGM001000384_02_nR.tif" rend="norend"/><graphic mimeType="image/jpeg" url="VGM001000384_02_nRt.jpg" height="50px" rend="thumbnail"/><graphic mimeType="image/png" url="VGM001000384_02_nRf.png" width="380px" rend="facstab"/></zone>
</surface>
<surface n="b 0307 b" xml:id="surf-pb-2r"><graphic mimeType="image/tiff" url="VGM001000385_01.TIF" rend="norend"/><zone xml:id="zone-pb-2r-5">
<graphic mimeType="image/tiff" url="VGM001000385_01_n.tif" rend="norend"/><graphic mimeType="image/jpeg" url="VGM001000385_01_nt.jpg" height="50px" rend="thumbnail"/><graphic mimeType="image/png" url="VGM001000385_01_nf.png" width="380px" rend="facstab"/></zone>
</surface>
<surface n="b 0307 b" xml:id="surf-pb-2v"><graphic mimeType="image/tiff" url="VGM001000385_02.TIF" rend="norend"/><zone xml:id="zone-pb-2v-6">
<graphic mimeType="image/tiff" url="VGM001000385_02_n.tif" rend="norend"/><graphic mimeType="image/jpeg" url="VGM001000385_02_nt.jpg" height="50px" rend="thumbnail"/><graphic mimeType="image/png" url="VGM001000385_02_nf.png" width="380px" rend="facstab"/></zone>
</surface></facsimile><text xmlns:xsi="http://www.w3.org/2001/XMLSchema-instance"><body>
<div type="original">
<pb f="1r" n="1" xml:id="pb-orig-1r-1" facs="#zone-pb-1r-1"/><lb n="1" xml:id="l-1"/>
<ab>Waarde Theo,</ab><lb n="1*" xml:id="l-1s"/>
<ab>Uw brief heb ik in orde ontvangen met <lb n="2" xml:id="l-2"/>ingesl. frs 50. Die me eene verlossing waren<c type="kk">/</c> althans <lb n="3" xml:id="l-3"/>verademing zijn. Tevens heb ik eenig berigt van <lb n="4" xml:id="l-4"/>vriend Rappard – maar nog niets bepaalds.</ab><lb n="5" xml:id="l-5"/>
<ab rend="indent">Een brief die antwoord is op mijn schrijven en <lb n="6" xml:id="l-6"/>dat hij mij helpen zal en ook komen<c type="kk">/</c> doch<c type="kk">/</c> schrijft <lb n="7" xml:id="l-7"/>hij<c type="kk">/</c> ik ben weer aan ’t sukkelen met mijn gestel<c type="kp">_</c> <lb n="8" xml:id="l-8"/>Eindigt met: ik sluit het geld hierbij in<c type="kp">_</c>– <lb n="9" xml:id="l-9"/>Postscriptum<c type="kk">/</c> och ik zal maar direkt komen <lb n="10" xml:id="l-10"/>en ’t zelf mede brengen – ik kom morgen<c type="kp">_</c>– <lb n="11" xml:id="l-11"/>Daarop volgt den volgenden dag een telegram<c type="kp">_</c> <lb n="12" xml:id="l-12"/>Kom niet<c type="kk">/</c> brief volgt later<c type="kp">_</c>–<anchor n="1" xml:id="note-o-1"/></ab><lb n="13" xml:id="l-13"/>
<ab rend="indent">Dus ofschoon berigt hebbende<c type="kk">/</c> is het nog <lb n="14" xml:id="l-14"/>’t zelfde op de wijs van ’t ganzebord<c type="kk">/</c><anchor n="2" xml:id="note-o-2"/> als <lb n="15" xml:id="l-15"/>ge U herinnert hoe men op een gans kan <lb n="16" xml:id="l-16"/>teregt komen<c type="kk">/</c> dus vooruitgaan doch <lb n="17" xml:id="l-17"/>ongelukkigerwijs dan juist teregt komen <lb n="18" xml:id="l-18"/>op eene nieuwe zoodanige gans dat den <lb n="19" xml:id="l-19"/>bek den anderen kant op wijst dan men <lb n="20" xml:id="l-20"/>heen wil en men weer terug moet tellen <lb n="21" xml:id="l-21"/>tot op zijn oorspronkelijke standplaats. <lb n="22" xml:id="l-22"/>Het is echter zijn schuld niet want hij is <lb n="23" xml:id="l-23"/>werkelijk zeer ernstig ziek geweest en heeft <lb n="24" xml:id="l-24"/>restes of naweeën daarvan behouden. Zijne <lb n="25" xml:id="l-25"/>zuster<anchor n="3" xml:id="note-o-3"/> heeft ongeveer eene dergelijke ziekte gehad <lb n="26" xml:id="l-26"/>als hij bovendien &amp; zijn ze daarover zeer in <lb n="27" xml:id="l-27"/>zorg geweest doch ook hersteld.</ab><lb n="28" xml:id="l-28"/>
<ab rend="indent">Evenwel geloof ik dit van vriend R.<c type="kk">/</c> dat hij dingen <lb n="29" xml:id="l-29"/>doet die hem veel energie en zenuwkracht kosten <lb n="30" xml:id="l-30"/>en ’t kruid<anchor n="a" xml:id="note-o-a"/> niet waard zijn dat hij er aan verschiet<c type="kp">_</c> <lb n="31" xml:id="l-31"/>zoo hoorde ik vóór zijn ziekte van decoraties voor <lb n="32" xml:id="l-32"/>een eeuwfeest van de Utrechtsche schildervereeniging<anchor n="4" xml:id="note-o-4"/> <lb n="33" xml:id="l-33"/>en nu ditmaal van kerkornamenten. Toevalligerwijs 
<pb f="1v" n="2" xml:id="pb-orig-1v-2" facs="#zone-pb-1v-2"/><lb n="34" xml:id="l-34"/>schreef ik hem van beiden ik dit minder goed vond <lb n="35" xml:id="l-35"/>en zoowel de vorige keer als nu deze keer is <lb n="36" xml:id="l-36"/>het dat hij ziek wordt. overwerkte <lb n="37" xml:id="l-37"/>hij zich aan gewone dingen<c type="kk">/</c> ik zou het goed <lb n="38" xml:id="l-38"/>vinden<c type="kk">/</c> maar dit zooals gezegd vind ik <lb n="39" xml:id="l-39"/>’t kruid niet waard dat men er aan verschiet<c type="kk">/</c> <lb n="40" xml:id="l-40"/>en schreef hem nog eens: ge zijt tirailleur <lb n="41" xml:id="l-41"/>en een van de weinigen die in den <lb n="42" xml:id="l-42"/>tegenwoordigen tijd patronen in hun tasch <lb n="43" xml:id="l-43"/>hebben<c type="kp">_</c> Verschiet ze niet dan in gevallen waar een <lb n="44" xml:id="l-44"/>schot onvermijdelijk is.</ab><lb n="45" xml:id="l-45"/>
<ab rend="indent">Ik vrees – beste broer – dat het geld <lb n="46" xml:id="l-46"/>door U aan onzen lieven neef H<c type="kp">_</c> geleend – op <lb n="47" xml:id="l-47"/>dit moment den vorm van b.v. een <lb n="48" xml:id="l-48"/>kwaadaardigen jagthond of andere soortgelijke <lb n="49" xml:id="l-49"/>merkwaardigheid heeft aangenomen<c type="kk">/</c> aangezien <lb n="50" xml:id="l-50"/>ik meen hij zich nog al eens in dergelijke <lb n="51" xml:id="l-51"/>aankoopen fourvoyeert – en ’t hem dan <lb n="52" xml:id="l-52"/>later somtijds niet mogelijk is het uit <lb n="53" xml:id="l-53"/>dien vorm terug te brengen tot den <lb n="54" xml:id="l-54"/>toestand van bankpapier of te verzilveren<c type="kk">/</c> <lb n="55" xml:id="l-55"/>daar hij als meer andere paarden- of honden<c type="shy">-</c><lb n="56" xml:id="l-56"/>liefhebbers in de strikken van een of anderen maquignon loopt. Ik ben onder <lb n="57" xml:id="l-57"/>degenen die hem den meest mogelijken voorspoed <lb n="58" xml:id="l-58"/>in deze negotiatieën toewenschen <lb n="59" xml:id="l-59"/>en niets liever zou zien dan dat zij een zoodanig <lb n="60" xml:id="l-60"/>resultaat mogen geven dat hij spoedig retourneere <lb n="61" xml:id="l-61"/>wat hij U debet is. In der tijd waren er groote <lb n="62" xml:id="l-62"/>plannen om de plantage<anchor n="5" xml:id="note-o-5"/> te bevolken met ontelbare <lb n="63" xml:id="l-63"/>honden. Deze veeteelt is wel zeer prijzenswaardig <lb n="64" xml:id="l-64"/>doch op dit moment wil ik er niet meer van zeggen <lb n="65" xml:id="l-65"/>dan dat ik hoop die buitengewoon rendeere.</ab>
<pb f="1v" n="3" xml:id="pb-orig-1v-3" facs="#zone-pb-1v-3"/><lb n="66" xml:id="l-66"/>
<ab rend="indent">Is Uw patient reeds uit het gasthuis geheel en al? <lb n="67" xml:id="l-67"/>Misschien echter zullen er nog wel eens dagen van <lb n="68" xml:id="l-68"/>zorg zijn<c type="kk">/</c> niet minder ernstig dan toen zij aldaar <lb n="69" xml:id="l-69"/>was<c type="kp">_</c>– Michelet zegt teregt – une femme est <lb n="70" xml:id="l-70"/>une malade<c type="kp">_</c>–<anchor n="6" xml:id="note-o-6"/> Zij varieeren<c type="kk">/</c> Theo – zij varieeren <lb n="71" xml:id="l-71"/>als het weer. Nu<c type="kk">/</c> wie er oog op heeft ziet iets <lb n="72" xml:id="l-72"/>moois en goeds in <hi rend="ital">alle</hi> weer<c type="kk">/</c> vindt sneeuw <lb n="73" xml:id="l-73"/>mooi en brandende zon mooi en storm mooi en <lb n="74" xml:id="l-74"/>stilte mooi<c type="kk">/</c> koude goed en hitte<c type="kk">/</c> heeft alle <lb n="75" xml:id="l-75"/>saizoenen lief en wil geen dag missen uit <lb n="76" xml:id="l-76"/>het jaar en is in den grond tevreden en berustend <lb n="77" xml:id="l-77"/>de dingen zóó zijn als ze zijn – doch <lb n="78" xml:id="l-78"/>ook als men zóó ’t weer beschouwd en <lb n="79" xml:id="l-79"/>’t veranderende jaar – en zóó de veranderende <lb n="80" xml:id="l-80"/>vrouwelijke natuur – in den grond ook van <lb n="81" xml:id="l-81"/>die geloovende er een <hi rend="ital">Raison</hi> zij<c type="kk">/</c> in <lb n="82" xml:id="l-82"/>’t raadselachtige daarvan<anchor n="b" xml:id="note-o-b"/> – berustende waar <lb n="83" xml:id="l-83"/>men niet begrijpt – ook<c type="kk">/</c> zeg ik<c type="kk">/</c> als men <lb n="84" xml:id="l-84"/>’t zóó zou opvatten is onze eigene natuur en <lb n="85" xml:id="l-85"/>zienswijs niet steeds en op ieder moment in harmonie en stemming <lb n="86" xml:id="l-86"/>met die der vrouw waaraan we verbonden zijn <lb n="87" xml:id="l-87"/>en voelt men individueel ’t zij zorg<c type="kk">/</c> ’t zij <lb n="88" xml:id="l-88"/>onvoldaanheid<c type="kk">/</c> ’t zij twijfelmoedigheid<c type="kk">/</c> ondanks <lb n="89" xml:id="l-89"/>’t geloof en den goeden moed of sereniteit die <lb n="90" xml:id="l-90"/>men hebbe.</ab><lb n="91" xml:id="l-91"/>
<ab rend="indent">De radicale genezing van de vrouw van mij – <lb n="92" xml:id="l-92"/>daarmede zijn<c type="kk">/</c> werd me gezegd door den professor die <lb n="93" xml:id="l-93"/>haar heeft verlost<c type="kk">/</c> jaren gemoeid<c type="kp">_</c>– Dat is<c type="kk">/</c> steeds <lb n="94" xml:id="l-94"/>blijft het zenuwgestel enorm prikkelbaar b.v. en <lb n="95" xml:id="l-95"/>het variable van de vrouwen heeft zij zeer sterk. <lb n="96" xml:id="l-96"/>Het groote gevaar is – dat zult ge begrijpen – <lb n="97" xml:id="l-97"/>weer instorting in vroegere vergissingen<c type="kp">_</c></ab><lb n="98" xml:id="l-98"/>
<ab rend="indent">Dit gevaar<c type="kk">/</c> ofschoon van moreelen aard<c type="kk">/</c> heeft <lb n="99" xml:id="l-99"/>rapporten met het physiek gestel. En die wat <lb n="100" xml:id="l-100"/>ik zou willen noemen slingeringen tusschen beter <lb n="101" xml:id="l-101"/>worden en weer vervallen in vroegere verkeerde <lb n="102" xml:id="l-102"/>gewoonten<c type="kk">/</c> ik heb er voortdurende en soms ernstige <lb n="103" xml:id="l-103"/>zorgen over. Zij kan zóó van humeur zijn <lb n="104" xml:id="l-104"/>dat het haast ondragelijk is zelfs voor mij, driftig<c type="kk">/</c> <lb n="105" xml:id="l-105"/>moedwillig verkeerd<c type="kk">/</c> enfin soms wanhoop ik. <lb n="106" xml:id="l-106"/>’t Komt dan weer bij – en heeft ze me meermalen later <lb n="107" xml:id="l-107"/>gezegd – IK WEET DAN ZELF NIET WAT IK DOE.</ab>
<pb f="1r" n="4" xml:id="pb-orig-1r-4" facs="#zone-pb-1r-4"/><lb n="108" xml:id="l-108"/>
<ab rend="indent">Weet gij nog gij verl. jaar mij schreeft ge vreesdet ik <lb n="109" xml:id="l-109"/>de moeder tot mijn last zoude krijgen. Soms wou <lb n="110" xml:id="l-110"/>ik ’t dezen keer genomen had. De moeder is <lb n="111" xml:id="l-111"/>zóó flink als ze wil en zou zoo veel beter kunnen <lb n="112" xml:id="l-112"/>hebben doen dan ze gedaan heeft. Nu hindert ze <lb n="113" xml:id="l-113"/>soms meer dan ze helpt. Enfin – als de vrouw <lb n="114" xml:id="l-114"/>verkeerd doet is ’t soms de schuld van de moeder <lb n="115" xml:id="l-115"/>en als de moeder verkeerd doet is ’t soms weer de familie <lb n="116" xml:id="l-116"/>die achter de moeder zit. Dingen die op zich zelf <lb n="117" xml:id="l-117"/>zoo erg niet zijn maar den vooruitgang verhinderen <lb n="118" xml:id="l-118"/>en betere invloeden overdonderen of neutraliseeren.</ab><lb n="119" xml:id="l-119"/>
<ab rend="indent">De vrouw van mij heeft bepaalde fouten en verkeerde <lb n="120" xml:id="l-120"/>dingen in haar manier van doen – dat kan niet <lb n="121" xml:id="l-121"/>anders<c type="kp">_</c>– DAAROM IS ZIJ NOG NIET SLECHT m.i. <lb n="122" xml:id="l-122"/>Toch<c type="kk">/</c> die verkeerdheden moeten er uit – gewoonten <lb n="123" xml:id="l-123"/>van slofheid<c type="kk">/</c> onverschilligheid<c type="kk">/</c> gebrek aan activiteit en <lb n="124" xml:id="l-124"/>handigheid<c type="kk">/</c> o, een massa zaken. Maar één zelfden <lb n="125" xml:id="l-125"/>wortel hebbende – verkeerde opvoeding<c type="kk">/</c> jaren van <lb n="126" xml:id="l-126"/>averegts verkeerde levensopvatting<c type="kk">/</c> fatale invloeden van <lb n="127" xml:id="l-127"/>slecht gezelschap. Dit zeg ik U in vertrouwen hoor – <lb n="128" xml:id="l-128"/>en niet uit wanhopigheid doch opdat ge ’t U begrijpen <lb n="129" xml:id="l-129"/>zoudt kunnen het voor mij niet eene liefde is van <lb n="130" xml:id="l-130"/>maneschijn en rozegeur doch iets dat prozaisch is <lb n="131" xml:id="l-131"/>als Maandagochtend.<anchor n="7" xml:id="note-o-7"/></ab><lb n="132" xml:id="l-132"/>
<ab rend="indent">Een klein sch<hi rend="ss">ij</hi> van <hi rend="ital">Tissot</hi> stelde voor een vrouwenfiguurtje <lb n="133" xml:id="l-133"/>in de sneeuw tusschen verwelkte stengels.<anchor n="8" xml:id="note-o-8"/> <hi rend="ital">Voie des fleurs</hi><c type="kk">/</c> <lb n="134" xml:id="l-134"/><hi rend="ital">voie des pleurs</hi><c type="kp">_</c>–<anchor n="9" xml:id="note-o-9"/> Nu<c type="kk">/</c> de vrouw van mij wandelt niet meer <lb n="135" xml:id="l-135"/>op een voie des fleurs als toen ze jonger was en deed haar <lb n="136" xml:id="l-136"/>eigen zin en volgde haar neiging<c type="kk">/</c> maar t’leven is doorniger <lb n="137" xml:id="l-137"/>geworden voor haar en geworden een Voie des pleurs<c type="kk">/</c> <lb n="138" xml:id="l-138"/>vooral verl. jaar – doch dit jaar heeft ook doornen en <lb n="139" xml:id="l-139"/>volgende jaren ook nog – evenwel met volhouden <lb n="140" xml:id="l-140"/>komt ze er bovenop.</ab><lb n="141" xml:id="l-141"/>
<ab rend="indent">Maar soms is er een crisis – bepaald dan wanneer ik het waag <lb n="142" xml:id="l-142"/>een of andere fout van haar die ik al lang stillekens in ’t oog <lb n="143" xml:id="l-143"/>heb gehad<c type="kk">/</c> attaqueer. Zoo b.v. om maar iets te noemen <lb n="144" xml:id="l-144"/>’t verstellen van ’t goed en zelf de kleeren <lb n="145" xml:id="l-145"/>van de kinderen maken. Maar dat eindigt daarmee dat <lb n="146" xml:id="l-146"/>ze op een goeden dag er aantijgt en is reeds veel verbeterd <lb n="147" xml:id="l-147"/>in dit opzigt en in meer andere opzigten<c type="kp">_</c></ab><lb n="148" xml:id="l-148"/>
<ab rend="indent">Ik moet in mij zelf ook nog zooveel veranderen maar <lb n="149" xml:id="l-149"/>juist ik moet zorgen zij in mij een voorbeeld heeft van werken <lb n="150" xml:id="l-150"/>en van geduld en dat is verdomd moeielijk broer<c type="kk">/</c> om zoo <lb n="151" xml:id="l-151"/>te zijn dat men indirect een ander iets voordoen kan en ik schiet <lb n="152" xml:id="l-152"/>ook wel eens te kort, ik moet mij zelf opvoeren tot iets beters om <lb n="153" xml:id="l-153"/>in haar den lust wakker te maken.</ab>
<pb f="2r" n="5" xml:id="pb-orig-2r-5" facs="#zone-pb-2r-5"/><lb n="154" xml:id="l-154"/>
<ab rend="indent">Het jongske vooral maakt het echter opperbest – ’t meisje <lb n="155" xml:id="l-155"/>is vroeger erg ziek geweest &amp; verwaarloosd<c type="kp">_</c></ab><lb n="156" xml:id="l-156"/>
<ab rend="indent">Maar het kleine ventje is een mirakel van levenslust<c type="kk">/</c> <lb n="157" xml:id="l-157"/>schijnt nu reeds tegen maatschappelijke instellingen en conventies <lb n="158" xml:id="l-158"/>zich te willen opponeeren. Zoo worden zoo ver <lb n="159" xml:id="l-159"/>ik weet <hi rend="ital">alle</hi> kinderen met een soort broodpap <lb n="160" xml:id="l-160"/>gevoerd. Maar dat heeft hij met de meeste vast<c type="shy">-</c><lb n="161" xml:id="l-161"/>beradenheid geweigerd<c type="kk">/</c> ofschoon nog geen tanden <lb n="162" xml:id="l-162"/>hebbende bijt hij flink in een stuk brood en <lb n="163" xml:id="l-163"/>krijgt allerlei eetwaren naar binnen steeds met <lb n="164" xml:id="l-164"/>veel lagchen en kraaien en geluiden maken <lb n="165" xml:id="l-165"/>doch voor pap &amp;c<c type="kp">_</c> &amp;c<c type="kp">_</c> doet hij absoluut den mond <lb n="166" xml:id="l-166"/>digt. Hij zit dikwijls bij me op ’t atelier op den grond <lb n="167" xml:id="l-167"/>in een hoek op een paar zakken of zoo<c type="kk">/</c> hij kraait tegen <lb n="168" xml:id="l-168"/>de teekeningen en is altijd stil op ’t atelier omdat hij naar de <lb n="169" xml:id="l-169"/>dingen aan den muur kijkt. o het is zoo’n gezellig ventje.</ab><lb n="170" xml:id="l-170"/>
<ab rend="indent">Het aantal studies neemt telkens toe – als gij <lb n="171" xml:id="l-171"/>komt denk ik wel ge er wat bij zult vinden <lb n="172" xml:id="l-172"/>om in een portefeuille op Uw kamer te zetten misschien<c type="kk">/</c> <lb n="173" xml:id="l-173"/>enfin dat moet ge zelf weten<c type="kk">/</c> als ge maar goed begrijpt <lb n="174" xml:id="l-174"/>dat waar ge zin in hebt ge natuurlijkerwijs als Uw <lb n="175" xml:id="l-175"/>eigendom te beschouwen hebt<c type="kp">_</c> Er moeten echter <lb n="176" xml:id="l-176"/>uit de studies weer andere dingen voortspruiten <lb n="177" xml:id="l-177"/>en betere studies ook spruiten uit de ouden<c type="kp">_</c></ab><lb n="178" xml:id="l-178"/>
<ab>Ik weet het zelf niet precies<c type="kp">_</c></ab><lb n="179" xml:id="l-179"/>
<ab rend="indent">Maar verlang wel ge ze weer eens zien zult<c type="kp">_</c></ab><lb n="180" xml:id="l-180"/>
<ab rend="indent">Met veel belangstelling zag ik eene uitgaaf le Salon 1883<c type="kk">/</c> <lb n="181" xml:id="l-181"/>een eerste afl. cahier illustraties<c type="kk">/</c> sommigen weergaasch <lb n="182" xml:id="l-182"/>goed. Met die nieuwe manier van reproductie <lb n="183" xml:id="l-183"/>gemaakt.<anchor n="10" xml:id="note-o-10"/> Ik heb er op ingeteekend<c type="kk">/</c> al heb ik uitgaven genoeg<c type="kk">/</c> <lb n="184" xml:id="l-184"/>juist met ’t oog op ’t geen ik zelf dezer dagen met de <lb n="185" xml:id="l-185"/>drukinkt en lith<c type="kp">_</c> krijt aan ’t maken ben. Hoor eens<c type="kk">/</c> <lb n="186" xml:id="l-186"/>ik geloof bepaald dat sommige dingen van mij <lb n="187" xml:id="l-187"/>goed zouden doen gereproduceerd op die wijs – <lb n="188" xml:id="l-188"/>bepaaldelijk zoodanigen waarin de meer intense <lb n="189" xml:id="l-189"/>zwarten<c type="kk">/</c> door lith. krijt en drukinkt verkregen<c type="kk">/</c> <lb n="190" xml:id="l-190"/>zitten; ’t bruinachtig lavis dat ik in bovengenoemde <lb n="191" xml:id="l-191"/>bladen dikwijls tegenkom kan ik ook krijgen.</ab><lb n="192" xml:id="l-192"/>
<ab rend="indent">Nu<c type="kk">/</c> als ge komt kunnen we misschien <lb n="193" xml:id="l-193"/>dit een &amp; ander bedistelen.<anchor n="c" xml:id="note-o-c"/></ab>
<pb f="2v" n="6" xml:id="pb-orig-2v-6" facs="#zone-pb-2v-6"/><lb n="194" xml:id="l-194"/>
<ab rend="indent">En zal ik misschien eens uitvoerig opschrijven explicatie van <lb n="195" xml:id="l-195"/>verschillende zaken waaromtrent ik inlichting <lb n="196" xml:id="l-196"/>dien te hebben en zoudt ge eenige studies <lb n="197" xml:id="l-197"/>van me mee kunnen nemen met dat schrijven <lb n="198" xml:id="l-198"/>om b.v. aan <hi rend="ital">Buhot</hi> te laten zien die <lb n="199" xml:id="l-199"/>dan waarschijnlijk me wel licht zal geven <lb n="200" xml:id="l-200"/>in eenige dingen.</ab><lb n="201" xml:id="l-201"/>
<ab rend="indent">Heb dezer dagen gelezen Un mâle van Camille <lb n="202" xml:id="l-202"/>Lemonnier – erg flink gedaan in de manier <lb n="203" xml:id="l-203"/>van Zola. Alles naar de natuur geobserveerd en alles geanalyseerd<c type="kp">_</c><anchor n="11" xml:id="note-o-11"/></ab><lb n="204" xml:id="l-204"/>
<ab rend="indent">Zag een groote Fromentin<c type="kk">/</c> een bataille van fellahs<c type="kk">/</c> <lb n="205" xml:id="l-205"/>in de vitrine van G&amp;C<c type="kp">_</c><anchor n="12" xml:id="note-o-12"/></ab><lb n="206" xml:id="l-206"/>
<ab rend="indent">Zag ook de nouveautés<c type="kk">/</c> misschien niet allen. Julien <lb n="207" xml:id="l-207"/>Dupré over wien ik U schreef vond ik terug in twee dingen <lb n="208" xml:id="l-208"/>die ik minder mooi vond en meer conventioneel dan <lb n="209" xml:id="l-209"/>’t geen ik van den winter van hem zag in een illustratie.<anchor n="13" xml:id="note-o-13"/></ab><lb n="210" xml:id="l-210"/>
<ab rend="indent">Weet ge reeds Rappards schilderij te Amsterdam <lb n="211" xml:id="l-211"/>ditmaal is geaccepteerd<c type="kp">_</c><anchor n="14" xml:id="note-o-14"/></ab><lb n="212" xml:id="l-212"/>
<ab rend="indent">Nu<c type="kk">/</c> ’t is reeds laat – dank voor Uw tijdige <lb n="213" xml:id="l-213"/>zending – ik hoop maar dat het <lb n="214" xml:id="l-214"/>“brief volgt” van R<c type="kp">_</c> niet al te lang duurt <lb n="215" xml:id="l-215"/>of H.v.G. voorspoed met zijn veeteelt <lb n="216" xml:id="l-216"/>zal mogen hebben.</ab><lb n="217" xml:id="l-217"/>
<ab rend="indent">adieu – voorspoed met alle <lb n="218" xml:id="l-218"/>dingen<c type="kk">/</c> vooral met de vrouw<c type="kp">_</c></ab>
<vg:whiteline/><lb n="219" xml:id="l-219"/>
<ab>t. à t.</ab><lb n="220" xml:id="l-220"/>
<ab>Vincent</ab>
<vg:whiteline/><lb n="221" xml:id="l-221"/>
<ab>Fromentin is toch knap – en is een <lb n="222" xml:id="l-222"/><hi rend="ital">zoeker</hi> en iemand die doorvoert <lb n="223" xml:id="l-223"/>en conscientieus ook.</ab>
<vg:whiteline/>
<div type="textualNotes">
<note target="l-55" n="55">paarden- &lt; paarden</note>
<note target="l-92" n="92">werd &lt; heeft</note>
<note target="l-189" targetEnd="l-190" n="189-190">zitten; &lt; in zitten</note></div></div>
<div type="translation">
<pb f="1r" n="1" xml:id="pb-trans-1r-1" facs="#zone-pb-1r-1"/>
<ab>My dear Theo,</ab>
<ab>I received your letter in good order with the 50 francs enclosed. Which were a deliverance for me, at any rate a respite. I’ve also heard from friend <rs type="pers" key="1306">Rappard</rs> — but nothing definite as yet. </ab>
<ab rend="indent">A letter that’s a reply to my letter, and that he will help me and come as well, but, he writes, my health is letting me down again. Ends with: I enclose the money herewith. Postscriptum: oh, I’ll come immediately and bring it myself — I’ll come tomorrow. This is followed by a telegram the next day. Not coming, letter follows later.<anchor n="1" xml:id="note-t-1"/> </ab>
<ab rend="indent">So, despite having heard something, it’s still the same as with a game of goose,<anchor n="2" xml:id="note-t-2"/> if you remember how one can land on a goose, thus go forward, but unfortunately just then land on a new goose with its beak pointing in a direction one doesn’t want to take, and so one must count back to one’s original position. Yet it isn’t his fault, for he’s been really very ill and is still feeling the remnants or after-effects of that. Moreover, his <rs type="pers" key="1755">sister</rs><anchor n="3" xml:id="note-t-3"/> had a fairly similar illness, and they were most concerned about her, but she recovered too. </ab>
<ab rend="indent">Nonetheless, I do believe this of friend <rs type="pers" key="1306">Rappard</rs>, that he does things that cost him a great deal of energy and nervous tension and aren’t worth the powder he expends on them. Thus before his illness I heard about decorations for the centenary of the Utrecht painters’ society,<anchor n="4" xml:id="note-t-4"/> and now this time it was church ornaments. By chance 
<pb f="1v" n="2" xml:id="pb-trans-1v-2" facs="#zone-pb-1v-2"/> I wrote to him that I thought they were both unwise, and he fell ill last time and now this time. I would approve if he overworked himself on normal things, but, as I said, this isn’t worth the powder expended on it, and I wrote again to him: you’re a soldier and one of the few who have cartridges in their box at the present time. Use them only in cases where a shot is unavoidable. </ab>
<ab rend="indent">I fear — dear brother — that the money you loaned to our dear cousin <rs type="pers" key="404">H.</rs> has currently taken the form of a vicious gun dog, for instance, or some similar curiosity, since I believe he’s quite often mistaken about such purchases — and then later it’s sometimes impossible for him to bring it back from that form to the state of banknotes or to cash it in because, like other lovers of horses and hounds, he’s caught in the snares of some crooked dealer. I’m one of those who wish him as much good fortune as possible in these negotiations, and would like to see nothing better than that their outcome is that he may speedily return what he owes you. At one time there were big plans to populate the plantation<anchor n="5" xml:id="note-t-5"/> with countless dogs. This livestock farming is highly commendable, but at present I want to say no more about it than that I hope it may prove exceedingly profitable.
<pb f="1v" n="3" xml:id="pb-trans-1v-3" facs="#zone-pb-1v-3"/></ab>
<ab rend="indent">Is your <rs type="pers" key="508">patient</rs> already discharged from hospital? But there may still be worrying days, no less grave than when she was in there. <rs type="pers" key="707">Michelet</rs> says rightly: a woman is an illness.<anchor n="6" xml:id="note-t-6"/> They are changeable, Theo — they are changeable like the weather. Now those with an eye for it see something beautiful and good in <hi rend="ital">all</hi> weathers, find snow beautiful and burning sun beautiful and storm beautiful and calm beautiful, cold good and heat, are fond of all seasons and don’t want to miss a single day of the year, and are fundamentally content and resigned to things being as they are — yet even if one looks at the weather and the changing year like this — and the changing female nature in the same way — believing that in the essence of that nature, in its mysteriousness, there is a <hi rend="ital">Reason</hi> — accepting where one doesn’t understand — even, I say, if one should view it in that way, our own nature and vision isn’t always and at every moment in harmony and accord with that of the woman with whom we’re united, and individually one feels either concern or dissatisfaction or vacillation, despite the belief and the good spirits or serenity one may have. </ab>
<ab rend="indent">I was told by the professor who delivered her that the complete cure of my <rs type="pers" key="463">woman</rs> would take years. That is, the nervous system remains tremendously sensitive, for example, and she has that changeableness of women very strongly. The great danger is — as you will understand — tumbling back into old mistakes. </ab>
<ab rend="indent">This danger, although of a moral nature, has links with the physical constitution. And I have constant and sometimes serious concerns about what I would call these lurches between getting better and lapsing back into old bad habits. Her mood can be such that it’s almost unbearable, even for me, quick-tempered, wilfully wrong, in short, sometimes I despair. It passes — and more than once <rs type="pers" key="463">she</rs> has said to me later — I DON’T MYSELF KNOW WHAT I’M DOING THEN.
<pb f="1r" n="4" xml:id="pb-trans-1r-4" facs="#zone-pb-1r-4"/></ab>
<ab rend="indent">Do you remember writing to me last year that you feared that I would be burdened with the <rs type="pers" key="464">mother</rs>? Sometimes I wish things had taken that turn. The mother is very sturdy when she wants to be, and could have done so much better than she has. Now she sometimes obstructs more than she helps. Anyway, when the <rs type="pers" key="463">woman</rs> does something wrong it’s sometimes the mother’s fault, and when the mother does wrong it’s sometimes the family who are behind the mother. Things which aren’t so bad in themselves but which prevent progress and overwhelm or neutralize better influences. </ab>
<ab rend="indent">My <rs type="pers" key="463">woman</rs> has certain faults and defects in the way she acts — that’s bound to be the case. THAT DOES NOT MAKE HER BAD in my view. Still, those defects must be eliminated — habits of laxity, indifference, lack of activity and deftness, oh, a mass of things. But all with the same root — wrong upbringing, years of an utterly wrong view of life, fatal influences of bad company. I tell you this in confidence, mind — and not out of desperation but so that you will understand that for me this love isn’t a bed of roses, but something as prosaic as Monday morning.<anchor n="7" xml:id="note-t-7"/> </ab>
<ab rend="indent">A small painting by <hi rend="ital"><rs type="pers" key="1394">Tissot</rs></hi> showed a figure of a woman in the snow amid withered stalks.<anchor n="8" xml:id="note-t-8"/> <hi rend="ital">Way of flowers, way of tears</hi>.<anchor n="9" xml:id="note-t-9"/> Well, my <rs type="pers" key="463">woman</rs> no longer walks on a way of flowers as she did when she was younger and pleased herself and followed her inclination, but life has become thornier for her and become a Way of tears, especially last year — yet this year has thorns too, and the following years as well — still, by persevering she will overcome them.</ab>
<ab rend="indent">But sometimes there’s a crisis — particularly when I venture to raise the matter of some fault of <rs type="pers" key="463">hers</rs> that I’ve been quietly observing for a long time. For example, just to mention one thing, mending the clothes and making the children’s clothes herself. But that ends with her getting down to it one day, and she’s already much improved in this respect and in other respects.</ab>
<ab rend="indent">I must change so much in myself too, but I must ensure that in me <rs type="pers" key="463">she</rs> has an example of working and of patience, and that’s damned difficult, brother, to be so that one can indirectly show someone how to do something, and I too fall short sometimes, I must raise myself to something better in order to awaken her interest.
<pb f="2r" n="5" xml:id="pb-trans-2r-5" facs="#zone-pb-2r-5"/></ab>
<ab rend="indent">The <rs type="pers" key="466">boy</rs>, above all, is doing extremely well, though — the <rs type="pers" key="467">girl</rs> was very ill in the past and neglected. </ab>
<ab rend="indent">But the <rs type="pers" key="466">little lad</rs> is a miracle of high spirits, already appears inclined to oppose social institutions and conventions. For instance, as far as I know <hi rend="ital">all</hi> children are brought up on a kind of bread porridge. But he has refused that with the greatest determination. Although as yet without teeth, he bites firmly into a piece of bread and gets down all kinds of eatables while all the time smiling and crowing and making noises, but his mouth stays firmly shut for porridge &amp;c. &amp;c. He often sits with me in the studio on the floor in a corner on a couple of sacks or something, he crows at the drawings and is always quiet in the studio because he looks at the things on the wall. Oh, he’s such an agreeable little lad.</ab>
<ab rend="indent">The number of studies keeps growing — when you come I think you’ll find some to put in a portfolio in your room perhaps, anyway that’s up to you, as long as you clearly understand that you may of course regard anything you take a liking to as your own. Other things must come forth from the studies, though, and better studies come from the old ones. I myself don’t know exactly how. </ab>
<ab rend="indent">But I do long for you to see them again. </ab>
<ab rend="indent">I saw with great interest a publication, Le Salon 1883, a first issue of a series of illustrations, some deuced good. Done with that new way of reproduction.<anchor n="10" xml:id="note-t-10"/> I’ve subscribed to it, although I have enough expenses, with a view to what I’m doing myself at present with the printer’s ink and lithographic crayon. Listen, I definitely believe that some of my things would do well if reproduced in that way — particularly those that have the more intense blacks obtained by lithographic crayon and printer’s ink; I can also get the brownish wash that I often come across in the above prints.</ab>
<ab rend="indent">Well, when you come perhaps we can arrange one thing and another. 
<pb f="2v" n="6" xml:id="pb-trans-2v-6" facs="#zone-pb-2v-6"/></ab>
<ab rend="indent">And perhaps I’ll write down a detailed statement of several matters about which I need information, and you could take some of my studies together with that to show to <hi rend="ital"><rs type="pers" key="910">Buhot</rs></hi>, for instance, who would then probably shed light on a few things for me.</ab>
<ab rend="indent">Recently read Un mâle by <rs type="pers" key="688">Camille Lemonnier</rs> — very strongly done in the manner of <rs type="pers" key="836">Zola</rs>. Everything observed from nature and everything analyzed.<anchor n="11" xml:id="note-t-11"/> </ab>
<ab rend="indent">Saw a big <rs type="pers" key="1019">Fromentin</rs>, a battle of fellahs, in the window at G&amp;C.<anchor n="12" xml:id="note-t-12"/> </ab>
<ab rend="indent">Also saw the <hi rend="ital">nouveautés</hi>, perhaps not all of them. I again came across <rs type="pers" key="1006">Julien Dupré</rs>, whom I wrote to you about, in two things that I found less beautiful and more conventional than what I saw by him in an illustrated magazine in the winter.<anchor n="13" xml:id="note-t-13"/></ab>
<ab rend="indent">Did you already know that <rs type="pers" key="1306">Rappard</rs>’s painting has been accepted this time in Amsterdam?<anchor n="14" xml:id="note-t-14"/></ab>
<ab rend="indent">Well, it’s late already — thanks for your timely dispatch — I just hope that <rs type="pers" key="1306">R</rs>’s ‘letter follows’ doesn’t take too long, or that <rs type="pers" key="404">H. v. G</rs>.’s livestock farming may prosper. </ab>
<ab rend="indent">Adieu — good fortune in all things, especially the <rs type="pers" key="508">woman</rs>.</ab>
<vg:whiteline/>
<ab>Ever yours,</ab>
<ab>Vincent</ab>
<vg:whiteline/>
<ab>Still, <rs type="pers" key="1019">Fromentin</rs> is clever — and a <hi rend="ital">seeker</hi>, and someone who carries through, and conscientious too.</ab></div>
<div type="notes">
<note n="1" xml:id="n-1" target="#note-t-1">
<ab>For the telegram, <ref target="let341.xml">see letter 341</ref>.</ab></note>
<note n="2" xml:id="n-2" target="#note-t-2">
<ab>The board of the game <hi rend="ital">Ganzenbord</hi>.</ab></note>
<note n="3" xml:id="n-3" target="#note-t-3">
<ab><rs type="pers" key="1755">Wilhelmina Elisabeth van Rappard</rs>.</ab></note>
    <note n="a" xml:id="n-a" target="#note-o-a">
<ab>Read: ‘kruit’ (ammunition).</ab></note>
<note n="4" xml:id="n-4" target="#note-t-4">
<ab>For this decoration <hi rend="ital"><rs type="otherart" key="434">The muse of history</rs></hi>, <ref target="let284.xml#n-6">see letter 284, n. 6.</ref></ab></note>
<note n="5" xml:id="n-5" target="#note-t-5">
<ab><rs type="pers" key="404">Hendrik van Gogh</rs> was co-owner of Tjiseureuh (Tjiandjoer) Tea Plantation in the Dutch East Indies.</ab></note>
<note n="6" xml:id="n-6" target="#note-t-6">
<ab>Chapter title in <rs type="pers" key="707">Michelet</rs>, <hi rend="ital"><rs type="lit" key="11">L’amour</rs></hi> (book 1, chapter 2), as is the comment (book 4, chapter 9): ‘“What is woman? Sickness (Hippocrates.) – What is man? The physician”’ (Qu’est-ce que la femme? la maladie. (Hippocrate.) – Qu’est-ce que l’homme? le médecin) (Michelet, <hi rend="ital">L’amour</hi>, pp. 52-58, 345).</ab></note>
<note n="b" xml:id="n-b" target="#note-o-b">
<ab>Means: ‘while one also believes that in the essence of the changeable female nature, in its mysteriousness, there is a rationale’.</ab></note>
<note n="7" xml:id="n-7" target="#note-t-7">
<ab>Earlier Van Gogh had talked of ‘Monday morning-like sobriety’; in that context it was probably an allusion to a passage in <hi rend="ital"><rs type="lit" key="216">Shirley</rs></hi> by <rs type="pers" key="534">Charlotte Brontë</rs> (<ref target="let274.xml#n-4">see letter 274, n. 4</ref>).</ab></note>
<note n="8" xml:id="n-8" target="#note-t-8">
<ab>No work by <rs type="pers" key="1394">Tissot</rs> with this subject is known. Van Gogh may have been thinking of Tissot’s <hi rend="ital"><rs type="ill" key="1382">Walk in the snow</rs></hi>: <ref target="let028.xml#n-8">see letter 28, n. 8.</ref></ab></note>
<note n="9" xml:id="n-9" target="#note-t-9">
    <ab><rs type="pers" key="1394">James Tissot</rs>, <hi rend="ital">Voie des fleurs, voie des pleurs (The dance of Death)</hi> (Way of flowers, way of tears (The dance of Death)), 1860 (Providence, Museum of Art, Rhode Island School of Design). <rs type="ill" key="1384">Ill. 1384</rs>.</ab></note>
<note n="10" xml:id="n-10" target="#note-t-10">
<ab>What was ‘new’ about the reproduction technique was primarily the aquatint-like effects seen in some prints in this publication. The methods for photographing lithographs, engravings and etchings and transferring them to a printing plate became ever more advanced at the end of the century, and experiments were carried out with various techniques which cannot always be identified. For this first issue ‘Au Salon de 1883’, which <rs type="pers" key="585">F.-G. Dumas</rs> published via <hi rend="ital">Paris Illustré</hi> and in which the ‘plusieurs tons’ in the printing process were emphasized, <ref target="let341.xml#n-12">see letter 341, n. 12.</ref> Cf. also what Van Gogh writes in <ref target="let309.xml">letter 309</ref> about the special paper on which ‘snow effects’ could be achieved.</ab></note>
<note n="c" xml:id="n-c" target="#note-o-c">
<ab>Variant of ‘bedisselen’.</ab></note>
<note n="11" xml:id="n-11" target="#note-t-11">
<ab>The work of <rs type="pers" key="688">(Antoine Louis) Camille Lemonnier</rs>, including <hi rend="ital"><rs type="lit" key="337">Un mâle</rs> </hi>(Brussels 1881), is marked by extremely realistic descriptions of repellent scenes. This book tells the story of a brutal poacher, with bestial traits, who develops a crude passion for a country girl. She lets herself be caressed by this ‘fearful male’ (mâle terrible) and gives in to his urges. When she is exhausted and tries to wrest free of him, he is enraged. After he has attacked one of her admirers, he is hit by a police bullet and dies like a wild animal in the bushes. Van Gogh’s verdict contrasts with the widespread criticism of the work of this representative of Belgian naturalism, which encountered deep repugnance. The book was mocked as ‘vulgar, obscene and immoral’. See <hi rend="ital">Un mâle</hi>. Ed. Raymond Trousson. Paris 1996.</ab></note>
<note n="12" xml:id="n-12" target="#note-t-12">
<ab><rs type="pers" key="1019">Eugène Fromentin</rs>, <hi rend="ital"><rs type="otherart" key="504">Bataille de fellahs</rs></hi> (Battle of fellahs; present whereabouts unknown) was exhibited in Goupil’s middle window for a week under the title <hi rend="ital">Gevecht</hi> (Battle), as shown by a report in <hi rend="ital">Het Vaderland</hi> of 8 May 1883. On 13 April 1883 the painting was bought as <hi rend="ital">Combat</hi> for 30,000 francs by the Hague branch of Goupil-Paris and sold back to Goupil-Paris on 23 May 1883 for the same amount (<hi rend="ital">RKD</hi>, <hi rend="ital">Goupil Ledgers</hi>). Not until 4 August 1885 would it be sold to Haseltine Galleries of Philadelphia, for 27,000 francs (<hi rend="ital">GRI</hi>, <hi rend="ital">Goupil Ledgers</hi>).</ab></note>
<note n="13" xml:id="n-13" target="#note-t-13">
<ab>The catalogue <hi rend="ital">Publications nouvelles de la Maison Goupil &amp; Cie</hi> of April 1883 lists two new photogravures after <rs type="pers" key="1006">Julien Dupré</rs>: <hi rend="ital"><rs type="otherart" key="505">La récolte des foins</rs></hi> (Bringing in the hay) and <hi rend="ital"><rs type="otherart" key="506">Le goûter des faneurs</rs> </hi>(The haymakers’ meal). They measure 47 x 59 cm (p. 3, nos. 30-31). </ab>
<ab rend="indent">The remark that Van Gogh saw ‘perhaps not all’ of the nouveautés implies that he went into the branch on De Plaats, now that <rs type="pers" key="787">H.G. Tersteeg</rs> was in Paris for the Salon (cf. <ref target="let339.xml">letter 339</ref>). What he saw in the winter ‘in an illustrated magazine’ was the print <hi rend="ital">In the meadow</hi> in <hi rend="ital">Le Monde Illustré</hi> (<ref target="let292.xml#n-9">see letter 292, n. 9</ref>).</ab></note>
<note n="14" xml:id="n-14" target="#note-t-14">
<ab>For <rs type="pers" key="1306">Van Rappard</rs>’s <hi rend="ital"><rs type="ill" key="332">Tile painters</rs></hi>, exhibited at the International Exhibition in Amsterdam, <ref target="let331.xml#n-14">see letter 331, n. 14.</ref></ab></note></div></body></text></TEI>
