<?xml version="1.0" encoding="UTF-8"?>
<!-- Last Changed Date: 2018-07-18 12:32:41 +0200 (Wed, 18 Jul 2018) | SVN Revision: 2206 -->
<!--Licensed under Attribution-NonCommercial-ShareAlike 4.0 International (CC BY-NC-SA 4.0)-->
<?xml-model href="https://xmlschema.huygens.knaw.nl/vgodd.rng" type="application/xml" schematypens="http://relaxng.org/ns/structure/1.0"?>
<TEI xmlns:vg="http://www.vangoghletters.org/ns/" xmlns="http://www.tei-c.org/ns/1.0">
<teiHeader xmlns:xsi="http://www.w3.org/2001/XMLSchema-instance"><fileDesc>
<titleStmt>
<title>To Theo van Gogh. Hoogeveen, on or about Friday, 21 September 1883.</title>
<editor>Leo Jansen</editor>
<editor>Hans Luijten</editor>
<editor>Nienke Bakker</editor></titleStmt>
<publicationStmt>
<publisher><name>Huygens Instituut voor Nederlandse Geschiedenis (KNAW)</name><email>info@huygens.knaw.nl</email></publisher>
<publisher>Van Gogh Museum</publisher>
<pubPlace>Amsterdam</pubPlace>
<date type="first" when="2009">2009</date>
<availability status="restricted">
<licence target="http://creativecommons.org/licenses/by-nc-sa/4.0/ https://creativecommons.org/licenses/by-nc-sa/4.0/legalcode">
<p>Attribution-NonCommercial-ShareAlike 4.0 International (CC BY-NC-SA 4.0) </p></licence></availability>
<ptr target="http://vangoghletters.org/orig/let388"/></publicationStmt><sourceDesc><vg:letDesc><vg:letIdentifier>
<idno type="jlb">388</idno>
<idno type="collectedletters">326</idno>
<idno type="brieven1990">391</idno></vg:letIdentifier><vg:letHeading><author>Vincent van Gogh</author><vg:addressee>Theo van Gogh</vg:addressee><vg:placeLet>Hoogeveen</vg:placeLet><vg:dateLet>on or about Friday, 21 September 1883</vg:dateLet></vg:letHeading><vg:letContents>
<p>To Theo van Gogh. Hoogeveen, on or about Friday, 21 September 1883.</p>
<note type="ongoingTopic" n="1">
<p>Drawings on commission with Uncle Cor <ref target="let378.xml">(378)</ref></p></note>
<note type="ongoingTopic" n="2">
<p>Loan of 25 guilders from Van Rappard <ref target="let339.xml">(339)</ref></p></note>
<note type="ongoingTopic" n="3">
<p>Van Gogh looks back at the time he was with Sien <ref target="let385.xml">(385)</ref></p></note>
<note type="ongoingTopic" n="4">
<p>Theo’s visit to The Hague <ref target="let374.xml">(374)</ref></p></note></vg:letContents>
<note type="sourceStatus" xml:id="sourceStatus">
<p>Original manuscript</p></note>
<note type="location" xml:id="location">
<p>Amsterdam, Van Gogh Museum, inv. nos. b349 a-b V/1962</p></note>
<note type="date" xml:id="date">
<p>In <ref target="let389.xml">letter 389</ref> of 24 September 1883 Van Gogh says he is sending three paintings. In the present letter they are finished but not yet dry enough to be sent, so that this letter must have been written earlier. This means that the letter with his allowance for which Van Gogh thanks Theo here (<ref target="#l-1*">ll. 1*-2</ref>) must have been the third in September. Because he also wanted to tell Theo ‘straightaway’ about his latest experiences <ref target="#l-2">(l. 2)</ref>, we have dated the letter on or about Friday, 21 September 1883.</p></note>
<note type="additionalDetail" xml:id="additionalDetail">
<p>On the last sheet of the letter Van Gogh wrote the beginnings of a paint order, which he never finished. See RM13.</p></note></vg:letDesc></sourceDesc></fileDesc></teiHeader>
<facsimile xmlns:xsi="http://www.w3.org/2001/XMLSchema-instance">
<surface n="b 0349 a" xml:id="surf-pb-1r"><graphic mimeType="image/tiff" url="VGM001000447_01.TIF" rend="norend"/><graphic mimeType="image/tiff" url="VGM001000447_01_n.tif" rend="norend"/><graphic mimeType="image/jpeg" url="VGM001000447_01_nt.jpg" height="50px" rend="thumbnail"/><zone xml:id="zone-pb-1r-1">
<graphic mimeType="image/tiff" url="VGM001000447_01_nR.tif" rend="norend"/><graphic mimeType="image/jpeg" url="VGM001000447_01_nRt.jpg" height="50px" rend="thumbnail"/><graphic mimeType="image/png" url="VGM001000447_01_nRf.png" width="380px" rend="facstab"/></zone>
<zone xml:id="zone-pb-1r-4">
<graphic mimeType="image/tiff" url="VGM001000447_01_nL.tif" rend="norend"/><graphic mimeType="image/jpeg" url="VGM001000447_01_nLt.jpg" height="50px" rend="thumbnail"/><graphic mimeType="image/png" url="VGM001000447_01_nLf.png" width="380px" rend="facstab"/></zone>
</surface>
<surface n="b 0349 a" xml:id="surf-pb-1v"><graphic mimeType="image/tiff" url="VGM001000447_02.TIF" rend="norend"/><graphic mimeType="image/tiff" url="VGM001000447_02_n.tif" rend="norend"/><graphic mimeType="image/jpeg" url="VGM001000447_02_nt.jpg" height="50px" rend="thumbnail"/><zone xml:id="zone-pb-1v-2">
<graphic mimeType="image/tiff" url="VGM001000447_02_nL.tif" rend="norend"/><graphic mimeType="image/jpeg" url="VGM001000447_02_nLt.jpg" height="50px" rend="thumbnail"/><graphic mimeType="image/png" url="VGM001000447_02_nLf.png" width="380px" rend="facstab"/></zone>
<zone xml:id="zone-pb-1v-3">
<graphic mimeType="image/tiff" url="VGM001000447_02_nR.tif" rend="norend"/><graphic mimeType="image/jpeg" url="VGM001000447_02_nRt.jpg" height="50px" rend="thumbnail"/><graphic mimeType="image/png" url="VGM001000447_02_nRf.png" width="380px" rend="facstab"/></zone>
</surface>
<surface n="b 0349 b" xml:id="surf-pb-2r"><graphic mimeType="image/tiff" url="VGM001000448_01.TIF" rend="norend"/><graphic mimeType="image/tiff" url="VGM001000448_01_n.tif" rend="norend"/><graphic mimeType="image/jpeg" url="VGM001000448_01_nt.jpg" height="50px" rend="thumbnail"/><zone xml:id="zone-pb-2r-5">
<graphic mimeType="image/tiff" url="VGM001000448_01_nR.tif" rend="norend"/><graphic mimeType="image/jpeg" url="VGM001000448_01_nRt.jpg" height="50px" rend="thumbnail"/><graphic mimeType="image/png" url="VGM001000448_01_nRf.png" width="380px" rend="facstab"/></zone>
<zone xml:id="zone-pb-2r-8">
<graphic mimeType="image/tiff" url="VGM001000448_01_nL.tif" rend="norend"/><graphic mimeType="image/jpeg" url="VGM001000448_01_nLt.jpg" height="50px" rend="thumbnail"/><graphic mimeType="image/png" url="VGM001000448_01_nLf.png" width="380px" rend="facstab"/></zone>
</surface>
<surface n="b 0349 b" xml:id="surf-pb-2v"><graphic mimeType="image/tiff" url="VGM001000448_02.TIF" rend="norend"/><graphic mimeType="image/tiff" url="VGM001000448_02_n.tif" rend="norend"/><graphic mimeType="image/jpeg" url="VGM001000448_02_nt.jpg" height="50px" rend="thumbnail"/><zone xml:id="zone-pb-2v-6">
<graphic mimeType="image/tiff" url="VGM001000448_02_nL.tif" rend="norend"/><graphic mimeType="image/jpeg" url="VGM001000448_02_nLt.jpg" height="50px" rend="thumbnail"/><graphic mimeType="image/png" url="VGM001000448_02_nLf.png" width="380px" rend="facstab"/></zone>
<zone xml:id="zone-pb-2v-7">
<graphic mimeType="image/tiff" url="VGM001000448_02_nR.tif" rend="norend"/><graphic mimeType="image/jpeg" url="VGM001000448_02_nRt.jpg" height="50px" rend="thumbnail"/><graphic mimeType="image/png" url="VGM001000448_02_nRf.png" width="380px" rend="facstab"/></zone>
</surface></facsimile><text xmlns:xsi="http://www.w3.org/2001/XMLSchema-instance"><body>
<div type="original">
<pb f="1r" n="1" xml:id="pb-orig-1r-1" facs="#zone-pb-1r-1"/><lb n="1" xml:id="l-1"/>
<ab>Beste broer,</ab><lb n="1*" xml:id="l-1s"/>
<ab>Uw brief heb ik zooeven ontvangen <lb n="2" xml:id="l-2"/>en dank er U regt hartelijk voor. En wil meteen U <lb n="3" xml:id="l-3"/>op nieuw een &amp; ander van mijn bevindingen schrijven. <lb n="4" xml:id="l-4"/>Vooreerst dat ik een brief van Rappard heb gehad uit West Terschelling <lb n="5" xml:id="l-5"/>en hij daar druk aan ’t werk is na eerst hier in Drenthe <lb n="6" xml:id="l-6"/>te Rolde<c type="kk">/</c> in de buurt van Assen<c type="kk">/</c> nog te hebben vertoefd.</ab><lb n="7" xml:id="l-7"/>
<ab rend="indent">Ik hoop dezen winter ook zelf hem daar te bezoeken &amp; <lb n="8" xml:id="l-8"/>nog een paar studies te maken<c type="kk">/</c> de reis er heen voor zoo ver ik <lb n="9" xml:id="l-9"/>kan nagaan heen &amp; terug ongeveer drie gulden zijnde<c type="kk">/</c> tenzij ’t oversteken naar T. moeielijk zij. <lb n="10" xml:id="l-10"/>Maar dat is ’t wel waard om eens met een schilder <lb n="11" xml:id="l-11"/>te zijn en zal de eenzaamheid breken.</ab><lb n="12" xml:id="l-12"/>
<ab rend="indent">Naar Uw volgenden brief<c type="kk">/</c> die hoop ik niet in de pen zal <lb n="13" xml:id="l-13"/>blijven<c type="kk">/</c> ben ik zeer verlangend. Vergeet niet mij betreffende <lb n="14" xml:id="l-14"/>C.M<c type="kp">_</c> den afloop te melden<c type="kk">/</c> of gij hem nog hebt berigt <lb n="15" xml:id="l-15"/>ik hier was en of dien brief ook onbeantwoord is gebleven<c type="kp">_</c> <lb n="16" xml:id="l-16"/>Indien deze dingen zoo zijn zal ik<c type="kk">/</c> niet nu natuurlijk <lb n="17" xml:id="l-17"/>doch later<c type="kk">/</c> zeer zeker zelf C.M<c type="kp">_</c> gaan opzoeken en <lb n="18" xml:id="l-18"/>hem opheldering vragen van de reden waarom <lb n="19" xml:id="l-19"/>hij geen antwoord gaf. Schrijven zal ik niet doch <lb n="20" xml:id="l-20"/>onwrikbaar vast staat het bij mij dat ik <hi rend="sc">niet</hi> vrede neem <lb n="21" xml:id="l-21"/>met zijn niet antwoorden<c type="kk">/</c> vooral <hi rend="ital">U</hi> niet antwoorden<c type="kk">/</c> <lb n="22" xml:id="l-22"/>en daar er dit bijkomt ook het <hi rend="ital">mij</hi> niet antwoorden.</ab><lb n="23" xml:id="l-23"/>
<ab rend="indent">Iets te doen heb ik NOOIT BEWEERD dat hij <hi rend="ital">moest</hi>, noch doe <lb n="24" xml:id="l-24"/>ik zulks nu<c type="kp">_</c> Wat hij deed of eventueel doen zou<c type="kk">/</c> <lb n="25" xml:id="l-25"/>reken ik als een gunst waarvoor ik hem ook steeds als zoodanig voor <lb n="26" xml:id="l-26"/>heb bedankt en ook van mijn kant studies gegeven<c type="kk">/</c> zeker <lb n="27" xml:id="l-27"/>een 50 tal in ’t geheel<c type="kk">/</c><anchor n="1" xml:id="note-o-1"/> met het regt er bij die later nog in te ruilen<c type="kp">_</c> <lb n="28" xml:id="l-28"/>Doch dit een en ander zóó zijnde<c type="kk">/</c> behoef ik bepaald <lb n="29" xml:id="l-29"/>geen beleedigingen te verdragen<c type="kk">/</c> en het <hi rend="ital">is</hi> eene <lb n="30" xml:id="l-30"/>grove beleediging ik nu niet eens berigt heb dat hij <lb n="31" xml:id="l-31"/>het laatste pak studies heeft ontvangen<c type="kp">_</c>– Geen syllabe<c type="kp">_</c>– <lb n="32" xml:id="l-32"/>En als daar bij komt dat <hi rend="ital">Uw</hi> brief onbeantwoord blijft<c type="kk">/</c> <lb n="33" xml:id="l-33"/>is het zòò dat het <hi rend="ital">een lafheid</hi> zou wezen het <lb n="34" xml:id="l-34"/>er bij te laten en <hi rend="sc">moet</hi> en zal ik opheldering eischen. <lb n="35" xml:id="l-35"/>’t welk zooals gezegd ik<c type="kk">/</c> al gaat er een tijd <lb n="36" xml:id="l-36"/>overheen<c type="kk">/</c> zeer beslist en door een persoonlijk bezoek <lb n="37" xml:id="l-37"/>zal doen. Indien alsdan hij mij niet te woord <lb n="38" xml:id="l-38"/>zou willen staan<c type="kk">/</c> was daar de zaak volstrekt niet mede uit <lb n="39" xml:id="l-39"/>want mijn wil is vast dat ik hierover satisfactie hebben <lb n="40" xml:id="l-40"/><hi rend="ital">zal</hi>. Geeft hij me die<c type="kk">/</c> best<c type="kk">/</c> maar weigert hij me die <lb n="41" xml:id="l-41"/>te geven (ik heb geen enkele onbeleefde term jegens hem <lb n="42" xml:id="l-42"/>gebruikt<c type="kk">/</c> ik heb alleen op zeer koelen toon geschreven)<c type="kk">/</c> <lb n="43" xml:id="l-43"/>weigert hij<c type="kk">/</c> zeg ik<c type="kk">/</c> me dien te geven<c type="kk">/</c> <hi rend="sc">mag</hi> <hi rend="ital">ik</hi> zeggen <lb n="44" xml:id="l-44"/>oog om oog<c type="kk">/</c> tand om tand<c type="kk">/</c><anchor n="2" xml:id="note-o-2"/> en hem grof terug beleedigen<c type="kk">/</c> <lb n="45" xml:id="l-45"/>hetwelk in koelen bloede ik doen zoude.–</ab>
<pb f="1v" n="2" xml:id="pb-orig-1v-2" facs="#zone-pb-1v-2"/><lb n="46" xml:id="l-46"/>
<ab rend="indent">Versta mij <supplied>w</supplied>el broer, begrijp me in dezen eens en <lb n="47" xml:id="l-47"/>voor altijd<c type="kk">/</c> wat er ook zij van het wenschelijke om <lb n="48" xml:id="l-48"/>finantieele hulp te krijgen – dat is toch verre van <lb n="49" xml:id="l-49"/>N<hi rend="ss">o</hi> 1 te zijn<c type="kp">_</c> N<hi rend="ss">o</hi> 1 is dat hij te ver gaat in het <lb n="50" xml:id="l-50"/>uit ’t oog verliezen der regten die ik als mensch heb<c type="kk">/</c> al <lb n="51" xml:id="l-51"/>was ik hem een vreemde (van verwantschap spreek ik <lb n="52" xml:id="l-52"/>nooit<c type="kk">/</c> baseer ik me nooit op)<c type="kk">/</c> om niet behandeld te <lb n="53" xml:id="l-53"/>worden als een mauvais sujet<c type="kk">/</c> om niet veroordeeld <lb n="54" xml:id="l-54"/>te worden of beschuldigd van dit of dat zonder zelf er <lb n="55" xml:id="l-55"/>in gehoord te worden. Ik heb <hi rend="sc">regt</hi><c type="kk">/</c> <hi rend="ital">volle regt</hi> een <lb n="56" xml:id="l-56"/>antwoord te <hi rend="sc">eischen</hi> en het in geval van zwijgen op <lb n="57" xml:id="l-57"/>te vatten als zeer grove beleediging.</ab><lb n="58" xml:id="l-58"/>
<ab rend="indent">Ik moet ronduit hierover spreken van wege ik tot <lb n="59" xml:id="l-59"/>nu toe heb gehoopt van zelf het zou teregt komen <lb n="60" xml:id="l-60"/>en ik een woord in antwoord zou ontvangen.</ab><lb n="61" xml:id="l-61"/>
<ab rend="indent">Doch dat stil verdragen heeft eene grens en zoo als <lb n="62" xml:id="l-62"/>ik zeg<c type="kk">/</c> over die grens zou het van mij lafheid<c type="kk">/</c> <lb n="63" xml:id="l-63"/>onmannelijk wezen er niet vierkant tegen te protesteeren<c type="kp">_</c> <lb n="64" xml:id="l-64"/>U verzoek ik dus vriendelijk mij eenvoudig Uw wedervaring <lb n="65" xml:id="l-65"/>betreffende ’t beantwoorden van Uw schrijven me te willen <lb n="66" xml:id="l-66"/>mededeelen<c type="kk">/</c> ik zal dan voor mij zelf weten waaraan ik <lb n="67" xml:id="l-67"/>mij te houden heb<c type="kk">/</c> ik zal dan er geen woord meer <lb n="68" xml:id="l-68"/>over zeggen doch al ging er meer dan een jaar <lb n="69" xml:id="l-69"/>over heen<c type="kk">/</c> zal ik diep in mij<c type="kk">/</c> onverroest<c type="kk">/</c> klaar en <lb n="70" xml:id="l-70"/>helder als ik het op dit moment heb<c type="kk">/</c> dit zelfde gevoel <lb n="71" xml:id="l-71"/>van dat ik opheldering <hi rend="ital">moet hebben</hi> in mij terugvinden <lb n="72" xml:id="l-72"/>en niet rusten voor ik op de een of andere wijze <lb n="73" xml:id="l-73"/>mijn zaak met hem afgehandeld heb.</ab><lb n="74" xml:id="l-74"/>
<ab rend="indent">Ik geloof gij zult dit gevoelen in mij billijken en <lb n="75" xml:id="l-75"/>zoudt dit te meer indien gij precies wist wat in vroeger jaren <lb n="76" xml:id="l-76"/>tusschen hem en mij is voorgevallen. als wanneer <lb n="77" xml:id="l-77"/>ik zeer gewantrouwd heb betreffende het plan om te <lb n="78" xml:id="l-78"/>studeeren<c type="kk">/</c> of de belofte om dat door te voeren rondborstig was <lb n="79" xml:id="l-79"/>en doordacht – ik heb beschouwd toen dat <hi rend="ital">zij</hi> overijld <lb n="80" xml:id="l-80"/>het plan maakten en <hi rend="ital">ik</hi> overijld het goedvond<c type="kk">/</c> <lb n="81" xml:id="l-81"/>en het blijft opperbest m.i<c type="kp">_</c> het toen gestopt is<c type="kk">/</c> wat ik <lb n="82" xml:id="l-82"/>zelf heb bewerkt expres en zoo aangelegd dat de <lb n="83" xml:id="l-83"/>schande van het opgeven op mij kwam en niet op <lb n="84" xml:id="l-84"/>iemand anders<c type="kp">_</c> Gij begrijpt dat ik die wel andere talen <lb n="85" xml:id="l-85"/>geleerd heb<c type="kk">/</c> ook dat miserable beetje Latijn &amp;c<c type="kp">_</c> wel magtig <lb n="86" xml:id="l-86"/>was te boven te komen<c type="kk">/</c> waartegen <lb n="87" xml:id="l-87"/>evenwel ik verklaard heb op te zien. Dit was een smoesje <lb n="88" xml:id="l-88"/>wegens ik tegenover protecteurs toen liever niet wilde <lb n="89" xml:id="l-89"/>zeggen dat ik de heele Universiteit (de Theologische althans) als een onuitsprekelijken <lb n="90" xml:id="l-90"/>knoeiboel beschouw<c type="kk">/</c> een kweekerij van Phariséers<c type="kp">_</c></ab>
<pb f="1v" n="3" xml:id="pb-orig-1v-3" facs="#zone-pb-1v-3"/><lb n="91" xml:id="l-91"/>
<ab rend="indent">Dat aan durven het mij niet ontbrak trachte ik te <lb n="92" xml:id="l-92"/>bewijzen door naar de Borinage te gaan<c type="kk">/</c> waar <lb n="93" xml:id="l-93"/>zeer zeker ik het moeielijker had dan als ik student <lb n="94" xml:id="l-94"/>zoude zijn geworden.</ab><lb n="95" xml:id="l-95"/>
<ab rend="indent">Ik dacht dat C.M. b.v. beter mij doorgrond zou <lb n="96" xml:id="l-96"/>hebben<c type="kk">/</c> en reden te meer heb <lb n="97" xml:id="l-97"/>ik hem weinig fijngevoelig te vinden als <lb n="98" xml:id="l-98"/>ik bedenk hoe hij sedert mij met zekere verachting <lb n="99" xml:id="l-99"/>behandelde – <hi rend="sc">Toen</hi> en <hi rend="sc">nu</hi> heb ik een boel dingen <lb n="100" xml:id="l-100"/>voor me gehouden die ik had kunnen zeggen<c type="kk">/</c> <lb n="101" xml:id="l-101"/>waarvan als ik eens hem er over aangrijp hij<c type="kk">/</c> <lb n="102" xml:id="l-102"/>wat hij ook zegge<c type="kk">/</c> toch in zijn geweten een paar dingen <lb n="103" xml:id="l-103"/>zal moeten voelen; ik<anchor n="a" xml:id="note-o-a"/> noch vroeger noch nu <lb n="104" xml:id="l-104"/>eenige laagheid jegens hem heb bedreven<c type="kk">/</c> en dus <lb n="105" xml:id="l-105"/>deze beleediging van niet antwoorden <lb n="106" xml:id="l-106"/>heeft geen raison d’être<c type="kk">/</c> te meer daar het beter geweest <lb n="107" xml:id="l-107"/>ware indien van ’t begin af dat ik te s’Hage kwam <lb n="108" xml:id="l-108"/>al het verleden geheel vergeten &amp; vergeven was <lb n="109" xml:id="l-109"/>en eene goede verstandhouding vast besloten<c type="kk">/</c> waarover ik toen ook met ZEd<c type="kp">_</c> sprak<c type="kp">_</c> <lb n="117" xml:id="l-117"/>Maar ik zeg <hi rend="ital">niet</hi>, broer, la paix à <hi rend="ital">tout prix</hi><c type="kk">/</c> en <lb n="118" xml:id="l-118"/>ik heb liever een onaangename explicatie <lb n="119" xml:id="l-119"/>dan een flaauw laten waaien zoodra dat flaauw wordt<c type="kk">/</c> en dat <lb n="119a" xml:id="l-119a"/>zou het nu<c type="kp">_</c></ab><lb n="120" xml:id="l-120"/>
<ab rend="indent">Weet nu echter dat ik U NIET er in noemen zal<c type="kk">/</c> <lb n="121" xml:id="l-121"/>al is het dat zijn beleediging jegens U<c type="kk">/</c> als hij dat <lb n="122" xml:id="l-122"/>niet verbetert (’t komt me voor hij jegens U ietwat van dezelfde politiek begint te gebruiken)<c type="kk">/</c> is datgene wat mij onwrikbaar maakt <lb n="123" xml:id="l-123"/>nog een appeltje met ZEd<c type="kp">_</c> te schillen en ik besloten ben hem veel <lb n="123a" xml:id="l-123a"/>dingen te zeggen.</ab><lb n="124" xml:id="l-124"/>
<ab rend="indent">Ik beloof U dat<c type="kk">/</c> ik zal alleen het doen voorkomen <lb n="125" xml:id="l-125"/>als of ik het had over mij alleen<c type="kk">/</c> als wist ik niets <lb n="126" xml:id="l-126"/>van U.</ab><lb n="127" xml:id="l-127"/>
<ab rend="indent">Voor dat mysterieuse<c type="kk">/</c> dat sphinxachtige zwijgen &amp;c. <lb n="128" xml:id="l-128"/>heb ik de allerdiepste verachting en verklaar <lb n="129" xml:id="l-129"/>U bij dezen er alles van te denken<c type="kk">/</c> behalve <lb n="130" xml:id="l-130"/>iets dat regtuit en trouw of waarachtig is.–</ab><lb n="131" xml:id="l-131"/>
<ab rend="indent">Het moge een beetje de algemeene politiek van tegenwoordig <lb n="132" xml:id="l-132"/>zijn<c type="kk">/</c> ik weet dat wel<c type="kk">/</c> maar ik ben zoo als gij weet <lb n="133" xml:id="l-133"/>het niet eens met de algemeene politiek van tegenwoordig <lb n="134" xml:id="l-134"/>wegens ik haar als laag en alle kenmerken van decadence <lb n="135" xml:id="l-135"/>die op een pruikentijd uitloopt dragend beschouw.</ab>
<pb f="1r" n="4" xml:id="pb-orig-1r-4" facs="#zone-pb-1r-4"/><lb n="136" xml:id="l-136"/>
<ab rend="indent">Men zou kunnen schreijen over wat tegenwoordig <lb n="137" xml:id="l-137"/>bedorven wordt op allerlei gebied<c type="kk">/</c> waar vroegeren <lb n="138" xml:id="l-138"/>hun arbeid aan hebben gegeven<c type="kk">/</c> opregt<c type="kk">/</c> wordt nu lafhartig <lb n="139" xml:id="l-139"/>verwaarloosd en losgelaten<c type="kp">_</c>– Den tijd waarin wij leven <lb n="140" xml:id="l-140"/>is misschien iets uiterlijk fatsoenlijkers dan den vroegeren <lb n="141" xml:id="l-141"/>maar het nobele gaat er te veel uit dan dat <lb n="142" xml:id="l-142"/>men van de toekomst dezelfde groote dingen kan verwachten <lb n="143" xml:id="l-143"/>welke zijn geweest in ’t verleden. Enfin ieder moet het <lb n="144" xml:id="l-144"/>voor zich zelf weten.</ab><lb n="145" xml:id="l-145"/>
<ab rend="indent">Nu over iets anders, maar het was noodig dit een &amp; ander <lb n="146" xml:id="l-146"/>te behandelen al heb ik er geen ’t minste pleizier in er over <lb n="147" xml:id="l-147"/>te schrijven, namelijk over mijn bevindingen hier. <lb n="148" xml:id="l-148"/>Hoogeveen zelf vind ik hoe meer ik in de omstreken rondloop<c type="kk">/</c> <lb n="149" xml:id="l-149"/>hoe langer hoe mooier en ik twijfel niet of dit zal <lb n="150" xml:id="l-150"/>zoo blijven. Als C.M<c type="kp">_</c> vervalt<c type="kk">/</c> wat ik vrees<c type="kk">/</c> zoo neemt <lb n="151" xml:id="l-151"/>dat niet weg dat op den duur het hier voordeeliger uitkomt <lb n="152" xml:id="l-152"/>dan te s’Hage. Maar wegens C.M<c type="kp">_</c> vervalt zal ik <lb n="153" xml:id="l-153"/>een zekeren tijd moeten kromliggen voor ik <lb n="154" xml:id="l-154"/>mijn plannen kan uitvoeren. En misschien <lb n="155" xml:id="l-155"/>verliezen we daar après tout volstrekt niets bij.</ab><lb n="156" xml:id="l-156"/>
<ab rend="indent">Het is nu eenmaal zoo dat ik geld noodig heb en <lb n="157" xml:id="l-157"/>een voorraad verf en verschillende dingen<c type="kk">/</c> voor en <lb n="158" xml:id="l-158"/>aleer ik van den togt door den Zuid oosthoek van <lb n="159" xml:id="l-159"/>Drenthe bepaalde resultaten kan verwachten.</ab><lb n="160" xml:id="l-160"/>
<ab rend="indent">Maar over b.v. een halfjaar zal ik dat bezuinigd <lb n="161" xml:id="l-161"/>hebben hoop ik en in den tusschentijd zal ik <lb n="162" xml:id="l-162"/>toch dingen kunnen doen hier<c type="kp">_</c> <lb n="163" xml:id="l-163"/>Zoo nu zal ik vooreerst niet voor goed naar verder weg <lb n="164" xml:id="l-164"/>gaan maar nog blijven werken in deze omstreken<c type="kp">_</c> <lb n="165" xml:id="l-165"/>Zal zien wat geld te besparen voor twee reizen<c type="kk">/</c> <lb n="166" xml:id="l-166"/>één door den zuidoosthoek<c type="kk">/</c> een door de <lb n="167" xml:id="l-167"/>heide tusschen hier en Assen. En aan laatstgenoemden <lb n="168" xml:id="l-168"/>togt noordwaarts hoop ik te verbinden ’t bezoek aan <lb n="169" xml:id="l-169"/>vriend Rappard en alsdan in zijn logement op <lb n="170" xml:id="l-170"/>Terschelling<c type="kk">/</c> ’t Scheepje genaamd<c type="kk">/</c><anchor n="3" xml:id="note-o-3"/> een tijd te vertoeven. <lb n="171" xml:id="l-171"/>De uitvoering van die twee togten zou te roekeloos <lb n="172" xml:id="l-172"/>zijn indien men zonder voorraad en zonder <lb n="173" xml:id="l-173"/>berekend te zijn op de omstandigheden ze ondernam. <lb n="174" xml:id="l-174"/>Maar met geduld zijn ze mogelijk want ik zie <lb n="175" xml:id="l-175"/>genoeg dat ik hier minder onkosten heb dan te <lb n="176" xml:id="l-176"/>s’Hage. <lb n="177" xml:id="l-177"/>En vóór ik dat begin wilde ik het geld van Rappard <lb n="178" xml:id="l-178"/>afdoen<c type="kk">/</c> ook al zij het dat daarna ik van hem <lb n="179" xml:id="l-179"/>misschien weer iets zal leenen na hem gezien te hebben en <lb n="180" xml:id="l-180"/>als ik zeker weet ik er iets bepaalds door maken kan.</ab>
<pb f="2r" n="5" xml:id="pb-orig-2r-5" facs="#zone-pb-2r-5"/><lb n="181" xml:id="l-181"/>
<ab rend="indent">Ik heb hier aanvankelijk eenigen tegenspoed met modellen <lb n="182" xml:id="l-182"/>gehad op de heide<c type="kk">/</c> waar er over gelagchen werd en <lb n="183" xml:id="l-183"/>ik voor den gek gehouden en begonnen figuurstudies <lb n="184" xml:id="l-184"/>niet af kon krijgen door onwil van de modellen <lb n="185" xml:id="l-185"/>die ik evenwel, althans voor hier, goed had betaald<c type="kp">_</c> <lb n="186" xml:id="l-186"/>Ik heb echter daartegen mij verzet en <lb n="187" xml:id="l-187"/>op die zelfde plek op een enkel gezin mij geconcentreerd<c type="kk">/</c> <lb n="188" xml:id="l-188"/>waar ik nu eene oude vrouw<c type="kk">/</c> een meisje en een <lb n="189" xml:id="l-189"/>man kan krijgen en hoop heb die goed zullen <lb n="190" xml:id="l-190"/>blijven.</ab><lb n="191" xml:id="l-191"/>
<ab rend="indent">Ik heb een paar studies van de heide welke <lb n="192" xml:id="l-192"/>ik U zenden zal als zij goed droog zijn<anchor n="4" xml:id="note-o-4"/> en ben <lb n="193" xml:id="l-193"/>ook aquarellen begonnen.<anchor n="5" xml:id="note-o-5"/> En ik ben ook weer pen<c type="shy">-</c><lb n="194" xml:id="l-194"/>teekeningen begonnen<anchor n="6" xml:id="note-o-6"/> juist met het oog op het schilderen<c type="kk">/</c> <lb n="195" xml:id="l-195"/>omdat men met de pen in zulke details kan treden <lb n="196" xml:id="l-196"/>als geschilderde studies niet kunnen en men wel <lb n="197" xml:id="l-197"/>doet twee studies te maken<c type="kk">/</c> een geheel geteekend <lb n="198" xml:id="l-198"/>voor ’t in elkaar zitten der dingen én een geschilderd <lb n="199" xml:id="l-199"/>voor de kleur<c type="kp">_</c> Als het n.l. kan en de gelegenheid het <lb n="200" xml:id="l-200"/>toelaat is dit een weg om later de geschilderde studie <lb n="201" xml:id="l-201"/>op te voeren.</ab><lb n="202" xml:id="l-202"/>
<ab rend="indent">De heide is rijk en er zijn moerassige weien die <lb n="203" xml:id="l-203"/>mij dikwijls aan Th<c type="kp">_</c> Rousseau herinneren.</ab><lb n="204" xml:id="l-204"/>
<ab rend="indent">Nu<c type="kk">/</c> ik kan U zeggen dat de buitenlucht en het <lb n="205" xml:id="l-205"/>leven hier mij veel opsterkt<c type="kp">_</c> Och had de arme <lb n="206" xml:id="l-206"/>vrouw het nog eens kunnen hebben – ik denk <lb n="207" xml:id="l-207"/>aan haar met zoo innigen weemoed – ondanks <lb n="208" xml:id="l-208"/>mijn gezond verstand mij ten duidelijkste zegt dat <lb n="209" xml:id="l-209"/>het nu onmogelijk kan in gegeven omstandigheden<c type="kp">_</c> <lb n="210" xml:id="l-210"/>Ik ben ongerust over haar wegens ik niets van <lb n="211" xml:id="l-211"/>haar hoorde en daaruit opmaak zij dingen <lb n="212" xml:id="l-212"/>die ik haar aanraadde of niet heeft willen of niet <lb n="213" xml:id="l-213"/>heeft kunnen doen. Ik kan haar zelfs moeielijk <lb n="214" xml:id="l-214"/>schrijven wegens als zij in de Bagijnestraat blijft <lb n="215" xml:id="l-215"/>wonen ik primo weet mijn brief geopend wordt<c type="kk">/</c> waarschijnlijk <lb n="216" xml:id="l-216"/>door haar broer of haar moeder<c type="kk">/</c> en ten tweede <lb n="217" xml:id="l-217"/>zoolang zij daar woont ik er ook niet mee <hi rend="ital">wil</hi> te maken <lb n="218" xml:id="l-218"/>hebben<c type="kk">/</c> <hi rend="ital">zelfs niet met haar</hi>.–<anchor n="7" xml:id="note-o-7"/> Enfin misschien hoor <lb n="219" xml:id="l-219"/>ik iets nog<c type="kk">/</c> maar ik zal er sombere gedachten door <lb n="220" xml:id="l-220"/>hebben als ik niets naders verneem. Ik had gehoopt berigt te <lb n="221" xml:id="l-221"/>krijgen van een ander adres dan de Bagijnestr. en dat zij met haar moeder <lb n="222" xml:id="l-222"/>een zaakje om goed te wasschen en te strijken zouden begonnen zijn<c type="kp">_</c></ab>
<pb f="2v" n="6" xml:id="pb-orig-2v-6" facs="#zone-pb-2v-6"/><lb n="223" xml:id="l-223"/>
<ab rend="indent">O Theo als zij geen familie had gehad zou ze zich zooveel <lb n="224" xml:id="l-224"/>beter gehouden hebben. Vrouwen zooals <lb n="225" xml:id="l-225"/>zij zijn wel degelijk slecht maar primo <lb n="226" xml:id="l-226"/>oneindig<c type="kk">/</c> zegge oneindig deerniswaardiger <lb n="227" xml:id="l-227"/>dan slecht<c type="kk">/</c> en ten tweede hebben ze een zekeren <lb n="228" xml:id="l-228"/>hartstogt<c type="kk">/</c> zekere warmte die iets zóó erg <lb n="229" xml:id="l-229"/>menschelijks heeft dat de braven er wel eens <lb n="230" xml:id="l-230"/>een lesje aan konden nemen en ik voor mij <lb n="231" xml:id="l-231"/>het woord van Jezus gevoel die zeide tot de oppervlakkig <lb n="232" xml:id="l-232"/>beschaafden<c type="kk">/</c> de fatsoenlijke lui van Zijn tijd<c type="kk">/</c> “de hoeren gaan <hi rend="ital">U</hi> VÓÓR”<c type="kp">_</c><anchor n="8" xml:id="note-o-8"/> <lb n="233" xml:id="l-233"/>Vrouwen zoo als zij<c type="kk">/</c> ze kunnen fataal slecht zijn (ik <lb n="234" xml:id="l-234"/>spreek hier niet eens van de Nana’s<c type="kk">/</c><anchor n="9" xml:id="note-o-9"/> volbloedig en wellustig<c type="kk">/</c> doch van de <lb n="235" xml:id="l-235"/>meer zenuwachtige<c type="kk">/</c> denkende temperamenten onder hen)<c type="kk">/</c> <lb n="236" xml:id="l-236"/>vrouwen zooals zij<c type="kk">/</c> ten volle regtvaardigen ze ’t woord van Proudhon<c type="kk">/</c> <lb n="237" xml:id="l-237"/>la femme est la désolation du juste<anchor n="10" xml:id="note-o-10"/> – om wat wij “la raison” <lb n="238" xml:id="l-238"/>noemen geven ze niet en handelen regtlijnig en schuldig er tegen in, <lb n="239" xml:id="l-239"/>ik weet dat<c type="kk">/</c> maar zij hebben aan den anderen kant toch dat <lb n="240" xml:id="l-240"/>echt menschelijke dat maakt men niet zonder hen mag of kan <lb n="241" xml:id="l-241"/>en er van voelt er goeds in hen zit en iets almagtig goeds zelfs<c type="kk">/</c> <lb n="242" xml:id="l-242"/>al kan men het niet defineeren anders dan als een “je ne sais quoi <lb n="243" xml:id="l-243"/>qui fait qu’on les aime après<anchor n="b" xml:id="note-o-b"/> tout”<c type="kp">_</c>– Gavarni was serieus toen hij zei<c type="kk">/</c> <lb n="244" xml:id="l-244"/>avec chacune que j’ai quittée j’ai senti quelque chose <lb n="245" xml:id="l-245"/>se mourir en moi<c type="kp">_</c>–<anchor n="11" xml:id="note-o-11"/> En het mooiste woord en het <hi rend="sc">beste</hi> dat <lb n="246" xml:id="l-246"/>ik ken betreffende de vrouwen kwestie is dat wat gij ook kent<c type="kk">/</c> <lb n="247" xml:id="l-247"/><hi rend="ital">o femme que </hi><hi rend="sc"><hi rend="ital">j’aurais</hi></hi><hi rend="ital"> aimée</hi><c type="kk">/</c><anchor n="12" xml:id="note-o-12"/> en men zou daarmee de <lb n="248" xml:id="l-248"/>eeuwigheid in willen gaan<c type="kk">/</c> willende er niets verder meer <lb n="249" xml:id="l-249"/>dan dat van weten.<anchor n="13" xml:id="note-o-13"/></ab><lb n="250" xml:id="l-250"/>
<ab rend="indent">Ik weet dat er vrouwen zijn<c type="kk">/</c> absurd genoeg (zij toch doen er nog meer <lb n="251" xml:id="l-251"/>kwaad aan dan de mannen)<c type="kk">/</c> die geheel en al door eerzucht enz<c type="kp">_</c> worden <lb n="252" xml:id="l-252"/>bestuurd – Lady Macbeth is de type er van<anchor n="14" xml:id="note-o-14"/> – die vrouwen zijn <lb n="253" xml:id="l-253"/>fataal en ondanks hare charme moet men ze mijden of men wordt <lb n="254" xml:id="l-254"/>een schurk en staat in korten tijd voor ontzettend kwaad dat <lb n="255" xml:id="l-255"/>men bedreven heeft en nooit weer goed kan maken – doch zooiets <lb n="256" xml:id="l-256"/>was in haar met wie ik was niet<c type="kk">/</c> ofschoon ze <lb n="257" xml:id="l-257"/>ijdel was<c type="kk">/</c> even als we allen het zijn bij tijden. arm<c type="kk">/</c> arm<c type="kk">/</c> <lb n="258" xml:id="l-258"/>arm schepsel is het eenige wat ik voelde in ’t begin en ik <lb n="259" xml:id="l-259"/>nog voel in ’t eind<c type="kp">_</c> Slecht?– que soit<c type="kk">/</c> doch wie in onzen <lb n="260" xml:id="l-260"/>tijd is goed? Wie voelt zich zoo rein dat hij voor regter wil spelen<c type="kp">_</c>– <lb n="261" xml:id="l-261"/>Dat zij verre.– Delacroix zou<c type="kk">/</c> zeg ik<c type="kk">/</c> haar hebben begrepen <lb n="262" xml:id="l-262"/>en Gods <hi rend="ital">misericorde</hi><anchor n="15" xml:id="note-o-15"/> zal haar, denk ik soms, toch <lb n="263" xml:id="l-263"/>nog veel meer begrijpen<c type="kp">_</c></ab><lb n="264" xml:id="l-264"/>
<ab rend="indent">Zooals ik U schreef<c type="kk">/</c> het kleine mannetje hield erg veel van mij <lb n="265" xml:id="l-265"/>en toen ik al in den wagon zat<c type="kk">/</c> had ik hem <supplied>no</supplied>g op mijn schoot. en <lb n="266" xml:id="l-266"/>zoo zijn we van elkaar gegaan<c type="kk">/</c> ik geloof van weerskanten met <lb n="267" xml:id="l-267"/>onuitsprekelijken weemoed maar meer ook niet<c type="kp">_</c></ab>
<pb f="2v" n="7" xml:id="pb-orig-2v-7" facs="#zone-pb-2v-7"/><lb n="268" xml:id="l-268"/>
<ab rend="indent">Ik verklaar U broer<c type="kk">/</c> ik ben niet goed op de manier <lb n="269" xml:id="l-269"/>van de domines<c type="kk">/</c> ik vind ook wel hoeren<c type="kk">/</c> om <lb n="270" xml:id="l-270"/>nu met ronde woorden te spreken<c type="kk">/</c> slecht<c type="kk">/</c> maar ik <lb n="271" xml:id="l-271"/>voel toch iets menschelijks in hen dat maakt <lb n="272" xml:id="l-272"/>ik niet de minste scrupule heb met hen te verkeeren<c type="kk">/</c> <lb n="273" xml:id="l-273"/>ik zie niets bijzonders kwaads aan hen<c type="kk">/</c> ik heb <lb n="274" xml:id="l-274"/>niet het allerminste berouw over kennis die ik <lb n="275" xml:id="l-275"/>met hen heb of gehad heb. Als onze maatschappij <lb n="276" xml:id="l-276"/>eene reine en geregelde was<c type="kk">/</c> o ja dan waren zij <lb n="277" xml:id="l-277"/>verleidsters nu – menigmaal zijn zij m<c type="kp">_</c>i<c type="kp">_</c> meer als soeurs <lb n="278" xml:id="l-278"/>de charité<anchor n="16" xml:id="note-o-16"/> te beschouwen dan als iets anders.</ab><lb n="279" xml:id="l-279"/>
<ab rend="indent">En <hi rend="ital">nu</hi><c type="kk">/</c> even als in andere periodes van ondergang <lb n="280" xml:id="l-280"/>eener beschaving<c type="kk">/</c> zijn door de corruptie der <lb n="281" xml:id="l-281"/>maatschappij de verhoudingen van goed &amp; kwaad <lb n="282" xml:id="l-282"/>veel malen omgekeerd en komt men alweer <lb n="283" xml:id="l-283"/>raisonable teregt op het oude woord “eersten <lb n="284" xml:id="l-284"/>zullen de laatsten zijn en laatsten zullen de eersten zijn”<c type="kp">_</c>–<anchor n="17" xml:id="note-o-17"/></ab><lb n="285" xml:id="l-285"/>
<ab rend="indent">Ik ben zooals gij op Pere Lachaise geweest<c type="kk">/</c> ik heb er graven <lb n="286" xml:id="l-286"/>gezien van mannen voor wie ik een onbeschrijfelijk respect heb<c type="kk">/</c> hetzelfde <lb n="287" xml:id="l-287"/>respect voelde ik bij ’t nederige grafzerkje van de maîtresse <lb n="288" xml:id="l-288"/>van Béranger dat ik expres opzocht (als ’k me wel herinner is het in <lb n="289" xml:id="l-289"/>een hoekje achter ’t zijne)<anchor n="18" xml:id="note-o-18"/> en ik dacht daar nog aan de <lb n="290" xml:id="l-290"/>maitresse van Corot ook vooral.<anchor n="19" xml:id="note-o-19"/> Stille muzen waren zulke <lb n="291" xml:id="l-291"/>vrouwen en de emotie van die zachtmoedige meesters<c type="kk">/</c> <lb n="292" xml:id="l-292"/>het intieme<c type="kk">/</c> het penetrante van hun poezij<c type="kk">/</c> ik voel er steeds<c type="kk">/</c> <lb n="293" xml:id="l-293"/>altijd<c type="kk">/</c> overal den invloed van een vrouwelijk element <lb n="294" xml:id="l-294"/>in. Ik spreek een beetje serieus in dezen brief<c type="kk">/</c> <lb n="295" xml:id="l-295"/>niet wegens ik Pa’s gevoelens en zienswijs b.v. verkeerd vind <lb n="296" xml:id="l-296"/>in alles – verre van daar – gij zult b.v. in veel dingen wel <lb n="297" xml:id="l-297"/>doen met Pa’s raad te volgen – wij spraken over Pa<c type="kk">/</c> weet <lb n="298" xml:id="l-298"/>ge wel<c type="kk">/</c> bij Uw bezoek en op ’t moment van Uw heengaan – <lb n="299" xml:id="l-299"/>maar iets wat ik toen onbestemd voelde kan ik nu <lb n="300" xml:id="l-300"/>in duidelijker woorden zeggen<c type="kk">/</c> <hi rend="sc">als</hi> ge met Pa spreekt<c type="kk">/</c> <lb n="301" xml:id="l-301"/>denk dan tevens b.v. aan <hi rend="ital">Corot</hi><c type="kk">/</c> gij zult dan van zelf <lb n="302" xml:id="l-302"/>vermijden sommige uitersten waarin Pa veel te veel vervalt<c type="kk">/</c> <lb n="303" xml:id="l-303"/>en op die conditie van minder hoekigheid is Pa’s raad <lb n="304" xml:id="l-304"/>meestal goed<c type="kk">/</c> houd ik ’t er voor<c type="kk">/</c> en heb ik zelf menigmaal naar <lb n="305" xml:id="l-305"/>geluisterd. Maar ik wijs er eens op dat Pa en meer anderen <lb n="306" xml:id="l-306"/><hi rend="sc">niet weten</hi> dat er behalve hun regt leven – want Pa’s leven <lb n="307" xml:id="l-307"/>is regt – er andere regte levens zijn<c type="kk">/</c> meer in een zachter geest<c type="kk">/</c> <lb n="308" xml:id="l-308"/>in ’t karakter Corot<c type="kk">/</c><anchor n="20" xml:id="note-o-20"/> Beranger zal ik maar zeggen<c type="kp">_</c>– Gij en <lb n="309" xml:id="l-309"/>ik ook voelen in elk geval dat veel meer. Omdat Pa en <lb n="310" xml:id="l-310"/>anderen DAT <hi rend="sc">niet</hi> WE<supplied>TE</supplied>N<c type="kk">/</c> vergissen zij zich menigmaal en fataal <lb n="311" xml:id="l-311"/>in beoordeeling van zekere zaken.– Vergissingen in het genre <lb n="312" xml:id="l-312"/>van dat b.v. C.M<c type="kp">_</c> zeker zich er van houdt dat de Groux een slecht mensch <lb n="313" xml:id="l-313"/>was<c type="kk">/</c> ’t geen<c type="kk">/</c> hoe zeker hij er zich van houde<c type="kk">/</c> evenwel hij mis heeft.<anchor n="21" xml:id="note-o-21"/></ab>
<pb f="2r" n="8" xml:id="pb-orig-2r-8" facs="#zone-pb-2r-8"/><lb n="314" xml:id="l-314"/>
<ab rend="indent">Ik zal U nu nog iets zeggen om U duidelijk te maken dat ik niet <lb n="315" xml:id="l-315"/>in ’t abstracte spreek doch over dingen die vastigheid en corps hebben. <lb n="316" xml:id="l-316"/>Wilt ge een voorbeeld van iemand die oorspronkelijk het gewone <lb n="317" xml:id="l-317"/>goede<c type="kk">/</c> Hollandsche karakter en gevoel had en sedert dat gevoel <lb n="318" xml:id="l-318"/>toch heeft gewijzigd<c type="kk">/</c> toch nog zich bezonnen en denk ik nog meer wijzigen zal. Dan <lb n="319" xml:id="l-319"/>noem ik als voorbeeld Rappard<c type="kk">/</c> die nu reeds veel zachter en humaner <lb n="320" xml:id="l-320"/>is dan ik hem eerst leerde kennen en m.i<c type="kp">_</c> veel verbeterd is<c type="kk">/</c> al was hij <lb n="320a" xml:id="l-320a"/>vroeger reeds goed. <lb n="321" xml:id="l-321"/>ofschoon<c type="kk">/</c> vrees ik<c type="kk">/</c> het niet door iedereen zoo beschouwd wordt en <lb n="322" xml:id="l-322"/>hij er wel eens strijd over reeds gehad heeft. Hij was vroeger ook <lb n="323" xml:id="l-323"/>wel degelijk goed maar toch hij is ontevreden geworden met <lb n="324" xml:id="l-324"/><hi rend="ital">dat</hi> en is nu dieper en humaner dan toen<c type="kp">_</c>– Hij heeft het er <lb n="325" xml:id="l-325"/>niet makkelijker door – vroeger had hij veel minder strijd – dat <lb n="326" xml:id="l-326"/>weet ik zeker – want ik heb hem in der tijd nog genoemd spottenderwijs <lb n="327" xml:id="l-327"/>“<hi rend="ital">het gerust geweten</hi>” en hem daarover geplaagd<c type="kk">/</c> wat ik nu <lb n="328" xml:id="l-328"/>volstrekt niet meer doe omdat ik zie er een revolutie in hem <lb n="329" xml:id="l-329"/>is geweest. Hij is <hi rend="ital">een beetje</hi> minder elegant en hij is veel <lb n="330" xml:id="l-330"/>minder oppervlakkig als mensch<c type="kk">/</c> en een zekere geniale <lb n="331" xml:id="l-331"/>kiem heeft haar ontwikkeling begonnen en de klip van <lb n="332" xml:id="l-332"/>“verdorren” heeft hij omgezeild<c type="kp">_</c></ab><lb n="333" xml:id="l-333"/>
<ab rend="indent">In zake van menschen die het goede opregt zoeken <lb n="334" xml:id="l-334"/>vind ik waar wat Hugo zegt<c type="kk">/</c> “<hi rend="ital">il y a le rayon NOIR et</hi> <lb n="335" xml:id="l-335"/><hi rend="ital">il y a le rayon BLANC</hi>”.<anchor n="22" xml:id="note-o-22"/></ab><lb n="336" xml:id="l-336"/>
<ab rend="indent">Pa mijns inziens heeft meer le rayon noir en <lb n="337" xml:id="l-337"/>Corot heeft meer le rayon blanc doch <lb n="338" xml:id="l-338"/>beiden hebben zij un rayon d’en haut.<anchor n="23" xml:id="note-o-23"/></ab><lb n="339" xml:id="l-339"/>
<ab rend="indent">Zoo noem ik niemand slecht van wie we bespraken<c type="kk">/</c> <hi rend="ital">quand même</hi> NIET<c type="kk">/</c> maar ik <lb n="340" xml:id="l-340"/>zeg dat le rayon noir een fatalen kant heeft en <lb n="341" xml:id="l-341"/>wegens ik sedert wel eens dacht aan wat gij mij zeidet op ’t perron <lb n="342" xml:id="l-342"/>van ’t station bij Uw heengaan<c type="kk">/</c> zeg ik U nu tot explicatie nog <lb n="343" xml:id="l-343"/>van ’t geen waar ik toen zoo dadelijk geen woorden voor kon vinden<c type="kk">/</c> <lb n="344" xml:id="l-344"/>“ik weet dat Pa Pa is<c type="kk">/</c> maar er is behalve dat nog iets<c type="kk">/</c> <lb n="345" xml:id="l-345"/>n<c type="kp">_</c>l. wat we dan `le rayon blanc´ zullen noemen”<c type="kp">_</c> <lb n="346" xml:id="l-346"/>En daar vind ik meer positiefs<c type="kk">/</c> meer waarachtigen vrede <lb n="347" xml:id="l-347"/>in en heb ik veel meer mijn attentie op gevestigd. Betreffende <lb n="348" xml:id="l-348"/>Millet<c type="kk">/</c> hij is nog boven al de anderen uit de man die le rayon blanc <lb n="349" xml:id="l-349"/>had. Millet heeft een evangelie en ik vraag U of er niet een onderscheid <lb n="350" xml:id="l-350"/>is tusschen een teekening van hem en een mooie preek. <lb n="351" xml:id="l-351"/>De preek wordt er zwart bij<c type="kk">/</c> is ’t effet produit der vergelijking<c type="kk">/</c> al is ze (de preek nl.) mooi <lb n="352" xml:id="l-352"/>op zich zelf<c type="kk">/</c> gesteld dat ze het is. Ik weet dat gij ook veel <lb n="353" xml:id="l-353"/>strijd hebt in deze dagen<c type="kk">/</c> al weet ik niet precies hoe of wat<c type="kp">_</c><anchor n="24" xml:id="note-o-24"/> En <lb n="354" xml:id="l-354"/>in elk geval is het uit sympathie dat ik U precies zeg hoe ik over een <lb n="355" xml:id="l-355"/>paar dingen denk<c type="kk">/</c> wegens ik ook veel strijd gehad heb en nog heb.</ab><lb n="356" xml:id="l-356"/>
<ab rend="indent">En U wensch ik toe hoe langer hoe meer van <lb n="357" xml:id="l-357"/>le rayon <hi rend="sc">blanc</hi> hoor! Dank voor ’t gezondene en een handdruk <lb n="358" xml:id="l-358"/>in gedachten<c type="kp">_</c></ab>
<vg:whiteline/><lb n="358*" xml:id="l-358s"/>
<ab>t. à t<c type="kp">_</c></ab><lb n="359" xml:id="l-359"/>
<ab>Vincent</ab>
<vg:whiteline/>
<div type="textualNotes">
<note target="l-46" n="46"><supplied>w</supplied>el &lt; <hi rend="ital">Text lost due to an ink-blot.</hi></note>
<note target="l-89" n="89">(de Theologische althans) &lt; <hi rend="ital">Added later; parentheses added by us.</hi></note>
<note target="l-99" n="99">– TOEN &lt; TOEN</note>
<note target="l-103" n="103">voelen; &lt; voelen</note>
<note target="l-243" n="243">tout”<c type="kp">_</c>– &lt; tout –</note>
<note target="l-248" n="248">in &lt; mee in</note>
<note target="l-252" n="252">Macbeth &lt; Macbeth –</note>
<note target="l-252" n="252">van – &lt; van</note>
<note target="l-265" n="265"><supplied>no</supplied>g &lt; <hi rend="ital">Text lost due to an ink-blot.</hi></note>
<note target="l-284" n="284">zijn”<c type="kp">_</c>– &lt; zijn –</note>
<note target="l-310" n="310">WE<supplied>TE</supplied>N &lt; <hi rend="ital">Text lost due to an ink-blot.</hi></note>
<note target="l-335" n="335"><hi rend="ital">BLANC</hi>”. &lt; <hi rend="ital">BLANC</hi>.</note>
<note target="l-345" n="345">noemen”<c type="kp">_</c> &lt; noemen</note>
<note target="l-351" n="351">(de preek nl.) &lt; <hi rend="ital">Added later; parentheses added by us.</hi></note></div></div>
<div type="translation">
<pb f="1r" n="1" xml:id="pb-trans-1r-1" facs="#zone-pb-1r-1"/>
<ab>Dear brother,</ab>
<ab>I’ve just received your letter and thank you right heartily for it. And want to write to you again straightaway to tell you a few things about my experiences. First of all, I’ve had a letter from <rs type="pers" key="1306">Rappard</rs> in West-Terschelling and he’s hard at work there, having first spent some time here in Drenthe, in Rolde near Assen.</ab>
<ab rend="indent">I hope to be able to visit him there myself this winter and to make a few more studies; the trip there, as far as I can make out, there and back, being three guilders, unless the crossing to T. should prove difficult. But it would be worth it to be with a painter again, and will break the isolation.</ab>
<ab rend="indent">I’m longing to get your next letter, which I hope won’t get stuck in the pen. Don’t forget to tell me the outcome regarding <rs type="pers" key="422">C.M.</rs>, whether you’ve told him that I was here and whether your letter has also gone unanswered. If that’s the case I’ll certainly go and see C.M., not now of course but later, and ask him to explain why he didn’t reply. I shan’t write, but I’m unshakeably determined that I shall <hi rend="sc">not</hi> put up with his not answering, particularly not answering <hi rend="ital">you</hi>, and since this is part of it, also his not answering <hi rend="ital">me</hi>.</ab>
<ab rend="indent">I’ve NEVER SAID that <rs type="pers" key="422">he</rs> <hi rend="ital">must</hi> do something, nor do I now. I count what he did or might do as a favour, and as such something for which I’ve always thanked him, and for my part have also given him studies, certainly 50 altogether,<anchor n="1" xml:id="note-t-1"/> with the right to swap them later. And all this being so, I certainly don’t have to tolerate any insults, and it <hi rend="ital">is</hi> a gross insult that I haven’t even had word that he received the last packet of studies. Not a syllable. And should <hi rend="ital">your</hi> letter remain unanswered on top of this, it would be <hi rend="ital">cowardice</hi> to leave it at that, and I <hi rend="sc">must</hi> and shall demand an explanation. Which, as said, I shall most certainly do, and in a personal visit, even though some time may elapse. If he isn’t willing to talk to me then, that would by no means finish the matter, because my mind is made up that I <hi rend="ital">shall</hi> have satisfaction about it. Should he give it me, well and good, but should he refuse to give it me (I haven’t used a single impolite term to him, I’ve only written in a very cool tone), should, I say, he refuse to give it me, <hi rend="ital">I </hi><hi rend="sc">may</hi> say an eye for an eye, a tooth for a tooth,<anchor n="2" xml:id="note-t-2"/> and insult him roundly back, which I would do in cold blood.
<pb f="1v" n="2" xml:id="pb-trans-1v-2" facs="#zone-pb-1v-2"/></ab>
<ab rend="indent">Make no mistake, brother, understand me in this once and for all, however desirable it might be to get financial help — that is far from being No. 1. No. 1 is that <rs type="pers" key="422">he</rs> goes too far in losing sight of the rights that I have as a human being, even were I a stranger to him (I never speak of our relationship, nor rely on it), not to be treated as a bad lot, not to be condemned or accused of this or that without being able to speak up for myself. I have the <hi rend="sc">right</hi>, <hi rend="ital">every right</hi> to <hi rend="sc">demand</hi> an answer and to consider silence a very gross insult.</ab>
<ab rend="indent">I must speak frankly about this because I had hoped until now that it would come right of its own accord, and that I would receive word in reply.</ab>
<ab rend="indent">But there’s a limit to this silent forbearance and, as I say, beyond that limit it would be cowardly and unmanly of me not to protest four-square against it. So I ask you kindly, simply to tell me what has happened as regards an answer to your letter; then I’ll know for myself what I must do, then I won’t say another word about it, but even if more than a year were to pass I’ll still find deep inside me, as untarnished, clear and bright as I have at this moment, this same feeling that I <hi rend="ital">must have</hi> an explanation, and not rest until I’ve settled matters with <rs type="pers" key="422">him</rs> one way or another.</ab>
<ab rend="indent">I think that you’ll appreciate my feelings, and would do so all the more if you knew precisely what occurred between <rs type="pers" key="422">him</rs> and me in years past. When I was very dubious about the plan to study, whether the promise to bring that about was straightforward and well-considered — I thought then that <hi rend="ital">they</hi> made the plan too hastily and <hi rend="ital">I </hi>went along with it too hastily, and in my view it remains an excellent thing that it stopped when it did, which I deliberately brought about myself, contriving it such that the shame of giving up fell on me and not on anyone else. You know that I, who have learned other languages, could have managed to master that miserable little bit of Latin &amp;c., but I said I couldn’t cope. This was an excuse, because I didn’t want to tell my protectors that I regard the whole University (or at least the Theology Faculty) as an unspeakable mess, a breeding-ground for Pharisees.
<pb f="1v" n="3" xml:id="pb-trans-1v-3" facs="#zone-pb-1v-3"/></ab>
<ab rend="indent">I tried to prove that I didn’t lack courage by going to the Borinage, where life was most certainly much harder for me than it would have been had I become a student.</ab>
<ab rend="indent">I thought that <rs type="pers" key="422">C.M.</rs>, for example, might have understood me better, and have all the more reason to believe him insensitive when I think how he has treated me with a degree of contempt ever since. <hi rend="sc">Then</hi> and <hi rend="sc">now</hi> I’ve kept to myself a good many things that I could have said, and if I ever tackle him about them he’ll have to feel a thing or two in his conscience, whatever he may say; how I, neither in the past nor now, have ever committed any base acts against him, so there’s no conceivable reason for this insult of his failure to reply, all the more so since it would have been better if, from the moment when I went to The Hague, all that was in the past had been forgiven and forgotten and we’d resolved to maintain cordial relations, which I discussed with His Hon. at the time. But I do <hi rend="ital">not</hi> say, brother, peace at <hi rend="ital">any price</hi>, and I would rather have an unpleasant explanation than weakly let things go when doing so would be weak, and it would be now.</ab>
<ab rend="indent">Be assured, though, that I shall NOT mention you, even though <rs type="pers" key="422">his</rs> insult to you, if he doesn’t set it right (it occurs to me that he’s beginning to use something of the same policy towards you) is what’s making me resolved to have it out with His Hon., and I’ve decided to say a great many things to him.</ab>
<ab rend="indent">I promise you that, I’ll make it appear as if I was talking about myself alone, as if I knew nothing about you.</ab>
<ab rend="indent">I have the very deepest contempt for this mysterious, sphinx-like silence &amp;c., and I tell you here and now that I think all sorts of things about it, except for something that’s straightforward and honest or true.</ab>
<ab rend="indent">It may have something to do with the general politics of the day, I know that, but as you know I don’t agree with the general politics of the day because I regard it as base and bearing all the traits of a decline that will end in a new periwig age.
<pb f="1r" n="4" xml:id="pb-trans-1r-4" facs="#zone-pb-1r-4"/></ab>
<ab rend="indent">One could weep about what’s presently being spoiled in all sorts of areas, things to which our predecessors devoted their labours, honestly, are now being mean-spiritedly neglected and abandoned. The times we live in are perhaps outwardly a little more respectable than earlier days, but too much nobleness is being lost for us to be able to expect the same great things of the future that there have been in the past. Well, everyone has to make up his own mind.</ab>
<ab rend="indent">Now to change the subject — but it was necessary to deal with these matters, although I take not the slightest pleasure in writing about them — namely my experiences here. The more I walk around the area, the more I’m coming to like Hoogeveen itself, and I don’t doubt that this will remain so. If <rs type="pers" key="422">C.M.</rs> falls through, which I fear, this doesn’t alter the fact that in the long run it will work out cheaper here than in The Hague. But because of C.M. falling through I’ll have to scrimp and save for a while before I can carry out my plans. And perhaps we’ll lose absolutely nothing by it after all.</ab>
<ab rend="indent">The fact is that I do need money and a stock of paint and various things before I can expect any results from the trip through the south-east corner of Drenthe.</ab>
<ab rend="indent">But in six months or so I hope I’ll have saved enough, and in the meantime I’ll still be able to do things here. So for the present I won’t go further away for good, but will stay and work in this area. Will try to save some money for two trips, one through the south-east corner, one across the heath between here and Assen. And I hope to combine the latter trip to the north with a visit to friend <rs type="pers" key="1306">Rappard</rs> and spend some time in his lodgings on Terschelling, known as ’t Scheepje.<anchor n="3" xml:id="note-t-3"/> It would be too reckless to go on these two trips if one were to undertake them without supplies and without being prepared for the circumstances. But with patience they’re possible, for I see well enough that I have fewer expenses here than in The Hague. And before I begin on that I’d like to pay <rs type="pers" key="1306">Rappard</rs> his money back, although it may be that later I’ll perhaps borrow something from him again after I’ve seen him, and if I know for sure that I can make something specific with it.
<pb f="2r" n="5" xml:id="pb-trans-2r-5" facs="#zone-pb-2r-5"/></ab>
<ab rend="indent">At first I had some trouble here with models on the heath, where people laughed about it and I was ridiculed and couldn’t finish figure studies that I’d started because of the unwillingness of the models, although I had paid them well, at least for these parts. I stood firm, though, and concentrated on a single family in that same place, where I can now get an old woman, a girl and a man, and have hopes that they’ll remain willing.</ab>
<ab rend="indent">I have a few studies of the heath, which I’ll send you when they’re thoroughly dry,<anchor n="4" xml:id="note-t-4"/> and have also begun watercolours.<anchor n="5" xml:id="note-t-5"/> And I’ve also started pen drawings again,<anchor n="6" xml:id="note-t-6"/> specifically with a view to painting, because one can go into such details with the pen as painted studies cannot do, and one does well to make two studies, one entirely drawn for the way things are put together, and one painted for the colour. If this can be done, that is, and the occasion permits, this is a way of working up the painted study later. </ab>
<ab rend="indent">The heath is rich, and there are marshy meadows that often remind me of <rs type="pers" key="1332">T. Rousseau</rs>.</ab>
  <ab rend="indent">Well, I can tell you that the open air and the life here are really doing me good. Oh if only the poor <rs type="pers" key="463">woman</rs> could have had it — I think of her with such profound sadness — although my common sense tells me quite clearly that it’s impossible now in the circumstances. I’m worried about her because I heard nothing from her, and from that assume that she has been either unwilling or unable to do things that I advised her to do. I can’t even write to her easily, because if she continues to live in Bagijnestraat I know first that my letter will be opened, probably by her <rs type="pers" key="469">brother</rs> or her <rs type="pers" key="464">mother</rs>, and secondly as long as she lives there I don’t <hi rend="ital">want</hi> to have anything to do with it anyway, <hi rend="ital">not even with her</hi>.<anchor n="7" xml:id="note-t-7"/> Still, perhaps I’ll hear something yet, but my thoughts will be gloomy if I hear nothing further. I had hoped to get a message from an address other than Bagijnestraat, and that she and her mother had started a little business doing laundry and ironing.
<pb f="2v" n="6" xml:id="pb-trans-2v-6" facs="#zone-pb-2v-6"/></ab>
<ab rend="indent">Oh Theo, if <rs type="pers" key="463">she</rs> hadn’t had any family she’d have behaved herself so much better. Women like her really are bad, but first infinitely, I say infinitely, more pitiable than bad, and secondly they have a certain passion, certain warmth which has something so very human that the respectable could learn a lesson, and I for my part understand the words of Jesus, who said to the superficially civilized, the respectable people of His time, ‘the harlots go BEFORE<hi rend="ital"> you</hi>’.<anchor n="8" xml:id="note-t-8"/> Women like her, they can be fatally bad (I’m not even speaking here of the Nanas,<anchor n="9" xml:id="note-t-9"/> full-blooded and sensual, but of the more nervous, rational temperaments among them), women like her, they fully justify <rs type="pers" key="722">Proudhon</rs>’s words, woman is the desolation of the righteous man<anchor n="10" xml:id="note-t-10"/> — they don’t care about what we call ‘reason’ and go against it directly and culpably, I know that, but on the other hand they still have that genuine humanity, which means that one may not and cannot do without them, and one feels that there’s good in them and even something almighty good, even though one can’t define it other than ‘I don’t know what makes one love them after all’. <rs type="pers" key="1043">Gavarni</rs> was serious when he said: I felt something die within me with every woman that I have left.<anchor n="11" xml:id="note-t-11"/> And the most beautiful saying and the <hi rend="sc">best</hi> that I know on the question of women is the one that you know too, <hi rend="ital">oh woman whom </hi><hi rend="sc"><hi rend="ital">I could have</hi></hi><hi rend="ital"> loved</hi>,<anchor n="12" xml:id="note-t-12"/> and one would willingly go into the infinite with that, wanting nothing more than that knowledge.<anchor n="13" xml:id="note-t-13"/> </ab>
<ab rend="indent">I know that there are women, absurdly enough (they indeed do even more harm to it than the men), who are wholly governed by ambition etc. — Lady Macbeth is this type<anchor n="14" xml:id="note-t-14"/> — these women are fatal, and one must avoid them despite their charm or one becomes a villain and very soon finds oneself faced with terrible evil that one has done and can never put right again — but there was nothing like this in <rs type="pers" key="463">her</rs> with whom I was, although she was vain, just as we all are at times. Poor, poor, poor creature is all that I felt at the start and I still feel in the end. Bad? So be it, but who in our times is good? Who feels so pure that he wants to play judge? God forbid. <rs type="pers" key="982">Delacroix</rs> would have understood her, I dare say, and God’s <hi rend="ital">misericorde</hi><anchor n="15" xml:id="note-t-15"/> will even, I sometimes think, understand her much more, surely.</ab>
<ab rend="indent">As I wrote to you, the little lad loved me very much, and when I was already sitting in the wagon I still had him on my lap. And so we parted, I believe with inexpressible melancholy on both sides, but nothing more.
<pb f="2v" n="7" xml:id="pb-trans-2v-7" facs="#zone-pb-2v-7"/></ab>
<ab rend="indent">I tell you brother, I’m not good in the way of the ministers, I too, not to mince words, think whores are bad, but I nevertheless feel something human in them that means I don’t have the slightest scruple about consorting with them, I see nothing particularly evil in them, I haven’t the slightest remorse about the acquaintance I have or have had with them. If our society were a pure and ordered one, oh yes, then they were temptresses, now — many times it seems to me they should be regarded more as sisters of charity<anchor n="16" xml:id="note-t-16"/> than anything else.</ab>
<ab rend="indent">And <hi rend="ital">now</hi>, as in other periods of the fall of a civilization, the relationships of good and evil are often reversed because of the corruption of society, and one reasonably comes back to the old saying: ‘the first shall be last and the last shall be first’.<anchor n="17" xml:id="note-t-17"/></ab>
<ab rend="indent">Like you, I’ve been to Père Lachaise, I’ve seen the graves of men for whom I have indescribable respect; I felt the same respect by the humble little tombstone of <rs type="pers" key="530">Béranger</rs>’s mistress, which I visited expressly (if I remember rightly it’s in a little corner behind his),<anchor n="18" xml:id="note-t-18"/> and I also thought there about <rs type="pers" key="971">Corot</rs>’s mistress in particular.<anchor n="19" xml:id="note-t-19"/> Such women were silent muses, and I forever, always and everywhere feel the influence of a feminine element in the emotion of these gentle masters, the intimacy, the penetration of their poetry. I’m speaking a bit seriously in this letter, not because I think that <rs type="pers" key="526">Pa</rs>’s feelings and views, for instance, are wrong in everything — far from it — you would, for example, do well to follow Pa’s advice in many things — we talked about Pa, you will recall, during your visit and at the moment you left — but something that I felt vaguely then I can now express more clearly, <hi rend="sc">when</hi> you speak with Pa, think at the same time of <hi rend="ital">Corot</hi>, say, you’ll then automatically avoid some of the extremes into which Pa lapses much too much, and as I see it, on this condition that there’s less stiffness, Pa’s advice is usually good, and I have myself paid heed to it many times. But I point out that Pa and others <hi rend="sc">do not know</hi> that besides their upright lives — for Pa’s life is upright — there are other upright lives, more in a milder spirit, in the character of Corot,<anchor n="20" xml:id="note-t-20"/> Béranger, shall I say. You and I also feel that much more in any event. Because Pa and others DO <hi rend="sc">not</hi> KNOW THAT, they are frequently and fatally mistaken when judging certain matters. Mistakes along the lines, for example, that <rs type="pers" key="422">C.M.</rs> certainly believes that <rs type="pers" key="1063">Degroux</rs> was a bad man, in which, however sure he is in his belief, he is nonetheless mistaken.<anchor n="21" xml:id="note-t-21"/> 
<pb f="2r" n="8" xml:id="pb-trans-2r-8" facs="#zone-pb-2r-8"/></ab>
<ab rend="indent">I’ll now tell you something else to make it clear to you that I’m not speaking in the abstract but about things that have solidity and substance. If you want an example of someone who originally had the ordinary, good Dutch character and feelings and yet has changed those feelings since, yet has reconsidered, and I think will change even more. Then as an example I give you <rs type="pers" key="1306">Rappard</rs>, who is now already much gentler and more humane than when I first got to know him, and in my view is much improved, even though he was already good before. Although, I fear, not everyone sees it this way, and he has already had some conflict about it. In the past he really was good, but yet he became dissatisfied with <hi rend="ital">that</hi> and is now deeper and more humane than he was then. It doesn’t make things easier for him — he used to have far less conflict — I know that for certain — because at the time I jokingly called him ‘<hi rend="ital">the</hi> <hi rend="ital">clear</hi> <hi rend="ital">conscience</hi>’ and teased him about it, which I definitely no longer do, because I see that there has been a revolution in him. He’s <hi rend="ital">a little</hi> less elegant and he’s much less superficial as a person, and a certain germ of genius has begun its development, and he has steered clear of the pitfall of ‘withering’.</ab>
<ab rend="indent">In respect of people who genuinely seek good, I think what <rs type="pers" key="666">Hugo</rs> says is true, ‘<hi rend="ital">there is the BLACK ray and there is the WHITE ray</hi>’.<anchor n="22" xml:id="note-t-22"/></ab>
<ab rend="indent">In my view <rs type="pers" key="526">Pa</rs> has more the black ray and <rs type="pers" key="971">Corot</rs> has more the white ray, but both of them have a ray from on high.<anchor n="23" xml:id="note-t-23"/></ab>
<ab rend="indent">So I don’t call anyone whom we’ve discussed bad, NO, <hi rend="ital">for all that</hi>, but I do say that the black ray has a fatal side, and because I’ve since thought about what you said to me on the station platform when you left, I tell you now in explanation of what I couldn’t readily find words for then, ‘I know that <rs type="pers" key="526">Pa</rs> is Pa, but there’s something else besides that, namely what we’ll call “the white ray”’. And I find more that’s positive, more true peace in that, and I’ve fixed my attention on it much more. As to <rs type="pers" key="1226">Millet</rs>, he’s the man above all others who had the white ray. Millet has a gospel, and I ask you whether there’s a distinction between a drawing by him and a good sermon. It makes the sermon black, it’s the outcome of the comparison, even if it (the sermon, that is) is fine in itself, assuming that it is. I know that you too have a lot of strife at the moment, although I don’t know precisely the ins and outs of it.<anchor n="24" xml:id="note-t-24"/> And in any event it’s out of sympathy that I tell you precisely what I think about a few things, because I’ve also had and still have a lot of strife.</ab>
<ab rend="indent">And I wish you more and more of the <hi rend="sc">white</hi> ray, you hear! Thanks for what you sent, and a handshake in thought.</ab>
<vg:whiteline/>
<ab>Ever yours,</ab>
<ab>Vincent</ab></div>
<div type="notes">
<note n="1" xml:id="n-1" target="#note-t-1">
<ab>The following shipments sent by Van Gogh to his <rs type="pers" key="422">uncle</rs> are known from the correspondence: 12 pen-and-ink drawings (sent in March 1882, <ref target="let210.xml">see letters 210</ref> ff.); 7 townscapes of The Hague (sent in May 1882; <ref target="let214.xml">see letters 214</ref> ff. and 235); 2 sketches of sand diggers in the dunes (sent in June 1883; <ref target="let350.xml">see letter 350</ref>); and ‘more than 20’ studies (sent in September 1883; <ref target="let380.xml">see letter 380</ref>).</ab></note>
<note n="2" xml:id="n-2" target="#note-t-2">
<ab>Expression, referring to <bibleref xmlns="http://www.vangoghletters.org/ns/" book="Exod" chap="21" v="24">Exod. 21:24</bibleref>.</ab></note>
<note n="a" xml:id="n-a" target="#note-o-a">
<ab>Read: ‘and when I think that I’ (‘I think’ conflated from l. 98).</ab></note>
<note n="3" xml:id="n-3" target="#note-t-3">
<ab>The lodging-house <hi rend="ital">’t Scheepje</hi> was in De Lange Buren, also known as Lange Buurtstraat (now Commandeurstraat 31) in West-Terschelling. See Suzanne Boer, ‘Anthon van Rappard op Terschelling’, <hi rend="ital">Schylge myn lântse</hi> 13 (1992), NS, pp. 86-88.</ab></note>
<note n="4" xml:id="n-4" target="#note-t-4">
<ab>We do not know exactly which painted ‘studies’ of the moor are referred to here. It is possible that <hi rend="ital">Cottages</hi> (<rs type="ill" key="2446">F 17 / JH 395</rs>) was one of them, since Van Gogh sent Theo three paintings a few days later and this may have been among them (cf. <ref target="let389.xml">letter 389</ref>).</ab></note>
<note n="5" xml:id="n-5" target="#note-t-5">
<ab>It is not possible to determine exactly which watercolours are meant here. Six watercolours from this period are known: <hi rend="ital">Peat bog </hi>(<rs type="otherart" key="528">F 1094 / JH 398</rs>); <hi rend="ital">Landscape with a stack of peat and farmhouses </hi>(<rs type="otherart" key="529">F 1099 / JH 399</rs>); <hi rend="ital">Heath with a wheelbarrow</hi> (<rs type="otherart" key="530">F 1100 / JH 400</rs>); <hi rend="ital">Landscape with a farmhouse</hi> (<rs type="otherart" key="531">F 1101 / JH 401</rs>); <hi rend="ital">Farmhouse</hi> (<rs type="otherart" key="532">F 1102 / JH 402</rs>) and <hi rend="ital">Group of farmhouses</hi> (<rs type="otherart" key="533">F 1103 / JH 403</rs>).</ab></note>
<note n="6" xml:id="n-6" target="#note-t-6">
  <ab>It is not possible to determine exactly which pen-and-ink drawings are meant here. <hi rend="ital">Farmhouse at night </hi>(<rs type="ill" key="3039">F 1097 / JH 418</rs>) and <hi rend="ital">Landscape in Drenthe</hi> (<rs type="otherart" key="535">F 1104 / JH 424</rs>) are both candidates.</ab></note>
<note n="7" xml:id="n-7" target="#note-t-7">
<ab>Sien’s <rs type="pers" key="464">mother</rs> was registered as living at Korte Bagijnestraat 33 in The Hague.</ab></note>
<note n="8" xml:id="n-8" target="#note-t-8">
<ab>
  <bibleref xmlns="http://www.vangoghletters.org/ns/" book="Matt" chap="21" v="31">Matt. 21:31</bibleref>.</ab></note>
<note n="9" xml:id="n-9" target="#note-t-9">
  <ab>Nana, the eponymous protagonist of <rs type="pers" key="836">Emile Zola</rs>’s novel <hi rend="ital"><rs type="lit" key="247">Nana</rs></hi> of 1880, is the type that Van Gogh describes as ‘full-blooded and sensual’ (words, incidentally, that he added later): this <hi rend="ital">femme fatale</hi> seduces men of the highest rank, gets them wholly in her power and ruins them.</ab></note>
<note n="10" xml:id="n-10" target="#note-t-10">
<ab><rs type="pers" key="722">Pierre Joseph Proudhon</rs> wrote this in his eleventh study <hi rend="ital"><rs type="lit" key="356">De la justice dans la Révolution et dans l’église</rs></hi>, titled ‘Amour et mariage’ (Love and marriage). See <hi rend="ital">Oeuvres complètes</hi>. Ed. C. Bouglé et H. Moysset. Paris 1935, p. 207. Van Gogh will have known the quote through <rs type="pers" key="707">Michelet</rs>, who cited it both in <hi rend="ital"><rs type="lit" key="12">La femme</rs></hi> and in <hi rend="ital"><rs type="lit" key="11">L’amour</rs></hi>; in <hi rend="ital">La femme</hi> with an attribution to Proudhon (Michelet 1863, p. 196; Michelet, <hi rend="ital">L’amour</hi>, p. 268).</ab></note>
<note n="b" xml:id="n-b" target="#note-o-b">
<ab>Read: ‘Malgré’.</ab></note>
<note n="11" xml:id="n-11" target="#note-t-11">
<ab>This saying is taken from <rs type="pers" key="617 618">De Goncourt</rs>’s <hi rend="ital"><rs type="lit" key="224">Gavarni, l’homme et l’oeuvre</rs></hi>. It occurs in a paragraph dealing with <rs type="pers" key="1043">Gavarni</rs>’s many amorous adventures: ‘However, he could not always limit himself to these delightful preludes, he was sometimes compelled to go further, and he once made the remark that attachments are sometimes a nuisance. But he was so much in the habit of being enveloped in them, of living within their caress and their pleasant agitation, they had become so necessary to the tenor of his life, that it seemed to him, when one of them was no longer there, “that something was dying within him.” Straightaway, he made haste to replace it’. (Toutefois, il ne pouvait pas se tenir toujours à ces jolis préludes, on le forçait souvent à aller plus loin, et il lui arrivait de faire la remarque que les affections sont parfois gênantes. Mais il avait tellement l’habitude d’en être enveloppé, de vivre dans leur caresse et leur aimable agitation, elles étaient devenues si nécessaires au sentiment de sa vie, qu’il lui semblait, quand l’une venait à lui manquer, “que quelque chose se mourait en lui.” Vite, il se dépêchait de la remplacer). See Goncourt 1873, pp. 221-222.</ab></note>
<note n="12" xml:id="n-12" target="#note-t-12">
<ab>Taken from the last sentence of <rs type="pers" key="707">Michelet</rs>, <hi rend="ital"><rs type="lit" key="11">L’amour</rs></hi> (p. 418). In his ‘Notes et éclaircissements’ Michelet says that the quotation is by Etienne de Sénancour (p. 445).</ab></note>
<note n="13" xml:id="n-13" target="#note-t-13">
<ab>Van Gogh bases this on <rs type="pers" key="707">Michelet</rs>’s ‘Every woman, at every age, if she loves and if she is kind, gives a man the moment of the infinite. More than the infinite of the moment’ (Toute, à tout âge, si elle aime et si elle est bonne, donne à l’homme le moment de l’infini. Plus que l’infini du moment), likewise from <hi rend="ital"><rs type="lit" key="11">L’amour</rs></hi>, and quoted previously in <ref target="let193.xml">letter 193</ref>.</ab></note>
<note n="14" xml:id="n-14" target="#note-t-14">
<ab>In <rs type="pers" key="735">Shakespeare</rs>’s <hi rend="ital"><rs type="lit" key="357">Macbeth</rs></hi> (c. 1606-1607) the unscrupulous Lady Macbeth persuades her husband to murder King Duncan of Scotland so that he will become king. At the end of the play she loses her reason and roams through the palace in a frenzy, in the belief that her hands are covered in blood.</ab></note>
<note n="15" xml:id="n-15" target="#note-t-15">
<ab>God’s mercy.</ab></note>
<note n="16" xml:id="n-16" target="#note-t-16">
<ab>Since <rs type="pers" key="530">Béranger</rs> is mentioned after this, it is probably an allusion to the poem ‘<rs type="lit" key="126">Les deux soeurs de charité</rs>’ (The two sisters of charity) by Pierre Jean de Béranger, from which Van Gogh quoted in <ref target="let110.xml">letter 110</ref>. The theme of the poem, in which both a nun and a woman who has given physical love to many men gain admittance to the hereafter, is that there is more than one form of charity.</ab></note>
<note n="17" xml:id="n-17" target="#note-t-17">
<ab>Saying, biblical; see <bibleref xmlns="http://www.vangoghletters.org/ns/" book="Matt" chap="19" v="30">Matt. 19:30</bibleref>; <bibleref xmlns="http://www.vangoghletters.org/ns/" book="Mark" chap="10" v="31">Mark 10:31</bibleref> and <bibleref xmlns="http://www.vangoghletters.org/ns/" book="Luke" chap="13" v="30">Luke 13:30</bibleref>.</ab></note>
<note n="18" xml:id="n-18" target="#note-t-18">
<ab>We know from <ref target="let093.xml">letter 93</ref> that in any event Van Gogh visited the famous Père Lachaise cemetery in Paris in the summer or autumn of 1875. <rs type="pers" key="530">Béranger</rs>’s mistress, whom he called Lisette in his verse, was Nicole Françoise Judith Frère. Their graves are indeed close together in the 28th division of the cemetery, under nos. 252 and 657. See <hi rend="ital">Dictionnaire de biographie française</hi>. Paris 1951, vol. 5, col. 1215.</ab></note>
<note n="19" xml:id="n-19" target="#note-t-19">
<ab>As a young man <rs type="pers" key="971">Corot</rs>, who never married, had various relationships about which little is known. The woman most often mentioned in this context is Anna Saint-Laurent. See Germain Bazin, <hi rend="ital">Corot</hi>. 2nd ed. Paris 1951, pp. 17-18. Cf. also Dumesnil 1875, p. 14.</ab></note>
<note n="20" xml:id="n-20" target="#note-t-20">
<ab><rs type="pers" key="971">Corot</rs> was known as a kind, generous person; in the 1860s, for instance, he was among the friends who were instrumental in buying a house for <rs type="pers" key="977">Daumier</rs>, who was almost blind. Cf. <ref target="let694.xml">letter 694</ref>.</ab></note>
<note n="21" xml:id="n-21" target="#note-t-21">
<ab>See for this reference to <rs type="pers" key="1063">Charles Degroux</rs>: <ref target="let211.xml">letter 211</ref>.</ab></note>
<note n="22" xml:id="n-22" target="#note-t-22">
<ab>Taken from <rs type="pers" key="666">Victor Hugo</rs>, <hi rend="ital"><rs type="lit" key="278">Quatre-vingt-treize</rs></hi>, part 3, book 2, chapter 7: ‘The friendship was between the two men, but the hatred was between the two principles; it was like a soul cut in two, and shared; Gauvain, in fact, had received half of Cimourdain’s soul, but the gentle half. It seemed that Gauvain had had the white side and that Cimourdain had kept for himself what one might call the black side.’ (L’amitié était entre les deux hommes, mais la haine était entre les deux principes; c’était comme une âme coupée en deux, et partagée; Gauvain, en effet, avait reçu une moitié de l’âme de Cimourdain, mais la moitié douce. Il semblait que Gauvain avait eu le rayon blanc, et que Cimourdain avait gardé pour lui ce qu’on pourrait appeler le rayon noir). See Hugo 1965, p. 228. Van Gogh repeats the expression in <ref target="let400.xml">letters 400</ref>, <ref target="let401.xml">401</ref>, <ref target="let403.xml">403</ref> and <ref target="let415.xml">415</ref>.</ab></note>
<note n="23" xml:id="n-23" target="#note-t-23">
<ab>See for this expression:<hi rend="ital"> </hi><ref target="let143.xml#n-5">letter 143, n. 5.</ref></ab></note>
<note n="24" xml:id="n-24" target="#note-t-24">
<ab>Theo was having problems in – or because of – his relationship with <rs type="pers" key="508">Marie</rs>, but no details of these difficulties are known. His <rs type="pers" key="524 526">parents</rs> were aware of this; from a few passages in the family correspondence it is clear that – in contrast to their attitude to the relationship between Vincent and <rs type="pers" key="463">Sien</rs> – they supported Theo. In a letter of 2 August 1883 they sent their regards to Marie (FR 2244) and on 1 October 1883 Mrs van Gogh wrote to Theo: ‘just leave things to time if you encounter difficulties. We are looking forward to hearing from you when you write how things are with Marie. Be sensible, dear Theo, and may you be as happy as our hearts wish for you’ (FR b2245). The problems obviously continued for some time, since on 30 November she wrote: ‘So Maria’s Papa still doesn’t seem to be calm. With a view to what might happen it is cautious of you not to rush. How I should like to meet your acquaintances some time’, and: ‘Goodbye, dear Theo, give Marie our regards when you write to her’ (FR b2247).</ab></note></div></body></text></TEI>
