<?xml version="1.0" encoding="UTF-8"?>
<!-- Last Changed Date: 2018-07-18 12:32:41 +0200 (Wed, 18 Jul 2018) | SVN Revision: 2206 -->
<!--Licensed under Attribution-NonCommercial-ShareAlike 4.0 International (CC BY-NC-SA 4.0)-->
<?xml-model href="https://xmlschema.huygens.knaw.nl/vgodd.rng" type="application/xml" schematypens="http://relaxng.org/ns/structure/1.0"?>
<TEI xmlns:vg="http://www.vangoghletters.org/ns/" xmlns="http://www.tei-c.org/ns/1.0">
<teiHeader xmlns:xsi="http://www.w3.org/2001/XMLSchema-instance"><fileDesc>
<titleStmt>
<title>To Anthon van Rappard. The Hague, on or about Monday, 21 May 1883.</title>
<editor>Leo Jansen</editor>
<editor>Hans Luijten</editor>
<editor>Nienke Bakker</editor></titleStmt>
<publicationStmt>
<publisher><name>Huygens Instituut voor Nederlandse Geschiedenis (KNAW)</name><email>info@huygens.knaw.nl</email></publisher>
<publisher>Van Gogh Museum</publisher>
<pubPlace>Amsterdam</pubPlace>
<date type="first" when="2009">2009</date>
<availability status="restricted">
<licence target="http://creativecommons.org/licenses/by-nc-sa/4.0/ https://creativecommons.org/licenses/by-nc-sa/4.0/legalcode">
<p>Attribution-NonCommercial-ShareAlike 4.0 International (CC BY-NC-SA 4.0) </p></licence></availability>
<ptr target="http://vangoghletters.org/orig/let345"/></publicationStmt><sourceDesc><vg:letDesc><vg:letIdentifier>
<idno type="jlb">345</idno>
<idno type="collectedletters">R35</idno>
<idno type="brieven1990">347</idno></vg:letIdentifier><vg:letHeading><author>Vincent van Gogh</author><vg:addressee>Anthon van Rappard</vg:addressee><vg:placeLet>The Hague</vg:placeLet><vg:dateLet>on or about Monday, 21 May 1883</vg:dateLet></vg:letHeading><vg:letContents>
<p>To Anthon van Rappard. The Hague, on or about Monday, 21 May 1883.</p>
<note type="ongoingTopic" n="1">
<p>Van Gogh’s visit to Van Rappard’s studio <ref target="let344.xml">(344)</ref></p></note></vg:letContents>
<note type="sourceStatus" xml:id="sourceStatus">
<p>Original manuscript</p></note>
<note type="location" xml:id="location">
<p>Amsterdam, Van Gogh Museum, inv. nos. b8367 a-b V/2006</p></note>
<note type="date" xml:id="date">
<p>Van Gogh writes his reply to Van Rappard’s postcard, which he found on ‘Coming home just now’ <ref target="#l-1*">(l. 1*)</ref>, on the same day as his visit to Van Rappard in Utrecht. Indeed, he has seen him ‘today’ <ref target="#l-57">(l. 57)</ref>. This means that the letter dates from on or about Monday, 21 May 1883. </p></note>
<note type="arrangement" xml:id="arrangement">
<p>In previous editions – with the exception of the earliest edition of the letters to Van Rappard (<hi rend="ital">Letters to Van Rappard </hi>1936) – the end of the letter, <ref target="#l-114">ll. 114</ref> ff., was added to <ref target="let341.xml">letter 341</ref>. But the result of this is that there is barely any connection between the letter and the supposed addition. On the grounds of content, therefore, we follow the 1936 edition (where, incidentally, the letter was wrongly dated December 1882). First, the remark about the importance of reading and literature is in line with the letter. Second, Van Gogh proposes to Van Rappard that he should return the prints that he has in duplicate ‘together with the others’ <ref target="#l-131">(ll. 131-132)</ref>. This last phrase implies that one consignment has already been sent, and, logically, one of the prints in question must be <hi rend="ital">A miners’ strike</hi> by Roll, which had been discussed during the visit and which Van Gogh had forgotten to take with him <ref target="#l-80">(l. 80)</ref>. This also explains the mention of Van der Weele in the postscript, since Van Gogh mentions him in <ref target="#l-81">l. 81</ref> as well. </p></note></vg:letDesc></sourceDesc></fileDesc></teiHeader>
<facsimile xmlns:xsi="http://www.w3.org/2001/XMLSchema-instance">
<surface n="b 8367 a" xml:id="surf-pb-1r"><graphic mimeType="image/tiff" url="VGM001001620_01.TIF" rend="norend"/><graphic mimeType="image/tiff" url="VGM001001620_01_n.tif" rend="norend"/><graphic mimeType="image/jpeg" url="VGM001001620_01_nt.jpg" height="50px" rend="thumbnail"/><zone xml:id="zone-pb-1r-1">
<graphic mimeType="image/tiff" url="VGM001001620_01_nR.tif" rend="norend"/><graphic mimeType="image/jpeg" url="VGM001001620_01_nRt.jpg" height="50px" rend="thumbnail"/><graphic mimeType="image/png" url="VGM001001620_01_nRf.png" width="380px" rend="facstab"/></zone>
<zone xml:id="zone-pb-1r-4">
<graphic mimeType="image/tiff" url="VGM001001620_01_nL.tif" rend="norend"/><graphic mimeType="image/jpeg" url="VGM001001620_01_nLt.jpg" height="50px" rend="thumbnail"/><graphic mimeType="image/png" url="VGM001001620_01_nLf.png" width="380px" rend="facstab"/></zone>
</surface>
<surface n="b 8367 a" xml:id="surf-pb-1v"><graphic mimeType="image/tiff" url="VGM001001620_02.TIF" rend="norend"/><graphic mimeType="image/tiff" url="VGM001001620_02_n.tif" rend="norend"/><graphic mimeType="image/jpeg" url="VGM001001620_02_nt.jpg" height="50px" rend="thumbnail"/><zone xml:id="zone-pb-1v-2">
<graphic mimeType="image/tiff" url="VGM001001620_02_nL.tif" rend="norend"/><graphic mimeType="image/jpeg" url="VGM001001620_02_nLt.jpg" height="50px" rend="thumbnail"/><graphic mimeType="image/png" url="VGM001001620_02_nLf.png" width="380px" rend="facstab"/></zone>
<zone xml:id="zone-pb-1v-3">
<graphic mimeType="image/tiff" url="VGM001001620_02_nR.tif" rend="norend"/><graphic mimeType="image/jpeg" url="VGM001001620_02_nRt.jpg" height="50px" rend="thumbnail"/><graphic mimeType="image/png" url="VGM001001620_02_nRf.png" width="380px" rend="facstab"/></zone>
</surface>
<surface n="b 8367 b" xml:id="surf-pb-2r"><graphic mimeType="image/tiff" url="VGM001001621_01.TIF" rend="norend"/><zone xml:id="zone-pb-2r-5">
<graphic mimeType="image/tiff" url="VGM001001621_01_n.tif" rend="norend"/><graphic mimeType="image/jpeg" url="VGM001001621_01_nt.jpg" height="50px" rend="thumbnail"/><graphic mimeType="image/png" url="VGM001001621_01_nf.png" width="380px" rend="facstab"/></zone>
</surface><surface n="b 8367b V/2006" xml:id="surf-extra-2v"><graphic mimeType="image/tiff" url="VGM001001621_02.TIF" rend="norend"/><zone xml:id="zone-extra-1">
<graphic mimeType="image/tiff" url="VGM001001621_02_n.tif" rend="norend"/><graphic mimeType="image/jpeg" url="VGM001001621_02_nt.jpg" height="50px" rend="thumbnail"/><graphic mimeType="image/png" url="VGM001001621_02_nf.png" width="380px" rend="facstab"/></zone>
</surface></facsimile><text xmlns:xsi="http://www.w3.org/2001/XMLSchema-instance"><body>
<div type="original">
<pb f="1r" n="1" xml:id="pb-orig-1r-1" facs="#zone-pb-1r-1"/><lb n="1" xml:id="l-1"/>
<ab>Amice Rappard,</ab><lb n="1*" xml:id="l-1s"/>
<ab>Zooeven t’huis komende <lb n="2" xml:id="l-2"/>vind ik Uw briefkaart die even na mijn vertrek dezen morgen bezorgd werd – zie daaruit <lb n="3" xml:id="l-3"/>dat ge behalve uw model heden middag <lb n="4" xml:id="l-4"/>ook voor s’morgens eene afspraak <lb n="5" xml:id="l-5"/>had. En spijt het me ge me dit niet <lb n="6" xml:id="l-6"/>gezegd hebt – we hadden desnoods <lb n="7" xml:id="l-7"/>zamen er kunnen heengaan<c type="kp">_</c>– <lb n="8" xml:id="l-8"/>Anders – ’t pleizier Uw werk gezien <lb n="9" xml:id="l-9"/>te hebben is voor mij geen kleinigheid <lb n="10" xml:id="l-10"/>en als het is dat ik U niet al te <lb n="11" xml:id="l-11"/>zeer gedwarsboomd heb in Uw plannen<c type="kk">/</c> <lb n="12" xml:id="l-12"/>verheug ik me U bezocht te hebben. <lb n="13" xml:id="l-13"/>Het was mijn schuld echter niet want <lb n="14" xml:id="l-14"/>ik had Uw briefkaart niet gekregen, <lb n="15" xml:id="l-15"/>en vind ze eerst nu.</ab><lb n="16" xml:id="l-16"/>
<ab rend="indent">Uw werk, nog eens, ik vind het <lb n="17" xml:id="l-17"/>best – de schets <hi rend="ital">vooral</hi> van de spinster<anchor n="1" xml:id="note-o-1"/> <lb n="18" xml:id="l-18"/>ook best, hoor – ’t is <hi rend="ital">het echte</hi>. <lb n="19" xml:id="l-19"/>Ik wou wel ge van tegelschilders<anchor n="2" xml:id="note-o-2"/> <lb n="20" xml:id="l-20"/>ook een fusain hadt<c type="kk">/</c> geef U dit <lb n="21" xml:id="l-21"/>in bedenking om die nog te maken<c type="kp">_</c> <lb n="22" xml:id="l-22"/>Waarom – omdat soortgelijke composities <lb n="23" xml:id="l-23"/>zeer zeker geschilderd ook goed doen<c type="kk">/</c> <lb n="24" xml:id="l-24"/>in dien toestand in sommige <lb n="25" xml:id="l-25"/>opzigten ook meer waar en hooger opgevoerd <lb n="26" xml:id="l-26"/>zijn.</ab>
<pb f="1v" n="2" xml:id="pb-orig-1v-2" facs="#zone-pb-1v-2"/><lb n="27" xml:id="l-27"/>
<ab rend="indent">Doch ’t Black &amp; White of <lb n="28" xml:id="l-28"/>Licht &amp; Bruin er van op zich zelf <lb n="29" xml:id="l-29"/>verkrijgt weer een eigenaardig <lb n="30" xml:id="l-30"/>charme en staat weer op zich <lb n="31" xml:id="l-31"/>zelf – <lb n="31a" xml:id="l-31a"/>zich tevens prêteerende tot eventueele reproductie<c type="kk">/</c> <lb n="31b" xml:id="l-31b"/>phot. van tegelschilders <hi rend="ital">moeten</hi> wel mislukken <lb n="31c" xml:id="l-31c"/>naar ’t sch<hi rend="ss">ij</hi> om reden van ’t blaauw dat wit overkomt.</ab><lb n="32" xml:id="l-32"/>
<ab rend="indent">De koppen (studies) van de <lb n="33" xml:id="l-33"/>blindemannen vind ik uitmuntend<c type="kp">_</c><anchor n="3" xml:id="note-o-3"/> <lb n="34" xml:id="l-34"/>Vindt ge goed we ’t min of meer <lb n="35" xml:id="l-35"/>decideeren bij dezen elkaar vóór <lb n="36" xml:id="l-36"/>’t eind van ’t loopende jaar weerkeerig <lb n="37" xml:id="l-37"/>nog eens te bezoeken?</ab><lb n="38" xml:id="l-38"/>
<ab rend="indent">Zie hier passage uit Dickens welke <lb n="39" xml:id="l-39"/>ik vind met veel expressie <lb n="40" xml:id="l-40"/>zegt wat er in een figuurschilder omgaat <lb n="41" xml:id="l-41"/>gedurende ’t bewerken eener compositie.</ab>
<vg:whiteline/><lb n="42" xml:id="l-42"/>
<ab>“I was occupied with this Story during many workinghours <lb n="43" xml:id="l-43"/>of two years. I must have been very ill employed, if I <lb n="44" xml:id="l-44"/>could not leave its merits &amp; demerits as a whole <lb n="45" xml:id="l-45"/>to express themselves – on its being read as a whole<c type="kp">_</c> <lb n="46" xml:id="l-46"/>But, as it is not unreasonable to suppose that I <lb n="47" xml:id="l-47"/>may have held its various threads with a more <lb n="48" xml:id="l-48"/><hi rend="ital">continuous attention</hi> than any one else can <lb n="49" xml:id="l-49"/>have given to them during its desultory publication, <lb n="50" xml:id="l-50"/>it is not unreasonable to ask that the weaving <lb n="51" xml:id="l-51"/>may be looked at in its complete state, <lb n="52" xml:id="l-52"/>and with the pattern finished”.–</ab><lb n="53" xml:id="l-53"/>
<ab>Preface Little Dorrit<anchor n="4" xml:id="note-o-4"/></ab>
<vg:whiteline/>
<pb f="1v" n="3" xml:id="pb-orig-1v-3" facs="#zone-pb-1v-3"/><lb n="54" xml:id="l-54"/>
<ab>Ziedaar, amice, wel mooi uitgedrukt <lb n="55" xml:id="l-55"/>hoe een figuurschilder verdient beschouwd <lb n="56" xml:id="l-56"/>te worden – <hi rend="ital">in zijn geheel</hi><c type="kp">_</c></ab><lb n="57" xml:id="l-57"/>
<ab rend="indent">als zoodanig heb ik U heden gezien <lb n="58" xml:id="l-58"/>&amp; is mijn sympathie voor U er door <lb n="59" xml:id="l-59"/>bevestigd.</ab><lb n="60" xml:id="l-60"/>
<ab rend="indent">Blijf gij me van Uw kant ook <lb n="61" xml:id="l-61"/>in ’t geheel beschouwen<c type="kk">/</c> wat veel anderen <lb n="62" xml:id="l-62"/>niet doen.</ab><lb n="63" xml:id="l-63"/>
<ab rend="indent">Wat ik ook heel best vind is dat op <lb n="64" xml:id="l-64"/>Uw atelier men boeken ziet<c type="kk">/</c> Hugo<c type="kk">/</c> <lb n="65" xml:id="l-65"/>Zola<c type="kk">/</c> Dickens – figuurschilder boeken. <lb n="66" xml:id="l-66"/>Zal U zenden ter lezing <lb n="67" xml:id="l-67"/>Erckmann Chatrian<c type="kk">/</c> Hist. d’un paysan<c type="kp">_</c><anchor n="5" xml:id="note-o-5"/></ab><lb n="68" xml:id="l-68"/>
<ab rend="indent">De Fransche revolutie – dat is ’t <lb n="69" xml:id="l-69"/>centrum – de constitutie van 1789 <lb n="70" xml:id="l-70"/>’t modern evangelie<c type="kk">/</c> niet minder <lb n="71" xml:id="l-71"/>subliem dan dat van anno 1<c type="kp">_</c><anchor n="6" xml:id="note-o-6"/></ab><lb n="72" xml:id="l-72"/>
<ab rend="indent">En hoe men figuurschilder kan zijn <lb n="73" xml:id="l-73"/>en daar niet iets van voelen begrijp <lb n="74" xml:id="l-74"/>ik me niet – en vind iets leegs <lb n="75" xml:id="l-75"/>op zoodanige figuurschilderateliers <lb n="76" xml:id="l-76"/>als waar de moderne geschriften <lb n="77" xml:id="l-77"/>ontbreken. En is dat geloof ik <lb n="78" xml:id="l-78"/>Uw impressie ook.</ab>
<pb f="1r" n="4" xml:id="pb-orig-1r-4" facs="#zone-pb-1r-4"/><lb n="79" xml:id="l-79"/>
<ab rend="indent">Weet ge wat ik niet heb medegenomen<c type="kk">/</c> de Grève de <lb n="80" xml:id="l-80"/>Charbonniers van Roll<anchor n="7" xml:id="note-o-7"/> die ge geloof ik dubbel hebt. Ik <lb n="81" xml:id="l-81"/>voor mij heb ze doch ’t zou voor v.d. Weele <lb n="82" xml:id="l-82"/>zijn – die, entre nous soit dit, m.i<c type="kp">_</c> ’t hoog noodig <lb n="83" xml:id="l-83"/>heeft wat buitenlandsche composities te zien <lb n="84" xml:id="l-84"/>en geloof ik ietwat gebukt gaat onder hollandsche <lb n="85" xml:id="l-85"/>prejugés – ofschoon in zijn groote sch<hi rend="ss">ij</hi><anchor n="8" xml:id="note-o-8"/><hi rend="ss"> </hi>hij <lb n="86" xml:id="l-86"/>zich daaraan ontworstelt.</ab><lb n="87" xml:id="l-87"/>
<ab rend="indent">Betreffende drukinkt wou ’k nog zeggen<c type="kk">/</c> <lb n="88" xml:id="l-88"/>plas en smeer er eens mee – als ’t ware <lb n="89" xml:id="l-89"/>in ’t wilde en uit Uw hoofd – op een <lb n="90" xml:id="l-90"/>stuk papier of oude studie<c type="kk">/</c> enkel om ’t effekt. Maar mild – <lb n="91" xml:id="l-91"/>met terpentijn – ge zult dan er geloof <lb n="92" xml:id="l-92"/>ik nog dingen in zien die ge te pas zult <lb n="93" xml:id="l-93"/>brengen.– Uw studie waar ik voor poseerde<c type="kk">/</c><anchor n="9" xml:id="note-o-9"/> <lb n="94" xml:id="l-94"/>toen ze goed droog was<c type="kk">/</c> deed zeer goed doch zou <lb n="94a" xml:id="l-94a"/>nog beter geworden zijn op preparatie met fusain geloof ik<c type="kp">_</c> <lb n="95" xml:id="l-95"/>En wasch eens met een penseel met water <lb n="96" xml:id="l-96"/>in een krabbeling met lith<c type="kp">_</c> krijt. <lb n="97" xml:id="l-97"/>Met de drukinkt zult ge als ge de moeite <lb n="98" xml:id="l-98"/>nemen wilt zeker dingen die heel nuttig <lb n="99" xml:id="l-99"/>&amp; praktisch zijn vinden – waarschijnlijk <lb n="100" xml:id="l-100"/>meer &amp; betere dan ik tot heden vond<c type="kp">_</c>–</ab><lb n="101" xml:id="l-101"/>
<ab rend="indent">Wat zijn die illustraties <hi rend="ital">L’Hermitte</hi><c type="kk">/</c> <lb n="102" xml:id="l-102"/>Perret<c type="kk">/</c><anchor n="10" xml:id="note-o-10"/> Bastien Lepage die ge hebt<c type="kk">/</c> <lb n="103" xml:id="l-103"/>mooi! Als ’k U was zou ik nog <lb n="104" xml:id="l-104"/>meer van die mooie koppen <lb n="105" xml:id="l-105"/>maken als de blindemannen<c type="kp">_</c>– <lb n="106" xml:id="l-106"/>Ik zal ’t ook eens met een fijner <lb n="107" xml:id="l-107"/>potlood probeeren – – adieu – <lb n="108" xml:id="l-108"/>met een handdruk<c type="kp">_</c>–</ab>
<vg:whiteline/><lb n="108*" xml:id="l-108s"/>
<ab>t. à t.</ab><lb n="109" xml:id="l-109"/>
<ab>Vincent</ab>
<vg:whiteline/><lb n="110" xml:id="l-110"/>
<ab>Betreffende schrijvers<c type="kk">/</c> gelooft ge ook niet dat eerst dan men <lb n="111" xml:id="l-111"/>schrijvers als Dickens<c type="kk">/</c> Balzac<c type="kk">/</c> Hugo<c type="kk">/</c> Zola kent als men ze <lb n="112" xml:id="l-112"/>in zijn geheel min of meer overzien kan. Michelet en <lb n="113" xml:id="l-113"/>Erckmann Chatrian vind ik ook zulken.</ab>
<vg:whiteline/>
<pb f="2r" n="5" xml:id="pb-orig-2r-5" facs="#zone-pb-2r-5"/><lb n="114" xml:id="l-114"/>
<ab>Het wil er bij mij niet in dat een schilder niets anders zou <lb n="115" xml:id="l-115"/>mogen of moeten doen dan alleen schilderen. Ik bedoel <lb n="116" xml:id="l-116"/>dat terwijl velen bijvoorbeeld het lezen van boeken of zoo <lb n="117" xml:id="l-117"/>beschouwen als iets dat zij tijdverlies zouden noemen<c type="kk">/</c> het <lb n="118" xml:id="l-118"/>mij integendeel voorkomt dat – wel verre van minder of <lb n="119" xml:id="l-119"/>slechter er door te werken als men zich ook op ander <lb n="120" xml:id="l-120"/>gebied dat er evenwel zoo direkt mee in verband staat <lb n="121" xml:id="l-121"/>tracht te ontwikkelen – men er eer meer en beter <lb n="122" xml:id="l-122"/>door gaat werken – en het althans eene zaak <lb n="123" xml:id="l-123"/>is van belang en van veel invloed op het werk <lb n="124" xml:id="l-124"/>van welk standpunt uit men de dingen beschouwd <lb n="125" xml:id="l-125"/>en welke opvatting men hebbe van het leven.</ab><lb n="126" xml:id="l-126"/>
<ab rend="indent">Hoe meer men lief heeft hoe meer men handelen zal <lb n="127" xml:id="l-127"/>geloof ik<c type="kk">/</c> want liefde die enkel een gevoel zou wezen <lb n="128" xml:id="l-128"/>die zou ’k niet eens onder de liefde willen rekenen.</ab><lb n="129" xml:id="l-129"/>
<ab rend="indent">Ik hoop nu maar dat deze zending houtgravures <lb n="130" xml:id="l-130"/>naar Uw genoegen zijn zal. Wat ge er reeds <lb n="131" xml:id="l-131"/>van hebben mogt retourneer dat met de <lb n="132" xml:id="l-132"/>anderen bij gelegenheid<c type="kk">/</c> dan geef ik het <lb n="133" xml:id="l-133"/>aan v<c type="kp">_</c>d<c type="kp">_</c> Weele. Ik heb ze zoo naauwkeurig <lb n="134" xml:id="l-134"/>mogelijk uitgezocht – en dit is <lb n="135" xml:id="l-135"/>voor zoover ik nagaan kan al wat er dubbel is. <lb n="136" xml:id="l-136"/>Eenige franschen zijn er ook nog bij<c type="kp">_</c>–</ab><lb n="137" xml:id="l-137"/>
<ab rend="indent">Voor de rest kunnen we nog verifieeren <lb n="138" xml:id="l-138"/>als gij vroeger of later komt.</ab><lb n="139" xml:id="l-139"/>
<ab rend="indent">Dan hebt ge zeker nog heel wat te zien <lb n="140" xml:id="l-140"/>van bladen die ik helaas niet dubbel <lb n="141" xml:id="l-141"/>heb.</ab><lb n="142" xml:id="l-142"/>
<ab rend="indent">Geluk er mee – en <lb n="143" xml:id="l-143"/>schrijf eens spoedig weer.</ab>
<vg:whiteline/>
<div type="textualNotes">
<note target="l-94" n="94">a preparatie &lt; prepaparatie</note>
<note target="l-123" n="123">belang is &lt; belang</note></div></div>
<div type="translation">
<pb f="1r" n="1" xml:id="pb-trans-1r-1" facs="#zone-pb-1r-1"/>
<ab>My dear friend <rs type="pers" key="1306">Rappard</rs>,</ab>
<ab>Coming home just now I found your postcard, which was delivered this morning soon after I left — I see that, apart from your model this afternoon, you also had an appointment for this morning. And I’m sorry you didn’t tell me this — we could have gone there together if need be. For the rest, the pleasure of having seen your work is no small thing for me and I’m pleased to have visited you, if I haven’t upset your plans too much. It wasn’t my fault, though, for I hadn’t yet received your postcard, and have only just found it. </ab>
<ab rend="indent">Your work, again, I think it very good — <hi rend="ital">above all</hi> the sketch of the woman spinning,<anchor n="1" xml:id="note-t-1"/> also very good — it’s <hi rend="ital">the real thing</hi>. I wish you had a charcoal drawing of Tile painters<anchor n="2" xml:id="note-t-2"/> as well, I suggest you consider doing one. Why? — because compositions like that most certainly also work well when painted, and are truer and raised to a higher level in some respects in that state. 
<pb f="1v" n="2" xml:id="pb-trans-1v-2" facs="#zone-pb-1v-2"/></ab>
<ab rend="indent">Yet the Black and White or Light and Shade of it acquires a peculiar charm in itself and stands by itself — lending itself at the same time to possible reproduction, photos of Tile painters are <hi rend="ital">bound</hi> to fail compared with the painting because of the blue coming out as white. </ab>
<ab rend="indent">The heads (studies) of the blind men seem outstanding to me.<anchor n="3" xml:id="note-t-3"/> Do you agree that we hereby more or less resolve to visit each other again, turn and turn about, before the end of the current year? </ab>
<ab rend="indent">Here’s a passage from <rs type="pers" key="580">Dickens</rs> which I think says very expressively what a figure painter feels while working on a composition.</ab>
<vg:whiteline/>
<ab>‘I was occupied with this Story during many workinghours of two years. I must have been very ill employed, if I could not leave its merits and demerits as a whole to express themselves — on its being read as a whole. But, as it isn’t unreasonable to suppose that I may have held its various threads with a more <hi rend="ital">continuous attention</hi> than any one else can have given to them during its desultory publication, it isn’t unreasonable to ask that the weaving may be looked at in its complete state, and with the pattern finished.’</ab>
<ab>Preface Little Dorrit.<anchor n="4" xml:id="note-t-4"/></ab>
<vg:whiteline/>
<ab>
<pb f="1v" n="3" xml:id="pb-trans-1v-3" facs="#zone-pb-1v-3"/></ab>
<ab>Here you see, my dear friend, beautifully expressed, how a figure painter deserves to be regarded — <hi rend="ital">as a whole</hi>. </ab>
<ab rend="indent">Today I saw you in that way, and it has confirmed my sympathy for you. </ab>
<ab rend="indent">For your part, continue to regard me as a whole too, which many others do not. </ab>
<ab rend="indent">What I also think very good is that one sees books in your studio, <rs type="pers" key="666">Hugo</rs>, <rs type="pers" key="836">Zola</rs>, <rs type="pers" key="580">Dickens</rs> – figure painter books. Will send you <rs type="pers" key="594 591">Erckmann-Chatrian</rs>, Histoire d’un paysan to read.<anchor n="5" xml:id="note-t-5"/> </ab>
<ab rend="indent">The French Revolution — that is the centre — the constitution of 1789 the modern gospel, no less sublime than that of Year 1.<anchor n="6" xml:id="note-t-6"/></ab>
<ab rend="indent">And how one can be a figure painter and not feel anything of that I cannot understand — and find something empty in the studios of those kinds of figure painters if the modern writings are absent. And I believe that’s your impression too.
<pb f="1r" n="4" xml:id="pb-trans-1r-4" facs="#zone-pb-1r-4"/></ab>
<ab rend="indent">Do you know what I didn’t take? The miners’ strike by <rs type="pers" key="1329">Roll</rs>,<anchor n="7" xml:id="note-t-7"/> which I believe you have in duplicate. I have it myself but it was meant for <rs type="pers" key="1440">Van der Weele</rs>, who, between you and me, badly needs to see some foreign compositions in my view, and is I think somewhat weighed down by Dutch prejudices — although in his large painting<anchor n="8" xml:id="note-t-8"/> he wrests free of them.</ab>
<ab rend="indent">As for printer’s ink, I wanted to say, try splashing and smearing with it — at random and from the imagination as it were — on a piece of paper or an old study, just for the effect. But gently — with turpentine — then I believe you’ll see things in it that will prove useful. Your study for which I posed<anchor n="9" xml:id="note-t-9"/> looked very good when it was properly dry, but I believe it would have been even better if it had been prepared with charcoal. And try washing with a brush and water in a scratch done with lithographic crayon. If you take the trouble, you’ll certainly find things that are very useful and practical with the printer’s ink — probably more and better than I’ve found so far. </ab>
<ab rend="indent">How beautiful those illustrations are by <hi rend="ital"><rs type="pers" key="1179">Lhermitte</rs></hi>, <rs type="pers" key="1264">Perret</rs>,<anchor n="10" xml:id="note-t-10"/> <rs type="pers" key="124">Bastien-Lepage</rs> that you have! If I were you I’d do even more of those fine heads like the blind men. I’ll also try it out with a finer pencil — — adieu — with a handshake. </ab>
<vg:whiteline/>
<ab>Ever yours,</ab>
<ab>Vincent</ab>
<vg:whiteline/>
<ab>As to writers, don’t you agree that one doesn’t know writers like <rs type="pers" key="580">Dickens</rs>, <rs type="pers" key="519">Balzac</rs>, <rs type="pers" key="666">Hugo</rs>, <rs type="pers" key="836">Zola</rs> until one has more or less full knowledge of their work? I think that the same applies to <rs type="pers" key="707">Michelet</rs> and <rs type="pers" key="594 591">Erckmann-Chatrian</rs> too.</ab>
    <vg:whiteline/>
<ab>
<pb f="2r" n="5" xml:id="pb-trans-2r-5" facs="#zone-pb-2r-5"/></ab>
<ab>I refuse to accept that a painter may or must do nothing but paint. I mean that while many regard, for instance, reading books or something else as what they’d call a waste of time, it seems to me on the contrary that — far from working less or less well if one attempts to learn about another area that’s nonetheless directly related — one works more and better as a result — and at any rate the point of view from which one sees things and one’s approach to life is a matter of importance and a great influence on the work.</ab>
<ab rend="indent">The more one loves, the more one will act, I believe, for love that is only a feeling I wouldn’t even consider to be love.</ab>
<ab rend="indent">Well, I hope this consignment of wood engravings will be to your taste. Return the ones you already have together with the others when it’s convenient, then I’ll give them to <rs type="pers" key="1440">Van der Weele</rs>. I’ve sorted them out as carefully as possible — and as far as I can make out these are all the duplicates. There are a few French ones among them too.</ab>
<ab rend="indent">We can check the rest when you come, sooner or later.</ab>
<ab rend="indent">Then you’ll certainly have a lot more prints to look at which, sadly, I don’t have in duplicate. </ab>
<ab rend="indent">Enjoy them — and write again soon. </ab></div>
<div type="notes">
<note n="1" xml:id="n-1" target="#note-t-1">
<ab>For <rs type="pers" key="1306">Van Rappard</rs>’s<hi rend="ital"> <rs type="ill" key="330">Old woman at the spinning wheel</rs></hi>, <ref target="let344.xml#n-4">see letter 344, n. 4</ref></ab></note>
<note n="2" xml:id="n-2" target="#note-t-2">
    <ab>For <rs type="pers" key="1306">Van Rappard</rs>’s <hi rend="ital"><rs type="ill" key="332">Tile painters</rs></hi>, <ref target="let331.xml#n-14">see letters 331, n. 14</ref> and  <ref target="let344.xml#n-7">344, n. 7.</ref></ab></note>
<note n="3" xml:id="n-3" target="#note-t-3">
<ab>In the autumn of 1882 <rs type="pers" key="1306">Van Rappard</rs> had done some studies at the Institute for the Blind in Utrecht. See e.g. Van Rappard’s drawing <hi rend="ital">Head of a blind old man</hi> (Amsterdam, Rijksprentenkabinet). <rs type="ill" key="2100">Ill. 2100</rs>. Cf. exhib. cat. Amsterdam 1974, pp. 79-80, cat. nos. 83-89.</ab></note>
<note n="4" xml:id="n-4" target="#note-t-4">
<ab>The excerpt comes from the ‘Preface’ to <rs type="pers" key="580">Charles Dickens</rs>, <hi rend="ital"><rs type="lit" key="199">Little Dorrit</rs></hi>. Van Gogh knew the version in the Library Edition (1859) or the Cheap Edition (1861 and 1865). There the opening sentence reads ‘I was’, whereas other editions have ‘I have been’. See Dickens 1979, p. <hi rend="sc">lxi</hi>. The emphasis on <hi rend="ital">continuous attention</hi> is Van Gogh’s own. The word ‘complete’ <ref target="#l-51">(l. 51)</ref> is ‘completed’ in the original. </ab></note>
<note n="5" xml:id="n-5" target="#note-t-5">
<ab><rs type="pers" key="594 591">Erckmann-Chatrian</rs>, <hi rend="ital"><rs type="lit" key="339">Histoire d’un paysan</rs></hi> (1868) is a four-volume work about the French Revolution and the period afterwards (1789-1815) seen through the eyes of the Alsace peasant Michel Bastien. In 1789 the Declaration of the Rights of Man was drawn up and four years later the Constitution was adopted. The significance of this is explored in <hi rend="ital">Histoire d’un paysan. </hi>Van Gogh had a copy of<hi rend="ital"> Histoire d’un paysan – 1789 – Les états géneraux – par Erckmann-Chatrian. Illustrée par Théophile Schuler – Gravures par Pannemaker. L’histoire de la Révolution, racontée par un paysan</hi>. Paris, Bibliothèque populaire d’éducation et de récréation. J. Hetzel et Cie, 18 Rue Jacob, 1869. He did indeed give it to <rs type="pers" key="1306">Van Rappard</rs>, one of whose descendants owns this copy with the name ‘Vincent’ inscribed at the front.</ab></note>
<note n="6" xml:id="n-6" target="#note-t-6">
<ab>By the gospel ‘of Year 1’ Van Gogh means the biblical gospel. The fact that he gives the number so explicitly has to do with the renumbering of the years in France after the Revolution. The subtitle of one of the editions of <hi rend="ital"><rs type="lit" key="339">Histoire d’un paysan</rs></hi> is <hi rend="ital">L’an I de la République</hi> (Paris 1869). Van Gogh may have borrowed the comparison of the gospel to the French Constitution from <rs type="pers" key="563">Carlyle</rs> or <rs type="pers" key="707">Michelet</rs>. See Sund 1992, pp. 260-261 (nn. 89-92).</ab></note>
<note n="7" xml:id="n-7" target="#note-t-7">
<ab>For <rs type="pers" key="1329">Roll</rs>’s <hi rend="ital"><rs type="ill" key="1950">A miners’ strike</rs></hi>, <ref target="let263.xml#n-5">see letter 263, n. 5.</ref></ab></note>
<note n="8" xml:id="n-8" target="#note-t-8">
<ab>This is <rs type="pers" key="1440">Van der Weele</rs>’s <hi rend="ital"><rs type="otherart" key="499">A misty morning</rs></hi>, <ref target="let327.xml#n-1">see letter 327, n. 1.</ref></ab></note>
<note n="9" xml:id="n-9" target="#note-t-9">
<ab>A study by <rs type="pers" key="1306">Van Rappard</rs> for which Van Gogh posed is not known. Heenk has suggested that the portrait of Van Rappard that Van Gogh drew was done at this time (<hi rend="ital">Van Rappard</hi> <rs type="otherart" key="946">F 1297r / JH 491</rs>). See cat. Amsterdam 1997, p. 107.</ab></note>
<note n="10" xml:id="n-10" target="#note-t-10">
<ab>This is probably <rs type="pers" key="1264">Aimé Perret</rs>, since subjects recur in his work that are related to those in the work of <rs type="pers" key="1179">Léon Augustin Lhermitte</rs> and <rs type="pers" key="124">Jules Bastien-Lepage</rs> (such as farm labourers, peasants, etc.); for example, <hi rend="ital"><rs type="otherart" key="520">Le semeur</rs></hi> (The sower) (1881), which was shown at the Salon of 1881 and illustrated in <hi rend="ital">La Vie Moderne</hi> 3 (1 October 1881), p. 633.</ab></note></div></body></text></TEI>
