<?xml version="1.0" encoding="UTF-8"?>
<!-- Last Changed Date: 2018-07-18 12:32:41 +0200 (Wed, 18 Jul 2018) | SVN Revision: 2206 -->
<!--Licensed under Attribution-NonCommercial-ShareAlike 4.0 International (CC BY-NC-SA 4.0)-->
<?xml-model href="https://xmlschema.huygens.knaw.nl/vgodd.rng" type="application/xml" schematypens="http://relaxng.org/ns/structure/1.0"?>
<TEI xmlns:vg="http://www.vangoghletters.org/ns/" xmlns="http://www.tei-c.org/ns/1.0">
<teiHeader xmlns:xsi="http://www.w3.org/2001/XMLSchema-instance"><fileDesc>
<titleStmt>
<title>To Theo van Gogh. The Hague, Monday, 5 February 1883.</title>
<editor>Leo Jansen</editor>
<editor>Hans Luijten</editor>
<editor>Nienke Bakker</editor></titleStmt>
<publicationStmt>
<publisher><name>Huygens Instituut voor Nederlandse Geschiedenis (KNAW)</name><email>info@huygens.knaw.nl</email></publisher>
<publisher>Van Gogh Museum</publisher>
<pubPlace>Amsterdam</pubPlace>
<date type="first" when="2009">2009</date>
<availability status="restricted">
<licence target="http://creativecommons.org/licenses/by-nc-sa/4.0/ https://creativecommons.org/licenses/by-nc-sa/4.0/legalcode">
<p>Attribution-NonCommercial-ShareAlike 4.0 International (CC BY-NC-SA 4.0) </p></licence></availability>
<ptr target="http://vangoghletters.org/orig/let308"/></publicationStmt><sourceDesc><vg:letDesc><vg:letIdentifier>
<idno type="jlb">308</idno>
<idno type="collectedletters">264</idno>
<idno type="brieven1990">310</idno></vg:letIdentifier><vg:letHeading><author>Vincent van Gogh</author><vg:addressee>Theo van Gogh</vg:addressee><vg:placeLet>The Hague</vg:placeLet><vg:dateLet>Monday, 5 February 1883</vg:dateLet></vg:letHeading><vg:letContents>
<p>To Theo van Gogh. The Hague, Monday, 5 February 1883.</p>
<note type="ongoingTopic" n="1">
<p>Theo’s love for the ailing Marie <ref target="let300.xml">(300)</ref></p></note>
<note type="ongoingTopic" n="2">
<p>Van Rappard’s illness <ref target="let290.xml">(290)</ref></p></note></vg:letContents>
<note type="sourceStatus" xml:id="sourceStatus">
<p>Original manuscript</p></note>
<note type="location" xml:id="location">
<p>Amsterdam, Van Gogh Museum, inv. no. b286 V/1962</p></note>
<note type="date" xml:id="date">
<p>Letter headed: ‘5 februarij’. The allusion to Theo’s situation with Marie (<ref target="#l-5">ll. 5</ref> ff.) leads to the conclusion that it must be Monday, 5 February 1883.</p></note></vg:letDesc></sourceDesc></fileDesc></teiHeader>
<facsimile xmlns:xsi="http://www.w3.org/2001/XMLSchema-instance">
<surface n="b 0286" xml:id="surf-pb-1r"><graphic mimeType="image/tiff" url="VGM001000355_01.TIF" rend="norend"/><graphic mimeType="image/tiff" url="VGM001000355_01_n.tif" rend="norend"/><graphic mimeType="image/jpeg" url="VGM001000355_01_nt.jpg" height="50px" rend="thumbnail"/><zone xml:id="zone-pb-1r-1">
<graphic mimeType="image/tiff" url="VGM001000355_01_nR.tif" rend="norend"/><graphic mimeType="image/jpeg" url="VGM001000355_01_nRt.jpg" height="50px" rend="thumbnail"/><graphic mimeType="image/png" url="VGM001000355_01_nRf.png" width="380px" rend="facstab"/></zone>
<zone xml:id="zone-pb-1r-4">
<graphic mimeType="image/tiff" url="VGM001000355_01_nL.tif" rend="norend"/><graphic mimeType="image/jpeg" url="VGM001000355_01_nLt.jpg" height="50px" rend="thumbnail"/><graphic mimeType="image/png" url="VGM001000355_01_nLf.png" width="380px" rend="facstab"/></zone>
</surface>
<surface n="b 0286" xml:id="surf-pb-1v"><graphic mimeType="image/tiff" url="VGM001000355_02.TIF" rend="norend"/><graphic mimeType="image/tiff" url="VGM001000355_02_n.tif" rend="norend"/><graphic mimeType="image/jpeg" url="VGM001000355_02_nt.jpg" height="50px" rend="thumbnail"/><zone xml:id="zone-pb-1v-2">
<graphic mimeType="image/tiff" url="VGM001000355_02_nL.tif" rend="norend"/><graphic mimeType="image/jpeg" url="VGM001000355_02_nLt.jpg" height="50px" rend="thumbnail"/><graphic mimeType="image/png" url="VGM001000355_02_nLf.png" width="380px" rend="facstab"/></zone>
<zone xml:id="zone-pb-1v-3">
<graphic mimeType="image/tiff" url="VGM001000355_02_nR.tif" rend="norend"/><graphic mimeType="image/jpeg" url="VGM001000355_02_nRt.jpg" height="50px" rend="thumbnail"/><graphic mimeType="image/png" url="VGM001000355_02_nRf.png" width="380px" rend="facstab"/></zone>
</surface></facsimile><text xmlns:xsi="http://www.w3.org/2001/XMLSchema-instance"><body>
<div type="original">
<pb f="1r" n="1" xml:id="pb-orig-1r-1" facs="#zone-pb-1r-1"/><lb n="1" xml:id="l-1"/>
<ab>5 februarij</ab>
<vg:whiteline/><lb n="2" xml:id="l-2"/>
<ab>Waarde Theo,</ab><lb n="3" xml:id="l-3"/>
<ab>Hartelijk dank voor Uw brief en voor het <lb n="4" xml:id="l-4"/>geld.</ab><lb n="5" xml:id="l-5"/>
<ab rend="indent">Als ik Uwe brieven over Uw zieke lees of <lb n="6" xml:id="l-6"/>herlees komt mij veel in de gedachten<c type="kp">_</c> <lb n="7" xml:id="l-7"/>En ik zou U nog veel meer er over <lb n="8" xml:id="l-8"/>willen vragen &amp; schrijven – doch vanwege <lb n="9" xml:id="l-9"/>ik de persoon slechts ken door Uwe brieven <lb n="10" xml:id="l-10"/>is het alles te vaag &amp; te onbestemd en <lb n="11" xml:id="l-11"/>heb ik wel eens een brief er over weer <lb n="12" xml:id="l-12"/>verscheurd. Maar geloof dit<c type="kk">/</c> steeds <lb n="13" xml:id="l-13"/>is het in mijne gedachten onwillekeurig<c type="kk">/</c> <lb n="14" xml:id="l-14"/>en dat behalve de weemoedige <lb n="15" xml:id="l-15"/>gedachte aan haar lijden zulk eene ontmoeting <lb n="16" xml:id="l-16"/>iets is waar gij dankbaar voor zijt en <lb n="17" xml:id="l-17"/>als een niet alledaagsch geluk beschouwd<c type="kk">/</c> <lb n="18" xml:id="l-18"/>kan ik mij best begrijpen en stem ik <lb n="19" xml:id="l-19"/>volkomen mee in.</ab><lb n="20" xml:id="l-20"/>
<ab rend="indent">Dat je ne sais quoi als van de hei <lb n="21" xml:id="l-21"/>of dat denken doet aan haar geboorteland<c type="kk">/</c> <lb n="22" xml:id="l-22"/>die oude kust van Bretagne<c type="kk">/</c> is <lb n="23" xml:id="l-23"/>iets dat op den duur als gij langer <lb n="24" xml:id="l-24"/>met haar zult geweest zijn eer sterker <lb n="25" xml:id="l-25"/>dan zwakker zal worden meen ik<c type="kp">_</c></ab><lb n="26" xml:id="l-26"/>
<ab rend="indent">Ik vond<anchor n="1" xml:id="note-o-1"/> Uwe uitdrukking: “zal ze <lb n="27" xml:id="l-27"/>later zijn als de hond met den herder<c type="kk">/</c> of iets beters” <lb n="28" xml:id="l-28"/>wel karakteristiek – acht gij het niet <lb n="29" xml:id="l-29"/>waarschijnlijk dat het den eenen tijd veel <lb n="30" xml:id="l-30"/>van den anderen tijd verschillen zal – <lb n="31" xml:id="l-31"/>in een zelfde liefde zijn zooveel verschillende <lb n="32" xml:id="l-32"/>toestanden of gedaanteverwisselingen – <hi rend="ital">juist door de getrouwheid</hi> aan een zelfde <lb n="33" xml:id="l-33"/>liefde – dat het telkens weer anders wordt<c type="kp">_</c></ab>
<pb f="1v" n="2" xml:id="pb-orig-1v-2" facs="#zone-pb-1v-2"/><lb n="34" xml:id="l-34"/>
<ab rend="indent">Het is nog een moeielijke passage<c type="kk">/</c> die <lb n="35" xml:id="l-35"/>operatie – als ik U was zou ik niet <lb n="36" xml:id="l-36"/>veel tot haar spreken over later eene betrekking <lb n="37" xml:id="l-37"/>zoeken – daar in verband juist ook tot <lb n="38" xml:id="l-38"/>haar voet de toekomst zoo onbestemd is – laat <lb n="39" xml:id="l-39"/>het liever onbestemd. Want ik zou vreezen <lb n="40" xml:id="l-40"/>juist in b.v. een crisis van pijn zij zeer ten <lb n="41" xml:id="l-41"/>ontijde een idee fixe omtrent “dat of dat <lb n="42" xml:id="l-42"/><hi rend="ital">moet</hi> ik doen” zou kunnen krijgen – dat <lb n="43" xml:id="l-43"/>gebeurt meer bij zieke vrouwen – ’t welk <lb n="44" xml:id="l-44"/>haar mogelijk ietwat obstinaat zou maken <lb n="45" xml:id="l-45"/>tegen haar eigen hart in en ’t welk U smarten <lb n="46" xml:id="l-46"/>zou omdat het uit delicatesse was gij <lb n="47" xml:id="l-47"/>haar door het idee van betrekking de toekomst <lb n="48" xml:id="l-48"/>juist VRIJ en <hi rend="ital">onafhankelijk</hi> wildet laten en zij <lb n="49" xml:id="l-49"/>’t mogt opvatten als was zij U onverschilliger dan <lb n="50" xml:id="l-50"/>wel ’t geval is. Misschien is dit een <lb n="51" xml:id="l-51"/>en ander te vaag uitgedrukt maar <lb n="52" xml:id="l-52"/>delicatesse begrijpen de vrouwen lang niet <lb n="53" xml:id="l-53"/>altijd<c type="kk">/</c> evenmin als humor en ofschoon <lb n="54" xml:id="l-54"/>men zeker met delicatesse <lb n="55" xml:id="l-55"/>behoort te handelen zoo ontstaan er soms <lb n="56" xml:id="l-56"/>misverstanden door (wel is waar is men <lb n="57" xml:id="l-57"/>daar niet aansprakelijk voor mijns inziens) die <lb n="58" xml:id="l-58"/>’t leven moeielijker maken. Enfin<c type="kp">_</c>–</ab><lb n="59" xml:id="l-59"/>
<ab rend="indent">Ik weet niet of Heyerdahl b.v. iets schilderachtigs in <lb n="60" xml:id="l-60"/>de vrouw met wie ik ben – zoo in haar dagelijks doen &amp; laten – <lb n="61" xml:id="l-61"/>zou vinden. Daumier echter zeker wel<c type="kp">_</c> <lb n="62" xml:id="l-62"/>Ik dacht aan Heyerdahls woord<c type="kk">/</c> je n’aime pas <lb n="63" xml:id="l-63"/>qu’une figure soit trop corrompue – bij het teekenen <lb n="64" xml:id="l-64"/>niet van de vrouw maar van een ouden man <lb n="65" xml:id="l-65"/>met een verband op ’t oog<anchor n="2" xml:id="note-o-2"/> – en ik vond het <lb n="66" xml:id="l-66"/><hi rend="ital">niet</hi> waar. Er zijn van die ruines<c type="kk">/</c> bepaald <hi rend="ital">ruines</hi> van <lb n="67" xml:id="l-67"/>physionomies – waar toch iets in is dat ik b.v. <lb n="68" xml:id="l-68"/>ten volle uitgedrukt zie in de Hille Bobbe van <lb n="69" xml:id="l-69"/>Frans Hals<anchor n="3" xml:id="note-o-3"/> of sommige koppen van Rembrandt<c type="kp">_</c> <lb n="70" xml:id="l-70"/>Nu<c type="kk">/</c> betreffende Heyerdahl – eigentlijk twijfel <lb n="71" xml:id="l-71"/>ik niet of zijn <hi rend="ital">bedoeling</hi> met het woord is zóó <lb n="72" xml:id="l-72"/>dat het wel goed zal zijn – maar als men dat er niet <lb n="73" xml:id="l-73"/>bij dacht zou ’t geloof ik niet doorgaan.–</ab>
<pb f="1v" n="3" xml:id="pb-orig-1v-3" facs="#zone-pb-1v-3"/><lb n="74" xml:id="l-74"/>
<ab rend="indent">In den laatsten brief dien ’k U schreef <lb n="75" xml:id="l-75"/>vroeg ik ter loops naar ’t werk van <lb n="76" xml:id="l-76"/><hi rend="sc">l’Hermitte</hi><c type="kp">_</c><anchor n="4" xml:id="note-o-4"/> In compte rendus van <lb n="77" xml:id="l-77"/>de Black &amp; White staat hij bijna altijd <lb n="78" xml:id="l-78"/><hi rend="ital">bovenaan</hi> als “the Millet &amp; Jules Breton <lb n="79" xml:id="l-79"/>in Black &amp; White” en stond er b.v. eene <lb n="80" xml:id="l-80"/>beschrijving van eene teekening van oude vrouwen <lb n="81" xml:id="l-81"/>op de falaises<c type="kk">/</c><anchor n="5" xml:id="note-o-5"/> en over zijn manier van doen <lb n="82" xml:id="l-82"/>stond dat niemand brutaler<c type="kk">/</c> stouter<c type="kk">/</c> <lb n="83" xml:id="l-83"/>krachtiger was dan hij<c type="kk">/</c> zóó dat het verbazing<c type="shy">-</c><lb n="84" xml:id="l-84"/>wekkend was en niet naar andere teekeningen geleek <lb n="85" xml:id="l-85"/>en breeder dan de breedsten was aangezet. <lb n="86" xml:id="l-86"/>Men vergeleek hem bij <hi rend="ital">Legros</hi> ook<c type="kk">/</c> doch <lb n="87" xml:id="l-87"/>slechts met de buitengewoonste<c type="kk">/</c> meest hors ligne <lb n="88" xml:id="l-88"/>teekeningen of etsen van Legros welke<c type="kk">/</c> b.v. de <lb n="89" xml:id="l-89"/>kerkbank<c type="kk">/</c><anchor n="6" xml:id="note-o-6"/> ook zeer krachtig en breed zijn.</ab><lb n="90" xml:id="l-90"/>
<ab rend="indent">Kerel ik ben nog altijd wat lam en <lb n="91" xml:id="l-91"/>ik heb een tamelijk duidelijke waarschuwing <lb n="92" xml:id="l-92"/>dat ik voorzigtig moet zijn – mijn oogen voelde <lb n="93" xml:id="l-93"/>ik soms mij vermoeid voor kwamen – maar <lb n="94" xml:id="l-94"/>wilde mij niets inbeelden. Nu van nacht <lb n="95" xml:id="l-95"/>b.v. echter vooral is er veel afscheiding van <lb n="96" xml:id="l-96"/>het vocht dat men steeds in de oogen heeft en <lb n="97" xml:id="l-97"/>plakten de oogharen telkens digt, en het <lb n="98" xml:id="l-98"/>kijken kost mij moeite en is als ’t ware troebel<c type="kp">_</c></ab><lb n="99" xml:id="l-99"/>
<ab rend="indent">Nu sedert reeds half december zoowat heb <lb n="100" xml:id="l-100"/>ik zitten blokken zonder ophouden op die koppen <lb n="101" xml:id="l-101"/>vooral. Ik ben deze laatste week expres veel <lb n="102" xml:id="l-102"/>in de lucht gegaan om op te frisschen<c type="kk">/</c> en <lb n="103" xml:id="l-103"/>een paar baden genomen<c type="kk">/</c> veel mijn hoofd met <lb n="104" xml:id="l-104"/>koud water gewasschen &amp;c<c type="kp">_</c> &amp;c. Maar in <lb n="105" xml:id="l-105"/>zoo’n tijd is men zoo beroerd – ik heb <lb n="106" xml:id="l-106"/>een groot pak studies – maar ik heb <lb n="107" xml:id="l-107"/>er dan geen pleizier in en vind ze allen <lb n="108" xml:id="l-108"/>slecht.</ab>
<pb f="1r" n="4" xml:id="pb-orig-1r-4" facs="#zone-pb-1r-4"/><lb n="109" xml:id="l-109"/>
<ab rend="indent">Rappard schreef mij deze week weer<c type="kk">/</c> <lb n="110" xml:id="l-110"/>zal pas gaandeweg weer normaal <lb n="111" xml:id="l-111"/>worden schreef hij<c type="kk">/</c> was zwak maar begon <lb n="112" xml:id="l-112"/>nu en dan eens een eindje te wandelen buiten. <lb n="113" xml:id="l-113"/>Schreef anders helder en klaar over verschillende <lb n="114" xml:id="l-114"/>dingen het werk betreffende.</ab><lb n="115" xml:id="l-115"/>
<ab rend="indent">Nu en dan krijgt het alles buiten <lb n="116" xml:id="l-116"/>iets lenteachtigs en ’t zal niet lang <lb n="117" xml:id="l-117"/>duren of de leeuwerik gaat weer zingen <lb n="118" xml:id="l-118"/>in het weiland<c type="kp">_</c>–</ab><lb n="119" xml:id="l-119"/>
<ab rend="indent"><hi rend="ital">Zoudt gij nog in de lente komen???</hi> <lb n="120" xml:id="l-120"/>Ik vrees er nu wel voor. ik wou graag eens <lb n="121" xml:id="l-121"/>praten over de studies van dezen winter – <lb n="122" xml:id="l-122"/>met U en ook eens met Rappard – <lb n="123" xml:id="l-123"/>als hij beter zal zijn komt hij wel eens.</ab><lb n="124" xml:id="l-124"/>
<ab rend="indent">Ik zal betrekkelijk eens een week of zoo rusten <lb n="125" xml:id="l-125"/>en veel blijven buiten loopen – om eens <lb n="126" xml:id="l-126"/>nieuwe gedachten te krijgen. Ik wou <lb n="127" xml:id="l-127"/>wat halen uit mijn studies voor aquarellen b.v. <lb n="128" xml:id="l-128"/>maar het vlot nu op ’t moment niet.</ab><lb n="129" xml:id="l-129"/>
<ab rend="indent">Ik zie er nu net uit in mijn oogen en mijn gezigt <lb n="130" xml:id="l-130"/>als of ik erg aan het doordraaijen<anchor n="a" xml:id="note-o-a"/> geweest ben – <lb n="131" xml:id="l-131"/>wat echter natuurlijkerwijs <hi rend="ital">niet</hi> het geval is – integendeel<c type="kk">/</c> <lb n="132" xml:id="l-132"/>maar wie weet of ik over eenigen tijd weer niet eens <lb n="133" xml:id="l-133"/>merk deze of gene die ik tegenkom de observatie gemaakt heeft dat <lb n="134" xml:id="l-134"/>ik blijkbaar op den slechten weg ben. Die dingen <lb n="135" xml:id="l-135"/>zijn soms zóó mal dat ik er onwillekeurig <lb n="136" xml:id="l-136"/>om lagchen moet.</ab><lb n="137" xml:id="l-137"/>
<ab rend="indent">Er zijn s’avonds bij het ondergaan der zon effekten van <lb n="138" xml:id="l-138"/>donkere wolken met zilveren randen die prachtig zijn<c type="kk">/</c> <lb n="139" xml:id="l-139"/>b.v. als men op ’t Bezuidenhout of den Boschkant<anchor n="7" xml:id="note-o-7"/> loopt<c type="kp">_</c> <lb n="140" xml:id="l-140"/>Gij kent dat wel van vroeger – uit het raam van ’t atelier is <lb n="141" xml:id="l-141"/>het ook mooi<c type="kk">/</c> of in ’t weiland – men voelt de lente <lb n="142" xml:id="l-142"/>in de verte en nu en dan is er reeds iets zoels in de lucht<c type="kp">_</c></ab><lb n="143" xml:id="l-143"/>
<ab rend="indent">adieu kerel – nogmaals dank voor Uw brief<c type="kk">/</c> <lb n="144" xml:id="l-144"/>heb voorspoed met Uw patient – ik hoop dat <lb n="145" xml:id="l-145"/>ik spoedig weer eens een teekening vind of <lb n="146" xml:id="l-146"/>een studie waar iets in mogt zitten – het is zoo <lb n="147" xml:id="l-147"/>onpleizierig als men “rust nemen” moet. Men <hi rend="ital">kan</hi> niet <lb n="148" xml:id="l-148"/>rusten juist omdat men <hi rend="ital">moet</hi><c type="kp">_</c> adieu<c type="kk">/</c> met een <lb n="149" xml:id="l-149"/>handdruk<c type="kp">_</c></ab>
<vg:whiteline/><lb n="149*" xml:id="l-149s"/>
<ab>t. à t<c type="kp">_</c></ab><lb n="149*"/>
<ab>Vincent.</ab>
<vg:whiteline/>
<div type="textualNotes">
<note target="l-26" n="26">vond &lt; <hi rend="ital">It is possible that Van Gogh wrote</hi> ‘vind’.</note>
<note target="l-33" n="33">liefde – &lt; liefde.</note>
<note target="l-60" n="60">laten – &lt; laten</note>
<note target="l-129" n="129">Ik &lt; – Ik</note></div></div>
<div type="translation">
<pb f="1r" n="1" xml:id="pb-trans-1r-1" facs="#zone-pb-1r-1"/>
<ab>5 February</ab>
<vg:whiteline/>
<ab>My dear Theo,</ab>
<ab>Many thanks for your letter and for the money.</ab>
<ab rend="indent">There’s much that comes to mind when I read or re-read your letters about your <rs type="pers" key="508">patient</rs>. And I’d like to ask you much more and write to you — but because I only know the person through your letters, it’s all too vague and too indefinable, and occasionally I’ve torn up a letter about it. But believe this, it is constantly in my thoughts in spite of myself, and that such a meeting, apart from the melancholy thought of her suffering, is something you’re grateful for and regard as a rare piece of good fortune — that I can readily understand and I agree completely.</ab>
<ab rend="indent">That <hi rend="ital">je ne sais quoi</hi>, as with the heath, or that recalls <rs type="pers" key="508">her</rs> native country, the old coast of Brittany, is something that will become stronger rather than weaker with time, I believe, when you’ve been with her longer. </ab>
<ab rend="indent">I thought<anchor n="1" xml:id="note-t-1"/> your expression: ‘Will she later be like the dog with the shepherd, or something better?’ quite typical — don’t you think it likely that it will vary considerably from time to time? In one and the same love there are so many different states or metamorphoses — <hi rend="ital">precisely because of the loyalty</hi> to one and the same love — that it’s constantly changing.
<pb f="1v" n="2" xml:id="pb-trans-1v-2" facs="#zone-pb-1v-2"/></ab>
<ab rend="indent">It’s still a difficult phase, that operation — if I were you I shouldn’t talk to <rs type="pers" key="508">her</rs> too much about looking for a job later — given that, especially in relation to her foot, the future is so uncertain — better leave it uncertain. For I would fear that, precisely in a crisis of pain, say, that she might very inopportunely get an <hi rend="ital">idée fixe</hi> such as ‘I <hi rend="ital">must</hi> do this or that’ — this does happen with women who are ill — which might make her somewhat obstinate, against her own heart, and which would grieve you, because it was out of delicacy that you wanted to leave her future FREE and <hi rend="ital">independent </hi>through the idea of a job, and she might take it that you were more indifferent to her than is the case. This may be putting it too vaguely, but women by no means always understand delicacy, any more than humour, and while one certainly ought to act with delicacy, this sometimes leads to misunderstandings (although in my view one can’t be held responsible for that) which make life more difficult. Anyway.</ab>
<ab rend="indent">I don’t know whether <rs type="pers" key="1084">Heyerdahl</rs>, for instance, would find anything picturesque about the <rs type="pers" key="463">woman</rs> I am with — in her everyday actions. But <rs type="pers" key="977">Daumier</rs> certainly would. I thought of Heyerdahl’s words — I don’t like a figure to be too degenerate — when I was drawing not the woman but the old man with a bandage over his eye,<anchor n="2" xml:id="note-t-2"/> and I found they were <hi rend="ital">not</hi> true. There are ruins, absolute <hi rend="ital">ruins</hi>, of physiognomies, which nonetheless have something that I see fully expressed in, for example, the Hille Bobbe by <rs type="pers" key="1073">Frans Hals</rs><anchor n="3" xml:id="note-t-3"/> or some heads by <rs type="pers" key="1295">Rembrandt</rs>. Now, as for Heyerdahl, I don’t really doubt that the <hi rend="ital">intention</hi> behind what he said was good, but if one didn’t bear that in mind I don’t think it would be valid.
<pb f="1v" n="3" xml:id="pb-trans-1v-3" facs="#zone-pb-1v-3"/></ab>
<ab rend="indent">In the last letter I wrote to you I asked in passing about the work of <hi rend="sc"><rs type="pers" key="1179">Lhermitte</rs></hi>.<anchor n="4" xml:id="note-t-4"/> In reviews of the Black and White he almost always comes out <hi rend="ital">on top</hi> as ‘the <rs type="pers" key="1226">Millet</rs> and <rs type="pers" key="899">Jules Breton</rs> in Black and White’, and there was, for instance, a description of a drawing of old women on the cliffs,<anchor n="5" xml:id="note-t-5"/> and it said of his way of working that no one was bolder, more audacious, more vigorous than he, to such an extent that it was astounding and was unlike any other drawings, and was approached more broadly than the broadest. He was compared with <hi rend="ital"><rs type="pers" key="1157">Legros</rs></hi> too, but only with the most outstanding, most excellent drawings or etchings by Legros, which are also very vigorous and broad, for example the pew.<anchor n="6" xml:id="note-t-6"/></ab>
<ab rend="indent">Old chap, I’m still a little weak, and I’ve had a pretty clear warning that I must be careful — my eyes sometimes seemed tired to me, but I didn’t want to imagine things. But last night, for example, there was a great discharge of the fluid one always has in the eyes and my eyelashes kept sticking together, and looking is an effort and is cloudy, so to speak. </ab>
<ab rend="indent">Now, since about the middle of December I’ve been slogging away without stopping, mainly on those heads. This last week I’ve deliberately gone out of doors a good deal to refresh myself, and taken several baths and washed my head often with cold water &amp;c. &amp;c. But at a time like this one feels so ill — I have a big pile of studies, but they give me no pleasure and I think them all bad. 
<pb f="1r" n="4" xml:id="pb-trans-1r-4" facs="#zone-pb-1r-4"/></ab>
<ab rend="indent"><rs type="pers" key="1306">Rappard</rs> wrote to me again this week, will only get back to normal slowly, he wrote, was weak but beginning to go for a walk outside now and then. Otherwise wrote lucidly and clearly about various things to do with work. </ab>
<ab rend="indent">Now and then everything outside looks spring-like, and it won’t be long before the lark sings in the meadow again. </ab>
<ab rend="indent"><hi rend="ital">Will you still come in the spring???</hi> Now I fear not. I’d like to discuss the studies from this winter — with you, and with <rs type="pers" key="1306">Rappard</rs> too, sometime — he’ll come one day when he’s better. </ab>
<ab rend="indent">I’ll rest for about a week or so sometime, and continue to go for walks out of doors — to get new ideas. I wanted to get something from my studies for watercolours, for instance, but that’s not working at all well at the moment. </ab>
<ab rend="indent">In my eyes and my face I now look as if I’ve been having a high old time — which of course is <hi rend="ital">not</hi> the case — on the contrary, but who knows if some time from now I don’t even notice that someone I meet has remarked that I’m evidently going downhill? These things are sometimes so silly that I can’t help laughing at them. </ab>
<ab rend="indent">When the sun sets in the evenings there are effects of dark clouds with silver edges that are superb if one is walking on Bezuidenhout or Boschkant, for example.<anchor n="7" xml:id="note-t-7"/> You’ll remember that. It’s also beautiful from the window of the studio or in the meadow — one feels spring in the distance, and now and again the air is already balmy. </ab>
<ab rend="indent">Adieu, old chap, thanks again for your letter, good luck with your patient — I hope that I’ll soon find a drawing or a study again with something in it. It’s so disagreeable when one must ‘take a rest’. One <hi rend="ital">cannot</hi> rest precisely because one <hi rend="ital">must</hi>. Adieu, with a handshake.</ab>
<vg:whiteline/>
<ab>Ever yours,</ab>
<ab>Vincent.</ab></div>
<div type="notes">
<note n="1" xml:id="n-1" target="#note-t-1">
<ab>It is possible that Van Gogh wrote ‘vind’ (think) instead of ‘vond’ (thought).</ab></note>
<note n="2" xml:id="n-2" target="#note-t-2">
<ab>Probably <hi rend="ital">Old man in his Sunday best with an eye patch</hi> (<rs type="ill" key="2423">F 1003 / JH 285</rs>); cf. <ref target="let354.xml#n-10">letter 354, n. 10.</ref> But it is also possible that Van Gogh is referring to <hi rend="ital">Head of a man with a pipe and bandaged eye </hi>(<rs type="ill" key="2424">F 1004 / JH 289</rs>), <ref target="let297.xml#n-3">see letter 297, n. 3.</ref></ab></note>
<note n="3" xml:id="n-3" target="#note-t-3">
<ab><rs type="pers" key="1073">Frans Hals</rs>, <hi rend="ital">Malle Babbe</hi>, c. 1633-1635 (Staatliche Museen zu Berlin, Gemäldegalerie). <rs type="ill" key="151">Ill. 151</rs>. The title <hi rend="ital">Hille Bobbe</hi> was also current at the time: <rs type="pers" key="554">E.J.T. Thoré</rs> (writing under the pseudonym W. Bürger) also used it, based on an error in a sale catalogue of 1867. See exhib. cat. Washington 1989, pp. 236-241, cat. no. 37, and W. Bürger, ‘Frans Hals’, <hi rend="ital">Gazette des Beaux-Arts</hi> 24 (1868), p. 443.</ab></note>
<note n="4" xml:id="n-4" target="#note-t-4">
<ab>The previous letter of 3 February contains no request to Theo for information about the work of <rs type="pers" key="1179">Léon Augustin Lhermitte</rs>. This could mean that a letter or part of a letter has been lost. It is also conceivable that Van Gogh made a mistake and was referring to the passage about Lhermitte in his latest letter to <rs type="pers" key="1306">Van Rappard</rs> (<ref target="let307.xml">letter 307</ref>), although there too he again says explicitly that he has written to Theo about Lhermitte. </ab></note>
<note n="5" xml:id="n-5" target="#note-t-5">
<ab>A reference to the review of the Black and White exhibition in <hi rend="ital">The Graphic</hi>: <ref target="let307.xml#n-4">see letter 307, n. 4.</ref> The charcoal drawing by <rs type="pers" key="1179">Léon Augustin Lhermitte</rs> is no. 114: <hi rend="ital">Une procession à Mont-Saint-Père</hi> (A procession at Mont-Saint-Père) (present whereabouts unknown). <rs type="ill" key="221">Ill. 221</rs>. See Le Pelley Fonteny 1991, pp. 440-441, cat. no. 668.</ab></note>
<note n="6" xml:id="n-6" target="#note-t-6">
<ab><rs type="pers" key="1157">Alphonse Legros</rs>, <hi rend="ital">Le lutrin (Les chantres espagnols)</hi>, (The lectern (Spanish precentors)) in <hi rend="ital">Eaux-fortes modernes, publiées par la Société des Aquafortistes</hi> 3 (January 1865), no. 141. Below the etching: ‘Par Cadart &amp; Laquet’ (Amsterdam, Rijksprentenkabinet). <rs type="ill" key="1041">Ill. 1041</rs>. Cf. Bailly-Herzberg 1972, vol. 1, pp. 139-140, nos. 141, 161. The only work by <rs type="pers" key="1157">Legros</rs> discussed in the review is <rs type="otherart" key="481"><hi rend="ital">Beggar and worshippers at a church-porch of Bruges</hi></rs>.</ab></note>
    <note n="a" xml:id="n-a" target="#note-o-a">
        <ab>Means: ‘brassen, zich geregeld aan ongebonden vermaken overgeven’ (guzzle, to indulge in dissolute pleasures constantly).</ab></note>
<note n="7" xml:id="n-7" target="#note-t-7">
<ab>Prinsessegracht was known as ‘Boschkant’ because it was opposite Haagse Bos.</ab></note></div></body></text></TEI>
