<?xml version="1.0" encoding="UTF-8"?>
<!-- Last Changed Date: 2018-07-18 12:32:41 +0200 (Wed, 18 Jul 2018) | SVN Revision: 2206 -->
<!--Licensed under Attribution-NonCommercial-ShareAlike 4.0 International (CC BY-NC-SA 4.0)-->
<?xml-model href="https://xmlschema.huygens.knaw.nl/vgodd.rng" type="application/xml" schematypens="http://relaxng.org/ns/structure/1.0"?>
<TEI xmlns:vg="http://www.vangoghletters.org/ns/" xmlns="http://www.tei-c.org/ns/1.0">
<teiHeader xmlns:xsi="http://www.w3.org/2001/XMLSchema-instance"><fileDesc>
<titleStmt>
<title>To Theo van Gogh. The Hague, on or about Wednesday, 21 March 1883.</title>
<editor>Leo Jansen</editor>
<editor>Hans Luijten</editor>
<editor>Nienke Bakker</editor></titleStmt>
<publicationStmt>
<publisher><name>Huygens Instituut voor Nederlandse Geschiedenis (KNAW)</name><email>info@huygens.knaw.nl</email></publisher>
<publisher>Van Gogh Museum</publisher>
<pubPlace>Amsterdam</pubPlace>
<date type="first" when="2009">2009</date>
<availability status="restricted">
<licence target="http://creativecommons.org/licenses/by-nc-sa/4.0/ https://creativecommons.org/licenses/by-nc-sa/4.0/legalcode">
<p>Attribution-NonCommercial-ShareAlike 4.0 International (CC BY-NC-SA 4.0) </p></licence></availability>
<ptr target="http://vangoghletters.org/orig/let331"/></publicationStmt><sourceDesc><vg:letDesc><vg:letIdentifier>
<idno type="jlb">331</idno>
<idno type="collectedletters">275</idno>
<idno type="brieven1990">332</idno></vg:letIdentifier><vg:letHeading><author>Vincent van Gogh</author><vg:addressee>Theo van Gogh</vg:addressee><vg:placeLet>The Hague</vg:placeLet><vg:dateLet>on or about Wednesday, 21 March 1883</vg:dateLet></vg:letHeading><vg:physDesc><vg:decoration><vg:decoList xml:id="sketches"><vg:decoItem n="A" xml:id="sketch-1"><vg:decoDesc>
<p>
      <hi rend="ital">Woman digging</hi> (<rs type="sketch" key="93">F - / JH 337</rs>), letter sketch</p></vg:decoDesc></vg:decoItem></vg:decoList></vg:decoration></vg:physDesc><vg:letContents>
<p>To Theo van Gogh. The Hague, on or about Wednesday, 21 March 1883.</p>
<note type="ongoingTopic" n="1">
<p>Theo’s love for the ailing Marie <ref target="let300.xml">(300)</ref></p></note>
<note type="ongoingTopic" n="2">
<p>Alterations to the studio windows <ref target="let317.xml">(317)</ref></p></note>
<note type="ongoingTopic" n="3">
<p>Van Gogh is working with natural chalk <ref target="let322.xml">(322)</ref></p></note>
<note type="ongoingTopic" n="4">
<p>Van Gogh’s purchase of 21 volumes of <hi rend="ital">The Graphic</hi> <ref target="let302.xml">(302)</ref></p></note></vg:letContents>
<note type="sourceStatus" xml:id="sourceStatus">
<p>Original manuscript</p></note>
<note type="location" xml:id="location">
<p>Amsterdam, Van Gogh Museum, inv. nos. b298 a-b V/1962</p></note>
<note type="date" xml:id="date">
<p>Vincent thanks Theo for the remittance <ref target="#l-2">(l. 2)</ref>, which must have been the <hi rend="ital">third</hi> of the month. He also writes about what he has been doing ‘this week’ <ref target="#l-86">(ll. 86-87)</ref>, which indicates that several days of the week have already passed. We have therefore dated the letter on or about Wednesday, 21 March 1883.</p></note></vg:letDesc></sourceDesc></fileDesc></teiHeader>
<facsimile xmlns:xsi="http://www.w3.org/2001/XMLSchema-instance">
<surface n="b 0298 a" xml:id="surf-pb-1r"><graphic mimeType="image/tiff" url="VGM001000372_01.TIF" rend="norend"/><graphic mimeType="image/tiff" url="VGM001000372_01_n.tif" rend="norend"/><graphic mimeType="image/jpeg" url="VGM001000372_01_nt.jpg" height="50px" rend="thumbnail"/><zone xml:id="zone-pb-1r-1">
<graphic mimeType="image/tiff" url="VGM001000372_01_nR.tif" rend="norend"/><graphic mimeType="image/jpeg" url="VGM001000372_01_nRt.jpg" height="50px" rend="thumbnail"/><graphic mimeType="image/png" url="VGM001000372_01_nRf.png" width="380px" rend="facstab"/></zone>
<zone xml:id="zone-pb-1r-8">
<graphic mimeType="image/tiff" url="VGM001000372_01_nL.tif" rend="norend"/><graphic mimeType="image/jpeg" url="VGM001000372_01_nLt.jpg" height="50px" rend="thumbnail"/><graphic mimeType="image/png" url="VGM001000372_01_nLf.png" width="380px" rend="facstab"/></zone>
</surface>
<surface n="b 0298 a" xml:id="surf-pb-1v"><graphic mimeType="image/tiff" url="VGM001000372_02.TIF" rend="norend"/><graphic mimeType="image/tiff" url="VGM001000372_02_n.tif" rend="norend"/><graphic mimeType="image/jpeg" url="VGM001000372_02_nt.jpg" height="50px" rend="thumbnail"/><zone xml:id="zone-pb-1v-2">
<graphic mimeType="image/tiff" url="VGM001000372_02_nL.tif" rend="norend"/><graphic mimeType="image/jpeg" url="VGM001000372_02_nLt.jpg" height="50px" rend="thumbnail"/><graphic mimeType="image/png" url="VGM001000372_02_nLf.png" width="380px" rend="facstab"/></zone>
<zone xml:id="zone-pb-1v-3">
<graphic mimeType="image/tiff" url="VGM001000372_02_nR.tif" rend="norend"/><graphic mimeType="image/jpeg" url="VGM001000372_02_nRt.jpg" height="50px" rend="thumbnail"/><graphic mimeType="image/png" url="VGM001000372_02_nRf.png" width="380px" rend="facstab"/></zone>
</surface>
<surface n="b 0298 b" xml:id="surf-pb-2r"><graphic mimeType="image/tiff" url="VGM001000373_01.TIF" rend="norend"/><graphic mimeType="image/tiff" url="VGM001000373_01_n.tif" rend="norend"/><graphic mimeType="image/jpeg" url="VGM001000373_01_nt.jpg" height="50px" rend="thumbnail"/><zone xml:id="zone-pb-2r-4">
<graphic mimeType="image/tiff" url="VGM001000373_01_nR.tif" rend="norend"/><graphic mimeType="image/jpeg" url="VGM001000373_01_nRt.jpg" height="50px" rend="thumbnail"/><graphic mimeType="image/png" url="VGM001000373_01_nRf.png" width="380px" rend="facstab"/></zone>
<zone xml:id="zone-pb-2r-7">
<graphic mimeType="image/tiff" url="VGM001000373_01_nL.tif" rend="norend"/><graphic mimeType="image/jpeg" url="VGM001000373_01_nLt.jpg" height="50px" rend="thumbnail"/><graphic mimeType="image/png" url="VGM001000373_01_nLf.png" width="380px" rend="facstab"/></zone>
</surface>
<surface n="b 0298 b" xml:id="surf-pb-2v"><graphic mimeType="image/tiff" url="VGM001000373_02.TIF" rend="norend"/><graphic mimeType="image/tiff" url="VGM001000373_02_n.tif" rend="norend"/><graphic mimeType="image/jpeg" url="VGM001000373_02_nt.jpg" height="50px" rend="thumbnail"/><zone xml:id="zone-pb-2v-5">
<graphic mimeType="image/tiff" url="VGM001000373_02_nL.tif" rend="norend"/><graphic mimeType="image/jpeg" url="VGM001000373_02_nLt.jpg" height="50px" rend="thumbnail"/><graphic mimeType="image/png" url="VGM001000373_02_nLf.png" width="380px" rend="facstab"/></zone>
<zone xml:id="zone-pb-2v-6">
<graphic mimeType="image/tiff" url="VGM001000373_02_nR.tif" rend="norend"/><graphic mimeType="image/jpeg" url="VGM001000373_02_nRt.jpg" height="50px" rend="thumbnail"/><graphic mimeType="image/png" url="VGM001000373_02_nRf.png" width="380px" rend="facstab"/></zone>
</surface></facsimile><text xmlns:xsi="http://www.w3.org/2001/XMLSchema-instance"><body>
<div type="original">
<pb f="1r" n="1" xml:id="pb-orig-1r-1" facs="#zone-pb-1r-1"/><lb n="1" xml:id="l-1"/>
<ab>Waarde Theo,</ab><lb n="2" xml:id="l-2"/>
<ab>Regt hartelijk dank voor Uw brief en het ingeslotene<c type="kp">_</c>– <lb n="3" xml:id="l-3"/>Het verheugde mij daarin meer uitvoerig eens weder <lb n="4" xml:id="l-4"/>iets omtrent Uw zieke te vernemen<c type="kk">/</c> te meer daar <lb n="5" xml:id="l-5"/>’t mij voorkwam deze berigten zeer gunstig te <lb n="6" xml:id="l-6"/>noemen zijn. Dat wat men noemt tumeur blanche<c type="kk">/</c><anchor n="1" xml:id="note-o-1"/> <lb n="7" xml:id="l-7"/>is het niet iets dat bij anemie op zich zelf reeds <lb n="8" xml:id="l-8"/>wel eens voorkomt als zekere kwaadaardige bestanddeelen <lb n="9" xml:id="l-9"/>in het bloed zijn. Ik weet dit niet precies doch <lb n="10" xml:id="l-10"/>op zich zelf meen ik het bewuste abces iets niet <lb n="11" xml:id="l-11"/>ongewoons en bij goede behandeling volstrekt <lb n="12" xml:id="l-12"/>niet gevaarlijks is<c type="kp">_</c>– En overigens schrijft ge <lb n="13" xml:id="l-13"/>verscheiden goede dingen.</ab><lb n="14" xml:id="l-14"/>
<ab rend="indent">Erg aardig wat ge schrijft van haar invloed <lb n="15" xml:id="l-15"/>op anderen. Zulke dingen geloof ik – <lb n="16" xml:id="l-16"/>den invloed door een goed mensch <lb n="17" xml:id="l-17"/>te weeg gebragt strekt somtijds ver<c type="kp">_</c> <lb n="18" xml:id="l-18"/>Is wel aardig bij het zuurdeeg vergeleken<c type="kp">_</c> <lb n="19" xml:id="l-19"/><hi rend="ital">Twee</hi> goede menschen – man en vrouw <lb n="20" xml:id="l-20"/>vereenigd – ’t zelfde willende &amp; bedoelende<c type="kk">/</c> <lb n="21" xml:id="l-21"/>met denzelfden ernst doortrokken<c type="kk">/</c> <lb n="22" xml:id="l-22"/>wat die niet zouden vermogen!– <lb n="23" xml:id="l-23"/>Daar heb ik dikwijls over gedacht<c type="kp">_</c>– <lb n="24" xml:id="l-24"/>Want door vereeniging wordt de <lb n="25" xml:id="l-25"/>kracht ten goede niet alleen verdubbeld <lb n="26" xml:id="l-26"/>maar veel malen verdubbeld – als door <lb n="27" xml:id="l-27"/>magtsverheffing om ’t zoo maar eens in <lb n="28" xml:id="l-28"/>rekenkundige woorden te zeggen.<anchor n="2" xml:id="note-o-2"/></ab><lb n="29" xml:id="l-29"/>
<ab rend="indent">Nu – dan Uw beschrijving van ’t huis en <lb n="30" xml:id="l-30"/>van de omgeving van het huis – de cab stand <lb n="31" xml:id="l-31"/>is zeer goed<c type="kp">_</c>– Onderscheidt zich van andere <lb n="32" xml:id="l-32"/>stadsgezigten van U door – typiger stoffage – <lb n="33" xml:id="l-33"/>de cabstand is uitmuntend – kunt ge mij <lb n="34" xml:id="l-34"/>het personaadje met den rooden neus <lb n="35" xml:id="l-35"/>niet eens te poseeren bezorgen<c type="kp">_</c>–</ab>
<pb f="1v" n="2" xml:id="pb-orig-1v-2" facs="#zone-pb-1v-2"/><lb n="36" xml:id="l-36"/>
<ab rend="indent">Dat gij vriend Wisselingh hebt gesproken <lb n="37" xml:id="l-37"/>doet mij pleizier – dus is die weer terug gekomen <lb n="38" xml:id="l-38"/>in Parijs – <hi rend="ital">nog steeds in de zaak van Cottier</hi>?<anchor n="3" xml:id="note-o-3"/> <lb n="39" xml:id="l-39"/>Zoudt ge bij gelegenheid hem eens voor mij willen <lb n="40" xml:id="l-40"/>groeten – als hij eens naar Holland komt <lb n="41" xml:id="l-41"/>zou een bezoek van hem – dat hij me trouwens <lb n="42" xml:id="l-42"/>reeds toegezegd heeft eigentlijk – mij bijzonder <lb n="43" xml:id="l-43"/>genoegen doen. Ik wou wel ge hem <lb n="44" xml:id="l-44"/>animeeren kondt dit niet te vergeten<c type="kk">/</c> ik zou <lb n="45" xml:id="l-45"/>hem verscheiden dingen te vragen hebben nog <lb n="46" xml:id="l-46"/>over Londen. Heeft hij de lithographies nog <lb n="47" xml:id="l-47"/>gezien? Ik zou graag weer eens geheel op <lb n="48" xml:id="l-48"/>nieuw kennis met hem maken<c type="kk">/</c> ik vond altijd veel <lb n="49" xml:id="l-49"/>aantrekkelijks in hem en hij weet veel dingen en <lb n="50" xml:id="l-50"/>gevoelt juist in zaken van kunst<c type="kk">/</c> en oorspronkelijk<c type="kp">_</c> <lb n="51" xml:id="l-51"/>Enfin is iemand met een karakter.</ab><lb n="52" xml:id="l-52"/>
<ab rend="indent">Ommestaand krabbeltje is naar eene teekening <lb n="53" xml:id="l-53"/>die ik van morgen vroeg begon en den heelen <lb n="54" xml:id="l-54"/>dag op doorsjouwde.<anchor n="4" xml:id="note-o-4"/> Is misschien wel de <lb n="55" xml:id="l-55"/>beste die ik tot nog toe heb gemaakt<c type="kk">/</c> althans <lb n="56" xml:id="l-56"/>van licht &amp; bruin<c type="kp">_</c>– Ik stuur U het krabbeltje <lb n="57" xml:id="l-57"/>(ofschoon ik onmogelijk op dit papier werken kan <lb n="58" xml:id="l-58"/>zoo<anchor n="a" xml:id="note-o-a"/> dat dezelfde krachten er in komen<c type="kk">/</c> het uit de proportie is – en de teek<c type="kp">_</c> meer voorgrond heeft) omdat ik denk <lb n="59" xml:id="l-59"/>gij er in zien zult wat ik door de verandering <lb n="60" xml:id="l-60"/>van ’t licht op ’t atelier win.– Dit figuur <lb n="61" xml:id="l-61"/>is geposeerd tegen ’t licht in en om het weer te <lb n="62" xml:id="l-62"/>geven komt iets anders nog kijken dan een <lb n="63" xml:id="l-63"/>contour<c type="kk">/</c> daar door licht uit <lb n="64" xml:id="l-64"/>een enkelen foyer de lumière het modelé <lb n="65" xml:id="l-65"/>karakter krijgt<c type="kk">/</c> en de krachten in harmonie met <lb n="66" xml:id="l-66"/>elkaar en in onderling rapport. En brengt <lb n="67" xml:id="l-67"/>deze opvatting mede primo wel de moeielijkheden <lb n="68" xml:id="l-68"/>van het weergeven van ’t geen men voor oogen heeft <lb n="69" xml:id="l-69"/>doch tevens nog iets anders waar men veel <lb n="70" xml:id="l-70"/>aan te blokken heeft<c type="kk">/</c> namelijk de kwestie <lb n="71" xml:id="l-71"/>eene figuur zóó te plaatsen en het licht <lb n="72" xml:id="l-72"/>zóó te doen vallen dat het karakter ’t best en <lb n="73" xml:id="l-73"/>meest volkomen uitkomt. ’t geen men buiten of binnen <lb n="74" xml:id="l-74"/>ziet moet men zoo geanalyseerd hebben ten opzigte van ’t licht <lb n="75" xml:id="l-75"/>dat men het terug kan vinden.</ab>
<vg:whiteline/>
<pb f="1v" n="3" xml:id="pb-orig-1v-3" facs="#zone-pb-1v-3"/><figure facs="zone-sketch-1" n="A"/>
<vg:whiteline/>
<pb f="2r" n="4" xml:id="pb-orig-2r-4" facs="#zone-pb-2r-4"/><lb n="76" xml:id="l-76"/>
<ab>Het doet me groot genoegen gij schrijft <lb n="77" xml:id="l-77"/>het bergkrijt te hebben. Het kwam echter <lb n="78" xml:id="l-78"/>heden niet per post ofschoon gij schreeft het <lb n="79" xml:id="l-79"/>afgezonden te hebben. Mogt gij ’t vergeten <lb n="80" xml:id="l-80"/>hebben zoo herinner ik er u nog eens <lb n="81" xml:id="l-81"/>aan en is het gij ’t reeds verzonden hebt <lb n="82" xml:id="l-82"/>zoo komt het zeker spoedig.– Ik heb <lb n="83" xml:id="l-83"/>weder een voorraad lithographisch krijt en <lb n="84" xml:id="l-84"/>wilde daarmede het bergkrijt combineeren<c type="kk">/</c> <lb n="85" xml:id="l-85"/>wat dunkt me gaan <hi rend="ital">moet</hi><c type="kp">_</c></ab><lb n="86" xml:id="l-86"/>
<ab rend="indent">Deze week teekende ik druk Kruiwagens<c type="kk">/</c> <lb n="87" xml:id="l-87"/>een kereltje op den rug gezien is nog al echt <lb n="88" xml:id="l-88"/>geworden, geloof ik.<anchor n="5" xml:id="note-o-5"/> V.d. Weele was bij mij, wij <lb n="89" xml:id="l-89"/>hebben kunstbeschouwing van houtsneden gehouden<c type="kk">/</c> <lb n="90" xml:id="l-90"/>heel gezellig op een kruiwagen – want ik was juist <lb n="91" xml:id="l-91"/>met model bezig. Hij zou ze ook beginnen te <lb n="92" xml:id="l-92"/>verzamelen en demarches doen om uit de nalaten<c type="shy">-</c><lb n="93" xml:id="l-93"/>schap van Stam den houtgraveur een aantal te krijgen<c type="kk">/</c> <lb n="94" xml:id="l-94"/>door dezen bijeengebragt.<anchor n="6" xml:id="note-o-6"/> Ik heb U nog niet geschreven <lb n="95" xml:id="l-95"/>dat ik zoo zoetjes aan haast de heele graphic <lb n="96" xml:id="l-96"/>compleet heb. van ’t begin 1870 af<c type="kp">_</c></ab><lb n="97" xml:id="l-97"/>
<ab rend="indent">Natuurlijk niet alles<c type="kk">/</c> er is te veel ballast bij <lb n="98" xml:id="l-98"/>maar zoo de mooien er uit.</ab><lb n="99" xml:id="l-99"/>
<ab rend="indent">Wanneer men die ziet<c type="kk">/</c> b.v. ’t werk van Herkomer <lb n="100" xml:id="l-100"/>er uit<c type="kk">/</c> gerangschikt bij elkaar in plaats van <lb n="101" xml:id="l-101"/>verspreid tusschen een massa onbeteekenende <lb n="102" xml:id="l-102"/>dingen<c type="kk">/</c> wordt het pleizieriger en gemakkelijker <lb n="103" xml:id="l-103"/>om te zien vooreerst doch tevens begint men <lb n="104" xml:id="l-104"/>dan meer de eigenaardigheden der diverse <lb n="105" xml:id="l-105"/>meesters te zien, en het groote verschil <lb n="106" xml:id="l-106"/>tusschen de teekenaars.</ab>
<pb f="2v" n="5" xml:id="pb-orig-2v-5" facs="#zone-pb-2v-5"/><lb n="107" xml:id="l-107"/>
<ab rend="indent">Wat zou ik toch graag eens iets van <lb n="108" xml:id="l-108"/>L’Hermitte zien.<anchor n="7" xml:id="note-o-7"/></ab><lb n="109" xml:id="l-109"/>
<ab rend="indent">Ik kan U niet genoeg zeggen hoe <lb n="110" xml:id="l-110"/>gelukkig ik mij voel door de verbetering <lb n="111" xml:id="l-111"/>van het atelier en hoezeer ik weer vervuld <lb n="112" xml:id="l-112"/>ben met allerlei figuren die ik maken <lb n="113" xml:id="l-113"/>moet.–</ab><lb n="114" xml:id="l-114"/>
<ab rend="indent">V.d. Weele zag de studies van <lb n="115" xml:id="l-115"/>koppen van dezen winter o.a. – ik <lb n="116" xml:id="l-116"/>weet zeker die mij nog tepas zullen <lb n="117" xml:id="l-117"/>komen – trouwens de andere studies <lb n="118" xml:id="l-118"/>ook.</ab><lb n="119" xml:id="l-119"/>
<ab rend="indent">Weet ge wat mij pleizier deed<c type="kp">_</c>– <lb n="120" xml:id="l-120"/>ge weet dezen winter was v.d. W. ook eens bij me<anchor n="8" xml:id="note-o-8"/> – <lb n="121" xml:id="l-121"/>’t is nu al maanden geleden – ik was toen <lb n="122" xml:id="l-122"/>doende aan studies van <hi rend="ital">Spitters</hi> – waarvan <lb n="123" xml:id="l-123"/>ik er nog een trachtte te lithographieeren<c type="kp">_</c>–<anchor n="9" xml:id="note-o-9"/> <lb n="124" xml:id="l-124"/>Hij zag die toen doch ze schenen hem niet <lb n="125" xml:id="l-125"/>aan te trekken – bepaald niet<c type="kp">_</c>–</ab><lb n="126" xml:id="l-126"/>
<ab rend="indent">Nu heeft hij voor zijn onder handen zijnd <lb n="127" xml:id="l-127"/>Sch<hi rend="ss">ij</hi><anchor n="10" xml:id="note-o-10"/><hi rend="ss"> </hi>dezer dagen blijkbaar of spitters <lb n="128" xml:id="l-128"/>laten poseeren of het afgekeken terwijl ze ergens aan ’t werk waren – enfin <lb n="129" xml:id="l-129"/>hij heeft juist in de natuur spitters <lb n="130" xml:id="l-130"/>met aandacht bekeken<c type="kp">_</c>–</ab><lb n="131" xml:id="l-131"/>
<ab rend="indent">Bij het doorzien van mijn studies sprak <lb n="132" xml:id="l-132"/>hij er heel anders over toen we aan die spitters <lb n="133" xml:id="l-133"/>kwamen dan dezen winter – althans <lb n="134" xml:id="l-134"/>vooral zei hij zoo grif niet “dit of dat <lb n="135" xml:id="l-135"/>is anders”.– Ik zelf sprak er ditmaal <lb n="136" xml:id="l-136"/>geheel niet over. Maar hoe langer hoe meer <lb n="137" xml:id="l-137"/>begin ik zoowel in mij zelf als in anderen te zien <lb n="138" xml:id="l-138"/>hoe men zich vergissen kan dikwijls als men <lb n="139" xml:id="l-139"/>denkt dit of dat “<hi rend="ital">is niet zoo</hi>” of “<hi rend="ital">doet niet goed</hi>”<c type="kk">/</c> vooral <lb n="140" xml:id="l-140"/>onwillekeurig zegt men het dikwijls waar het niet toepasselijk <lb n="141" xml:id="l-141"/>is<c type="kk">/</c> ik zelf niet minder dan anderen. Men meent het dan <lb n="142" xml:id="l-142"/>zeker te weten en moet er toch van terug komen wil men <lb n="143" xml:id="l-143"/>billijk zijn.</ab>
<pb f="2v" n="6" xml:id="pb-orig-2v-6" facs="#zone-pb-2v-6"/><lb n="144" xml:id="l-144"/>
<ab rend="indent">Uw beschrijving van den rijtuig stand <lb n="145" xml:id="l-145"/>en het eerwaardig urinoir en de aanplak<c type="shy">-</c><lb n="146" xml:id="l-146"/>biljetten daarop is werkelijk erg best – <lb n="147" xml:id="l-147"/>t’is eeuwig jammer ge het niet teekent.</ab><lb n="148" xml:id="l-148"/>
<ab rend="indent">Van aanplakbiljetten gesproken<c type="kk">/</c> de plaats <lb n="149" xml:id="l-149"/>alwaar zij aangeplakt zijn is soms een <lb n="150" xml:id="l-150"/>zonderlinge parodie op de aanplaksels <lb n="151" xml:id="l-151"/>of omgekeerd.</ab><lb n="152" xml:id="l-152"/>
<ab rend="indent">Zoo om iets uit velen te noemen – <lb n="153" xml:id="l-153"/>tegen het poortje van den lommerd <lb n="154" xml:id="l-154"/>of bank v. leening zag ik aangeplakt <lb n="155" xml:id="l-155"/>in groote letters</ab>
<vg:whiteline/><lb n="155*" xml:id="l-155s"/>
      <ab rend="html" html="331_01_ol.html"><hi rend="sc">Prospectus</hi></ab><lb n="156" xml:id="l-156"/>
      <ab rend="html" html="331_01_ol.html"><hi rend="sc">Eigen Haard</hi>.<anchor n="11" xml:id="note-o-11"/></ab>
<vg:whiteline/><lb n="157" xml:id="l-157"/>
<ab>NB<c type="kp">_</c> Eigen haard is een tijdschrift<c type="kk">/</c> zooals ge misschien <lb n="158" xml:id="l-158"/>weet. Ik vond die nog al goed<c type="kk">/</c> als men <lb n="159" xml:id="l-159"/>er meer op lette zou men er nog beteren <lb n="160" xml:id="l-160"/>vinden.</ab><lb n="161" xml:id="l-161"/>
<ab rend="indent">Gavarni heeft er eens iets op gemaakt, <lb n="162" xml:id="l-162"/>n.l. dit. de ingang van een huis waar <lb n="163" xml:id="l-163"/>staat geannonceerd “On prend des enfants en <lb n="164" xml:id="l-164"/>sevrage.” Op den <lb n="165" xml:id="l-165"/>stoep staat eene vrouw van zeer ongunstig <lb n="166" xml:id="l-166"/>uiterlijk en een kerel met een brûle gueule in den mond<c type="kk">/</c> de lui van de inrigting blijkbaar<c type="kp">_</c> Tegen den muur <lb n="167" xml:id="l-167"/>is aangeplakt eene reclame. <hi rend="ital">Perdu</hi> un <lb n="168" xml:id="l-168"/>enfant – tel et tel<c type="kp">_</c>–<anchor n="12" xml:id="note-o-12"/></ab><lb n="169" xml:id="l-169"/>
<ab rend="indent">Zoo ook <hi rend="ital">au rendez vous de la fraternité</hi> <lb n="170" xml:id="l-170"/>is het uithangbord van een estaminet waar eenige <lb n="171" xml:id="l-171"/>dronken kerels aan ’t bakkeleijen zijn.<anchor n="13" xml:id="note-o-13"/></ab><lb n="172" xml:id="l-172"/>
<ab rend="indent">Rappard wil een groot schilderij sturen <lb n="173" xml:id="l-173"/>naar de Amsterd. tentoonstelling. <lb n="174" xml:id="l-174"/>Het stelt voor 4 tegelschilders rond eene <lb n="175" xml:id="l-175"/>tafel.<anchor n="14" xml:id="note-o-14"/> Ik hoorde indirekt er goeds <lb n="176" xml:id="l-176"/>van<c type="kp">_</c></ab>
<pb f="2r" n="7" xml:id="pb-orig-2r-7" facs="#zone-pb-2r-7"/><lb n="177" xml:id="l-177"/>
<ab rend="indent">Ofschoon het niet nu in mijn plan <lb n="178" xml:id="l-178"/>ligt groote Schilderijen voor exposities <lb n="179" xml:id="l-179"/>te maken zoo zou ik toch niet minder <lb n="180" xml:id="l-180"/>werken willen dan Rappard b.v.</ab><lb n="181" xml:id="l-181"/>
<ab rend="indent">Ik vind er zelfs iets animeerends in <lb n="182" xml:id="l-182"/>dat de een in deze<c type="kk">/</c> de ander in die <lb n="183" xml:id="l-183"/>rigting werke en men dan toch sympatiseere<c type="kp">_</c> <lb n="184" xml:id="l-184"/>Concurrentie die voort komt uit naijver <lb n="185" xml:id="l-185"/>is iets heel anders dan dat men <hi rend="ital">juist uit</hi> <lb n="186" xml:id="l-186"/><hi rend="ital">respect</hi> voor elkaar zijn best doe het <lb n="187" xml:id="l-187"/>werk zoo goed mogelijk te krijgen<c type="kp">_</c> Les extrêmes <lb n="188" xml:id="l-188"/>se touchent<anchor n="15" xml:id="note-o-15"/> – in naijver zie ik niet het minste <lb n="189" xml:id="l-189"/>heil doch ik zou eene vriendschap verachten <lb n="190" xml:id="l-190"/>die niet meebragt dat men zich inspannen <lb n="191" xml:id="l-191"/>moest om elkaar bij te blijven.</ab><lb n="192" xml:id="l-192"/>
<ab rend="indent">Hetgeen waarnaar ik soms zeer begin <lb n="193" xml:id="l-193"/>te verlangen is het werken met meer <lb n="194" xml:id="l-194"/>modellen te gelijk. Om teekeningen <lb n="195" xml:id="l-195"/>te maken die wat gecompliceerder zijn. <lb n="196" xml:id="l-196"/>Doch het verlangen daarnaar is niet <lb n="197" xml:id="l-197"/>onstuimig – ik heb toch genoeg te doen<c type="kp">_</c></ab><lb n="198" xml:id="l-198"/>
<ab rend="indent">Ik zag bij van der Weele de <hi rend="sc">studies</hi> voor zijn groot schilderij<c type="kp">_</c><anchor n="16" xml:id="note-o-16"/> <lb n="199" xml:id="l-199"/>Die studies waren uitmuntend – conscientieus – maar <lb n="200" xml:id="l-200"/>wie eenigzins begrijpt hoe men studies naar de natuur maakt <lb n="201" xml:id="l-201"/>en het verschil tusschen deze en een Sch<hi rend="ss">ij</hi> of definitieve compositie<c type="kk">/</c> <lb n="202" xml:id="l-202"/>verwacht niet het schilderij te vinden in de studies – natuurlijkerwijs<c type="kp">_</c> <lb n="203" xml:id="l-203"/>De grootheid en eenheid van het schij ziet men in de <lb n="204" xml:id="l-204"/>studies niet – dat is geen wonder<c type="kp">_</c>– omdat de studies <lb n="205" xml:id="l-205"/>gedaan zijn voor de figuren<c type="kk">/</c> paarden of menschen<c type="kk">/</c> ’t is <lb n="206" xml:id="l-206"/>hetzelfde – is de entourage verwaarloosd – is er nl<c type="kp">_</c> geen <lb n="207" xml:id="l-207"/>voorgrond<c type="kk">/</c> achtergrond &amp;c. genoeg. Doen zij niet <lb n="208" xml:id="l-208"/>voor en <hi rend="ital">staan niet op hun plaats zóó als</hi> <lb n="209" xml:id="l-209"/><hi rend="ital">zij op ’t sch</hi><hi rend="ss">  <hi rend="ital">ij</hi></hi><hi rend="ital"> doen</hi><c type="kp">_</c>– Weet iedereen dat te <lb n="210" xml:id="l-210"/>begrijpen bij het zien van studies. Blijf gij <lb n="211" xml:id="l-211"/>er aan denken bij het zien van de mijnen – vooral <lb n="212" xml:id="l-212"/>ook als ge vroeger of later zien zult wat ik nog hier <lb n="213" xml:id="l-213"/>heb. Deze week voor de aardigheid zette ik er een <lb n="214" xml:id="l-214"/>paar in andere proportie op zóó dat ik er een geheel <lb n="215" xml:id="l-215"/>van kon aansmeeren<c type="kp">_</c>– Door een eenvoudige aangeving <lb n="216" xml:id="l-216"/>van enkele lijnen en enkele vlakke toonen van sepia er in te wasschen<c type="kk">/</c> kwam <lb n="217" xml:id="l-217"/>wat ik nu maar eens zal noemen het schilderijachtige er van <lb n="218" xml:id="l-218"/>zelf in.– ’k wil maar zeggen – meen niet dat ik anders kijk dan b.v. v.d. <lb n="219" xml:id="l-219"/>Weele ten opzigte van ruimte zien in de natuur. adieu<c type="kk">/</c> schrijf weer spoedig<c type="kk">/</c> <lb n="220" xml:id="l-220"/>het beste<c type="kp">_</c></ab>
<vg:whiteline/><lb n="220*" xml:id="l-220s"/>
<ab>t. à. t.</ab><lb n="220*"/>
<ab>Vincent </ab>
<vg:whiteline/>
<pb f="1r" n="8" xml:id="pb-orig-1r-8" facs="#zone-pb-1r-8"/><lb n="221" xml:id="l-221"/>
<ab>In dit krabbeltje ziet ge iets van ’t geen ik aan <lb n="222" xml:id="l-222"/>’t eind van dezen brief zeide – hier is nu <lb n="223" xml:id="l-223"/>in ’t geheel geen voorgrond – wat nu op de eigentlijke <lb n="224" xml:id="l-224"/>studie althans toch iets meer is – maar als ik deze <lb n="225" xml:id="l-225"/>studie met bijvoorbeeld een van de spitters, laat ons zeggen <lb n="226" xml:id="l-226"/>die welke ik lithographieerde<c type="kk">/</c> combineer – dan hoort <lb n="227" xml:id="l-227"/>hier bij een groot<c type="kk">/</c> vlak stuk grond van voren en <lb n="228" xml:id="l-228"/>bijvoorbeeld een houtkant<anchor n="b" xml:id="note-o-b"/> er achter waar men heel boven <lb n="229" xml:id="l-229"/>aan <hi rend="ital">iets</hi> van de lucht zou zien<c type="kk">/</c> alleen om aan te geven <lb n="230" xml:id="l-230"/>waar het licht van daan komt<c type="kp">_</c> Dan wordt het dus misschien <lb n="231" xml:id="l-231"/>eene compositie in de breedte en komt het figuur in zijn entourage <lb n="232" xml:id="l-232"/>en op zijn plaats<c type="kp">_</c> Maakte ik op de studie zelf <lb n="233" xml:id="l-233"/>dat alles dan zou ’t figuur zoo klein worden <lb n="234" xml:id="l-234"/>dat als serieuse studie voor ’t figuur ik er niets aan <lb n="235" xml:id="l-235"/>hebben zou. Geloof me<c type="kk">/</c> het <hi rend="ital">aspect</hi> is geen heksenwerk<c type="kk">/</c> <lb n="236" xml:id="l-236"/>als mijn studies goed zijn ben ik heel kalm op dat punt.</ab><lb n="237" xml:id="l-237"/>
<ab rend="indent">En Ruimte<c type="kk">/</c> Lucht<c type="kk">/</c> breedheid – meen niet dat ik die <lb n="238" xml:id="l-238"/>wegredeneer – maar men moet daar niet mee <hi rend="ital">beginnen</hi><c type="kk">/</c> eerst het <lb n="239" xml:id="l-239"/>fondament – dan volgt het dak op zijn tijd<c type="kp">_</c>– </ab>
<vg:whiteline/>
<div type="textualNotes">
<note target="l-32" n="32">stoffage – &lt; stoffage</note>
<note target="l-57" targetEnd="l-58" n="57-58">(ofschoon <supplied><hi rend="ital">...</hi></supplied> heeft) &lt; <hi rend="ital">Parentheses added by us.</hi></note>
<note target="l-155" n="155">letters &lt; letters.</note>
<note target="l-209" n="209"><hi rend="ital">zij op ’t sch</hi><hi rend="ss">  <hi rend="ital">ij</hi></hi><hi rend="ital"> doen</hi><c type="kp">_</c>– &lt; <hi rend="ital">Emphasis added by us.</hi></note></div></div>
<div type="translation">
<pb f="1r" n="1" xml:id="pb-trans-1r-1" facs="#zone-pb-1r-1"/>
<ab>My dear Theo,</ab>
<ab>Many sincere thanks for your letter and the enclosure. I was pleased to learn about your <rs type="pers" key="508">patient</rs> in more detail from it, the more so since it seemed to me that these reports may be called highly favourable. Isn’t what they call a white tumour<anchor n="1" xml:id="note-t-1"/> something that sometimes occurs of its own accord in anaemia when certain malignant elements are in the blood? I don’t know for sure, but I believe that in itself the abscess in question isn’t something unusual and, given the proper treatment, not in the least dangerous. And otherwise you write various good things.</ab>
<ab rend="indent">What you write about <rs type="pers" key="508">her</rs> influence on others is very nice. I believe in things like that — the influence exercised by a good person sometimes extends a long way. The comparison with leaven is well taken. <hi rend="ital">Two</hi> good people — man and woman united — wanting and intending the same, steeped in the same earnestness, what couldn’t they achieve! I’ve thought about that often. For by uniting, the force for good is not only doubled but doubled many times — as if raised to a higher power, to put it in mathematical terms.<anchor n="2" xml:id="note-t-2"/></ab>
<ab rend="indent">Well – then your description of the house and its surroundings — the cab-stand is very good. Stands out from other townscapes by you because of the more distinctive staffage — the cab-stand is excellent. Couldn’t you arrange for the figure with the red nose to pose for me sometime?
<pb f="1v" n="2" xml:id="pb-trans-1v-2" facs="#zone-pb-1v-2"/></ab>
<ab rend="indent">I’m pleased that you’ve spoken to friend <rs type="pers" key="821">Wisselingh</rs> — so he’s come back to Paris — <hi rend="ital">still in Cottier’s firm</hi>?<anchor n="3" xml:id="note-t-3"/> Would you give him my regards when you have an opportunity? If he ever comes to Holland, a visit from him — which he has actually promised me by the way — would give me great pleasure. I’d like you to encourage him not to forget this, I still have various things to ask him about London. Has he seen the lithographs? I’d like to make his acquaintance all over again, I always found much in him that was attractive, and he knows a great deal and has a true and original feeling in matters of art. In short, is someone with character.</ab>
      <ab rend="indent">The little scratch overleaf is after a drawing I began early this morning and toiled away at all day.<anchor n="4" xml:id="note-t-4"/> It’s perhaps the best I’ve done so far, at least as regards light and shade. I’m sending you the scratch (although I can’t possibly work on this paper so that the same strengths come into it, it’s out of proportion — and the drawing has more foreground) because I believe you’ll see in it what I gain by the change in the light in the studio. This figure is posed against the light and something more than an outline is required in order to depict it, since light from a single source gives character to the form and brings the strengths into harmony and rapport with each other. And in the first place this approach entails the difficulties of depicting what one has before one’s eyes, but in addition something else that requires a lot of hard work, namely the question of how to position a figure and to have the light fall such that the character comes out at its best and most perfect. One must have analyzed what one sees inside or outside as regards the light in such a way that one can re-create it.</ab>
<pb f="1v" n="3" xml:id="pb-trans-1v-3" facs="#zone-pb-1v-3"/>
<vg:whiteline/>
<ab><figure facs="zone-sketch-1" n="A"/></ab>
<vg:whiteline/>
<ab>
<pb f="2r" n="4" xml:id="pb-trans-2r-4" facs="#zone-pb-2r-4"/></ab>
<ab>I’m very pleased that you write that you have the natural chalk. It didn’t come in the post today, however, although you write that you’ve sent it. Should you have forgotten it, let me remind you about it again, and if you’ve already sent it, no doubt it will come soon. I again have a stock of lithographic crayon, and wanted to combine the natural chalk with that, which I believe<hi rend="ital"> must</hi> be possible.</ab>
<ab rend="indent">This week I was busy drawing Wheelbarrows; one chap seen from behind has turned out fairly real, I think.<anchor n="5" xml:id="note-t-5"/> <rs type="pers" key="1440">Van der Weele</rs> came by, we held a viewing of woodcuts, very cosily on a wheelbarrow, for I’d just been working with a model. He’s also going to start collecting them, and is to take steps to get some from the estate of <rs type="pers" key="204">Stam</rs> the wood engraver that he collected.<anchor n="6" xml:id="note-t-6"/> I hadn’t written before that little by little I have almost the whole Graphic complete, from the beginning in 1870.</ab>
<ab rend="indent">Not everything, of course, there’s too much lumber for that, but the beauties from it.</ab>
<ab rend="indent">When one sees it, <rs type="pers" key="1080">Herkomer</rs>’s work from it for example, arranged together instead of dispersed amid a mass of insignificant things, in the first place it becomes more enjoyable and easier to view, but then one also begins to see the peculiarities of the various masters better, and the great difference between the draughtsmen. 
<pb f="2v" n="5" xml:id="pb-trans-2v-5" facs="#zone-pb-2v-5"/></ab>
<ab rend="indent">How much I would like to see something by <rs type="pers" key="1179">Lhermitte</rs>.<anchor n="7" xml:id="note-t-7"/></ab>
<ab rend="indent">I can’t tell you how happy I feel because of the improvements to the studio, and how preoccupied I am once more with all manner of figures that I must do.</ab>
<ab rend="indent"><rs type="pers" key="1440">Van der Weele</rs> saw the studies of heads from this winter among others — I’m certain they’ll be of use to me — as, indeed, will the other studies.</ab>
<ab rend="indent">Do you know what pleased me? You remember that <rs type="pers" key="1440">Van der W.</rs> also came by one time this winter<anchor n="8" xml:id="note-t-8"/> — it’s months ago now — I was working on studies of <hi rend="ital">Diggers</hi> at the time — one of which I tried to lithograph.<anchor n="9" xml:id="note-t-9"/> He saw them but they didn’t seem to interest him, far from it.</ab>
<ab rend="indent">Now he has evidently had diggers pose recently for the painting<anchor n="10" xml:id="note-t-10"/> he’s working on, or observed them at work somewhere — anyway, he has taken a close look at diggers in nature.</ab>
<ab rend="indent">When we came to those diggers while looking through my studies, the way he spoke about them was very different from what it was this winter — at least he didn’t say so readily ‘this or that is different’. This time I myself said nothing at all about them. But more and more I begin to see both in myself and others how mistaken one can often be when one thinks this or that ‘<hi rend="ital">isn’t so</hi>’ or ‘<hi rend="ital">doesn’t look right</hi>’; above all, one often says it instinctively when it isn’t applicable, I myself no less than others. One imagines one knows for certain, but has to retract if one wants to be fair.
<pb f="2v" n="6" xml:id="pb-trans-2v-6" facs="#zone-pb-2v-6"/></ab>
<ab rend="indent">Your description of the cab-stand and the venerable urinal and the bills stuck on it is really very good — it’s a great pity you don’t draw it.</ab>
<ab rend="indent">Speaking of bills, the place where they’re put up is sometimes a curious parody of the bill, or the other way round.</ab>
<ab rend="indent">To mention just one of many — at the entrance to the Lombard or pawnshop I saw a bill with the following words in big letters</ab>
<vg:whiteline/>
      <ab rend="html" html="331_01_tr.html"><hi rend="sc">Prospectus</hi></ab>
      <ab rend="html" html="331_01_tr.html"><hi rend="sc">Eigen Haard.</hi> <anchor n="11" xml:id="note-t-11"/></ab>
<vg:whiteline/>
<ab>NB. As you probably know, Eigen Haard is a magazine. I thought this one rather good; if one kept an eye out for them one would find even better ones.</ab>
<ab rend="indent"><rs type="pers" key="1043">Gavarni</rs> once came up with one, namely this. The entrance of a house with the announcement ‘Children weaned here’. Standing on the doorstep are a woman with a most unprepossessing appearance and a fellow with a short pipe in his mouth, evidently the people from the institution. A bill is posted on the wall. <hi rend="ital">Lost</hi> a child — so and so.<anchor n="12" xml:id="note-t-12"/></ab>
<ab rend="indent">Similarly, <hi rend="ital">At the meeting-place of the brotherhood</hi> is the sign of an estaminet where several drunken fellows are squabbling.<anchor n="13" xml:id="note-t-13"/></ab>
<ab rend="indent"><rs type="pers" key="1306">Rappard</rs> wants to send a large painting to the Amsterdam exhibition. It shows 4 tile painters around a table.<anchor n="14" xml:id="note-t-14"/> I’ve heard good things about it indirectly.
<pb f="2r" n="7" xml:id="pb-trans-2r-7" facs="#zone-pb-2r-7"/></ab>
<ab rend="indent">Although it isn’t part of my plan at present to do large paintings for exhibitions, I wouldn’t like to work less than <rs type="pers" key="1306">Rappard</rs>, say.</ab>
<ab rend="indent">I even find something encouraging in the fact that one person can work in this direction and another in that, and yet still feel a sympathy. Rivalry stemming from envy is completely different from trying to do one’s best to make the work as good as possible <hi rend="ital">precisely out of respect</hi> for each other. Extremes meet<anchor n="15" xml:id="note-t-15"/> — I don’t see the slightest value at all in envy, but I would despise a friendship that didn’t entail making an effort to keep up with one another.</ab>
<ab rend="indent">What I’m beginning to long for very much at times is to work with several models at once. To do drawings that are slightly more complicated. But this desire isn’t pressing — after all, I have enough to do.</ab>
<ab rend="indent">At <rs type="pers" key="1440">Van der Weele</rs>’s I saw the <hi rend="sc">studies</hi> for his big painting.<anchor n="16" xml:id="note-t-16"/> Those studies were outstanding — conscientious — but anyone with some understanding of how studies from nature are made, and the difference between them and a painting or definitive composition, won’t expect to find the painting in the studies — obviously. One doesn’t see the greatness and unity of the painting in the studies — that’s not surprising. Because the studies are done for the figures, horses or people, it doesn’t matter, the setting is ignored, there’s not enough foreground, background, &amp;c. They don’t look right, and <hi rend="ital">they’re not standing in their place as in the painting</hi>. Does everyone understand that when looking at studies? Bear that in mind when you’re looking at mine — especially when sooner or later you see what I still have here. This week, for the fun of it, I set down one or two in a different proportion so that I could merge them into a whole. Through a simple indication of a few lines and washing in a few flat tones of sepia, what for once I’ll call the painting-like quality came into it naturally. I just mean to say — don’t think that I look differently from, say, Van der Weele as regards seeing space in nature. Adieu, write again soon, best wishes.</ab>
<vg:whiteline/>
<ab>Ever yours,</ab>
<ab>Vincent</ab>
<vg:whiteline/>
<ab>
<pb f="1r" n="8" xml:id="pb-trans-1r-8" facs="#zone-pb-1r-8"/></ab>
<ab>In this scratch you see something of what I said at the end of this letter — here there’s now no foreground at all — at any rate in the actual study there’s a little more — but if I combine this study with, for instance, one of the diggers, say the one I lithographed — then belonging with this is a large, flat piece of land in front and, for example, a brushwood fence behind, and right at the top <hi rend="ital">something</hi> of the sky would be visible, just to indicate where the light comes from. Then perhaps it would become a composition breadthways, and the figure would be in its setting and in its place. If I did all that in the study itself, the figure would be so small that it would be of no use to me as a serious study for the figure. Believe me, the <hi rend="ital">appearance</hi> isn’t a tough job, if my studies are good I’m very calm about that point.</ab>
<ab rend="indent">And Space, Sky, breadth — don’t think that I rationalize them away — but one shouldn’t <hi rend="ital">begin</hi> with them, first the foundation — then the roof will follow in its own time.</ab></div>
<div type="notes">
<note n="1" xml:id="n-1" target="#note-t-1">
<ab>Arthritis, specifically in the knee. </ab></note>
<note n="2" xml:id="n-2" target="#note-t-2">
<ab>Theo had probably said in his letter that he was considering marrying <rs type="pers" key="508">Marie</rs>; in <ref target="let336.xml">letters 336</ref> and <ref target="let339.xml">339</ref> Van Gogh makes similar allusions.</ab></note>
<note n="3" xml:id="n-3" target="#note-t-3">
<ab><rs type="pers" key="821">Elbert Jan van Wisselingh</rs> worked with the art dealer <rs type="pers" key="331">Daniel Cottier</rs> in London in 1874-1882. He left in the winter of 1882 and until the autumn of 1884 he was an independent dealer in Paris at 52 rue Laffitte. He lived at 52 rue Lepic. See Heijbroek and Wouthuysen 1999, pp. 29-30.</ab></note>
<note n="4" xml:id="n-4" target="#note-t-4">
      <ab>This scratch is the letter sketch <hi rend="ital">Woman digging</hi> (<rs type="sketch" key="93">F - / JH 337</rs>); the drawing in question is not known. </ab></note>
<note n="a" xml:id="n-a" target="#note-o-a">
<ab>Read: ‘zodanig’ (so that).</ab></note>
<note n="5" xml:id="n-5" target="#note-t-5">
      <ab>A drawing with a similar subject is <hi rend="ital">Scheveningen woman with a wheelbarrow</hi> (<rs type="otherart" key="633">F 1021 / JH 362</rs>); Meedendorp dates this to March 1883. See cat. Otterlo 2007, pp. 194-195.</ab></note>
<note n="6" xml:id="n-6" target="#note-t-6">
      <ab>Most probably the draughtsman, wood engraver and lithographer <rs type="pers" key="204">Willem Hendrik Stam</rs>, who had lived in The Hague. Between 1853 and 1872 his work was seen at exhibitions in The Hague in the form of woodcuts, wood engravings and drawings, as is evident from the <hi rend="ital">Kunstkronijk</hi>. No information about an auction of his estate has been found, but there is a detailed survey of his graphic work in a scrapbook with numerous prints after the work of various artists (Amsterdam, Library Rijksmuseum).</ab></note>
<note n="7" xml:id="n-7" target="#note-t-7">
<ab>Van Gogh’s interest in <rs type="pers" key="1179">Lhermitte</rs> as a Black and White artist was prompted by what he had read about him in <hi rend="ital">The Graphic</hi>: <ref target="let307.xml">see letters 307</ref>-<ref target="let310.xml">310</ref>.</ab></note>
<note n="8" xml:id="n-8" target="#note-t-8">
<ab>For this visit by <rs type="pers" key="1440">Van der Weele</rs> in November 1882, <ref target="let285.xml">see letter 285</ref>.</ab></note>
<note n="9" xml:id="n-9" target="#note-t-9">
<ab>
      <hi rend="ital">Digger</hi> (<rs type="ill" key="2412">F 1656 / JH 262</rs>). The drawing for this is not known; two other studies are <hi rend="ital">Digger</hi> (<rs type="ill" key="2410">F 906 / JH 260</rs>) and <hi rend="ital">Digger</hi> (<rs type="ill" key="2411">F 907 / JH 261</rs>).</ab></note>
<note n="10" xml:id="n-10" target="#note-t-10">
<ab><rs type="pers" key="1440">Van der Weele</rs> was working on the painting <hi rend="ital"><rs type="otherart" key="499">A misty morning</rs></hi>; <ref target="let327.xml#n-1">see letter 327, n. 1.</ref></ab></note>
<note n="11" xml:id="n-11" target="#note-t-11">
      <ab>This entrance gate at the back of the pawnshop was in Korte Lombardstraat. A year earlier Van Gogh had done the drawing <hi rend="ital">The entrance to the Pawn Bank, The Hague </hi>(<rs type="ill" key="3022">F - / JH 126</rs>) there; it shows how the walls on either side of the gate were covered with posters. One of them also bears the words: ‘Prospectus EIGEN HAARD geïllustreerd tijdschrift’ (Prospectus of the Eigen Haard illustrated periodical). See cat. Amsterdam 1996, pp. 105-109, cat. no. 24.</ab>
<ab rend="indent">The poster would have been an announcement of the prospectus for this illustrated family magazine ‘Hearth and Home’, which also offered ‘art plates’. On this magazine: Hemels and Vegt 1993, pp. 146-150. </ab></note>
<note n="12" xml:id="n-12" target="#note-t-12">
<ab>Van Gogh’s description is not entirely accurate. This is one of the prints in the series ‘Bohèmes’ in <rs type="pers" key="1043">Gavarni</rs>’s <hi rend="ital">La mascarade humaine</hi> with the text ‘LOST / A LITTLE GIRL’; below it the words ‘Sevigne and his wife take children to be weaned’ (IL A ETE PERDU / UNE PETITE FILLE / Sevigne et son épouse prennent les enfants en sevrage) (Gavarni 1881, p. 129). <rs type="ill" key="2087">Ill. 2087</rs>.</ab></note>
<note n="13" xml:id="n-13" target="#note-t-13">
<ab>The print in question is found in the series ‘Les propos de Thomas Vireloque’, included in <hi rend="ital"><rs type="lit" key="237">La mascarade humaine</rs></hi>. The sign reads ‘AT THE MEETING POINT / OF BROTHERR HOOD’; below the print the words ‘Brothers, perhaps! But, for cousins, not cousins!’ (AU RANDÉ VOU / DE LA / FRATAIRNITÉ / ‘Frères, possible! mais, pour cousins, pas cousins!’) (Gavarni 1881, p. 97). <rs type="ill" key="2088">Ill. 2088</rs>. <rs type="pers" key="617 618">Edmond and Jules de Goncourt</rs> discussed this work in <hi rend="ital"><rs type="lit" key="224">Gavarni, l’homme et l’oeuvre</rs></hi> (Goncourt 1873, pp. 355-356).</ab></note>
<note n="14" xml:id="n-14" target="#note-t-14">
<ab>At the International Exhibition, which opened in Amsterdam on 1 May 1883, <rs type="pers" key="1306">Anthon van Rappard</rs> was represented by <hi rend="ital">Peintres en brique</hi> (no. 190): <hi rend="ital">Tile painters</hi> (Middelburg, Zeeuws Museum). <rs type="ill" key="332">Ill. 332</rs>. The painting both matches Van Gogh’s description and accords with his remark that it is ‘large’, since it measures 65.5 x 120.5 cm. But Van Rappard’s dating of the work, 1884, is a problem. It could mean that Van Rappard painted a second version of it (one in 1883 and one in 1884), or that he later made changes to the 1883 work and altered the date. See exhib. cat. Amsterdam 1974, p. 82, cat. no. 93. The fact that Van Gogh knows of this painting leads to the conclusion that he must already have received Van Rappard’s letter, for which he thanks him in <ref target="let332.xml">letter 332</ref>.</ab></note>
<note n="15" xml:id="n-15" target="#note-t-15">
<ab>An expression, also quoted in <ref target="let333.xml">letter 333</ref>.</ab></note>
<note n="16" xml:id="n-16" target="#note-t-16">
<ab>These studies for the painting <hi rend="ital"><rs type="otherart" key="499">A misty morning</rs></hi> are not known.</ab></note>
<note n="b" xml:id="n-b" target="#note-o-b">
<ab>Means: ‘strook van kreupelhout die een veld begrenst’ (strip of undergrowth bordering a field).</ab></note></div></body></text></TEI>
