<?xml version="1.0" encoding="UTF-8"?>
<!-- Last Changed Date: 2018-07-18 12:32:41 +0200 (Wed, 18 Jul 2018) | SVN Revision: 2206 -->
<!--Licensed under Attribution-NonCommercial-ShareAlike 4.0 International (CC BY-NC-SA 4.0)-->
<?xml-model href="https://xmlschema.huygens.knaw.nl/vgodd.rng" type="application/xml" schematypens="http://relaxng.org/ns/structure/1.0"?>
<TEI xmlns:vg="http://www.vangoghletters.org/ns/" xmlns="http://www.tei-c.org/ns/1.0">
<teiHeader xmlns:xsi="http://www.w3.org/2001/XMLSchema-instance"><fileDesc>
<titleStmt>
<title>To Anthon van Rappard. The Hague, on or about Sunday, 4 February 1883.</title>
<editor>Leo Jansen</editor>
<editor>Hans Luijten</editor>
<editor>Nienke Bakker</editor></titleStmt>
<publicationStmt>
<publisher><name>Huygens Instituut voor Nederlandse Geschiedenis (KNAW)</name><email>info@huygens.knaw.nl</email></publisher>
<publisher>Van Gogh Museum</publisher>
<pubPlace>Amsterdam</pubPlace>
<date type="first" when="2009">2009</date>
<availability status="restricted">
<licence target="http://creativecommons.org/licenses/by-nc-sa/4.0/ https://creativecommons.org/licenses/by-nc-sa/4.0/legalcode">
<p>Attribution-NonCommercial-ShareAlike 4.0 International (CC BY-NC-SA 4.0) </p></licence></availability>
<ptr target="http://vangoghletters.org/orig/let307"/></publicationStmt><sourceDesc><vg:letDesc><vg:letIdentifier>
<idno type="jlb">307</idno>
<idno type="collectedletters">R20</idno>
<idno type="brieven1990">309</idno></vg:letIdentifier><vg:letHeading><author>Vincent van Gogh</author><vg:addressee>Anthon van Rappard</vg:addressee><vg:placeLet>The Hague</vg:placeLet><vg:dateLet>on or about Sunday, 4 February 1883</vg:dateLet></vg:letHeading><vg:letContents>
<p>To Anthon van Rappard. The Hague, on or about Sunday, 4 February 1883.</p>
<note type="ongoingTopic" n="1">
<p>Van Rappard’s illness <ref target="let290.xml">(290)</ref></p></note>
<note type="ongoingTopic" n="2">
<p>Van Gogh’s purchase of 21 volumes of <hi rend="ital">The Graphic</hi> <ref target="let302.xml">(302)</ref></p></note>
<note type="ongoingTopic" n="3">
<p>Van Gogh is recovering from his illness <ref target="let241.xml">(241)</ref></p></note>
<note type="ongoingTopic" n="4">
<p>Sien has given birth in Leiden <ref target="let242.xml">(242)</ref></p></note>
<note type="ongoingTopic" n="5">
<p>Theo’s love for the ailing Marie <ref target="let300.xml">(300)</ref></p></note>
<note type="ongoingTopic" n="6">
<p>Breitner is in hospital <ref target="let214.xml">(214)</ref></p></note>
<note type="ongoingTopic" n="7">
<p>Breitner is teaching at the Academy in Rotterdam <ref target="let277.xml">(277)</ref></p></note></vg:letContents>
<note type="sourceStatus" xml:id="sourceStatus">
<p>Original manuscript</p></note>
<note type="location" xml:id="location">
<p>Amsterdam, Van Gogh Museum, inv. nos. b8354 a-c V/2006</p></note>
<note type="date" xml:id="date">
<p>In the next letter to Theo of Monday, 5 February (<ref target="let308.xml">letter 308</ref>), Vincent writes that Van Rappard has written to him ‘this week’, i.e. the previous week <ref target="#l-109">(l. 109)</ref>. He would have received that letter after writing the previous letter to Theo on 3 February (<ref target="let306.xml">letter 306</ref>), since in it there is no mention of Van Rappard’s letter. The present letter must therefore date from on or about Sunday, 4 February 1883.</p></note></vg:letDesc></sourceDesc></fileDesc></teiHeader>
<facsimile xmlns:xsi="http://www.w3.org/2001/XMLSchema-instance">
<surface n="b 8354 a" xml:id="surf-pb-1r"><graphic mimeType="image/tiff" url="VGM001001600_01.TIF" rend="norend"/><graphic mimeType="image/tiff" url="VGM001001600_01_n.tif" rend="norend"/><graphic mimeType="image/jpeg" url="VGM001001600_01_nt.jpg" height="50px" rend="thumbnail"/><zone xml:id="zone-pb-1r-1">
<graphic mimeType="image/tiff" url="VGM001001600_01_nR.tif" rend="norend"/><graphic mimeType="image/jpeg" url="VGM001001600_01_nRt.jpg" height="50px" rend="thumbnail"/><graphic mimeType="image/png" url="VGM001001600_01_nRf.png" width="380px" rend="facstab"/></zone>
<zone xml:id="zone-pb-1r-4">
<graphic mimeType="image/tiff" url="VGM001001600_01_nL.tif" rend="norend"/><graphic mimeType="image/jpeg" url="VGM001001600_01_nLt.jpg" height="50px" rend="thumbnail"/><graphic mimeType="image/png" url="VGM001001600_01_nLf.png" width="380px" rend="facstab"/></zone>
</surface>
<surface n="b 8354 a" xml:id="surf-pb-1v"><graphic mimeType="image/tiff" url="VGM001001600_02.TIF" rend="norend"/><graphic mimeType="image/tiff" url="VGM001001600_02_n.tif" rend="norend"/><graphic mimeType="image/jpeg" url="VGM001001600_02_nt.jpg" height="50px" rend="thumbnail"/><zone xml:id="zone-pb-1v-2">
<graphic mimeType="image/tiff" url="VGM001001600_02_nL.tif" rend="norend"/><graphic mimeType="image/jpeg" url="VGM001001600_02_nLt.jpg" height="50px" rend="thumbnail"/><graphic mimeType="image/png" url="VGM001001600_02_nLf.png" width="380px" rend="facstab"/></zone>
<zone xml:id="zone-pb-1v-3">
<graphic mimeType="image/tiff" url="VGM001001600_02_nR.tif" rend="norend"/><graphic mimeType="image/jpeg" url="VGM001001600_02_nRt.jpg" height="50px" rend="thumbnail"/><graphic mimeType="image/png" url="VGM001001600_02_nRf.png" width="380px" rend="facstab"/></zone>
</surface>
<surface n="b 8354 b" xml:id="surf-pb-2r"><graphic mimeType="image/tiff" url="VGM001001601_01.TIF" rend="norend"/><zone xml:id="zone-pb-2r-5">
<graphic mimeType="image/tiff" url="VGM001001601_01_n.tif" rend="norend"/><graphic mimeType="image/jpeg" url="VGM001001601_01_nt.jpg" height="50px" rend="thumbnail"/><graphic mimeType="image/png" url="VGM001001601_01_nf.png" width="380px" rend="facstab"/></zone>
</surface>
<surface n="b 8354 b" xml:id="surf-pb-2v"><graphic mimeType="image/tiff" url="VGM001001601_02.TIF" rend="norend"/><zone xml:id="zone-pb-2v-6">
<graphic mimeType="image/tiff" url="VGM001001601_02_n.tif" rend="norend"/><graphic mimeType="image/jpeg" url="VGM001001601_02_nt.jpg" height="50px" rend="thumbnail"/><graphic mimeType="image/png" url="VGM001001601_02_nf.png" width="380px" rend="facstab"/></zone>
</surface>
<surface n="b 8354 c" xml:id="surf-pb-3r"><graphic mimeType="image/tiff" url="VGM001001602_01.TIF" rend="norend"/><zone xml:id="zone-pb-3r-7">
<graphic mimeType="image/tiff" url="VGM001001602_01_n.tif" rend="norend"/><graphic mimeType="image/jpeg" url="VGM001001602_01_nt.jpg" height="50px" rend="thumbnail"/><graphic mimeType="image/png" url="VGM001001602_01_nf.png" width="380px" rend="facstab"/></zone>
</surface>
<surface n="b 8354 c" xml:id="surf-pb-3v"><graphic mimeType="image/tiff" url="VGM001001602_02.TIF" rend="norend"/><zone xml:id="zone-pb-3v-8">
<graphic mimeType="image/tiff" url="VGM001001602_02_n.tif" rend="norend"/><graphic mimeType="image/jpeg" url="VGM001001602_02_nt.jpg" height="50px" rend="thumbnail"/><graphic mimeType="image/png" url="VGM001001602_02_nf.png" width="380px" rend="facstab"/></zone>
</surface></facsimile><text xmlns:xsi="http://www.w3.org/2001/XMLSchema-instance"><body>
<div type="original">
<pb f="1r" n="1" xml:id="pb-orig-1r-1" facs="#zone-pb-1r-1"/><lb n="1" xml:id="l-1"/>
<ab>Amice Rappard.</ab><lb n="1*" xml:id="l-1s"/>
<ab>Regt hartelijk dank voor Uw schrijven en <lb n="2" xml:id="l-2"/>voor de opgave der door U gevonden houtsneden. <lb n="3" xml:id="l-3"/>Naar sommigen ben ik zeer verlangend om ze te zien<c type="kk">/</c> <lb n="4" xml:id="l-4"/>vooral <hi rend="ital">de Groux</hi> en <hi rend="ital">Lançon</hi><c type="kp">_</c></ab><lb n="5" xml:id="l-5"/>
<ab rend="indent">Dat gij weer flink aan ’t beter worden zijt verheugt me <lb n="6" xml:id="l-6"/>niet weinig. Gij weet<c type="kk">/</c> vóór uw ziekte waren we juist <lb n="7" xml:id="l-7"/>nog al druk in correspondentie over de lithographies en <lb n="8" xml:id="l-8"/>toen moesten we die correspondentie stoppen<c type="kp">_</c></ab><lb n="9" xml:id="l-9"/>
<ab rend="indent">Sedert heb ik nog al gesjouwd<c type="kk">/</c> wel niet direkt op steen <lb n="10" xml:id="l-10"/>doch evenwel met het lithographisch krijt.</ab><lb n="11" xml:id="l-11"/>
<ab rend="indent">Dat is een voortreffelijk materiaal.</ab><lb n="12" xml:id="l-12"/>
<ab rend="indent">Als ik ’t nu wat druk maak met schrijven<c type="kk">/</c> houd <lb n="13" xml:id="l-13"/>me dit ten goede en zelfs van Uw kant schrijf <lb n="14" xml:id="l-14"/>ook maar wat druk want ge moet een beetje <lb n="15" xml:id="l-15"/>scha inhalen – ofschoon niet gij zelf doch <lb n="16" xml:id="l-16"/>de omstandigheden van Uw ziekte daar de schuld van hebben.</ab><lb n="17" xml:id="l-17"/>
<ab rend="indent">Dat de Graphics die ik nu heb verbazend interessant <lb n="18" xml:id="l-18"/>zijn verzeker ik U. meer dan 10 jaar geleden <lb n="19" xml:id="l-19"/>ging ik elke week te London naar de vitrine van de drukkerij <lb n="20" xml:id="l-20"/>van de Graphic &amp; London News om de wekelijksche <lb n="21" xml:id="l-21"/>uitgaven te zien.<anchor n="1" xml:id="note-o-1"/> Indrukken die ik daar op de <lb n="22" xml:id="l-22"/>plaats zelf kreeg waren zóó sterk dat de teekeningen <lb n="23" xml:id="l-23"/>mij ondanks alles dat sedert over mijn hoofd ging<c type="kk">/</c> <lb n="24" xml:id="l-24"/>duidelijk en helder bleven. En nu is ’t me soms <lb n="25" xml:id="l-25"/>als of er niets lag tusschen die oude dagen en <lb n="26" xml:id="l-26"/>nu – althans ik heb mijn enthousiasme er voor <lb n="27" xml:id="l-27"/>van toen nu eer meer dan minder dan oorspronkelijk. <lb n="28" xml:id="l-28"/>Ik twijfel geen oogenblik of gij zult ’t U niet <lb n="29" xml:id="l-29"/>beklagen als gij ze eens komt kijken.</ab><lb n="30" xml:id="l-30"/>
<ab rend="indent">Dat gij het Black &amp; White <hi rend="ital">niet</hi> beschouwd zoo als de meeste <lb n="31" xml:id="l-31"/>Hollanders weet ik en ofschoon ik niet precies weet of <lb n="32" xml:id="l-32"/>gij zelf plannen hebt om U van dit middel te bedienen <lb n="33" xml:id="l-33"/>om wat gij voelt uit te drukken<c type="kk">/</c> zoo geloof ik toch <lb n="34" xml:id="l-34"/>dat gij daaromtrent geen vooringenomenheid hebt althans. <lb n="35" xml:id="l-35"/>Het een hoeft het ander niet uit te sluiten en <lb n="36" xml:id="l-36"/>in veel gevallen is juist Black &amp; White een middel <lb n="37" xml:id="l-37"/>dat het mogelijk maakt in betrekkelijk korten <lb n="38" xml:id="l-38"/>tijd effekten op ’t papier te brengen die op andere <lb n="39" xml:id="l-39"/>wijs iets van wat men noemt “spontané” verliezen. <lb n="40" xml:id="l-40"/>Ik betwijfel of de <hi rend="ital">London sketches</hi> – zooals low <lb n="41" xml:id="l-41"/>lodginghouse s<hi rend="ss">t</hi> Giles van Herkomer,<anchor n="2" xml:id="note-o-2"/> Casual ward van Fildes<anchor n="3" xml:id="note-o-3"/> –</ab><lb n="42" xml:id="l-42"/>
<ab>niet geschilderd iets minder aangrijpend en karaktervol <lb n="43" xml:id="l-43"/>zouden zijn dan in ’t ruwe Black &amp; White.</ab><lb n="44" xml:id="l-44"/>
<ab rend="indent">Er is iets mannelijks in – iets ruws wat mij sterk aantrekt<c type="kp">_</c> <lb n="45" xml:id="l-45"/>Nog iets – de baas van Black &amp; White – is misschien <lb n="46" xml:id="l-46"/>iemand die noch gij noch ik kennen<c type="kp">_</c>– In compte <lb n="47" xml:id="l-47"/>rendus der exposities zie ik melding gemaakt van 
<pb f="1v" n="2" xml:id="pb-orig-1v-2" facs="#zone-pb-1v-2"/><lb n="48" xml:id="l-48"/>het werk van <hi rend="ital">L’Hermitte</hi> – een franschman <lb n="49" xml:id="l-49"/>die scenes uit het visschersleven in Bretagne maakt<c type="kk">/</c> <lb n="50" xml:id="l-50"/>men zegt van hem “he is the Millet and Jules <lb n="51" xml:id="l-51"/>Breton in Black &amp; White” en telkens &amp; telkens <lb n="52" xml:id="l-52"/>weer komt zijn naam terug.<anchor n="4" xml:id="note-o-4"/> Ik wou ik eens iets <lb n="53" xml:id="l-53"/>van hem te zien kon krijgen en heb er dezer dagen <lb n="54" xml:id="l-54"/>aan mijn broer over geschreven<anchor n="5" xml:id="note-o-5"/> die mij wel eens <lb n="55" xml:id="l-55"/>meer zeer goede inlichtingen heeft gegeven (b<c type="kp">_</c>v. <lb n="56" xml:id="l-56"/>over Daumiers geschilderd werk)<c type="kp">_</c></ab><lb n="57" xml:id="l-57"/>
<ab rend="indent">Met betrekking tot de lithographies<c type="kk">/</c> die van den kerel <lb n="58" xml:id="l-58"/>die zijn brood zit te snijden op de mand<anchor n="6" xml:id="note-o-6"/> dat is <lb n="59" xml:id="l-59"/>eene mislukking. Bij ’t op steen brengen kwam de <lb n="60" xml:id="l-60"/>bovenste helft geheel door elkaar gewischt over en <lb n="61" xml:id="l-61"/>heb ik ’t slechts gedeeltelijk kunnen verhelpen met het <lb n="62" xml:id="l-62"/>grattoir. Toch zult gij zien er dingen in zijn <lb n="63" xml:id="l-63"/>die bewijzen men met dit procede krachtig werken kan <lb n="64" xml:id="l-64"/>en de stof<c type="kk">/</c> b.v. de mand<c type="kk">/</c> de broek &amp; beslijkte laarzen<c type="kk">/</c> <lb n="65" xml:id="l-65"/>uitdrukken. En ofschoon ik de eerste dagen dit <lb n="66" xml:id="l-66"/>blad zelf erg leelijk vond<c type="kk">/</c> sedert ben ik er <lb n="67" xml:id="l-67"/>meer mee verzoend en als ik eens weer begon <lb n="68" xml:id="l-68"/>zou ik op die zelfde meer krachtige wijs – met <lb n="69" xml:id="l-69"/>een fonds<anchor n="a" xml:id="note-o-a"/> er achter – doorgaan.</ab><lb n="70" xml:id="l-70"/>
<ab rend="indent">Ik las nog in Herkomers levensschets hoe in zijn <lb n="71" xml:id="l-71"/>eersten tijd (toen het voorval met de ruwe schets van <lb n="72" xml:id="l-72"/>Sunday at Chelsea Hospital plaats had) hij zijn best <lb n="73" xml:id="l-73"/>deed onder de toenmalige artisten zulken te <lb n="74" xml:id="l-74"/>vinden die ook die figuren uit het volk wilden maken.<anchor n="7" xml:id="note-o-7"/> <lb n="75" xml:id="l-75"/>Hij vond toen Gregory<anchor n="8" xml:id="note-o-8"/> die ’t eerst voor den dag <lb n="76" xml:id="l-76"/>kwam met schetsen uit den fransch duitschen <lb n="77" xml:id="l-77"/>oorlog (Paris under the red flag <lb n="77a" xml:id="l-77a"/>(’k wist eerst niet dit <lb n="77b" xml:id="l-77b"/>blad van hem was) <lb n="78" xml:id="l-78"/>en eene ambulance in ’t lokaal eener komedie) <lb n="79" xml:id="l-79"/>en later meer tot scènes aan boord van schepen <lb n="80" xml:id="l-80"/>zich bepaalde<anchor n="9" xml:id="note-o-9"/> – en Gregory en Herkomer zijn <lb n="81" xml:id="l-81"/>sedert altijd vrienden gebleven.</ab><lb n="82" xml:id="l-82"/>
<ab rend="indent">Nu gij mij zoo schrijft over Uw beter worden <lb n="83" xml:id="l-83"/>zoo komen mij de dagen van dezen zomer toen <lb n="84" xml:id="l-84"/>ik ook beter werd mij weer te binnen.</ab><lb n="85" xml:id="l-85"/>
<ab rend="indent">Er is altijd nog iets dat van toen dagteekent dat <lb n="86" xml:id="l-86"/>ik U vertellen moet. Misschien heb ik er U ook <lb n="87" xml:id="l-87"/>in der tijd over geschreven doch weet het niet precies. <lb n="88" xml:id="l-88"/>Herinnert ge U dat toen gij dezen zomer mij <lb n="89" xml:id="l-89"/>bezocht wij eene vrouw tegenkwamen van welke <lb n="90" xml:id="l-90"/>ik U vertelde zij een model was dat ik gevonden had <lb n="91" xml:id="l-91"/>en U ook zei hoe ik gemerkt had zij zwanger was <lb n="92" xml:id="l-92"/>en daarom te meer haar trachtte te helpen.</ab>
<pb f="1v" n="3" xml:id="pb-orig-1v-3" facs="#zone-pb-1v-3"/><lb n="93" xml:id="l-93"/>
<ab rend="indent">Kort daarop werd ik zelf ziek. Zij was toen in <lb n="94" xml:id="l-94"/>het hospitaal te Leiden en ik kreeg in <lb n="95" xml:id="l-95"/>het gasthuis een brief van haar dat zij zoo erg <lb n="96" xml:id="l-96"/>in zorg was. Voor dien tijd – gedurende den <lb n="97" xml:id="l-97"/>winter toen zij het erg bar had – had ik er aan <lb n="98" xml:id="l-98"/>gedaan wat ik kon en nu had ik een grooten <lb n="99" xml:id="l-99"/>tweestrijd in mij zelven wat te doen. Kon – <lb n="100" xml:id="l-100"/>moest ik helpen – ik was zelf ziek en de <lb n="101" xml:id="l-101"/>toekomst zoo donker. Evenwel ik ben eigentlijk <lb n="102" xml:id="l-102"/>nog tegen den zin van den dokter opgestaan en <lb n="103" xml:id="l-103"/>heb haar bezocht. Ik kwam 1 Julij ll. in het <lb n="104" xml:id="l-104"/>hospitaal te Leiden bij haar. Dien nacht was zij <lb n="105" xml:id="l-105"/>bevallen van een jongske dat toen naast haar in <lb n="106" xml:id="l-106"/>zijn wiegje lag te slapen met zijn klein wijsneusje <lb n="107" xml:id="l-107"/>boven ’t dek – niets wetende natuurlijkerwijs van <lb n="108" xml:id="l-108"/>wat er in de wereld te koop is<c type="kp">_</c>– Een arme scharrelaar <lb n="109" xml:id="l-109"/>van een zieken schilder zoo als ik weet er althans <lb n="110" xml:id="l-110"/>dingen van die zoo’n kindje niet weet<c type="kp">_</c>–</ab><lb n="111" xml:id="l-111"/>
<ab rend="indent">En wat zou ik nu doen –<lb n="111a" xml:id="l-111a"/> ik had veel te denken op <lb n="111b" xml:id="l-111b"/>dat moment. <lb n="111"/>Zij had eene zeer <lb n="112" xml:id="l-112"/>moeielijke bevalling gehad<c type="kk">/</c> het arme schepsel van <lb n="113" xml:id="l-113"/>een moeder<c type="kp">_</c>– Zijn er niet momenten in <lb n="114" xml:id="l-114"/>’t leven waarin werkeloos blijven of zeggen<c type="kk">/</c> <lb n="115" xml:id="l-115"/>wat gaat dat mij aan<c type="kk">/</c> misdadig zijn? <lb n="116" xml:id="l-116"/>Althans ik zei tot de vrouw<c type="kk">/</c> Als ge nu beter <lb n="117" xml:id="l-117"/>zijt kom dan maar bij mij<c type="kk">/</c> wat ik doen <lb n="118" xml:id="l-118"/>kan zal ik doen. Nu amice<c type="kk">/</c> bovendien <lb n="119" xml:id="l-119"/>had die vrouw nog een ander kind<c type="kk">/</c> een <lb n="120" xml:id="l-120"/>ziekelijk<c type="kk">/</c> verwaarloosd schaap<c type="kp">_</c>– Het was eene <lb n="121" xml:id="l-121"/>onderneming nog vrij wat meer boven mijn <lb n="122" xml:id="l-122"/>kracht eigentlijk dan b.v. het koopen van de <lb n="123" xml:id="l-123"/>Graphic maar hoe kon ik anders. Een <lb n="124" xml:id="l-124"/>mensch heeft toch een hart in ’t lijf en <lb n="125" xml:id="l-125"/>als we niet wat aan durfden dan waren <lb n="126" xml:id="l-126"/>we immers ’t leven niet waard. Nu<c type="kk">/</c> <lb n="127" xml:id="l-127"/>zij is bij me gekomen – ik ben gaan wonen <lb n="128" xml:id="l-128"/>in een huis dat toen nog niet eens geheel <lb n="129" xml:id="l-129"/>af was en ik voor betrekkelijk lagen huurprijs <lb n="130" xml:id="l-130"/>kon krijgen<c type="kk">/</c> waar ik nog woon<c type="kk">/</c> twee deuren <lb n="131" xml:id="l-131"/>verder dan mijn vroeger atelier<c type="kk">/</c> het is N<hi rend="ss">o</hi>. 138<c type="kp">_</c> <lb n="132" xml:id="l-132"/>En wij zijn daar nog. Alleen het kindje <lb n="133" xml:id="l-133"/>uit het wiegje van ’t gasthuis slaapt nu niet <lb n="134" xml:id="l-134"/>meer zooveel als toen die allereerste dagen. 
<pb f="1r" n="4" xml:id="pb-orig-1r-4" facs="#zone-pb-1r-4"/><lb n="135" xml:id="l-135"/>Het is een alleraardigst<c type="kk">/</c> springlevend ventje <lb n="136" xml:id="l-136"/>van nu 7 of 8 maanden geworden. Zijn wiegje <lb n="137" xml:id="l-137"/>heb ik in der tijd zelf op mijn schouders van een <lb n="138" xml:id="l-138"/>uitdrager gehaald en dat kindje<c type="kk">/</c> het <lb n="139" xml:id="l-139"/>was mij den heelen donkeren winter als een licht <lb n="140" xml:id="l-140"/>in huis. En de vrouw<c type="kk">/</c> ofschoon zij niet sterk is <lb n="141" xml:id="l-141"/>en ondanks dat toch hard werken moet om den <lb n="142" xml:id="l-142"/>boel in orde te houden<c type="kk">/</c> is er toch ook sterker door <lb n="143" xml:id="l-143"/>geworden. Zoo ziet gij dat terwijl ik tracht in <lb n="144" xml:id="l-144"/>de Kunst dieper door te dringen<c type="kk">/</c> ik dit ook in ’t leven <lb n="145" xml:id="l-145"/>zelf tracht te doen – zulks gaat zamen<c type="kp">_</c></ab><lb n="146" xml:id="l-146"/>
<ab rend="indent">Dat het mij niet ontbroken heeft aan onaangenaamheden <lb n="147" xml:id="l-147"/>met vroegere vrienden die mij niet meer aankeken<c type="kk">/</c> is <lb n="148" xml:id="l-148"/>iets waarover ik niet bijster mij verwonderde<c type="kp">_</c></ab><lb n="149" xml:id="l-149"/>
<ab rend="indent">Met mijn besten vriend was zulks gelukkig niet het <lb n="150" xml:id="l-150"/>geval<c type="kk">/</c> n.l. met mijn broer – want hij en ik <lb n="151" xml:id="l-151"/>zijn nog meer vrienden dan broers – en hij zelf <lb n="152" xml:id="l-152"/>is iemand die zulke zaken begrijpt en dat niet alleen <lb n="153" xml:id="l-153"/>maar zelf ook menigen ongelukkige <lb n="154" xml:id="l-154"/>heeft geholpen en helpt. Ik heb er evenwel sommige <lb n="155" xml:id="l-155"/>vrienden door verloren maar meer licht en donker in <lb n="156" xml:id="l-156"/>mijn eigen huis gekregen en meer een <hi rend="ital">Home</hi> <lb n="157" xml:id="l-157"/>ofschoon het mij soms is als of ik op een schip was in noodweer <lb n="158" xml:id="l-158"/>als de zorgen soms zwaar worden<c type="kp">_</c> Enfin ofschoon ik <lb n="159" xml:id="l-159"/>zeer goed weet dat de zee gevaren heeft en men er verdrinken <lb n="160" xml:id="l-160"/>kan<c type="kk">/</c> toch houd ik veel van de zee en bij alle hachelijkheid <lb n="161" xml:id="l-161"/>van de toekomst heb ik een zekere sereniteit.</ab><lb n="162" xml:id="l-162"/>
<ab rend="indent">Nu heb ik een groot verlangen om U weer eens te <lb n="163" xml:id="l-163"/>spreken en ik wou erg graag dat gij als ’t kon <lb n="164" xml:id="l-164"/>eerlang de Graphics eens kwaamt kijken<c type="kk">/</c> maar <lb n="165" xml:id="l-165"/>ik schrijf U eens vooraf over de verandering <lb n="166" xml:id="l-166"/>in mijn huis omdat ik niet precies weet <lb n="167" xml:id="l-167"/>hoe gij over zulke zaken in ’t leven denkt. <lb n="168" xml:id="l-168"/>Waren we in de dagen der “Bohême”<c type="kk">/</c> een schilders<c type="shy">-</c><lb n="169" xml:id="l-169"/>huisgezin en atelier als ’t mijne zou niets ongewoons <lb n="170" xml:id="l-170"/>zijn.<anchor n="10" xml:id="note-o-10"/> Heden ten dage echter zijn we zeer ver van <lb n="171" xml:id="l-171"/>de oorspronkelijke Bohème en zijn er onder de <lb n="172" xml:id="l-172"/>schilders consideraties van fatsoenshalve die <lb n="173" xml:id="l-173"/>ik voor mij niet precies begrijp doch zulken die <lb n="174" xml:id="l-174"/>ze hebben niet tegen de borst zou willen stuiten.</ab><lb n="175" xml:id="l-175"/>
<ab rend="indent">Nog eens<c type="kk">/</c> waren we nog in de dagen der Bohême ik zou <lb n="176" xml:id="l-176"/>alles op zijn beloop laten maar nu zeg ik U<c type="kk">/</c> amice Rappard<c type="kk">/</c> <lb n="177" xml:id="l-177"/>ik woon met eene arme vrouw en twee kinderen zamen<c type="kk">/</c> en <lb n="178" xml:id="l-178"/>er zijn er zoo velen die om die en andere reden niet met mij willen <lb n="179" xml:id="l-179"/>omgaan dat ik wel dien U dit te zeggen als ik U schrijf<c type="kk">/</c> wilt gij niet <lb n="180" xml:id="l-180"/>dezer dagen de Graphics eens komen doorkijken.</ab>
<pb f="2r" n="5" xml:id="pb-orig-2r-5" facs="#zone-pb-2r-5"/><lb n="181" xml:id="l-181"/>
<ab rend="indent">Wat ik U ook nog er bij vertellen moet is dat <lb n="182" xml:id="l-182"/>toen voor ’t eerst mijn vader van dit een en ander <lb n="183" xml:id="l-183"/>hoorde<c type="kk">/</c> gij begrijpt hij er niet over gesticht was<c type="kk">/</c><anchor n="b" xml:id="note-o-b"/> of <lb n="184" xml:id="l-184"/>liever<c type="kk">/</c> zoo iets van mij niet verwachtende<c type="kk">/</c> niet wist <lb n="185" xml:id="l-185"/>wat te denken. Toen evenwel hebben wij elkaar <lb n="186" xml:id="l-186"/>weer eens gezien<c type="kk">/</c> wat niet gebeurd was sedert ik <lb n="187" xml:id="l-187"/>naar hier ging omdat ik t’huis weggegaan <lb n="188" xml:id="l-188"/>was daar er moeielijkheden waren. En toen hij <lb n="189" xml:id="l-189"/>nu meer bijzonderheden wist heeft hij het anders <lb n="190" xml:id="l-190"/>ingezien dan aanvankelijk. De oneenigheid die <lb n="191" xml:id="l-191"/>ik met hem had toen ik t’huis wegging was niet van langen duur<c type="kk">/</c> daar <lb n="192" xml:id="l-192"/>reeds voor dat ik met deze vrouw was wij het <lb n="193" xml:id="l-193"/>weer opgemaakt<anchor n="c" xml:id="note-o-c"/> hadden<c type="kp">_</c> Toen heeft sedert <lb n="194" xml:id="l-194"/>zelfs mijn vader mij reeds eens bezocht terwijl <lb n="195" xml:id="l-195"/>ik met haar woon.</ab><lb n="196" xml:id="l-196"/>
<ab rend="indent">Maar wat zijn er veel misverstanden in ’t leven <lb n="197" xml:id="l-197"/>en wat kon alles veel beter gaan als <lb n="198" xml:id="l-198"/>men wat meer zamenwerkte in plaats van <lb n="199" xml:id="l-199"/>te twisten.</ab><lb n="200" xml:id="l-200"/>
<ab rend="indent">o Kerel – ik wou dat er wat meer van de <lb n="201" xml:id="l-201"/>Boheme was overgebleven in de maatschappij <lb n="202" xml:id="l-202"/>en vooral onder de schilders.</ab><lb n="203" xml:id="l-203"/>
<ab rend="indent">Gij moet vooral niet meenen dat het om reden <lb n="204" xml:id="l-204"/>van de vrouw is dat ze niet bij mij komen<c type="kk">/</c> <lb n="205" xml:id="l-205"/>dat is wel één ding doch over ’t algemeen <lb n="206" xml:id="l-206"/>is het om reden van het schilderen zelf<c type="kk">/</c> ofschoon <lb n="207" xml:id="l-207"/>ik dezen zomer toch ook wel degelijk studies <lb n="208" xml:id="l-208"/>geschilderd heb. Enfin den omgang met <lb n="209" xml:id="l-209"/>schilders is mij hier bar tegengevallen<c type="kp">_</c> <lb n="210" xml:id="l-210"/>Zal dat beter worden???</ab><lb n="211" xml:id="l-211"/>
<ab rend="indent">Er is een schilder hier onlangs in ’t gekkenhuis <lb n="212" xml:id="l-212"/>gekomen – Boks<c type="kk">/</c> een landschapschilder<c type="kp">_</c>–<anchor n="11" xml:id="note-o-11"/> <lb n="213" xml:id="l-213"/>Toen hij er nog niet in was<c type="kk">/</c> was het erg <lb n="214" xml:id="l-214"/>bezwaarlijk hulp voor hem te krijgen ofschoon <lb n="215" xml:id="l-215"/>tijdens eene ziekte hij door Mauve vooral toch nog <lb n="216" xml:id="l-216"/>hulp gekregen heeft. <hi rend="ital">Nu hij er in is</hi> spreekt ieder over <lb n="217" xml:id="l-217"/>hem met veel sympathie en noemt hem erg knap. 
<pb f="2v" n="6" xml:id="pb-orig-2v-6" facs="#zone-pb-2v-6"/><lb n="218" xml:id="l-218"/>onder anderen een persoon<anchor n="12" xml:id="note-o-12"/> die hem meermalen <lb n="219" xml:id="l-219"/>hulp geweigerd heeft en studies van hem afgewezen<c type="kk">/</c> <lb n="220" xml:id="l-220"/>zei onlangs “mooier dan Diaz”<c type="kk">/</c> wat ik wel wat <lb n="221" xml:id="l-221"/>overdreven vind. De kerel zelf vertelde mij voor <lb n="222" xml:id="l-222"/>een jaar dat hij in der tijd eene medalje kreeg <lb n="223" xml:id="l-223"/>in Engeland – die hij voor oud zilver verkocht <lb n="224" xml:id="l-224"/>had.– Een ander schilder<c type="kk">/</c> Breitner<c type="kk">/</c> <lb n="225" xml:id="l-225"/>met wien ik aanvankelijk wel eens ging teekenen <lb n="226" xml:id="l-226"/>op straat en met wien ik zoowat tegelijk in ’t gasthuis <lb n="227" xml:id="l-227"/>ben geweest<c type="kk">/</c> is leeraar aan de burgerschool <lb n="228" xml:id="l-228"/>geworden ofschoon ik weet hij daar niet veel trek in had.</ab><lb n="229" xml:id="l-229"/>
<ab rend="indent">Is het een goede tijd voor de schilders??? <lb n="230" xml:id="l-230"/>Toen ik hier in stad kwam ging ik op alle <lb n="231" xml:id="l-231"/>ateliers waar ik maar komen kon juist om <lb n="232" xml:id="l-232"/>omgang te zoeken en vrienden te maken. <lb n="233" xml:id="l-233"/>Nu ben ik erg bekoeld op dat punt en <lb n="234" xml:id="l-234"/>meen dat juist het een erge <lb n="235" xml:id="l-235"/>schaduwzijde heeft<c type="kk">/</c> juist omdat de schilders <lb n="236" xml:id="l-236"/>wel hartelijk schijnen doch maar al te dikwijls <lb n="237" xml:id="l-237"/>een beentje ligten ook. Dat is ’t fatale. <lb n="238" xml:id="l-238"/>men moest elkaar helpen en vertrouwen <lb n="239" xml:id="l-239"/>want er zijn in de maatschappij van <lb n="240" xml:id="l-240"/>zelf vijandelijkheden genoeg en algemeen <lb n="241" xml:id="l-241"/>zou men er beter bij varen als men <lb n="242" xml:id="l-242"/>elkaar niet benadeelde. Door ijverzucht <lb n="243" xml:id="l-243"/>worden velen er toe gedreven om kwaad te spreken<c type="kk">/</c> <lb n="244" xml:id="l-244"/>systematisch.– en wat komt er van – in plaats <lb n="245" xml:id="l-245"/>van een groot geheel – een schilderscorps waar <lb n="246" xml:id="l-246"/>eendragt magt maakt – kruipt ieder in zijn schulp <lb n="247" xml:id="l-247"/>en werkt op zich zelf<c type="kp">_</c>– Wie nu haantje de <lb n="248" xml:id="l-248"/>voorste zijn maken juist door hun ijverzucht <lb n="249" xml:id="l-249"/>een soort woestijn om zich heen en dat is <lb n="250" xml:id="l-250"/>iets wat erg ongelukkig is dunkt mij voor hen zelf<c type="kp">_</c> <lb n="251" xml:id="l-251"/>Een strijd met schilderijen of teekeningen is goed <lb n="252" xml:id="l-252"/>in zekeren zin en billijk althans maar men moest <lb n="253" xml:id="l-253"/>niet persoonlijk elkaars vijand worden en zich <lb n="254" xml:id="l-254"/>van andere middelen bedienen om te vechten.</ab>
<pb f="3r" n="7" xml:id="pb-orig-3r-7" facs="#zone-pb-3r-7"/><lb n="255" xml:id="l-255"/>
<ab rend="indent">Enfin<c type="kk">/</c> is dit een en ander voor U geen <lb n="256" xml:id="l-256"/>bezwaar<c type="kk">/</c> denk er dan eens over om de <lb n="257" xml:id="l-257"/>bewuste Graphics te komen zien want ze zijn <lb n="258" xml:id="l-258"/>prachtig en ik wou eens met U spreken hoe <lb n="259" xml:id="l-259"/>te doen met de dubbelen. want er zijn er <lb n="260" xml:id="l-260"/>veel en van de <hi rend="ital">allermooisten</hi><c type="kk">/</c> Last muster <lb n="261" xml:id="l-261"/>van Herkomer<c type="kk">/</c><anchor n="13" xml:id="note-o-13"/> oude vrouwenhuis<c type="kk">/</c><anchor n="14" xml:id="note-o-14"/> low lodging <lb n="262" xml:id="l-262"/>house s<hi rend="ss">t</hi> Giles<anchor n="15" xml:id="note-o-15"/> van hem. Emigrants<anchor n="16" xml:id="note-o-16"/> en <lb n="263" xml:id="l-263"/>BOARD SCHOOL van Frank Hol.<anchor n="17" xml:id="note-o-17"/> <hi rend="ital">Claxton printing</hi> <lb n="264" xml:id="l-264"/><hi rend="ital">van Small</hi><c type="kk">/</c><anchor n="18" xml:id="note-o-18"/> <hi rend="ital">Barque at sea van Nash</hi><c type="kk">/</c><anchor n="19" xml:id="note-o-19"/> <hi rend="ital">Old Gate van Fred Walker</hi>.<anchor n="20" xml:id="note-o-20"/> en zulken die de <hi rend="ital">kern</hi> van een houtsnee verzameling zijn.– Enfin <lb n="265" xml:id="l-265"/>’t is heel wat. Uit vroegere correspondentie <lb n="266" xml:id="l-266"/>begrijp ik genoeg dat gij die niet zoo maar <lb n="267" xml:id="l-267"/>zult willen hebben<anchor n="21" xml:id="note-o-21"/> ofschoon ik voor mij<c type="kk">/</c> <lb n="268" xml:id="l-268"/>mits ge er maar het pleizier in hebt en de <lb n="269" xml:id="l-269"/>liefde er voor<c type="kk">/</c> U regt gaarne dat wat ik dubbel <lb n="270" xml:id="l-270"/>heb zonder verdere condities zou geven.</ab><lb n="271" xml:id="l-271"/>
<ab rend="indent">Doch ik weet zeker wij het zoo kunnen <lb n="272" xml:id="l-272"/>schikken dat gij over het accepteeren er <lb n="273" xml:id="l-273"/>van geen gewetensbezwaar behoeft te hebben <lb n="274" xml:id="l-274"/>en daar dit zeker op de een of andere wijs <lb n="275" xml:id="l-275"/>kan gevonden worden zoo komt het me <lb n="276" xml:id="l-276"/>voor ’t misschien<c type="kk">/</c> juist als ’t met Uw beterschap <lb n="277" xml:id="l-277"/>blijft vorderen<c type="kk">/</c> spoedig zou kunnen gebeuren <lb n="278" xml:id="l-278"/>wij elkaar eens weder ontmoetten.</ab><lb n="279" xml:id="l-279"/>
<ab rend="indent">En te meer zou ik ’t wenschelijk vinden <lb n="280" xml:id="l-280"/>gij eens kwaamt om reden ik nu juist een <lb n="281" xml:id="l-281"/>groot aantal studies van dezen winter bijeen <lb n="282" xml:id="l-282"/>heb waarover ik U wel eens zou willen spreken.</ab><lb n="283" xml:id="l-283"/>
<ab rend="indent">Ik zou U wel reeds vroeger over dit een <lb n="284" xml:id="l-284"/>en ander wat ik U nu vertel hebben geschreven <lb n="285" xml:id="l-285"/>maar het was mij zelf nog zoo vreemd en <lb n="286" xml:id="l-286"/>juist door sommige onaangenaamheden met anderen <lb n="287" xml:id="l-287"/>was ik wat ontstemd. En ik schrijf er nu over <lb n="288" xml:id="l-288"/>niet omdat ik U beschouw als iemand die bekrompen <lb n="289" xml:id="l-289"/>begrippen van het leven heeft en niet omdat ik van <lb n="290" xml:id="l-290"/>U geloof gij in ’t geen ik deed iets onbegrijpelijks zult <lb n="291" xml:id="l-291"/>vinden<c type="kk">/</c> maar om reden ik het niet rondborstig <lb n="292" xml:id="l-292"/>van mij zou vinden als ik U terwijl ik 
<pb f="3v" n="8" xml:id="pb-orig-3v-8" facs="#zone-pb-3v-8"/><lb n="293" xml:id="l-293"/>U vraag<c type="kk">/</c> zoudt ge niet eens die houtsneden kun<c type="shy">-</c><lb n="294" xml:id="l-294"/>nen komen kijken? er niet bij vertelde dat het <lb n="295" xml:id="l-295"/>in huis bij mij sedert Uw bezoek nog al <lb n="296" xml:id="l-296"/>veranderd is en velen om reden van die verandering mij ontwijken <lb n="296a" xml:id="l-296a"/>en zeer zeker geen voet bij me zouden willen zetten<c type="kp">_</c></ab><lb n="297" xml:id="l-297"/>
<ab rend="indent">Het atelier is veel ruimer dan mijn vroegere <lb n="298" xml:id="l-298"/>maar ik ben altijd in vrees de huisheer <lb n="299" xml:id="l-299"/>de huur zal opslaan of huurders vinden <lb n="300" xml:id="l-300"/>die meer kunnen betalen dan ik.</ab><lb n="301" xml:id="l-301"/>
<ab rend="indent">Enfin zoolang ik het houden kan is het een <lb n="302" xml:id="l-302"/>heel goed atelier.</ab><lb n="303" xml:id="l-303"/>
<ab rend="indent">Als gij rekent dat zoo goed als alles wat ik <lb n="304" xml:id="l-304"/>van de Graphic had nu dubbelen worden<c type="kk">/</c> zoo <lb n="305" xml:id="l-305"/>begrijpt gij het nog al wat is.</ab><lb n="306" xml:id="l-306"/>
<ab rend="indent">En ik heb hoop om juist van de allereerste <lb n="307" xml:id="l-307"/>jaargangen er nog bij te krijgen.</ab><lb n="308" xml:id="l-308"/>
<ab rend="indent">Ik heb wel eens en illusies en teleurstellingen <lb n="309" xml:id="l-309"/>gehad met andere vrouwen en vroeger dacht ik <lb n="310" xml:id="l-310"/>niet dat ik zóó teregt zou komen. Maar er <lb n="311" xml:id="l-311"/>is in deze vrouw iets treffends voor mij geweest dat zij <lb n="312" xml:id="l-312"/>als moeder zoo alleen en verlaten was<c type="kk">/</c> en ik aarzelde <lb n="313" xml:id="l-313"/>niet<c type="kk">/</c> en noch toen noch nu meende ik er <lb n="314" xml:id="l-314"/>verkeerd aan te doen. Want waar eene vrouw <lb n="315" xml:id="l-315"/>moeder is en is verlaten en in nood daar <lb n="316" xml:id="l-316"/>moet men niet voorbij loopen mijns inziens. Deze <lb n="316a" xml:id="l-316a"/>is eene figuur zooals Hol of Fildes ze maakten.</ab><lb n="317" xml:id="l-317"/>
<ab rend="indent">Mocht het zijn ge eerlang eens kwaamt <lb n="318" xml:id="l-318"/>zoo laat Uw bezoek niet te kort zijn. <lb n="319" xml:id="l-319"/>De Graphics zijn zóó mooi dat ik geloof het <lb n="320" xml:id="l-320"/>U ook terwijl ge nog zwak zijt – mits de reis zelve <lb n="321" xml:id="l-321"/>maar niet te veel vermoeijenis zij – (trouwens ik woon <lb n="322" xml:id="l-322"/>vlak bij ’t station Rhijnspoor) eene opwekking en <lb n="323" xml:id="l-323"/>versterking zou kunnen zijn ze te bekijken. <lb n="324" xml:id="l-324"/>Enfin doe zooals ge zult goedvinden<c type="kp">_</c></ab><lb n="325" xml:id="l-325"/>
<ab rend="indent">met een handdruk<c type="kp">_</c></ab>
<vg:whiteline/><lb n="326" xml:id="l-326"/>
<ab>t. à t.</ab><lb n="327" xml:id="l-327"/>
<ab>Vincent</ab>
<vg:whiteline/>
<div type="textualNotes">
<note target="l-41" n="41">Fildes – &lt; Fildes</note>
<note target="l-69" n="69">achter – &lt; achter</note>
<note target="l-77" n="77">a-b (’k wist <supplied><hi rend="ital">...</hi></supplied> was) &lt; <hi rend="ital">Added later; possibly intended to be read after</hi> ‘komedie’<hi rend="ital"> (l. 78).</hi></note></div></div>
<div type="translation">
<pb f="1r" n="1" xml:id="pb-trans-1r-1" facs="#zone-pb-1r-1"/>
<ab>My dear friend <rs type="pers" key="1306">Rappard</rs>.</ab>
<ab>Sincerest thanks for your letter and for the information about the woodcuts you’ve found. I’d very much like to see some of them, particularly <hi rend="ital"><rs type="pers" key="1063">Degroux</rs> </hi>and <hi rend="ital"><rs type="pers" key="1146">Lançon</rs></hi>. </ab>
<ab rend="indent">The fact that you’re recovering so well gives me no little pleasure. You know that before your illness we were corresponding fairly regularly about the lithographs, and then we had to break off that correspondence. </ab>
<ab rend="indent">Since then I’ve been toiling away, not directly on stone but using lithographic crayon. </ab>
<ab rend="indent">That’s an excellent material. </ab>
<ab rend="indent">If I write quite frequently now, please bear with me, and for your part write often too, for you have some way to catch up — although not you yourself but the circumstances of your illness are to blame for that. </ab>
<ab rend="indent">I do assure you that The Graphics I now have are amazingly interesting. More than 10 years ago I used to go every week to the display case of the printer of The Graphic and London News in London to see the weekly publications.<anchor n="1" xml:id="note-t-1"/> The impressions I gained there on the spot were so strong that the drawings have remained clear and bright in my mind, despite everything that has since gone through my head. And now it sometimes seems to me as if nothing lies between those old days and now — at any rate my old enthusiasm for them is now greater rather than less than it was originally. I don’t doubt for a moment that you’ll have no complaints if you come to see them one day. </ab>
<ab rend="indent">I know that you <hi rend="ital">don’t</hi> look on the Black and White in the way that most of the Dutch do, and while I don’t know for sure whether you have plans to make use of this means yourself to express what you feel, I do believe that at any rate you have no prejudice about it. The one needn’t rule out the other, and in many cases Black and White especially is a means that makes it possible to put effects on paper in a relatively short time which would lose something of what people call their ‘spontaneity’ if done in another way. I wonder whether the <hi rend="ital">London sketches</hi> — such as Low lodging house St Giles’s by <rs type="pers" key="1080">Herkomer</rs>,<anchor n="2" xml:id="note-t-2"/> Casual ward by <rs type="pers" key="1026">Fildes</rs><anchor n="3" xml:id="note-t-3"/> — wouldn’t be a little less compelling and full of character if painted than they are in the rough Black and White. </ab>
<ab rend="indent">There’s something manly about it, something rough that I find highly attractive. Something else — the boss of Black and White may be someone neither you nor I know. In reviews of exhibitions I see mention made 
<pb f="1v" n="2" xml:id="pb-trans-1v-2" facs="#zone-pb-1v-2"/> of the work of <hi rend="ital"><rs type="pers" key="1179">Lhermitte</rs></hi>, a Frenchman who does scenes from the life of fishermen in Brittany. It’s said of him that ‘he is the <rs type="pers" key="1226">Millet</rs> and <rs type="pers" key="899">Jules Breton</rs> in Black and White’, and his name crops up again and again.<anchor n="4" xml:id="note-t-4"/> I’d like to be able to see something by him, and have recently written<anchor n="5" xml:id="note-t-5"/> about him to my brother, who has given me very good information several times in the past (about <rs type="pers" key="977">Daumier</rs>’s painted work, for example). </ab>
<ab rend="indent">As to the lithographs, the one of the chap sitting on a basket slicing his bread<anchor n="6" xml:id="note-t-6"/> is a failure. When it was being transferred to the stone, the upper half came out all blotted and I could only partly correct it with the scraper. All the same you’ll see that there are things in them that prove that with this technique one can work vigorously and render materials, for example the basket, the trousers and muddy boots. And while I myself found this sheet very ugly in the first days, I’ve since become more reconciled to it, and if I began again I’d continue in the same, more vigorous way — with a background behind. </ab>
<ab rend="indent">I read in <rs type="pers" key="1080">Herkomer</rs>’s biography how in his early days (when the incident with the rough sketch of Sunday at Chelsea Hospital took place) he did his best to find some among the artists of that time who also wanted to do figures from the people.<anchor n="7" xml:id="note-t-7"/> He then found <rs type="pers" key="1060">Gregory</rs>,<anchor n="8" xml:id="note-t-8"/> who was the first to come up with sketches from the Franco-Prussian War (Paris under the red flag ((I didn’t know at first that this print was by him)) and an emergency hospital in a theatre), and later confined himself to scenes on board ships.<anchor n="9" xml:id="note-t-9"/> And Gregory and Herkomer have remained friends ever since. </ab>
<ab rend="indent">Now your writing to me about getting better brings back the days last summer when I too was getting better. </ab>
<ab rend="indent">There’s something that dates from that time that I must tell you about. Perhaps I wrote to you about it at the time but I don’t remember for sure. Do you recall that when you visited me last summer we met a <rs type="pers" key="463">woman</rs> and I told you that she was a model I’d found, and also told you how I discovered that she was pregnant and tried all the harder to help her because of that? 
<pb f="1v" n="3" xml:id="pb-trans-1v-3" facs="#zone-pb-1v-3"/> </ab>
<ab rend="indent">Soon after that I fell ill myself. <rs type="pers" key="463">She</rs> was then in the hospital in Leiden, and in hospital I got a letter from her saying how anxious she was. Before then — during the winter when she suffered terribly — I did what I could, and now I was deeply divided within myself as to what to do. Could, should I help? I was ill myself and the future was so dark. Nonetheless, I got up, against the doctor’s advice in fact, and went to see <rs type="pers" key="463">her</rs>. I saw her in the hospital in Leiden on 1 July. That night she had given birth to a <rs type="pers" key="466">boy</rs> who lay sleeping in his cradle beside her with his pert little nose above the blanket — knowing nothing, of course, about the ways of the world. At any rate, a sick painter like me struggling to get by knows things about it a child like that doesn’t know. </ab>
<ab rend="indent">And what should I do? I had much to think about at that moment. She’d had a very difficult birth, the poor creature of a mother. Aren’t there moments in life when remaining inactive or saying, ‘What’s it to do with me?’ is criminal? At any rate, I said to the <rs type="pers" key="463">woman</rs>, when you’re better, move in with me. I’ll do what I can. Now, my dear friend, this woman had another <rs type="pers" key="467">child</rs> as well, a sickly, neglected lamb. It was an undertaking that was in fact considerably further beyond my strength than, say, buying The Graphic, but what else could I do? A person has a heart in his body after all, and if we didn’t dare take on things we wouldn’t be worthy of life. Well, she moved in with me — I went to live in a house that wasn’t even entirely finished and that I could get for a relatively low rent. That’s where I still live, two doors along from my old studio, it’s No. 138. And we’re still there. But now the baby from the cradle in the hospital doesn’t sleep as much as in those first few days. 
<pb f="1r" n="4" xml:id="pb-trans-1r-4" facs="#zone-pb-1r-4"/> He’s turned out to be a delightful, lively fellow, now 7 or 8 months old. I fetched his cradle from a junk shop on my shoulders, and that child — for me he was a light in the house through the whole dark winter. And the woman, although she isn’t strong and must nevertheless work hard to keep everything in order, has still become stronger because of it. So you see that while I try to penetrate deeper into Art, I also try to do that in life itself — the two go together. </ab>
<ab rend="indent">That I’ve had no lack of unpleasantness with former friends who no longer looked me in the eye is something that didn’t particularly surprise me. </ab>
<ab rend="indent">This was happily not the case with my best friend, namely my brother — for he and I are more friends than brothers — and he’s someone who understands such matters, and not only that — he himself has helped and still helps many an unfortunate. Nonetheless, I’ve lost some friends because of it, but I’ve gained more light and shade in my own house and more of a <hi rend="ital">Home</hi>, even though sometimes when cares weigh heavily on me it’s as if I were on a ship in a storm. Anyway, though I know very well that the sea holds dangers and one can drown in it, I still love the sea deeply and despite all the perils of the future I have a certain serenity. </ab>
<ab rend="indent">Now I have a great desire to speak to you again, and I’d very much like you to come to see The Graphics before long, if you can, but I write to you in advance about the changes in my household because I don’t know exactly what you think of such matters in life. If we were in the days of the ‘Bohème’, a painter’s family and studio like mine would be nothing unusual.<anchor n="10" xml:id="note-t-10"/> Nowadays, though, we’re a very long way from the original Bohème, and among the painters there are considerations of decency that I don’t exactly understand, but I don’t wish to offend those who have them. </ab>
<ab rend="indent">Again, were we still in the days of Bohème, I’d let everything take its course, but now I say to you, my dear friend <rs type="pers" key="1306">Rappard</rs>, I live with a poor <rs type="pers" key="463">woman</rs> and two <rs type="pers" key="466 467">children</rs>, and there are so many who will have no dealings with me, for that and other reasons, that I’m bound to tell you this when I write, Would you like to come and go through The Graphics one of these days? 
<pb f="2r" n="5" xml:id="pb-trans-2r-5" facs="#zone-pb-2r-5"/> </ab>
<ab rend="indent">What I must also tell you is that when my <rs type="pers" key="526">father</rs> first heard about this, you will understand that he wasn’t best pleased, or rather didn’t know what to think, not having expected such a thing from me. Then we saw each other again nonetheless, which hadn’t happened since I came here after leaving home because of the problems there. And when he heard more of the details, he looked at it differently from at first. The disagreement I had with him when I left home didn’t last long, and we’d already settled our differences before I was with this woman. Since then even my father has paid me a visit while I was living with her. </ab>
<ab rend="indent">But how many misunderstandings there are in life, and how much better everything would be if people cooperated a little more instead of arguing.</ab>
<ab rend="indent">Oh, old chap, I wish more of the Bohème was left in society, and especially among the painters. </ab>
<ab rend="indent">Above all, you mustn’t think that it’s because of the <rs type="pers" key="463">woman</rs> that they don’t visit me; that’s one thing, but in general it’s because of the painting itself, although this summer I certainly painted studies too. In short, contact with painters here has been a severe disappointment to me. Will it get any better???</ab>
<ab rend="indent">One painter here recently ended up in the madhouse — <rs type="pers" key="875">Boks</rs>, a landscape painter.<anchor n="11" xml:id="note-t-11"/> It was very difficult to get help for him before he was in there, although during one illness he did get some help after all, chiefly through <rs type="pers" key="323">Mauve</rs>. <hi rend="ital">Now that he’s inside</hi>, everyone speaks sympathetically of him and calls him very clever. 
<pb f="2v" n="6" xml:id="pb-trans-2v-6" facs="#zone-pb-2v-6"/> Among others, a person<anchor n="12" xml:id="note-t-12"/> who refused him help on several occasions and rejected studies by him said lately, ‘finer than <rs type="pers" key="992">Diaz</rs>’, which I find rather an exaggeration. The chap himself told me a year ago that he got a medal in England — which he’d sold for the silver. Another painter, <rs type="pers" key="903">Breitner</rs>, with whom at first I occasionally went out drawing in the street, and who was in the hospital at just about the same time as I was, has become a teacher at the secondary school, although I know he wasn’t looking forward to it. </ab>
<ab rend="indent">Is it a good time for the painters??? When I first came here to the city I went to all the studios I could get into for the sake of seeking contact and making friends. Now I’m much cooler on that point, and believe that there <hi rend="ital">is</hi> a very dark side to it, precisely because the painters seem warm-hearted but all too often try to trip you up. That’s the fatal thing. We should help and trust each other, for there are hostilities enough in society anyway, and in general we’d do better if we did no harm to each other. Envy drives many to malign others, systematically. And what is the result? — instead of one large entity, a body of painters where unity is strength, everyone withdraws into his shell and works by himself. Those who are now cock of the walk create a kind of desert around them just because of their envy, and that’s very unfortunate for themselves, it seems to me. A battle with paintings or drawings is good in a sense, and at any rate fair, but we shouldn’t become personal enemies of each other or use other means for fighting. 
<pb f="3r" n="7" xml:id="pb-trans-3r-7" facs="#zone-pb-3r-7"/></ab>
<ab rend="indent">Anyway, if this kind of thing is no obstacle for you, think about coming to see those Graphics, for they’re splendid, and I’d like to have a word with you about what to do with the duplicates. For there are many, and among them some of the <hi rend="ital">very finest</hi>, Last muster by <rs type="pers" key="1080">Herkomer</rs>,<anchor n="13" xml:id="note-t-13"/> old women’s home,<anchor n="14" xml:id="note-t-14"/> Low lodging house St Giles’s<anchor n="15" xml:id="note-t-15"/> by him. Emigrants<anchor n="16" xml:id="note-t-16"/> and BOARD SCHOOL by <rs type="pers" key="1089">Frank Holl</rs>.<anchor n="17" xml:id="note-t-17"/> <hi rend="ital">Caxton printing by <rs type="pers" key="1359">Small</rs></hi>,<anchor n="18" xml:id="note-t-18"/> <hi rend="ital">Barque at sea by <rs type="pers" key="1250">Nash</rs>,</hi><anchor n="19" xml:id="note-t-19"/><hi rend="ital">Old Gate by <rs type="pers" key="1428">Fred Walker</rs></hi><anchor n="20" xml:id="note-t-20"/> and suchlike that are the <hi rend="ital">core</hi> of a woodcut collection. In short, it’s a lot. From earlier correspondence I understand that you don’t want to have them for nothing,<anchor n="21" xml:id="note-t-21"/> though for my part I would gladly give you what I have in duplicate without further conditions, as long as you take pleasure in them and love them. </ab>
<ab rend="indent">But I know for sure that we can arrange it so that you needn’t feel any qualms about accepting them and, since this can certainly be settled one way or another, it seems to me that perhaps we may soon meet each other again, especially if your recovery continues to progress. </ab>
<ab rend="indent">And I would find it all the more desirable if you came because I’ve now put together a large number of studies from this winter which I’d like to speak to you about.</ab>
<ab rend="indent">I would have written to you before about one or two things that I’m telling you now, but it was still so strange for me myself, and I was rather put out by some unpleasantness with others. And I’m writing  about it now, not because I regard you as someone with narrow views on life, and not because I believe you’ll find anything incomprehensible in what I did, but because I wouldn’t think it honest of myself if, while 
<pb f="3v" n="8" xml:id="pb-trans-3v-8" facs="#zone-pb-3v-8"/> asking you: couldn’t you come and see these woodcuts?, I didn’t say that things in my household had changed considerably since your visit, and that because of that change many avoid me and would certainly never set foot inside. </ab>
<ab rend="indent">The studio is much larger than my old one, but I’m always afraid that the <rs type="pers" key="812">landlord</rs> will raise the rent or find tenants who can pay more than I. </ab>
<ab rend="indent">Still, as long as I can keep it, it’s a very good studio. </ab>
<ab rend="indent">If you reckon that almost every one I already had from The Graphic has now become a duplicate, you’ll understand that it’s rather a lot. </ab>
<ab rend="indent">And I have hopes of getting some more, especially from the very first volumes. </ab>
<ab rend="indent">I’ve had both illusions and disappointments with other women once or twice, and in the past I didn’t imagine that I would end up like this. But there was something that struck me in this <rs type="pers" key="463">woman</rs>, that as a mother she was so alone and abandoned, and I didn’t hesitate, and neither then nor now do I believe I did wrong. For in my view one shouldn’t pass by where a woman is a mother and is abandoned and in need. This is a figure like those done by <rs type="pers" key="1089">Holl</rs> or <rs type="pers" key="1026">Fildes</rs>. </ab>
<ab rend="indent">If you do come before long, don’t make your visit too short. The Graphics are <hi rend="ital">so</hi> beautiful that I believe that, even while you’re still weak, provided the journey itself isn’t too tiring (as it happens, I live close by Rijnspoor station), looking at them could revive and strengthen you. Anyway, do as you think fit.</ab>
<ab rend="indent">With a handshake.</ab>
<vg:whiteline/>
<ab>Ever yours,</ab>
<ab>Vincent</ab></div>
<div type="notes">
<note n="1" xml:id="n-1" target="#note-t-1">
<ab>Both offices were just a few minutes’ walk from Goupil’s: <hi rend="ital">The</hi> <hi rend="ital">Illustrated London News</hi> was at 198 Strand and the <hi rend="ital">Graphic</hi> at 190 Strand.</ab></note>
<note n="2" xml:id="n-2" target="#note-t-2">
<ab>For <rs type="pers" key="1080">Herkomer</rs>’s <rs type="ill" key="2035"><hi rend="ital">Low lodging house St. Giles’s</hi></rs>, <ref target="let303.xml#n-10">see letter 303, n. 10.</ref></ab></note>
<note n="3" xml:id="n-3" target="#note-t-3">
      <ab>For <rs type="pers" key="1026">Fildes</rs>’s <rs type="otherart" key="475"><hi rend="ital">Applicants for admission to a casual ward</hi></rs>, <ref target="let304.xml#n-76">see letter 304, n 76.</ref></ab></note>
<note n="4" xml:id="n-4" target="#note-t-4">
<ab>A reference to the anonymous review in <hi rend="ital">The Graphic</hi> 11 (12 June 1875), p. 571, of the third Black and White exhibition in 1875 at the Dudley Gallery in London, where nine drawings by <rs type="pers" key="1179">Léon Augustin Lhermitte</rs> were shown. We quote the whole passage here because Van Gogh comes back to it in more detail in the following letters (the numbers between parentheses are those in the original catalogue): ‘And though we should be disposed to put Léon Lhermitte at the head of all those who exhibit here for the most potent secrets of strength and command of effect in black and white, there are English designers, both of the figure and landscape, such as <rs type="pers" key="1060">Gregory</rs> and <rs type="pers" key="1359">Small</rs>, who come but little behind him in these points, and English landscape painters like Powell and Hunter, to say nothing of departed masters like George Cattermole, whose mastery of broad and strong effect does not fall below his. To such qualities in his black and white, as delicacy of draughtsmanship, exquisiteness and sweetness of effect, and refinement of expression, Lhermitte’s work makes no pretension. It assails the imagination by a rude, massive, and primitive strength akin to that which impresses us in the monuments and buildings, the life and faith, of that Brittany from which he derives most of his subjects, and in which his genius seems most at home. How eminently favourable this stern simplicity is to effect, in such materials as chalk and charcoal, we may test by noting the distinctness with which the memory retains that simple street in Dauphiné (461) – with its broadly distributed masses of black and white; those grim grey-black fortress-like houses at Landerneau (311), in which we trace the kinship of Brittany and Wales, so irresistibly do they remind us of Caernarvon; or those grave, prayerful women (259), kneeling round the rude coast-shrine (the Ker-Saint, or “holy-house”), on the naked rock that goes plumb down to the angry sea of Finisterre; or – almost more remarkable for its strong, simple grasp on the picturesque elements of the subject – that corner of a Breton market-place (194), with the satisfying harmony got out of the white caps and dark dresses of its gossiping and bargaining <hi rend="ital">commères</hi>, the deep hollows of the doorways, and the light and shadow playing on stalls and booths, and overhanging pent-house roofs; or the “Procession” (114), with the canopied host, marshalling cross, and waving banners, the white-veiled communicants at the head of the train, and the more darkly and humbly clad forefathers and foremothers of the hamlet bringing up the rear, on the winding way along the hollow road up the hill-side to the rustic church that crowns its brow; or those robed and tonsured priests in the cloistral half-shadow of their stalls at Notre-Dame (172); or that gaunt and grim Breton beggar-woman over her never-grudged <hi rend="ital">écuille</hi> of soup, or that Breton house-wife at her sleepless wheel. It is impossible to forget Lhermitte’s work. He is at once the <rs type="pers" key="1226">Millet</rs> and <rs type="pers" key="899">Jules Breton</rs> of Black and White; and it would be a curious and not useless artistic problem to work out upon his drawings what is the secret of the pathetic effect obtained without delineation – indeed, with hardly even indication – of feature, and only the rudest suggestions of form. A. Legros has something of this power, but his style is at once dryer and more distinct (see his “Beggar and Worshippers at a church-porch of Bruges”) (92).’</ab>
<ab rend="indent">Van Gogh uses the plural ‘comptes rendus’, which may be a reference to other favourable reviews of Lhermitte’s work, such as those by Tom Taylor in <hi rend="ital">The Graphic</hi> 15 (23 June 1877), p. 594 and <hi rend="ital">The Graphic</hi> 18 (6 July 1878), p. 6, and the anonymous contribution to <hi rend="ital">The Illustrated London News</hi> 72 (22 June 1878), p. 582. For the works exhibited, see Le Pelley Fonteny 1991, p. 508.</ab></note>
<note n="5" xml:id="n-5" target="#note-t-5">
<ab>This remark, and the sentence in the next letter to Theo: ‘In the last letter I wrote to you I asked in passing about the work of <rs type="pers" key="1179">LHERMITTE</rs>’ (<ref target="let308.xml">letter 308</ref>), shows that a letter or part of a letter to Theo has been lost, because Lhermitte’s name is mentioned for the first time in the present letter to <rs type="pers" key="1306">Van Rappard</rs>.</ab></note>
<note n="6" xml:id="n-6" target="#note-t-6">
<ab>
      <hi rend="ital">Workman sitting on a basket, cutting bread </hi>(<rs type="ill" key="2418">F 1663 / JH 272</rs>). This remark proves that Van Gogh (either earlier or with the present letter) sent <hi rend="ital">several </hi>lithographs to <rs type="pers" key="1306">Van Rappard</rs>.</ab></note>
<note n="a" xml:id="n-a" target="#note-o-a">
<ab>Read: ‘fond’ (background).</ab></note>
<note n="7" xml:id="n-7" target="#note-t-7">
<ab>For this anonymous biography ‘Hubert Herkomer’, see <hi rend="ital">The Graphic</hi> 18 (26 October 1878), in which <rs type="ill" key="1910"><hi rend="ital">The last muster (Sunday at Chelsea hospital)</hi></rs> is also mentioned: <ref target="let306.xml#n-9">letter 306, n. 9.</ref></ab></note>
<note n="8" xml:id="n-8" target="#note-t-8">
<ab>In the same contribution in <hi rend="ital">The Graphic</hi> it is said that <rs type="pers" key="1080">Herkomer</rs> became acquainted with <rs type="pers" key="1060">Edward John Gregory</rs>, and together with him joined ‘The Institute of water-colours’ in 1871. The piece itself does not mention that both artists wanted to do figures from the people. </ab></note>
<note n="9" xml:id="n-9" target="#note-t-9">
      <ab>For <rs type="ill" key="909"><hi rend="ital">Paris under the red flag</hi></rs>, which Van Gogh<hi rend="ital"> </hi>had mistakenly attributed to <rs type="pers" key="1109">Boyd Houghton</rs> earlier, <ref target="let304.xml#n-53">see letter 304, n. 53</ref>. ‘An emergency hospital in a theatre’ is <rs type="pers" key="1060">Edward Gregory</rs>’s <rs type="ill" key="2046"><hi rend="ital">The theatre of war</hi></rs>; <ref target="let304.xml#n-49">see letter 304, n. 49</ref>. The word ‘Comedie’ is seen twice. An example of ‘scenes on board ships’ is the wood engraving <hi rend="ital">Our allies – Scene on board ship at Jellah koffee</hi>, in <hi rend="ital">The</hi> <hi rend="ital">Graphic</hi> 9 (14 February 1874), p. 161 (t*161).</ab></note>
<note n="10" xml:id="n-10" target="#note-t-10">
      <ab>Van Gogh talked earlier about the days of the ‘Bohème’; <ref target="let274.xml#n-7">see letter 274, nn. 7</ref> and <ref target="let274.xml#n-8">8.</ref></ab></note>
<note n="b" xml:id="n-b" target="#note-o-b">
<ab>Means: ‘hij er niet mee ingenomen was’ (he was not best pleased).</ab></note>
<note n="c" xml:id="n-c" target="#note-o-c">
<ab>Means: ‘bijgelegd’ (settled our differences).</ab></note>
<note n="11" xml:id="n-11" target="#note-t-11">
<ab><rs type="pers" key="875">Marinus Boks</rs>, a pupil of Mauve, had been admitted to the Geneeskundig Gesticht voor Krankzinnigen (Insane Asylum) in the Hague on 27 October 1881. He was probably discharged in April 1882, before being briefly readmitted on 29 August of that year (<hi rend="ital">GAH</hi>, B, no. 33, inv. no. 70).</ab></note>
<note n="12" xml:id="n-12" target="#note-t-12">
<ab>Who this person was (someone in the art trade?) has not been established.</ab></note>
<note n="13" xml:id="n-13" target="#note-t-13">
<ab>For <rs type="pers" key="1080">Herkomer</rs>’s <rs type="ill" key="171"><hi rend="ital">The last muster</hi></rs>, <ref target="let199.xml#n-12">see letter 199, n. 12.</ref></ab></note>
<note n="14" xml:id="n-14" target="#note-t-14">
<ab>For <rs type="pers" key="1080">Herkomer</rs>’s <rs type="ill" key="2034"><hi rend="ital">Old age – A study at the Westminster Union</hi></rs>, <ref target="let303.xml#n-5">see letter 303, n. 5.</ref></ab></note>
<note n="15" xml:id="n-15" target="#note-t-15">
<ab>For <rs type="pers" key="1080">Herkomer</rs>’s <rs type="ill" key="2035"><hi rend="ital">Low lodging house St. Giles’s</hi></rs>, <ref target="let303.xml#n-10">see letter 303, n. 10.</ref></ab></note>
<note n="16" xml:id="n-16" target="#note-t-16">
<ab>For <rs type="pers" key="1089">Holl</rs>’s ‘<rs type="ill" key="1906 1907">Emigrants</rs>’, <ref target="let199.xml#n-9">see letter 199, n. 9.</ref></ab></note>
<note n="17" xml:id="n-17" target="#note-t-17">
<ab>For <rs type="pers" key="1089">Holl</rs>’s <rs type="ill" key="1909"><hi rend="ital">The school board elections</hi></rs>; <ref target="let199.xml#n-11">see letter 199, n. 11.</ref></ab></note>
<note n="18" xml:id="n-18" target="#note-t-18">
<ab>For <rs type="pers" key="1359">Small</rs>’s <rs type="ill" key="1334"><hi rend="ital">The Caxton celebrations</hi></rs>, <ref target="let304.xml#n-39">see letter 304, n. 39.</ref></ab></note>
<note n="19" xml:id="n-19" target="#note-t-19">
<ab>See for <rs type="pers" key="1250">Joseph Nash</rs>, <rs type="ill" key="1198"><hi rend="ital">Sunday evening at sea – A sketch on board a British fishing boat</hi></rs>: <ref target="let304.xml#n-48">letter 304, n. 48.</ref></ab></note>
      <note n="20" xml:id="n-20" target="#note-t-20">
<ab>For <rs type="pers" key="1428">Walker</rs>’s <rs type="ill" key="1908"><hi rend="ital">The old gate</hi></rs>, <ref target="let199.xml#n-10">see letter 199, n. 10.</ref></ab></note>
<note n="21" xml:id="n-21" target="#note-t-21">
<ab>In September and October there had been some talk of remuneration for the prints sent: <ref target="let268.xml">see letters 268</ref> and <ref target="let275.xml">275</ref>.</ab></note></div></body></text></TEI>
