<?xml version="1.0" encoding="UTF-8"?>
<!-- Last Changed Date: 2018-07-18 12:32:41 +0200 (Wed, 18 Jul 2018) | SVN Revision: 2206 -->
<!--Licensed under Attribution-NonCommercial-ShareAlike 4.0 International (CC BY-NC-SA 4.0)-->
<?xml-model href="https://xmlschema.huygens.knaw.nl/vgodd.rng" type="application/xml" schematypens="http://relaxng.org/ns/structure/1.0"?>
<TEI xmlns:vg="http://www.vangoghletters.org/ns/" xmlns="http://www.tei-c.org/ns/1.0">
<teiHeader xmlns:xsi="http://www.w3.org/2001/XMLSchema-instance"><fileDesc>
<titleStmt>
<title>To Theo van Gogh. Nuenen, Thursday, 2 October 1884.</title>
<editor>Leo Jansen</editor>
<editor>Hans Luijten</editor>
<editor>Nienke Bakker</editor></titleStmt>
<publicationStmt>
<publisher><name>Huygens Instituut voor Nederlandse Geschiedenis (KNAW)</name><email>info@huygens.knaw.nl</email></publisher>
<publisher>Van Gogh Museum</publisher>
<pubPlace>Amsterdam</pubPlace>
<date type="first" when="2009">2009</date>
<availability status="restricted">
<licence target="http://creativecommons.org/licenses/by-nc-sa/4.0/ https://creativecommons.org/licenses/by-nc-sa/4.0/legalcode">
<p>Attribution-NonCommercial-ShareAlike 4.0 International (CC BY-NC-SA 4.0) </p></licence></availability>
<ptr target="http://vangoghletters.org/orig/let464"/></publicationStmt><sourceDesc><vg:letDesc><vg:letIdentifier>
<idno type="jlb">464</idno>
<idno type="collectedletters">378</idno>
<idno type="brieven1990">467</idno></vg:letIdentifier><vg:letHeading><author>Vincent van Gogh</author><vg:addressee>Theo van Gogh</vg:addressee><vg:placeLet>Nuenen</vg:placeLet><vg:dateLet>Thursday, 2 October 1884</vg:dateLet></vg:letHeading><vg:letContents>
<p>To Theo van Gogh. Nuenen, Thursday, 2 October 1884.</p>
<note type="ongoingTopic" n="1">
<p>Margot Begemann is in Utrecht <ref target="let456.xml">(456)</ref></p></note></vg:letContents>
<note type="sourceStatus" xml:id="sourceStatus">
<p>Original manuscript</p></note>
<note type="location" xml:id="location">
<p>Amsterdam, Van Gogh Museum, inv. nos. b412 a-c V/1962 (sheets 1, 2, 3) and b413 b V/1962 (sheet 4)</p></note>
<note type="date" xml:id="date">
<p>Vincent thanks Theo for his letter and the money and goes at length into what Theo raised about Vincent’s relationship with their parents. This was the ‘registered letter’ that had ‘just’ been received, which Mr van Gogh mentioned to Theo on Thursday, 2 October 1884 (FR b2257). Vincent’s statement that ‘a call came just now’ for their father <ref target="#l-7">(ll. 7-8)</ref> also points to this. According to this letter from Mr van Gogh, he and his wife had been informed of this call to the village of Baardwijk on 30 September 1884. From the indignant opening ‘Now listen here’ <ref target="#l-2">(l. 2)</ref>, we infer that Vincent wrote the present letter as soon as he received Theo’s missive. We have therefore dated it Thursday, 2 October 1884.</p></note>
<note type="arrangement" xml:id="arrangement">
<p>The arrangement of this letter has been changed. We have moved a sheet that was previously regarded as the third sheet of the letter to <ref target="let473.xml">letter 473</ref> (see <hi rend="ital">Arrangement</hi> in the notes to that letter). We have, however, added another sheet to this letter that was previously placed with <ref target="let461.xml">letter 461</ref> (<ref target="#l-197">ll. 197 ff.</ref>). The old configuration produced an illogical transition; now the references to Mouret follow on logically from the previous part of the letter, and the ‘yet’ with which the sheet begins <ref target="#l-197">(l. 197)</ref> introduces the contrast between the opposition Margot Begemann encountered from her family and the goodness that she nevertheless retained. Admittedly this addition is not written on the same paper as the first part of the letter, but then neither was the sheet in the previous arrangement.</p></note></vg:letDesc></sourceDesc></fileDesc></teiHeader>
<facsimile xmlns:xsi="http://www.w3.org/2001/XMLSchema-instance">
<surface n="b 0412 a" xml:id="surf-pb-1r"><graphic mimeType="image/tiff" url="VGM001000542_01.TIF" rend="norend"/><graphic mimeType="image/tiff" url="VGM001000542_01_n.tif" rend="norend"/><graphic mimeType="image/jpeg" url="VGM001000542_01_nt.jpg" height="50px" rend="thumbnail"/><zone xml:id="zone-pb-1r-1">
<graphic mimeType="image/tiff" url="VGM001000542_01_nR.tif" rend="norend"/><graphic mimeType="image/jpeg" url="VGM001000542_01_nRt.jpg" height="50px" rend="thumbnail"/><graphic mimeType="image/png" url="VGM001000542_01_nRf.png" width="380px" rend="facstab"/></zone>
<zone xml:id="zone-pb-1r-4">
<graphic mimeType="image/tiff" url="VGM001000542_01_nL.tif" rend="norend"/><graphic mimeType="image/jpeg" url="VGM001000542_01_nLt.jpg" height="50px" rend="thumbnail"/><graphic mimeType="image/png" url="VGM001000542_01_nLf.png" width="380px" rend="facstab"/></zone>
</surface>
<surface n="b 0412 a" xml:id="surf-pb-1v"><graphic mimeType="image/tiff" url="VGM001000542_02.TIF" rend="norend"/><graphic mimeType="image/tiff" url="VGM001000542_02_n.tif" rend="norend"/><graphic mimeType="image/jpeg" url="VGM001000542_02_nt.jpg" height="50px" rend="thumbnail"/><zone xml:id="zone-pb-1v-2">
<graphic mimeType="image/tiff" url="VGM001000542_02_nL.tif" rend="norend"/><graphic mimeType="image/jpeg" url="VGM001000542_02_nLt.jpg" height="50px" rend="thumbnail"/><graphic mimeType="image/png" url="VGM001000542_02_nLf.png" width="380px" rend="facstab"/></zone>
<zone xml:id="zone-pb-1v-3">
<graphic mimeType="image/tiff" url="VGM001000542_02_nR.tif" rend="norend"/><graphic mimeType="image/jpeg" url="VGM001000542_02_nRt.jpg" height="50px" rend="thumbnail"/><graphic mimeType="image/png" url="VGM001000542_02_nRf.png" width="380px" rend="facstab"/></zone>
</surface>
<surface n="b 0412 b" xml:id="surf-pb-2r"><graphic mimeType="image/tiff" url="VGM001000543_01.TIF" rend="norend"/><zone xml:id="zone-pb-2r-5">
<graphic mimeType="image/tiff" url="VGM001000543_01_n.tif" rend="norend"/><graphic mimeType="image/jpeg" url="VGM001000543_01_nt.jpg" height="50px" rend="thumbnail"/><graphic mimeType="image/png" url="VGM001000543_01_nf.png" width="380px" rend="facstab"/></zone>
</surface>
<surface n="b 0412 b" xml:id="surf-pb-2v"><graphic mimeType="image/tiff" url="VGM001000543_02.TIF" rend="norend"/><zone xml:id="zone-pb-2v-6">
<graphic mimeType="image/tiff" url="VGM001000543_02_n.tif" rend="norend"/><graphic mimeType="image/jpeg" url="VGM001000543_02_nt.jpg" height="50px" rend="thumbnail"/><graphic mimeType="image/png" url="VGM001000543_02_nf.png" width="380px" rend="facstab"/></zone>
</surface>
<surface n="b 0412 c" xml:id="surf-pb-3r"><graphic mimeType="image/tiff" url="VGM001000544_01.TIF" rend="norend"/><zone xml:id="zone-pb-3r-7">
<graphic mimeType="image/tiff" url="VGM001000544_01_n.tif" rend="norend"/><graphic mimeType="image/jpeg" url="VGM001000544_01_nt.jpg" height="50px" rend="thumbnail"/><graphic mimeType="image/png" url="VGM001000544_01_nf.png" width="380px" rend="facstab"/></zone>
</surface>
<surface n="b 0412 c" xml:id="surf-pb-3v"><graphic mimeType="image/tiff" url="VGM001000544_02.TIF" rend="norend"/><zone xml:id="zone-pb-3v-8">
<graphic mimeType="image/tiff" url="VGM001000544_02_n.tif" rend="norend"/><graphic mimeType="image/jpeg" url="VGM001000544_02_nt.jpg" height="50px" rend="thumbnail"/><graphic mimeType="image/png" url="VGM001000544_02_nf.png" width="380px" rend="facstab"/></zone>
</surface>
<surface n="b 0413 b" xml:id="surf-pb-4r"><graphic mimeType="image/tiff" url="VGM001000547_01.TIF" rend="norend"/><zone xml:id="zone-pb-4r-9">
<graphic mimeType="image/tiff" url="VGM001000547_01_n.tif" rend="norend"/><graphic mimeType="image/jpeg" url="VGM001000547_01_nt.jpg" height="50px" rend="thumbnail"/><graphic mimeType="image/png" url="VGM001000547_01_nf.png" width="380px" rend="facstab"/></zone>
</surface>
<surface n="b 0413 b" xml:id="surf-pb-4v"><graphic mimeType="image/tiff" url="VGM001000547_02.TIF" rend="norend"/><zone xml:id="zone-pb-4v-10">
<graphic mimeType="image/tiff" url="VGM001000547_02_n.tif" rend="norend"/><graphic mimeType="image/jpeg" url="VGM001000547_02_nt.jpg" height="50px" rend="thumbnail"/><graphic mimeType="image/png" url="VGM001000547_02_nf.png" width="380px" rend="facstab"/></zone>
</surface></facsimile><text xmlns:xsi="http://www.w3.org/2001/XMLSchema-instance"><body>
<div type="original">
<pb f="1r" n="1" xml:id="pb-orig-1r-1" facs="#zone-pb-1r-1"/><lb n="1" xml:id="l-1"/>
<ab>Waarde Theo,</ab><lb n="1*" xml:id="l-1s"/>
<ab>Dank voor Uw brief<c type="kk">/</c> dank voor het <lb n="2" xml:id="l-2"/>ingeslotene<c type="kp">_</c>– Hoor nu eens hier<c type="kp">_</c>–</ab><lb n="3" xml:id="l-3"/>
<ab rend="indent">Wat ge schrijft is alles heel goed en wel en <lb n="4" xml:id="l-4"/>wat betreft rumoer<c type="kk">/</c> ik begin een beetje <lb n="5" xml:id="l-5"/>beter dan vroeger geprepareerd te zijn om het te <lb n="6" xml:id="l-6"/>coupeeren<c type="kp">_</c>– Geen vrees dat Pa en Moe zullen <lb n="7" xml:id="l-7"/>weggaan b.v. – <hi rend="ital">Ofschoon zelfs nu net een</hi> <lb n="8" xml:id="l-8"/><hi rend="ital">beroep kwam</hi>.<anchor n="1" xml:id="note-o-1"/> Pa en Moe zullen hun positie hier<c type="kk">/</c> als ze <lb n="8a" xml:id="l-8a"/>’t goed aanleggen<c type="kk">/</c> integendeel kunnen bevestigen<c type="kp">_</c></ab><lb n="9" xml:id="l-9"/>
<ab rend="indent">Nu zijn er menschen die tot mij zeggen “wat had <lb n="10" xml:id="l-10"/>je je met <hi rend="ital">haar</hi> te bemoeien” – dat’s <hi rend="ital">ééne</hi> daadzaak<c type="kp">_</c> <lb n="11" xml:id="l-11"/>Nu zijn er menschen die tot haar zeggen “wat had <lb n="12" xml:id="l-12"/>je je met <hi rend="ital">hem</hi> te bemoeien” – dat’s een tweede daadzaak<c type="kp">_</c> <lb n="13" xml:id="l-13"/>Verder<c type="kk">/</c> <hi rend="ital">en</hi> zij <hi rend="ital">en</hi> ik hebben verdriet genoeg en <lb n="14" xml:id="l-14"/>beroerdigheid genoeg – maar spijt – geen van beiden<c type="kp">_</c> <lb n="15" xml:id="l-15"/>Ziehier –</ab><lb n="15*" xml:id="l-15s"/>
<ab rend="html" html="464_01_ol.html">    ik geloof bepaald of weet zeker ze van me houdt<c type="kk">/</c></ab><lb n="16" xml:id="l-16"/>
<ab rend="html" html="464_01_ol.html">    ik geloof     ,,        ,,     ,,        ,,   ik   ,,   haar   ,, </ab>
    <ab><lb n="17" xml:id="l-17"/>dat is gemeend geweest – <lb n="18" xml:id="l-18"/>
is het ook gek geweest – enz<c type="kp">_</c>? misschien wel <lb n="19" xml:id="l-19"/><hi rend="ital">als ge wilt</hi> – maar <hi rend="ital">de wijzen</hi> die nooit <lb n="20" xml:id="l-20"/>iets doen dat gek is<c type="kk">/</c> zijn ze niet nog gekker in mijn oog <lb n="20a" xml:id="l-20a"/>dan ik in het hunne<c type="kp">_</c>–</ab><lb n="21" xml:id="l-21"/>
<ab rend="indent"><hi rend="ital">Dat’s</hi> te zeggen tegen uwe redeneering en andere <lb n="22" xml:id="l-22"/>redeneeringen<c type="kp">_</c></ab><lb n="23" xml:id="l-23"/>
<ab rend="indent">Dit alles zeg ik eenvoudig <hi rend="ital">uitleggenderwijs</hi><c type="kk">/</c> <lb n="24" xml:id="l-24"/>niet vijandig of hatelijk<c type="kp">_</c>–</ab>
<pb f="1v" n="2" xml:id="pb-orig-1v-2" facs="#zone-pb-1v-2"/><lb n="25" xml:id="l-25"/>
<ab rend="indent">Ge zegt ge houdt van <hi rend="ital">Octave Mouret</hi><c type="kk">/</c> ge zeidet <lb n="26" xml:id="l-26"/>ge lijkt op hem<c type="kp">_</c>– ik heb sedert verl. jaar <lb n="27" xml:id="l-27"/>ook het tweede deel gelezen<c type="kk">/</c> waarin hij me veel <lb n="28" xml:id="l-28"/>beter bevalt dan in ’t eerste<c type="kp">_</c>–<anchor n="2" xml:id="note-o-2"/></ab><lb n="29" xml:id="l-29"/>
<ab rend="indent">Ik hoorde onlangs zeggen dat “au bonheur des dames” <lb n="30" xml:id="l-30"/>niet buitengewoon zou toedoen aan de verdienste van Zola<c type="kp">_</c> <lb n="31" xml:id="l-31"/>ik vind er mee van de <hi rend="ital">grootste</hi> en <hi rend="ital">beste</hi> dingen in<c type="kp">_</c> <lb n="32" xml:id="l-32"/>Ik heb ’t er eens op nagekeken en ik <lb n="33" xml:id="l-33"/>schrijf U enkele woorden van Octave <lb n="34" xml:id="l-34"/>Mouret over<c type="kp">_</c>–</ab><lb n="35" xml:id="l-35"/>
<ab rend="indent">Gij – <hi rend="ital">in den laatsten tijd</hi> van ± 1 1/2 jaar<c type="kk">/</c> <lb n="36" xml:id="l-36"/>zijt ge niet aan den <hi rend="ital">Bourdoncle</hi> kant <lb n="37" xml:id="l-37"/>gegaan.<anchor n="3" xml:id="note-o-3"/> Hadt den Mouret liever <lb n="38" xml:id="l-38"/>doorgevoerd<c type="kk">/</c> dat was en blijft mijn opinie<c type="kp">_</c>– <lb n="39" xml:id="l-39"/>Behoudens enorm verschil in omstandigheden<c type="kk">/</c> <lb n="40" xml:id="l-40"/>ja regtlijnig verschil in omstandigheden<c type="kk">/</c> <lb n="41" xml:id="l-41"/>loop ik toch meer in de <lb n="42" xml:id="l-42"/>Mouret rigting dan ge misschien <lb n="43" xml:id="l-43"/>denkt – in zake mijn geloof in <lb n="44" xml:id="l-44"/>de vrouwen en dat men hun noodig <lb n="45" xml:id="l-45"/>heeft<c type="kk">/</c> hun lief moet hebben. (Mouret zegt <lb n="45a" xml:id="l-45a"/>“<hi rend="ital">chez nous on </hi><hi rend="sc">aime</hi><hi rend="ital"> la clientèle</hi>”)<c type="kp">_</c><anchor n="4" xml:id="note-o-4"/></ab><lb n="46" xml:id="l-46"/>
<ab rend="indent">Denk hier eens over – en herinner <lb n="47" xml:id="l-47"/>U mijn leedwezen over Uw zeggen <lb n="48" xml:id="l-48"/>dat ge “verkoeld” waart<c type="kp">_</c>–<anchor n="5" xml:id="note-o-5"/></ab>
<pb f="1v" n="3" xml:id="pb-orig-1v-3" facs="#zone-pb-1v-3"/><lb n="49" xml:id="l-49"/>
<ab rend="indent">Al wat ik zei van bittere waarschuwing <lb n="50" xml:id="l-50"/>tegen invloed van ’t Guizot achtige zoo <lb n="51" xml:id="l-51"/>als ik ’t noemde<c type="kk">/</c> herzeg ik meer dan ooit<c type="kp">_</c> <lb n="52" xml:id="l-52"/>waarom<c type="kp">_</c>– dat leidt tot mediocreteit<c type="kp">_</c> <lb n="53" xml:id="l-53"/>En ik wil U niet zien onder <lb n="54" xml:id="l-54"/>de mediocreteiten omdat ik te <lb n="55" xml:id="l-55"/>veel van U gehouden heb<c type="kk">/</c> ja nog <lb n="56" xml:id="l-56"/>houdt<c type="kk">/</c> dan dat ik verdragen kan <lb n="57" xml:id="l-57"/>U te zien verstijven<c type="kp">_</c>–</ab><lb n="58" xml:id="l-58"/>
<ab rend="indent">Ik weet ’t is moeielijk<c type="kk">/</c> ik weet dat ik van <lb n="59" xml:id="l-59"/>U te weinig afweet<c type="kk">/</c> ik weet dat ik misschien <lb n="60" xml:id="l-60"/>me vergis<c type="kp">_</c>– Maar enfin – lees dan <lb n="61" xml:id="l-61"/>Uw Mouret eens na<c type="kp">_</c>–</ab><lb n="62" xml:id="l-62"/>
<ab rend="indent">Ik sprak van verschil tusschen Mouret <lb n="63" xml:id="l-63"/>en wat ik zou willen<c type="kk">/</c> en <hi rend="sc">toch</hi> evenwijdigheid<c type="kp">_</c> <lb n="64" xml:id="l-64"/>Ziehier. Mouret aanbid de moderne <lb n="65" xml:id="l-65"/>parijsche vrouw – goed<c type="kp">_</c></ab><lb n="66" xml:id="l-66"/>
<ab rend="indent">Maar <hi rend="sc">Millet</hi><c type="kk">/</c> <hi rend="ital">Breton</hi><c type="kk">/</c> <hi rend="sc">met dezelfde</hi> <lb n="67" xml:id="l-67"/><hi rend="sc">passie</hi> de <hi rend="ital">boerin</hi><c type="kp">_</c></ab><lb n="68" xml:id="l-68"/>
<ab rend="indent">Die twee passies zijn <hi rend="sc">een zelfde</hi>.</ab><lb n="69" xml:id="l-69"/>
<ab rend="indent">Lees Zola’s beschrijving van een kamer met vrouwen <lb n="70" xml:id="l-70"/>in de schemering – vrouwen dikwijls al over de 30<c type="kk">/</c> tot <lb n="71" xml:id="l-71"/>50 toe – zoo’n somber<c type="kk">/</c> mysterieus hoekje<c type="kp">_</c>–<anchor n="6" xml:id="note-o-6"/></ab><lb n="72" xml:id="l-72"/>
<ab rend="indent">Ik vind dat <hi rend="ital">prachtig</hi><c type="kk">/</c> ja <hi rend="ital">subliem</hi><c type="kp">_</c></ab><lb n="73" xml:id="l-73"/>
<ab rend="indent">Maar voor mij is even subliem – de Angelus <lb n="74" xml:id="l-74"/>van Millet<c type="kk">/</c><anchor n="7" xml:id="note-o-7"/> ook die schemering<c type="kk">/</c> ook die oneindige <lb n="75" xml:id="l-75"/>emotie – of dat enkele figuur van Breton op de Luxembourg<anchor n="8" xml:id="note-o-8"/> of <lb n="76" xml:id="l-76"/>zijn Source.<anchor n="9" xml:id="note-o-9"/></ab>
<pb f="1r" n="4" xml:id="pb-orig-1r-4" facs="#zone-pb-1r-4"/><lb n="77" xml:id="l-77"/>
<ab rend="indent">Ge zult zeggen dat ik niet slaag<c type="kp">_</c>– ’t Kan me niet schelen, <lb n="78" xml:id="l-78"/><hi rend="ital">vaincre</hi> of <hi rend="ital">être vaincu</hi><c type="kk">/</c><anchor n="10" xml:id="note-o-10"/> in alle geval is men <lb n="79" xml:id="l-79"/>in emotie en beweging en dat is meer ’t zelfde dan <lb n="80" xml:id="l-80"/>wel schijnt en gezegd wordt<c type="kp">_</c>–</ab><lb n="81" xml:id="l-81"/>
<ab rend="indent">Wat betreft <hi rend="ital">deze</hi> vrouw in kwestie<c type="kk">/</c> het blijft mij een <lb n="82" xml:id="l-82"/>mysterie hoe ’t moet afloopen maar noch <lb n="83" xml:id="l-83"/>zij noch ik zullen <hi rend="ital">gekke</hi> dingen doen<c type="kp">_</c>–</ab><lb n="84" xml:id="l-84"/>
<ab rend="indent">Ik vrees voor haar dat de oude godsdienst <lb n="85" xml:id="l-85"/>haar <hi rend="ital">op nieuw</hi> zal verstijven en bevriezen<anchor n="11" xml:id="note-o-11"/> <lb n="86" xml:id="l-86"/>met dat verdomde ijskoude dat haar <hi rend="ital">al eens</hi> <lb n="87" xml:id="l-87"/>in ver verleden heeft geknakt <hi rend="ital">tot stervens</hi> toe<c type="kk">/</c> <lb n="88" xml:id="l-88"/>lange jaren geleden. O – ik ben geen <lb n="89" xml:id="l-89"/>vriend van het tegenwoordige kristendom<c type="kk">/</c> <lb n="90" xml:id="l-90"/>al was de <hi rend="ital">stichter</hi> subliem – het tegenwoordige <lb n="91" xml:id="l-91"/>kristendom<c type="kk">/</c> ik heb het te goed in de kaart <lb n="92" xml:id="l-92"/>gekeken<c type="kp">_</c>– Het biologeerde me zelf<c type="kk">/</c> <lb n="93" xml:id="l-93"/>dat ijskoude in mijn jeugd – maar <lb n="94" xml:id="l-94"/>ik wreek me sedert<c type="kp">_</c>– waardoor<c type="kp">_</c>– <lb n="95" xml:id="l-95"/>door de liefde die <hi rend="ital">zij</hi> – de theologen – <hi rend="ital">zonde</hi> <lb n="96" xml:id="l-96"/>noemen<c type="kk">/</c> te aanbidden<c type="kk">/</c> door <lb n="97" xml:id="l-97"/>een hoer te respecteeren enz<c type="kp">_</c> en veel <hi rend="ital">would be</hi> eerwaardige<c type="kk">/</c> <lb n="97a" xml:id="l-97a"/>godsdienstige dames <hi rend="ital">niet</hi><c type="kp">_</c></ab><lb n="98" xml:id="l-98"/>
<ab rend="indent">De <hi rend="ital">vrouw</hi> is voor de eene partij altijd <hi rend="ital">ketterij</hi> <lb n="99" xml:id="l-99"/>en duivelsch<c type="kp">_</c>– Voor mij ’t tegenovergestelde<c type="kp">_</c> <lb n="100" xml:id="l-100"/>Gegroet.</ab>
<vg:whiteline/><lb n="100*" xml:id="l-100s"/>
<ab>b. à t<c type="kp">_</c></ab><lb n="101" xml:id="l-101"/>
<ab>Vincent</ab>
<vg:whiteline/>
<pb f="2r" n="5" xml:id="pb-orig-2r-5" facs="#zone-pb-2r-5"/><lb n="102" xml:id="l-102"/>
<ab>Ziehier uit Octave Mouret –<anchor n="12" xml:id="note-o-12"/></ab>
<vg:whiteline/><lb n="102a" xml:id="l-102a"/>
<ab>Mouret dit: <lb n="103" xml:id="l-103"/>“Si tu te crois fort, parceque tu refuses d’être <lb n="104" xml:id="l-104"/>bête et de souffrir! Eh bien – alors tu <lb n="105" xml:id="l-105"/>n’es qu’une dupe, pas davantage!”–<anchor n="13" xml:id="note-o-13"/></ab>
<vg:whiteline/><lb n="106" xml:id="l-106"/>
<ab>“Tu t’amuses?”</ab><lb n="107" xml:id="l-107"/>
<ab rend="indent">Mouret ne parut pas comprendre tout de suite. <lb n="108" xml:id="l-108"/>mais<c type="kk">/</c> lorsqu’il se fut rappelé leurs conversations <lb n="109" xml:id="l-109"/>anciennes sur la bêtise vide et l’inutile torture <lb n="110" xml:id="l-110"/>de la vie<c type="kk">/</c> il répondit: <lb n="111" xml:id="l-111"/>“<hi rend="ital">Sans doute – jamais je n’ai tant vécu...</hi> <lb n="112" xml:id="l-112"/><hi rend="ital">Ah! mon vieux – ne te moques pas!–</hi> <lb n="113" xml:id="l-113"/><hi rend="ital">ce sont les heures les plus courtes où l’on</hi> <lb n="114" xml:id="l-114"/><hi rend="ital">meurt de souffrance!–</hi></ab>
<vg:whiteline/><lb n="115" xml:id="l-115"/>
<ab>je la veux<c type="kk">/</c> je l’aurai!.... et – <hi rend="ital">si</hi> elle <lb n="116" xml:id="l-116"/>m’échappe<c type="kk">/</c> tu verras les choses que je ferai <lb n="117" xml:id="l-117"/>pour m’en guérir<c type="kp">_</c>– Tu n’entends pas <lb n="118" xml:id="l-118"/>cette langue, mon vieux; autrement<c type="kk">/</c> <lb n="119" xml:id="l-119"/>tu saurais que l’action contient en elle <lb n="120" xml:id="l-120"/>sa récompense – agir – créer – <lb n="121" xml:id="l-121"/>se battre contre les faits, <hi rend="ital">les vaincre ou être vaincu</hi> <lb n="122" xml:id="l-122"/><hi rend="ital">par eux</hi>, toute la joie et toute la santé humaines <lb n="123" xml:id="l-123"/>sont <hi rend="sc">là</hi>!”</ab>
<pb f="2v" n="6" xml:id="pb-orig-2v-6" facs="#zone-pb-2v-6"/><lb n="124" xml:id="l-124"/>
<ab rend="indent">Simple façon de s’étourdir – murmura l’autre.</ab><lb n="125" xml:id="l-125"/>
<ab rend="indent">“Eh bien! j’aime mieux m’étourdir<c type="kp">_</c>– Crever <lb n="126" xml:id="l-126"/>pour crever – <hi rend="sc">je préfère crever</hi> <lb n="127" xml:id="l-127"/><hi rend="sc">de passion que de crever d’ennui</hi>!”</ab>
<vg:whiteline/><lb n="128" xml:id="l-128"/>
<ab rend="html" html="464_02_ol.html">– dit laatste zeg niet alleen ik quand même <lb n="129" xml:id="l-129"/>maar ook <hi rend="ital">zij van nature</hi>                 ,,      ,, </ab>
    <ab><lb n="130" xml:id="l-130"/>daarom zag ik iets groots in haar van ’t begin <lb n="131" xml:id="l-131"/>af<c type="kk">/</c> en alleen ’t is voor haar verdomd <lb n="132" xml:id="l-132"/>jammer dat zij <hi rend="ital">in haar jeugd</hi> <lb n="133" xml:id="l-133"/>zich heeft laten <hi rend="ital">overdonderen</hi> door <lb n="134" xml:id="l-134"/>teleurstellingen<c type="kp">_</c></ab><lb n="135" xml:id="l-135"/>
<ab rend="indent">Overdonderen in dezen zin dat de <hi rend="ital">oud</hi> godsdienstige familie <lb n="136" xml:id="l-136"/>Begemann het <hi rend="ital">actieve</hi>, ja <hi rend="ital">geniale</hi> <lb n="137" xml:id="l-137"/>beginsel in haar heeft <hi rend="ital">meenen te moeten</hi> <lb n="138" xml:id="l-138"/><hi rend="ital">onderdrukken</hi> en haar <hi rend="ital">passief</hi> tot <lb n="139" xml:id="l-139"/>in ’t oneindige heeft gemaakt.</ab><lb n="140" xml:id="l-140"/>
<ab rend="indent">Als in <hi rend="ital">haar jeugd</hi> ze haar niet gebroken <lb n="141" xml:id="l-141"/>hadden! of als ze ’t daar bij gelaten hadden <lb n="142" xml:id="l-142"/>en nu niet <hi rend="ital">op nieuw</hi><c type="kk">/</c> met <hi rend="ital">5</hi> of <hi rend="ital">6</hi> of <hi rend="ital">nog meer</hi> <lb n="143" xml:id="l-143"/><hi rend="ital">vrouwen tegen haar alleen</hi> vechtende<c type="kk">/</c></ab><lb n="144" xml:id="l-144"/>
<ab>haar radeloos gemaakt hadden!</ab><lb n="145" xml:id="l-145"/>
<ab rend="indent"><hi rend="sc">lees l’evangeliste van Daudet eens</hi><lb n="146" xml:id="l-146"/>
<hi rend="sc">over die vrouwenintrigues</hi><c type="kk">/</c> die hier anders <lb n="147" xml:id="l-147"/>waren maar <hi rend="ital">toch in zoo’n</hi> <hi rend="ital">genre</hi><c type="kp">_</c><anchor n="14" xml:id="note-o-14"/></ab>
<pb f="3r" n="7" xml:id="pb-orig-3r-7" facs="#zone-pb-3r-7"/><lb n="148" xml:id="l-148"/>
<ab rend="indent">Och Theo, waarom zou ik me veranderen<c type="kp">_</c> <lb n="149" xml:id="l-149"/>– <hi rend="ital">vroeger</hi> was ik heel passief en heel <lb n="150" xml:id="l-150"/>zacht en stil – nu niet meer maar <lb n="151" xml:id="l-151"/>ik ben nu ook geen kind meer – <lb n="152" xml:id="l-152"/>ik voel soms me zelf<c type="kp">_</c>–</ab><lb n="153" xml:id="l-153"/>
<ab rend="indent">Neem Mauve – waarom is hij driftig <lb n="154" xml:id="l-154"/>en <hi rend="ital">lang niet altijd tam</hi><c type="kp">_</c> ik ben nog <lb n="154a" xml:id="l-154a"/>zoo ver niet als hij maar ik zal ook nog verder komen dan ik ben<c type="kp">_</c>– <lb n="155" xml:id="l-155"/>Ik zeg U<c type="kk">/</c> men moet als men actief <lb n="156" xml:id="l-156"/>wil wezen niet bang zijn om eens <lb n="157" xml:id="l-157"/>iets verkeerd te doen<c type="kk">/</c> niet bang <lb n="158" xml:id="l-158"/>zijn om in eenige fouten te vervallen<c type="kp">_</c> <lb n="159" xml:id="l-159"/>Om goed te worden denken velen <lb n="160" xml:id="l-160"/>dat ze er komen zullen <hi rend="ital">door geen</hi> <lb n="161" xml:id="l-161"/><hi rend="ital">kwaad</hi> te doen – en dat’s een <lb n="162" xml:id="l-162"/>leugen en zeidet ge zelf vroeger een <lb n="163" xml:id="l-163"/>leugen was<c type="kp">_</c>– Dat leidt tot stagnatie<c type="kk">/</c> tot mediocreteit<c type="kp">_</c> <lb n="164" xml:id="l-164"/><hi rend="ital">Smeer maar er iets op</hi> als ge een <lb n="165" xml:id="l-165"/>blank doek U aan ziet staren met een zekere <lb n="166" xml:id="l-166"/>imbeciliteit<c type="kp">_</c>–</ab><lb n="167" xml:id="l-167"/>
<ab rend="indent">Gij weet niet hoe <hi rend="ital">verlammend</hi> dat <lb n="168" xml:id="l-168"/>is<c type="kk">/</c> dat <hi rend="ital">staren</hi> van een blank doek <lb n="169" xml:id="l-169"/>dat tot den schilder zegt <hi rend="ital">gij kunt niets</hi><c type="kp">_</c> <lb n="170" xml:id="l-170"/>het doek heeft een <hi rend="ital">idioot</hi> staren en biologeert <lb n="171" xml:id="l-171"/>sommige schilders zoo dat ze zelf idioot worden.</ab>
<pb f="3v" n="8" xml:id="pb-orig-3v-8" facs="#zone-pb-3v-8"/><lb n="172" xml:id="l-172"/>
<ab rend="indent">Veel schilders <hi rend="ital">zijn bang</hi> voor het blanke <lb n="173" xml:id="l-173"/><hi rend="ital">doek</hi> maar het blanke doek <hi rend="sc">is</hi> <lb n="174" xml:id="l-174"/><hi rend="sc">bang</hi> voor den waren hartstogtelijken schilder die durft – <lb n="175" xml:id="l-175"/>en die eenmaal door die biologie van <lb n="176" xml:id="l-176"/>“ge kunt niet” doorgebroken is<c type="kp">_</c>–</ab><lb n="177" xml:id="l-177"/>
<ab rend="indent">Het leven op zich zelf keert aan <lb n="178" xml:id="l-178"/>een mensch altijd ook een oneindig <lb n="179" xml:id="l-179"/><hi rend="ital">niets</hi> zeggende<c type="kk">/</c> ontmoedigenden<c type="kk">/</c> hopeloos makenden blanken <lb n="180" xml:id="l-180"/>kant toe waar <hi rend="ital">niets</hi> op staat<c type="kk">/</c> evenmin als <lb n="181" xml:id="l-181"/>op een blank schilderdoek<c type="kp">_</c>–</ab><lb n="182" xml:id="l-182"/>
<ab rend="indent">Maar <hi rend="ital">hoe</hi> nietszeggend en ijdel<c type="kk">/</c> hoe <hi rend="ital">dood</hi> het <lb n="183" xml:id="l-183"/>leven zich voor doe<c type="kk">/</c> de man van <lb n="184" xml:id="l-184"/>geloof<c type="kk">/</c> van energie<c type="kk">/</c> van warmte<c type="kk">/</c> en die iets weet<c type="kk">/</c> laat <lb n="185" xml:id="l-185"/>zich niet daardoor met een kluitje in ’t riet sturen<c type="kp">_</c> <lb n="186" xml:id="l-186"/>Hij grijpt er in en <hi rend="ital">doet iets</hi> en knoopt daar <lb n="187" xml:id="l-187"/>aan vast<c type="kk">/</c> enfin <hi rend="ital">breekt</hi><c type="kk">/</c> <lb n="188" xml:id="l-188"/>“<hi rend="ital">schendt</hi>” – zeggen ze<c type="kp">_</c>–</ab><lb n="189" xml:id="l-189"/>
<ab rend="indent">laat ze praten die koude theologen<c type="kp">_</c></ab><lb n="190" xml:id="l-190"/>
<ab rend="indent">Theo ik heb zoo verdomd deernis met deze <lb n="191" xml:id="l-191"/>vrouw<c type="kk">/</c> juist omdat haar leeftijd en juist <hi rend="ital">misschien</hi> <lb n="192" xml:id="l-192"/>eene kwaal in de lever en gal haar zoo fataal boven <lb n="193" xml:id="l-193"/>’t hoofd hangen<c type="kp">_</c>– En dit verergerd is door de emoties. <lb n="194" xml:id="l-194"/>Toch zullen we nog zien wat kan of wat fataal niet moge kunnen<c type="kk">/</c> <lb n="195" xml:id="l-195"/>ik doe echter niets zonder een <hi rend="ital">zeer goeden</hi> dokter<c type="kk">/</c> dus <hi rend="ital">ik</hi> zal haar <lb n="196" xml:id="l-196"/>geen <hi rend="ital">kwaad</hi> doen<c type="kp">_</c>–</ab>
<vg:whiteline/>
<pb f="4r" n="9" xml:id="pb-orig-4r-9" facs="#zone-pb-4r-9"/><lb n="197" xml:id="l-197"/>
<ab>Toch nu <hi rend="ital">juist in deze dagen</hi> gebeurde het <lb n="198" xml:id="l-198"/>me evenwel dat me gevraagd werd om <lb n="199" xml:id="l-199"/>voor f<c type="kp">_</c> 20 een teekening of geschilderde schets te <lb n="200" xml:id="l-200"/>maken. Waar ik ook aan gevolg gegeven <lb n="201" xml:id="l-201"/>heb<c type="kk">/</c> doch daar ik veronderstelde en bij onderzoek <lb n="202" xml:id="l-202"/>die veronderstelling ook uitkwam dat <lb n="203" xml:id="l-203"/>Margo Begemann hier achter zat en ’t geld <lb n="204" xml:id="l-204"/>indirect me zou gegeven hebben<c type="kk">/</c> weigerde <lb n="205" xml:id="l-205"/>ik meest beslist de <hi rend="ital">betaling</hi> doch <hi rend="ital">niet</hi> <lb n="206" xml:id="l-206"/>de teekening<c type="kk">/</c> die ik gestuurd heb<c type="kp">_</c><anchor n="15" xml:id="note-o-15"/> <lb n="207" xml:id="l-207"/>Het is echter niet makkelijk <lb n="208" xml:id="l-208"/>om als men bar om geld verlegen is<c type="kk">/</c> <lb n="209" xml:id="l-209"/>het te weigeren<c type="kp">_</c>– Doch het ware een <lb n="210" xml:id="l-210"/>ezelsbruggetje geweest – dus – –</ab><lb n="211" xml:id="l-211"/>
<ab rend="indent">In plaats van ezelsbruggetjes – is er iets <lb n="212" xml:id="l-212"/>beters te doen? ik geloof het zeer zeker. <lb n="213" xml:id="l-213"/>ik wou voor U en voor me zelf en voor <lb n="214" xml:id="l-214"/>veel anderen dat we <hi rend="sc">Mourets</hi> in den <lb n="215" xml:id="l-215"/><hi rend="ital">kunsthandel</hi> kregen die een <hi rend="ital">uitgebreider</hi><c type="kk">/</c> <lb n="216" xml:id="l-216"/><hi rend="ital">nieuw</hi> publiek dat kocht wisten te <lb n="217" xml:id="l-217"/>créeeren.</ab><lb n="218" xml:id="l-218"/>
<ab rend="indent">Ge zult zeggen<c type="kk">/</c> is b.v. Tersteeg geen Mouret<c type="kp">_</c> <lb n="219" xml:id="l-219"/>misschien is hij het après tout<c type="kp">_</c></ab><lb n="220" xml:id="l-220"/>
<ab rend="indent">Maar wat daar ook van zij<c type="kk">/</c> er blijven nog nieuwe <lb n="221" xml:id="l-221"/>carrieres te maken<c type="kk">/</c> juist om reden dat het <lb n="222" xml:id="l-222"/>publiek dat schilderijen koopt nog kan ver<c type="shy">-</c><lb n="223" xml:id="l-223"/>tiendubbeld worden en dit met den dag <lb n="224" xml:id="l-224"/>noodiger wordt<c type="kp">_</c></ab>
<pb f="4v" n="10" xml:id="pb-orig-4v-10" facs="#zone-pb-4v-10"/><lb n="225" xml:id="l-225"/>
<ab rend="indent">Indien er eenige Mourets opstonden <lb n="226" xml:id="l-226"/>die anders kochten en verkochten dan volgens de oude sleur<c type="kk">/</c> <lb n="227" xml:id="l-227"/>best<c type="kk">/</c> dan komt er meer en meer werk aan <lb n="228" xml:id="l-228"/>den winkel.</ab><lb n="229" xml:id="l-229"/>
<ab rend="indent">Doch indien er geen Mourets komen – <lb n="230" xml:id="l-230"/>dan – zou de handel zich welligt <lb n="231" xml:id="l-231"/>gansch veranderen doordat de schilders <lb n="232" xml:id="l-232"/>zelf het vernieuwden en zelf zonder het oude <lb n="233" xml:id="l-233"/>intermediair permanente exposities begonnen<c type="kp">_</c> <lb n="234" xml:id="l-234"/>Ik wou gij wist en voeldet hoe jong ge <lb n="235" xml:id="l-235"/>nog zijt <hi rend="ital">als ge U maar jong</hi> <lb n="236" xml:id="l-236"/><hi rend="ital">houdt en durft</hi><c type="kp">_</c></ab><lb n="237" xml:id="l-237"/>
<ab rend="indent">Als ge geen artist zijt in <hi rend="ital">schilderen</hi><c type="kk">/</c> <lb n="238" xml:id="l-238"/>wordt artist als <hi rend="ital">handelaar</hi><c type="kk">/</c> juist als <lb n="239" xml:id="l-239"/>Mouret.</ab><lb n="240" xml:id="l-240"/>
<ab rend="indent">Ik voor mij – in dagen als deze<c type="kk">/</c> als ik on ne <lb n="241" xml:id="l-241"/>peut plus vast zat – ik voel toch dat ik <lb n="242" xml:id="l-242"/>over een paar jaar nog met pleizier <lb n="243" xml:id="l-243"/>heel wat grootere verf- en andere rekeningen <lb n="244" xml:id="l-244"/>aandurf<c type="kp">_</c>– Ik wil druk werk hebben <lb n="245" xml:id="l-245"/>– geloof me – ik ben niet van plan <lb n="246" xml:id="l-246"/>me te vervelen – <hi rend="ital">heel veel doen</hi> <lb n="247" xml:id="l-247"/>of <hi rend="ital">creveeren</hi><c type="kp">_</c>–<anchor n="16" xml:id="note-o-16"/></ab>
<vg:whiteline/>
<div type="textualNotes">
<note target="l-10" n="10">bemoeien” &lt; bemoeien</note>
<note target="l-12" n="12">bemoeien” &lt; bemoeien</note>
<note target="l-45" n="45">(Mouret &lt; Mouret</note>
<note target="l-45" n="45">a <hi rend="ital">clientèle</hi>”)<c type="kp">_</c> &lt; <hi rend="ital">clientèle</hi>)</note>
<note target="l-71" n="71">toe – &lt; toe</note>
<note target="l-95" n="95">– de &lt; de</note>
<note target="l-105" n="105">davantage!”– &lt; davantage – <hi rend="ital"> Corresponding to the original text.</hi></note>
<note target="l-114" n="114"><hi rend="ital">souffrance!–</hi> &lt; souffrance –  <hi rend="ital">Corresponding to the original text.</hi></note>
<note target="l-123" n="123"><hi rend="sc">là</hi>!” &lt; <hi rend="sc">là</hi>!</note>
<note target="l-127" n="127">D’ENNUI!” &lt; <hi rend="ital">d’ennui</hi>  <hi rend="ital">Corresponding to the original text.</hi></note>
<note target="l-138" n="138"><hi rend="ital">onderdrukken</hi> &lt; <hi rend="ital">Emphasis added by us.</hi></note>
<note target="l-145" n="145">l’evangeliste &lt; <hi rend="ital">l’evangeliste</hi></note>
<note target="l-210" n="210">dus – – &lt; dus –</note>
<note target="l-243" n="243">verf- &lt; verf</note></div></div>
<div type="translation">
<pb f="1r" n="1" xml:id="pb-trans-1r-1" facs="#zone-pb-1r-1"/>
<ab>My dear Theo,</ab>
<ab>Thanks for your letter, thanks for the enclosure. Now listen here.</ab>
<ab rend="indent">What you write is all very well and good, and as far as fuss is concerned I’m beginning to be a bit better prepared to forestall it than before. No fear that <rs type="pers" key="524 526">Pa and Ma</rs> will leave, for instance. <hi rend="ital">Although a call came just now</hi>.<anchor n="1" xml:id="note-t-1"/> On the contrary, if they set about it the right way, Pa and Ma will be able to consolidate their position here.</ab>
<ab rend="indent">Now there are people who say to me, ‘what were you doing getting involved with <hi rend="ital"><rs type="pers" key="267">her</rs></hi>?’ — that’s <hi rend="ital">one</hi> fact. Now there are people who say to her, ‘what were you doing getting involved with <hi rend="ital">him</hi>?’ — that’s a second fact. Apart from that, <hi rend="ital">both</hi> she <hi rend="ital">and</hi> I have sorrow enough and trouble enough — but regret — neither of us. Look here —</ab>
<ab rend="html" html="464_01_tr.html">I certainly believe or know for sure that <rs type="pers" key="267">she</rs> loves me,</ab>
<ab rend="html" html="464_01_tr.html">I ,, believe ,, ,, ,, ,, ,, ,, I ,, <rs type="pers" key="267">her</rs></ab>
<ab>that has been sincere — has it also been crazy — etc.? Perhaps it has, <hi rend="ital">if you like</hi>, but <hi rend="ital">the wise people</hi> who never do anything that’s crazy, aren’t they even crazier in my eyes than I in theirs?</ab>
<ab rend="indent"><hi rend="ital">That</hi> can be said against your argument and other arguments.</ab>
<ab rend="indent">I say all this simply <hi rend="ital">by way of explanation</hi>, not hostilely or nastily. 
<pb f="1v" n="2" xml:id="pb-trans-1v-2" facs="#zone-pb-1v-2"/></ab>
<ab rend="indent">You say you like <hi rend="ital">Octave Mouret</hi>, you said you’re like him. Since last year I’ve also read the second volume, in which he pleases me much more than in the first.<anchor n="2" xml:id="note-t-2"/></ab>
<ab rend="indent">I recently heard it said that ‘Au bonheur des dames’ wouldn’t add particularly to <rs type="pers" key="836">Zola</rs>’s reputation. I find some of the <hi rend="ital">greatest</hi> and <hi rend="ital">best</hi> things in it. I’ve just looked it up, and I’m copying out a few of Octave Mouret’s words for you.</ab>
<ab rend="indent">You — haven’t you gone to the <hi rend="ital">Bourdoncle</hi> side <hi rend="ital">over the last </hi>1  1/2  years or so?<anchor n="3" xml:id="note-t-3"/> Would have done better to stick with Mouret; that was and still is my opinion. Aside from an enormous difference in circumstances, indeed diametrically opposed circumstances, I tend more towards the Mouret direction than you might think — as regards my belief in women and that one needs them, must love them. (Mouret says, ‘<hi rend="ital">in our establishment, we </hi><hi rend="sc">love</hi><hi rend="ital"> the customers</hi>’.)<anchor n="4" xml:id="note-t-4"/></ab>
<ab rend="indent">Think about this — and remember my sorrow about your saying that you had ‘cooled’.<anchor n="5" xml:id="note-t-5"/> 
<pb f="1v" n="3" xml:id="pb-trans-1v-3" facs="#zone-pb-1v-3"/></ab>
<ab rend="indent">I repeat more forcefully than ever everything I said by way of bitter warning against the influence of <rs type="pers" key="620">Guizot</rs>-ness, as I called it. Why? It leads to mediocrity. And I don’t want to see you among the mediocrities because I have loved you, indeed still love you, too much to be able to bear seeing you numbed.</ab>
<ab rend="indent">I know it’s difficult, I know that I don’t know enough about you, I know that I may perhaps be mistaken. But anyway — just read your Mouret again.</ab>
<ab rend="indent">I mentioned a difference between Mouret and what I should want, and <hi rend="sc">yet</hi> the parallels. Look here. Mouret worships the modern Parisian woman — very well.</ab>
<ab rend="indent">But <hi rend="sc"><rs type="pers" key="1226">Millet</rs></hi>, <hi rend="ital"><rs type="pers" key="899">Breton</rs></hi>, worship the <hi rend="ital">peasant woman</hi> <hi rend="sc">with the same passion</hi>.</ab>
<ab rend="indent">These two passions are <hi rend="sc">one and the same</hi>.</ab>
<ab rend="indent">Read <rs type="pers" key="836">Zola</rs>’s description of women in a room at dusk — women often already past 30, up to 50 — such a sombre, mysterious little corner.<anchor n="6" xml:id="note-t-6"/></ab>
<ab rend="indent">I find it <hi rend="ital">magnificent</hi>, indeed <hi rend="ital">sublime</hi>.</ab>
<ab rend="indent">But equally sublime to my mind is — <rs type="pers" key="1226">Millet</rs>’s Angelus,<anchor n="7" xml:id="note-t-7"/> that same dusk, that same infinite emotion — or that solitary figure by <rs type="pers" key="899">Breton</rs> in the Luxembourg,<anchor n="8" xml:id="note-t-8"/> or his Spring.<anchor n="9" xml:id="note-t-9"/> 
<pb f="1r" n="4" xml:id="pb-trans-1r-4" facs="#zone-pb-1r-4"/></ab>
<ab rend="indent">You’ll say that I’m not successful. I don’t care, <hi rend="ital">vanquish</hi> or <hi rend="ital">be vanquished</hi>,<anchor n="10" xml:id="note-t-10"/> in all events one has emotion and motion, and they’re more similar than they appear and are said to be.</ab>
<ab rend="indent">As regards <hi rend="ital">this</hi> <rs type="pers" key="267">woman</rs> in question, how it must end remains a mystery to me, but neither she nor I will do anything <hi rend="ital">crazy</hi>.</ab>
<ab rend="indent">I fear for <rs type="pers" key="267">her</rs> that the old religion will numb and freeze her <hi rend="ital">again</hi><anchor n="11" xml:id="note-t-11"/> with that damned icy coldness that has <hi rend="ital">already</hi> shattered her once in the distant past <hi rend="ital">to the point of death</hi>, long years ago. Oh — I’m no friend of present-day Christianity, even though the <hi rend="ital">founder</hi> was sublime — I’ve seen through present-day Christianity only too well. It mesmerized me, that icy coldness in my youth — but I’ve had my revenge since then. How? By worshipping the love that <hi rend="ital">they</hi> — the theologians — call <hi rend="ital">sin</hi>, by respecting a whore etc., and <hi rend="ital">not</hi> many <hi rend="ital">would-be</hi> respectable, religious ladies.</ab>
<ab rend="indent">To the one party, <hi rend="ital">woman</hi> is always <hi rend="ital">heresy</hi> and diabolical. To me, the opposite. Regards.</ab>
<vg:whiteline/>
<ab>Yours truly,</ab>
<ab>Vincent</ab>
<vg:whiteline/>
<ab>
<pb f="2r" n="5" xml:id="pb-trans-2r-5" facs="#zone-pb-2r-5"/></ab>
<ab>Look at this from Octave Mouret<anchor n="12" xml:id="note-t-12"/> —</ab>
<vg:whiteline/>
<ab>Mouret says: ‘If you believe yourself strong, because you refuse to be foolish and to suffer! Ah, well — then you are nothing but a dupe, no more!’<anchor n="13" xml:id="note-t-13"/></ab>
<vg:whiteline/>
<ab>‘Are you enjoying yourself?’</ab>
<ab rend="indent">Mouret seemed not to understand immediately. But, when he recalled their old conversations about empty foolishness and the pointless torment of life, he replied:</ab>
<ab><hi rend="ital">‘No doubt — never have I lived so much... Ah! old chap — don’t mock! Those are the shortest hours in which one dies of suffering!</hi></ab>
<vg:whiteline/>
    <ab>I want <rs type="pers" key="267">her</rs>, I’ll have her!.... and — <hi rend="ital">if</hi> she escapes me you’ll see the things that I’ll do to cure myself of it. You don’t understand this language, old chap; otherwise, you’d know that action contains its reward within itself — to act — to create — to struggle against facts, <hi rend="ital">vanquish them or be vanquished by them</hi>, all human joy and health are <hi rend="sc">there</hi>!’ 
<pb f="2v" n="6" xml:id="pb-trans-2v-6" facs="#zone-pb-2v-6"/></ab>
<ab rend="indent">Just a way of deadening oneself — the other muttered.</ab>
<ab rend="indent">‘Ah, well! I prefer to deaden myself. To die for the sake of dying — <hi rend="sc">i prefer to die of passion than to die of boredom!</hi>’</ab>
<vg:whiteline/>
<ab rend="html" html="464_02_tr.html">— it isn’t only I who say this last, after all,</ab>
<ab rend="html" html="464_02_tr.html">but <hi rend="ital"><rs type="pers" key="267">she</rs></hi> too, <hi rend="ital">instinctively</hi>, ,, ,,</ab>
<ab>that’s why I saw something grand in her from the outset, and it’s just a damned shame for her that <hi rend="ital">when she was young</hi> she allowed herself to be <hi rend="ital">overwhelmed</hi> by disappointments.</ab>
<ab rend="indent">Overwhelmed in the sense that the <rs type="pers" key="273">Begemann family</rs> of the <hi rend="ital">old</hi> religion <hi rend="ital">believed it had to suppress</hi> the <hi rend="ital">active</hi>, indeed <hi rend="ital">brilliant</hi> principle in <rs type="pers" key="267">her</rs>, and made her <hi rend="ital">passive</hi> for ever and ever.</ab>
<ab rend="indent">If only they hadn’t broken <rs type="pers" key="267">her</rs> when <hi rend="ital">she was young</hi>! Or if they’d left it at that and not driven her to distraction <hi rend="ital">again</hi>!, this time with <hi rend="ital">5</hi> or <hi rend="ital">6</hi> or <hi rend="ital">even more women </hi>fighting <hi rend="ital">against her alone</hi>.</ab>
    <ab rend="indent"><hi rend="sc">Do read L’evangeliste by <rs type="pers" key="583">Daudet</rs> about these female intrigues</hi>, which were different here but <hi rend="ital">still of the same kind</hi>.<anchor n="14" xml:id="note-t-14"/> 
<pb f="3r" n="7" xml:id="pb-trans-3r-7" facs="#zone-pb-3r-7"/></ab>
<ab rend="indent">Oh Theo, why should I change? <hi rend="ital">In the past</hi> I was very passive and very gentle and quiet — not any more, but I’m not a child any more either — sometimes I feel myself.</ab>
<ab rend="indent">Take <rs type="pers" key="323">Mauve</rs> — why is he irascible and <hi rend="ital">by no means always mild</hi>? I’m not yet as far as he is, but still I’ll get further than I am. I tell you, if one wants to be active, one mustn’t be afraid to do something wrong sometimes, not afraid to lapse into some mistakes. To be good — many people think that they’ll achieve it by <hi rend="ital">doing no harm</hi> — and that’s a lie, and you said yourself in the past that it was a lie. That leads to stagnation, to mediocrity. <hi rend="ital">Just slap something on it</hi> when you see a blank canvas staring at you with a sort of imbecility.</ab>
<ab rend="indent">You don’t know how <hi rend="ital">paralyzing</hi> it is, that <hi rend="ital">stare</hi> from a blank canvas that says to the painter <hi rend="ital">you can’t do anything</hi>. The canvas has an <hi rend="ital">idiotic </hi>stare, and mesmerizes some painters so that they turn into idiots themselves.
<pb f="3v" n="8" xml:id="pb-trans-3v-8" facs="#zone-pb-3v-8"/></ab>
<ab rend="indent">Many painters <hi rend="ital">are afraid</hi> of the blank <hi rend="ital">canvas</hi>, but the blank canvas <hi rend="sc">is afraid</hi> of the truly passionate painter who dares — and who has once broken the spell of ‘you can’t’.</ab>
<ab rend="indent"> Life itself likewise always turns towards one an infinitely <hi rend="ital">meaningless</hi>, discouraging, dispiriting blank side on which there is <hi rend="ital">nothing</hi>, any more than on a blank canvas.</ab>
<ab rend="indent">But <hi rend="ital">however</hi> meaningless and vain, however <hi rend="ital">dead</hi> life appears, the man of faith, of energy, of warmth, and who knows something, doesn’t let himself be fobbed off like that. He steps in and <hi rend="ital">does something</hi>, and hangs on to that, in short, <hi rend="ital">breaks</hi>, ‘<hi rend="ital">violates</hi>’ — they say.</ab>
<ab rend="indent">Let them talk, those cold theologians.</ab>
<ab rend="indent">Theo, I feel such damned pity for this <rs type="pers" key=" 267">woman</rs>, precisely because her age and just <hi rend="ital">possibly</hi> a liver and gall bladder disorder are hanging so fatally over her head. And this is made worse by the emotions. Still, we’ll see what can be done or what’s made impossible by fate. I’ll do nothing, though, without a <hi rend="ital">very good</hi> doctor, so <hi rend="ital">I</hi> shan’t do her any <hi rend="ital">harm</hi>.</ab>
<vg:whiteline/>
<ab>
<pb f="4r" n="9" xml:id="pb-trans-4r-9" facs="#zone-pb-4r-9"/></ab>
    <ab>Yet it was <hi rend="ital">at precisely this time</hi> that it happened that I was asked to make a drawing or painted sketch for 20 guilders. Which I duly acceded to, but because I suspected, and on investigation found my suspicion was correct, that <rs type="pers" key="267">Margot Begemann</rs> was behind it and would have given me the money indirectly, I most decidedly refused the <hi rend="ital">payment</hi> but not the <hi rend="ital">drawing</hi>, which I sent.<anchor n="15" xml:id="note-t-15"/> It’s not easy to refuse it, though, when one is sorely in need of money. But it would have been a bridge of asses — so — </ab>
<ab rend="indent">Instead of bridges of asses — is there something better to do? I very definitely believe so. For your sake and mine and for many others, I wish that we could get <hi rend="sc">Mourets</hi> in the <hi rend="ital">art trade</hi> who knew how to create a <hi rend="ital">broader, new</hi> buying public.</ab>
<ab rend="indent">You’ll say, isn’t <rs type="pers" key="787">Tersteeg</rs>, for instance, a Mouret. Perhaps he is, after all.</ab>
<ab rend="indent">But be that as it may, there are still new careers to be made, simply because the public that buys paintings could be multiplied tenfold, and this is becoming more necessary by the day. 
<pb f="4v" n="10" xml:id="pb-trans-4v-10" facs="#zone-pb-4v-10"/></ab>
<ab rend="indent">Were a few Mourets to emerge, who bought and sold other than according to the old routine, good, then there would be more and more work to be done.</ab>
<ab rend="indent">But if no Mourets come — then — perhaps the trade should change utterly because the painters themselves revived it and started their own permanent exhibitions without the old intermediary. I wish you knew and felt how young you still are <hi rend="ital">if you would only act young and be daring.</hi></ab>
<ab rend="indent">If you aren’t an artist in <hi rend="ital">painting</hi>, be an artist as a <hi rend="ital">dealer</hi>, just like Mouret.</ab>
<ab rend="indent">For my part — at times like these, when I get completely stuck — I still feel that in a few years’ time I’ll happily dare take on a great many larger bills for paint and other things. I want to have a lot of work — believe me — I have no intention of being bored — <hi rend="ital">do a great deal</hi> or <hi rend="ital">die</hi>.<anchor n="16" xml:id="note-t-16"/></ab></div>
<div type="notes">
<note n="1" xml:id="n-1" target="#note-t-1">
<ab>On 2 October 1884 <rs type="pers" key="526">Mr van Gogh</rs> wrote to Theo at length about what had been going on. His account contains some interesting information: ‘We have had difficult days with Vincent again. Apparently he wanted to arrange a marriage with <rs type="pers" key="267">Margot</rs>, who proved not entirely averse, but it came up against insuperable objections, on the part of her family too. After news of the business started to leak out, Margot went to Utrecht, where she still is.</ab>
<ab rend="indent">It’s said that the relationship has been broken off, but the friendship will continue. They still correspond constantly. The <rs type="pers" key="110">Dr</rs> she’s staying with also appears to have told V. that there are physical obstacles that make the affair impossible. At first V. seemed to be taking it calmly and I therefore ventured to be away from home for some days, while <rs type="pers" key="407">Wil</rs> was home. But this calm gave way to aggression and Wil was very worried by the feeling that he sometimes seemed to have been drinking.</ab>
<ab rend="indent">She found drink in a field flask of his and this agitated her greatly and she wrote to <rs type="pers" key="412">Anna</rs> about it so that she could tell you. Still it turned out on investigation that it was more appearances than fact. But it gave <rs type="pers" key="524">Ma</rs> and me a reason to talk to him about it. You know that there’s really no talking to him because of the unpleasant tone he adopts. That was the case this time, too, but in the main that last objection was not, in our view, so serious.</ab>
<ab rend="indent">Apparently he gives his models a drink when he’s out in the fields with them, and he said himself that he therefore occasionally has one too. That could be the case. According to what V. says, he sometimes takes a drink in the evening on the Dr’s advice because he has such sleepless nights. That remedy seems very unsuitable to us.</ab>
<ab rend="indent">But the business with Margot continues to occupy him very much and he is rather depressed at the moment. We are doing our best to restore him to calm, which is the most important thing. But his outlook on life and his ways are so different from ours, that it’s questionable whether living together in the same place can continue in the long run. However we don’t want a real separation and are willing to tolerate and attempt everything to the utmost, if only he could become a bit normal. We do expect something to come of that in time.</ab>
<ab rend="indent">There is also a plan that <rs type="pers" key="1306">Van Rappard</rs> should come to see him and stay with us. We have even urged this; it could provide him with a distraction.</ab>
<ab rend="indent">V. just received your registered letter. He told us that you advised him to do everything he could not to make our staying here impossible. We are hoping for the best.</ab>
<ab rend="indent">Meanwhile he has noticed that we could leave here if we want to; the day before yesterday I received a call to go to Baardwijk, a village in the Langstraat, close to Waalwijk ... We have so much that is good here that it would be difficult for us to leave. Only if our relations with people were to become difficult because of circumstances, then it could come to it. There’s risk enough of that at the moment’ (FR b2257).</ab>
    <ab rend="indent">Mr van Gogh intended to discuss this call to the village of Baardwijk (North Brabant), on Tuesday, 8 October.</ab></note>
<note n="2" xml:id="n-2" target="#note-t-2">
<ab>Octave Mouret is a character in <rs type="pers" key="836">Zola</rs>’s novels <hi rend="ital"><rs type="lit" key="274">Pot-bouille</rs></hi> (1882) and <hi rend="ital"><rs type="lit" key="275">Au bonheur des dames</rs></hi> (1883), which Van Gogh described as ‘the second volume’ (cf. <ref target="let283.xml">letters 283</ref> ff.). Van Gogh repeatedly refers to this owner of the department store ‘Au bonheur des dames’. Mouret is ambitious and competitive, and forces the small draper’s shops in his neighbourhood out of business so that he can build a large department store. Van Gogh values his modern and single-minded approach, which responds to the demand and focuses on expanding the clientele.</ab></note>
<note n="3" xml:id="n-3" target="#note-t-3">
<ab>Bourdoncle is one of the managers in the department store ‘Au bonheur des dames’; he has a narrow, mediocre mind. When there is a temporary minor downturn, he fires staff for the smallest thing.</ab></note>
<note n="4" xml:id="n-4" target="#note-t-4">
<ab>This passage was added later; the italics and emphasis are not in <rs type="pers" key="836">Zola</rs>.<hi rend="ital"> </hi>Unlike Bourdoncle, Mouret has a sensual nature and seeks as far as possible to meet the needs of Parisian women in the stock he sells in the store. At the end of <hi rend="ital"><rs type="lit" key="275">Au bonheur des dames</rs></hi> he marries one of his former shop assistants, Denise. Bourdoncle represents the businesslike, impersonal side, whereas Mouret is much more likely to be led by what his heart tells him. See for the quotation (originally with ‘les clientes’ rather than ‘la clientèle’): Zola 1960-1967, vol. 3, chapter 11, p. 699.</ab></note>
<note n="5" xml:id="n-5" target="#note-t-5">
<ab>This term ‘cooled’ does not occur in the letters; Theo probably said it during his visit to Nuenen in August.</ab></note>
<note n="6" xml:id="n-6" target="#note-t-6">
<ab>Van Gogh is referring to the description of a gathering in the salon of Octave Mouret’s mistress Henriette Desforges (<hi rend="ital">Au bonheur des dames</hi>, chapter 3). Cf. Sund 1992, p. 278 (n. 20).</ab></note>
<note n="7" xml:id="n-7" target="#note-t-7">
<ab>See for <rs type="pers" key="1226">Millet</rs>’s <hi rend="ital"><rs type="ill" key="1697">The angelus</rs></hi>: <ref target="let017.xml#n-3">letter 17, n. 3.</ref></ab></note>
<note n="8" xml:id="n-8" target="#note-t-8">
<ab>See for <rs type="pers" key="899">Jules Breton</rs>, <hi rend="ital"><rs type="ill" key="1716">Evening</rs></hi>: <ref target="let034.xml#n-11;">letter 34, n. 11;</ref> and cf. Sund 1992 p. 278 (n. 19).</ab></note>
<note n="9" xml:id="n-9" target="#note-t-9">
<ab><rs type="pers" key="899">Jules Breton</rs>, <hi rend="ital">La source</hi> (The spring) (present whereabouts unknown). Known as a photograph in the series ‘Musée Goupil’, no. 1000 (Paris, BNF, Cabinet des Estampes). <rs type="ill" key="30">Ill. 30</rs>.</ab></note>
<note n="10" xml:id="n-10" target="#note-t-10">
<ab>Taken from the quotation from <rs type="pers" key="836">Zola</rs> written out later in the letter. See <ref target="#l-121">l. 121</ref>.</ab></note>
<note n="11" xml:id="n-11" target="#note-t-11">
<ab>It had previously been suggested that <rs type="pers" key="267">Margot</rs> might suffer from religious mania (<ref target="let457.xml">letter 457</ref>). Margot’s involvement with the church must have been very considerable: she left the churchwardens 750 guilders so that the interest on it could be used to supplement the minister’s stipend. See Tralbaut 1974, p. 82.</ab></note>
<note n="12" xml:id="n-12" target="#note-t-12">
<ab>The passages Van Gogh quotes are taken from a conversation between Octave Mouret and Paul de Vallagnosc in <hi rend="ital"><rs type="lit" key="275">Au bonheur des dames</rs></hi>. See Zola 1960-1967, vol. 3, chapter 11, pp. 696-699.</ab></note>
<note n="13" xml:id="n-13" target="#note-t-13">
<ab>Van Gogh had already alluded to these sentences at the end of <ref target="let458.xml">letter 458</ref>.</ab></note>
<note n="14" xml:id="n-14" target="#note-t-14">
<ab>In <rs type="pers" key="583">Alphonse Daudet</rs>, <hi rend="ital"><rs type="lit" key="384">L’évangéliste – Roman parisien</rs></hi> (1883) the simple crochet worker Mme Ebsen seeks help from the Protestant community after her mother’s death. She is given moral and financial support by Mme d’Autheman who, however, holds extreme religious convictions. She abuses her position and embroils Eline, Mme Ebsen’s daughter, in her fanaticism. Through hypocrisy and deceit, Mme d’Autheman succeeds in taking Eline away from her mother.</ab></note>
<note n="15" xml:id="n-15" target="#note-t-15">
<ab>Instead of ‘which I sent’, Van Gogh originally said: ‘which appeared to be satisfactory’ (die naar genoegen scheen te wezen). Drawings known to have once belonged to <rs type="pers" key="267">Margot Begemann</rs> are the watercolours <hi rend="ital">Scheveningen woman sewing</hi> (<rs type="ill" key="3031">F 869 / JH 83</rs>) and <hi rend="ital">Bleaching ground</hi> (<rs type="ill" key="2379">F 946r / JH 158</rs>) with <hi rend="ital">Scheveningen woman</hi> (<rs type="ill" key="3013">F 946v / JH 95</rs>) on the verso. However, these are drawings that Van Gogh made in The Hague.</ab></note>
<note n="16" xml:id="n-16" target="#note-t-16">
<ab>A reference back to the quotation from <rs type="pers" key="836">Zola</rs> <ref target="#l-125">(ll. 125-127)</ref>.</ab></note></div></body></text></TEI>
