<?xml version="1.0" encoding="UTF-8"?>
<!-- Last Changed Date: 2018-07-18 12:32:41 +0200 (Wed, 18 Jul 2018) | SVN Revision: 2206 -->
<!--Licensed under Attribution-NonCommercial-ShareAlike 4.0 International (CC BY-NC-SA 4.0)-->
<?xml-model href="https://xmlschema.huygens.knaw.nl/vgodd.rng" type="application/xml" schematypens="http://relaxng.org/ns/structure/1.0"?>
<TEI xmlns:vg="http://www.vangoghletters.org/ns/" xmlns="http://www.tei-c.org/ns/1.0">
<teiHeader xmlns:xsi="http://www.w3.org/2001/XMLSchema-instance"><fileDesc>
<titleStmt>
<title>To Theo van Gogh. Nuenen, between about Monday, 22 and about Sunday, 28 September 1884.</title>
<editor>Leo Jansen</editor>
<editor>Hans Luijten</editor>
<editor>Nienke Bakker</editor></titleStmt>
<publicationStmt>
<publisher><name>Huygens Instituut voor Nederlandse Geschiedenis (KNAW)</name><email>info@huygens.knaw.nl</email></publisher>
<publisher>Van Gogh Museum</publisher>
<pubPlace>Amsterdam</pubPlace>
<date type="first" when="2009">2009</date>
<availability status="restricted">
<licence target="http://creativecommons.org/licenses/by-nc-sa/4.0/ https://creativecommons.org/licenses/by-nc-sa/4.0/legalcode">
<p>Attribution-NonCommercial-ShareAlike 4.0 International (CC BY-NC-SA 4.0) </p></licence></availability>
<ptr target="http://vangoghletters.org/orig/let461"/></publicationStmt><sourceDesc><vg:letDesc><vg:letIdentifier>
<idno type="jlb">461</idno>
<idno type="collectedletters">379</idno>
<idno type="brieven1990">464</idno></vg:letIdentifier><vg:letHeading><author>Vincent van Gogh</author><vg:addressee>Theo van Gogh</vg:addressee><vg:placeLet>Nuenen</vg:placeLet><vg:dateLet>between about Monday, 22 and about Sunday, 28 September 1884</vg:dateLet></vg:letHeading><vg:letContents>
<p>To Theo van Gogh. Nuenen, between about Monday, 22 and about Sunday, 28 September 1884.</p>
<note type="ongoingTopic" n="1">
<p>Margot Begemann is in Utrecht <ref target="let456.xml">(456)</ref></p></note></vg:letContents>
<note type="sourceStatus" xml:id="sourceStatus">
<p>Original manuscript</p></note>
<note type="location" xml:id="location">
<p>Amsterdam, Van Gogh Museum, inv. no. b413 a V/1962</p></note>
<note type="date" xml:id="date">
<p>Assuming that the opening shot in this letter refers to <ref target="let458.xml">letter 458</ref>, in which Vincent explicitly says that his opinion about a man’s responsibility to a woman differs fundamentally from Theo’s, this letter must have been written after about 21 September. It must, moreover, be earlier than <ref target="let463.xml">letter 463</ref> of 30 September, since the question of the ‘barricade’ between Theo and Vincent introduced at the beginning of the present letter is repeated there. We therefore date this one between about Monday, 22 and about Sunday, 28 September 1884.</p>
<p rend="indent">It remains odd that Van Gogh used the word ‘soon’ in association with the upcoming exhibition of Delacroix’s work, since it was not due to open until March 1885.</p></note>
<note type="arrangement" xml:id="arrangement">
<p>A sheet had previously been added to the end of this letter which, on the grounds of content, we regard as part of <ref target="let464.xml">letter 464</ref>. See under <hi rend="ital">Arrangement </hi>there.</p></note></vg:letDesc></sourceDesc></fileDesc></teiHeader>
<facsimile xmlns:xsi="http://www.w3.org/2001/XMLSchema-instance">
<surface n="b 0413 a" xml:id="surf-pb-1r"><graphic mimeType="image/tiff" url="VGM001000546_01.TIF" rend="norend"/><graphic mimeType="image/tiff" url="VGM001000546_01_n.tif" rend="norend"/><graphic mimeType="image/jpeg" url="VGM001000546_01_nt.jpg" height="50px" rend="thumbnail"/><zone xml:id="zone-pb-1r-1">
<graphic mimeType="image/tiff" url="VGM001000546_01_nR.tif" rend="norend"/><graphic mimeType="image/jpeg" url="VGM001000546_01_nRt.jpg" height="50px" rend="thumbnail"/><graphic mimeType="image/png" url="VGM001000546_01_nRf.png" width="380px" rend="facstab"/></zone>
<zone xml:id="zone-pb-1r-4">
<graphic mimeType="image/tiff" url="VGM001000546_01_nL.tif" rend="norend"/><graphic mimeType="image/jpeg" url="VGM001000546_01_nLt.jpg" height="50px" rend="thumbnail"/><graphic mimeType="image/png" url="VGM001000546_01_nLf.png" width="380px" rend="facstab"/></zone>
</surface>
<surface n="b 0413 a" xml:id="surf-pb-1v"><graphic mimeType="image/tiff" url="VGM001000546_02.TIF" rend="norend"/><graphic mimeType="image/tiff" url="VGM001000546_02_n.tif" rend="norend"/><graphic mimeType="image/jpeg" url="VGM001000546_02_nt.jpg" height="50px" rend="thumbnail"/><zone xml:id="zone-pb-1v-2">
<graphic mimeType="image/tiff" url="VGM001000546_02_nL.tif" rend="norend"/><graphic mimeType="image/jpeg" url="VGM001000546_02_nLt.jpg" height="50px" rend="thumbnail"/><graphic mimeType="image/png" url="VGM001000546_02_nLf.png" width="380px" rend="facstab"/></zone>
<zone xml:id="zone-pb-1v-3">
<graphic mimeType="image/tiff" url="VGM001000546_02_nR.tif" rend="norend"/><graphic mimeType="image/jpeg" url="VGM001000546_02_nRt.jpg" height="50px" rend="thumbnail"/><graphic mimeType="image/png" url="VGM001000546_02_nRf.png" width="380px" rend="facstab"/></zone>
</surface></facsimile><text xmlns:xsi="http://www.w3.org/2001/XMLSchema-instance"><body>
<div type="original">
<pb f="1r" n="1" xml:id="pb-orig-1r-1" facs="#zone-pb-1r-1"/><lb n="1" xml:id="l-1"/>
<ab>Waarde Theo,</ab><lb n="1*" xml:id="l-1s"/>
<ab>Mijn laatsten brief kon ik <lb n="2" xml:id="l-2"/>niet in een anderen vorm krijgen.<anchor n="1" xml:id="note-o-1"/></ab><lb n="3" xml:id="l-3"/>
<ab rend="indent">Maar weet dat het mij altijd voorkomt dat <lb n="4" xml:id="l-4"/>het meer een noodlottig geschil is tusschen <lb n="5" xml:id="l-5"/>U en mij dan een waaraan we zelf alleen <lb n="6" xml:id="l-6"/>schuld hebben. En zoo met Pa ook<c type="kp">_</c>–</ab><lb n="7" xml:id="l-7"/>
<ab rend="indent">Ge zegt er komt binnen kort een expositie van ’t werk <lb n="8" xml:id="l-8"/>van Delacroix<c type="kp">_</c>–<anchor n="2" xml:id="note-o-2"/> Goed – daar zult ge zeker wel <lb n="9" xml:id="l-9"/>zien een schilderij <hi rend="ital">La barricade</hi><c type="kk">/</c> dat ik alleen ken <lb n="10" xml:id="l-10"/>uit levensbeschrijvingen van Delacroix. ’t is geschilderd <lb n="11" xml:id="l-11"/>meen ik in 1848.<anchor n="3" xml:id="note-o-3"/> Gij kent bovendien een <lb n="12" xml:id="l-12"/>lithographie door de Lemud meen ik – indien niet door <lb n="13" xml:id="l-13"/>hem dan door <hi rend="ital">Daumier</hi><c type="kk">/</c> voorstellende ook <lb n="14" xml:id="l-14"/>de barricade van 1848.<anchor n="4" xml:id="note-o-4"/> Ik wou gij U eens kondt <lb n="15" xml:id="l-15"/>voorstellen dat gij en ik hadden geleefd in dat <lb n="16" xml:id="l-16"/>jaar 1848 – <lb n="16a" xml:id="l-16a"/>of dergelijke periode<c type="kk">/</c> want bij den coup d’état van Napoleon <lb n="16b" xml:id="l-16b"/>is er ook weer iets geweest.<anchor n="5" xml:id="note-o-5"/> <lb n="16"/>Ik zal U geen hatelijkheden <lb n="17" xml:id="l-17"/>zeggen – dat is ook het doel nooit geweest – ik <lb n="18" xml:id="l-18"/>tracht U duidelijk te maken in hoeverre ’t verschil <lb n="19" xml:id="l-19"/>dat tusschen ons gekomen is in verband staat met <lb n="20" xml:id="l-20"/>algemeene stroomingen in de maatschappij<c type="kk">/</c> en <lb n="21" xml:id="l-21"/>als zoodanig iets heel anders is dan expres er op aangelegde <lb n="22" xml:id="l-22"/>hatelijkheden.</ab>
<pb f="1v" n="2" xml:id="pb-orig-1v-2" facs="#zone-pb-1v-2"/><lb n="23" xml:id="l-23"/>
<ab rend="indent">Neem dus dien tijd 1848.</ab><lb n="24" xml:id="l-24"/>
<ab rend="indent">Wie stonden toen tegenover elkaar die <lb n="25" xml:id="l-25"/>men als typen kan nemen van al de rest<c type="kp">_</c> <lb n="26" xml:id="l-26"/>Guizot – minister van Louis Philippe eenerzijds<c type="kk">/</c><anchor n="6" xml:id="note-o-6"/> <lb n="27" xml:id="l-27"/>Michelet en Quinet met de studenten aan den anderen kant<c type="kp">_</c><anchor n="7" xml:id="note-o-7"/></ab><lb n="28" xml:id="l-28"/>
<ab>Ik begin met Guizot en Louis Philippe<c type="kp">_</c>– Waren <lb n="29" xml:id="l-29"/>die slecht of tiranniek? Niet precies – ’t waren <lb n="30" xml:id="l-30"/>lui<c type="kk">/</c> naar ik ’t zie<c type="kk">/</c> als b.v. Pa en grootvader<c type="kk">/</c> den ouden Goupil<anchor n="8" xml:id="note-o-8"/> <lb n="30a" xml:id="l-30a"/>(personen enfin die er almagtig eerwaardig uitzien – diep – ernstig – doch bekijkt <lb n="30b" xml:id="l-30b"/>men ze een beetje scherp en van digt bij<c type="kk">/</c> hebben ze iets lugubers<c type="kk">/</c> dofs<c type="kk">/</c> flaauws zelf<c type="kk">/</c> <lb n="30c" xml:id="l-30c"/>dermate men er wee van wordt<c type="kp">_</c>– Is dit te veel gezegd???)<c type="kk">/</c> <lb n="31" xml:id="l-31"/>behoudens variatie van positie zelfden <lb n="32" xml:id="l-32"/>geest<c type="kk">/</c> zelfde karakter. Is dat mis gezien <lb n="33" xml:id="l-33"/>van mij???</ab><lb n="35" xml:id="l-35"/>
<ab rend="indent">Quinet nu b.v.<c type="kk">/</c> of Michelet of V. Hugo (<hi rend="ital">later</hi>)<c type="kk">/</c><anchor n="9" xml:id="note-o-9"/> <lb n="36" xml:id="l-36"/>was ’t verschil tusschen hen en hun tegenpartij <lb n="37" xml:id="l-37"/>almagtig groot<c type="kp">_</c>– Ja – maar oppervlakkig <lb n="38" xml:id="l-38"/>zou men dat niet gezegd hebben. ik zelf heb <lb n="39" xml:id="l-39"/><hi rend="ital">in der tijd</hi> tegelijk een boek van Guizot en een boek <lb n="40" xml:id="l-40"/>van Michelet even mooi gevonden. Doch in mijn geval<c type="kk">/</c> <lb n="41" xml:id="l-41"/>naarmate ik er dieper in kwam zag ik onderscheid <lb n="42" xml:id="l-42"/>en <hi rend="ital">tegenstrijdigheid</hi><c type="kk">/</c> wat meer is! Enfin dat het <lb n="43" xml:id="l-43"/>eene <hi rend="ital">dood</hi>loopt<c type="kk">/</c> vaag verdwijnt<c type="kk">/</c> en integendeel <lb n="44" xml:id="l-44"/>in ’t andere iets <hi rend="ital">oneindigs</hi> blijft<c type="kp">_</c></ab>
<pb f="1v" n="3" xml:id="pb-orig-1v-3" facs="#zone-pb-1v-3"/><lb n="45" xml:id="l-45"/>
<ab rend="indent">Er is sedert veel gebeurd<c type="kp">_</c>– Maar ik houd het er <lb n="46" xml:id="l-46"/>voor dat als gij en ik <hi rend="ital">toen</hi> geleefd hadden <lb n="47" xml:id="l-47"/>gij aan den kant van Guizot waart geweest en <lb n="48" xml:id="l-48"/>ik aan den kant van Michelet. En beiden consequent <lb n="49" xml:id="l-49"/>blijvende<c type="kk">/</c> met een zekere melankolie ons <lb n="50" xml:id="l-50"/>regtlijnig als vijanden tegenover elkaar hadden <lb n="51" xml:id="l-51"/>kunnen bevinden<c type="kk">/</c> b.v. op zoo’n barricade<c type="kk">/</c> <lb n="52" xml:id="l-52"/>gij er vóór als soldaat van ’t gouvernement<c type="kk">/</c> <lb n="53" xml:id="l-53"/>ik er achter als revolutionnair of rebel.</ab><lb n="54" xml:id="l-54"/>
<ab rend="indent"><hi rend="ital">Nu</hi> in 1884 – <hi rend="ital">toevallig zijn de cijfers net dezelfde</hi><c type="kk">/</c> <lb n="55" xml:id="l-55"/><hi rend="ital">slechts even omgedraaid</hi> – staan we <hi rend="ital">weer</hi> <lb n="56" xml:id="l-56"/>tegenover elkaar – doch barricades zijn <lb n="57" xml:id="l-57"/>er nu wel is waar niet<c type="kp">_</c>– De geesten die <lb n="58" xml:id="l-58"/>’t niet eens kunnen worden echter wel degelijk. <lb n="59" xml:id="l-59"/>Le moulin n’y est plus mais le vent y est encore<c type="kp">_</c><anchor n="10" xml:id="note-o-10"/> <lb n="60" xml:id="l-60"/>En we zijn – mijns inziens – in verschillende <lb n="61" xml:id="l-61"/>kampen tegenover elkaar – daar is niets <lb n="62" xml:id="l-62"/>aan te doen<c type="kp">_</c>– En of ge wilt of niet<c type="kk">/</c> <hi rend="ital">gij</hi> <lb n="63" xml:id="l-63"/>moet voort<c type="kk">/</c> <hi rend="ital">ik</hi> moet voort<c type="kp">_</c>– Doch wegens <lb n="64" xml:id="l-64"/>we broers zijn<c type="kk">/</c> laat ons ’t coupeeren elkaar <lb n="65" xml:id="l-65"/>dood te schieten b.v. (in figuurlijken zin)<c type="kp">_</c></ab>
<pb f="1r" n="4" xml:id="pb-orig-1r-4" facs="#zone-pb-1r-4"/><lb n="66" xml:id="l-66"/>
<ab rend="indent">Doch elkaar <hi rend="ital">helpen</hi> kunnen we niet dermate <lb n="67" xml:id="l-67"/>als twee lui die in ’t zelfde kamp aan elkaars zij <lb n="68" xml:id="l-68"/>staan. Neen<c type="kk">/</c> komen we in elkaars nabijheid<c type="kk">/</c> <lb n="69" xml:id="l-69"/>we zouden in elkaars vuur loopen<c type="kp">_</c></ab><lb n="70" xml:id="l-70"/>
<ab rend="indent"><hi rend="ital">Mijn</hi> hatelijkheden zijn kogels niet op U – die mijn broer zijt – <lb n="71" xml:id="l-71"/>gericht<c type="kk">/</c> maar wel in ’t algemeen op de partij waar ge nu eenmaal in zijt<c type="kp">_</c> <lb n="72" xml:id="l-72"/><hi rend="ital">Uw</hi> hatelijkheden beschouw ik ook niet als expres gemikt <lb n="73" xml:id="l-73"/>op mij maar – <hi rend="ital">ge schiet op de barricade</hi> (en meent U daarmee verdienstelijk te maken)<c type="kk">/</c> <lb n="74" xml:id="l-74"/>en ik ben nu eenmaal daarin<c type="kp">_</c>–</ab><lb n="75" xml:id="l-75"/>
<ab rend="indent">Denk hier eens over als ge wilt – want ik geloof <lb n="76" xml:id="l-76"/>niet dat ge erg veel kunt afdingen hierop<c type="kk">/</c> <lb n="77" xml:id="l-77"/>ik kan niet anders zeggen dan dat ik geloof ’t ± zoo <lb n="78" xml:id="l-78"/>in elkaar zit.</ab><lb n="79" xml:id="l-79"/>
<ab rend="indent">Ik heb nu meenen te zien dat terwijl ik vroeger <lb n="80" xml:id="l-80"/>gehoopt had gij anders zoudt uitvallen <lb n="81" xml:id="l-81"/>en we aan een zelfde zij zouden staan<c type="kk">/</c> het zich <lb n="82" xml:id="l-82"/>beslist heeft we in tegenstrijdige kampen verzeild zijn geraakt<c type="kp">_</c> <lb n="83" xml:id="l-83"/>En gij – uwerzijds hebt misschien gehoopt ik veranderen <lb n="84" xml:id="l-84"/>zou dermate dat wij zamen aan de kant waar ge U nu <lb n="85" xml:id="l-85"/>bevindt<c type="kk">/</c> teregt gekomen zouden zijn. Maar ge ziet, daar heb ik geen plan op<c type="kp">_</c>– Ik moet schieten<c type="kk">/</c> <lb n="86" xml:id="l-86"/>Uw kant uit – ik zal echter trachten U niet te raken<c type="kp">_</c> <lb n="87" xml:id="l-87"/>Gij moet schieten<c type="kk">/</c> mijn kant uit – doe ’t zelfde.</ab><lb n="88" xml:id="l-88"/>
<ab rend="indent">Ik hoop gij dit wat ik in figuurlijken zin zeg<c type="kk">/</c> <lb n="89" xml:id="l-89"/>vatten zult. Noch gij noch ik bemoeien ons met <lb n="90" xml:id="l-90"/>de politiek maar wij zijn in de wereld<c type="kk">/</c> in de <lb n="91" xml:id="l-91"/>maatschappij<c type="kk">/</c> en <hi rend="ital">vanzelf</hi> groepeeren zich gelederen van <lb n="92" xml:id="l-92"/>menschen. Kunnen de wolken er zelf <hi rend="ital">heel</hi> veel aan doen <lb n="93" xml:id="l-93"/>of ze tot de eene donderbui of tot de andere hooren? <lb n="94" xml:id="l-94"/>of ze dragers zijn van positieve of negatieve electriciteit?– <lb n="95" xml:id="l-95"/>Doch nu is het ook weer waar menschen geen wolken <lb n="96" xml:id="l-96"/>zijn<c type="kp">_</c> Men maakt als individu een deel uit van <lb n="97" xml:id="l-97"/>’t geheel dat de menschheid uitmaakt<c type="kp">_</c>– In die menschheid <lb n="98" xml:id="l-98"/>zijn partijen. In hoeverre is ’t eigen wil<c type="kk">/</c> in hoever fataliteit <lb n="99" xml:id="l-99"/>der omstandigheden<c type="kk">/</c> dat men tot de eene of tot de er tegenoverstaande <lb n="100" xml:id="l-100"/>partij hoort?</ab><lb n="101" xml:id="l-101"/>
<ab rend="indent">Enfin ’t was toen 48<c type="kk">/</c> ’t is nu 84<c type="kp">_</c> le moulin n’y est plus<c type="kk">/</c> le <lb n="102" xml:id="l-102"/>vent y est encore. Tracht echter voor U zelf te weten waar ge eigentlijk <lb n="103" xml:id="l-103"/>in zijt zooals ik voor me zelf dat tracht te weten. Gegroet.</ab>
<vg:whiteline/><lb n="104" xml:id="l-104"/>
<ab>Vincent</ab>
<vg:whiteline/>
<div type="textualNotes">
<note target="l-21" n="21">anders is &lt; anders</note>
<note target="l-30" n="30">a-c (personen <supplied><hi rend="ital">...</hi></supplied> gezegd???) &lt; <hi rend="ital">Added later; parentheses added by us.</hi></note>
<note target="l-70" n="70">U – &lt; U</note>
<note target="l-73" n="73">(en meent <supplied><hi rend="ital">...</hi></supplied> maken)<c type="kk">/</c> &lt; <hi rend="ital">Added later; parentheses added by us.</hi></note>
<note target="l-75" n="75">geloof &lt; <hi rend="ital">This is followed by a few scratches in the shape of a square. It is not clear whether text or a drawing were struck through here.</hi></note></div></div>
<div type="translation">
<pb f="1r" n="1" xml:id="pb-trans-1r-1" facs="#zone-pb-1r-1"/>
<ab>My dear Theo,</ab>
<ab>I couldn’t get my last letter into a different form.<anchor n="1" xml:id="note-t-1"/></ab>
<ab rend="indent">But understand that it always seems to me that it’s more an ill-fated quarrel between you and me than one for which we ourselves are solely to blame. And the same with <rs type="pers" key="526">Pa</rs> too.</ab>
<ab rend="indent">You say there’s soon to be an exhibition of Delacroix’s work.<anchor n="2" xml:id="note-t-2"/> Very well — you’ll certainly see a painting there, <hi rend="ital">The barricade</hi>, that I only know from biographies of <rs type="pers" key="982">Delacroix</rs>. I think it was painted in 1848.<anchor n="3" xml:id="note-t-3"/> You also know a lithograph by <rs type="pers" key="1167">De Lemud</rs>, I think — if not by him then by <hi rend="ital"><rs type="pers" key="977">Daumier</rs></hi>, also depicting the barricade of 1848.<anchor n="4" xml:id="note-t-4"/> I wish that you could just imagine that you and I had lived in that year, 1848 — or a similar period, for there was also something of the kind with <rs type="pers" key="496">Napoleon</rs>’s coup d’état.<anchor n="5" xml:id="note-t-5"/> I won’t say anything nasty to you — that’s never been the aim — I’m trying to make clear to you the extent to which the difference that has come between us is related to general tendencies in society, and as such is something very different from expressly intended nastiness. 
<pb f="1v" n="2" xml:id="pb-trans-1v-2" facs="#zone-pb-1v-2"/></ab>
<ab rend="indent">So take the 1848 period.</ab>
<ab rend="indent">Who were facing each other then whom one can take as prototypes of all the rest? <rs type="pers" key="620">Guizot</rs> — <rs type="pers" key="171">Louis-Philippe</rs>’s minister on one side,<anchor n="6" xml:id="note-t-6"/> <rs type="pers" key="707">Michelet</rs> and <rs type="pers" key="720">Quinet</rs> with the students on the other side.<anchor n="7" xml:id="note-t-7"/> I’ll start with Guizot and Louis-Philippe. Were they bad or tyrannical? Not exactly — they were people, as I see it, like, say, <rs type="pers" key="526">Pa</rs> and <rs type="pers" key="398">Grandfather</rs>, old <rs type="pers" key="436">Goupil</rs><anchor n="8" xml:id="note-t-8"/> (people in short who look almighty respectable — profound — serious — yet if one looks at them a bit sharply and at close quarters, there’s something lugubrious, dull, even feeble about them, to such a degree that they make one sick. Is this going too far???), aside from a difference in position, same mind, same character. Have I got this wrong???</ab>
<ab rend="indent"><rs type="pers" key="720">Quinet</rs> now, say, or <rs type="pers" key="707">Michelet</rs> or <rs type="pers" key="666">V. Hugo</rs> (<hi rend="ital">later</hi>),<anchor n="9" xml:id="note-t-9"/> was the difference between them and their opponents almighty great? Yes — but on the surface one wouldn’t have said so. <hi rend="ital">At the time</hi> I myself, at one and the same time, found a book by <rs type="pers" key="620">Guizot</rs> and a book by Michelet equally good. Yet in my case, as I got deeper into it, I saw a difference and, what’s more, <hi rend="ital">contradiction</hi>! In short, that the one <hi rend="ital">peters out</hi>, disappears vaguely, while in contrast something <hi rend="ital">infinite</hi> remains in the other. 
<pb f="1v" n="3" xml:id="pb-trans-1v-3" facs="#zone-pb-1v-3"/></ab>
<ab rend="indent">Much has happened since then. But I believe that if you and I had lived <hi rend="ital">then</hi>, you would have been on <rs type="pers" key="620">Guizot</rs>’s side and I on <rs type="pers" key="707">Michelet</rs>’s side. And both remaining consistent, could with a certain sadness have found ourselves directly opposed to each other as enemies, on just such a barricade, say; you in front of it as a soldier of the government, I behind it as a revolutionary or rebel.</ab>
<ab rend="indent"><hi rend="ital">Now</hi> in 1884 — <hi rend="ital">by chance the figures are exactly the same, just reversed</hi> — we’re facing each other <hi rend="ital">again</hi> — although there are no barricades now, it’s true. The minds that can’t agree, however, are real. The mill is there no longer, but the wind’s still there.<anchor n="10" xml:id="note-t-10"/> And we are — in my view — opposite each other in different camps — it can’t be helped. And whether you like it or not, <hi rend="ital">you</hi> must go on, <hi rend="ital">I</hi> must go on. Yet because we’re brothers, let’s stop short of shooting each other dead, say (figuratively speaking). 
<pb f="1r" n="4" xml:id="pb-trans-1r-4" facs="#zone-pb-1r-4"/></ab>
<ab rend="indent">Yet we can’t <hi rend="ital">help</hi> each other as much as two people standing side by side in the same camp. No, if we come in each other’s vicinity, we’d walk into each other’s fire.</ab>
<ab rend="indent"><hi rend="ital">My</hi> nasty remarks are bullets directed not at you — who are my brother — but in general at the party to which you belong. Likewise I don’t regard <hi rend="ital">your</hi> nasty remarks as being expressly aimed at me, but — <hi rend="ital">you’re shooting at the barricade</hi> (and believe that you’re thereby making yourself useful) and I happen to be inside it.</ab>
<ab rend="indent"> Think about this if you will — for I don’t believe that you can contradict very much of it; all I can say is that I believe this is pretty much how it is.</ab>
      <ab rend="indent">I’ve now realized that while I used to hope that you’d turn out differently and we’d be on the same side, it has been decided that we’ve ended up in opposing camps. And you — for your part, perhaps hoped that I’d change to the extent that we’d have fetched up together on the side where you are now. But you see I have no intention of that. I have to shoot in your direction — I’ll try not to hit you, though. You have to shoot in my direction — do the same.</ab>
<ab rend="indent">I hope you’ll take what I’m saying in a figurative sense. Neither you nor I concern ourselves with politics, but we do live in the world, in society, and ranks of people do form groups<hi rend="ital"> as a matter of course</hi>. Can the clouds themselves do <hi rend="ital">very</hi> much about whether they belong to one thunderstorm or the other? Whether they are carriers of positive or negative electricity? But it’s also true that people aren’t clouds. As an individual one is part of the whole that makes up humanity. Within this humanity there are parties. To what extent is it free will, to what extent the fatefulness of circumstances, that one belongs to one opposing party or the other?</ab>
<ab rend="indent">Anyway, it was 48 then, it’s 84 now. The mill is there no longer, the wind is still there. However, try to know for yourself where you actually are, as I try to know it for myself. Regards.</ab>
<vg:whiteline/>
<ab>Vincent</ab></div>
<div type="notes">
<note n="1" xml:id="n-1" target="#note-t-1">
<ab>This was <ref target="let458.xml">letter 458</ref>.</ab></note>
<note n="2" xml:id="n-2" target="#note-t-2">
<ab>
      <hi rend="ital">Exposition Eugène Delacroix au profit de la souscription destinée à éléver à Paris un monument sa mémoire. Ecole Nationale des Beaux-Arts </hi>(Eugène Delacroix<hi rend="ital"> </hi>Exhibition to benefit the subscription intended to raise a monument to his memory in Paris), Paris (Ecole Nationale des Beaux-Arts) 6 March to 15 April 1885. See Johnson 1981-1989, vol. 1, p. <hi rend="sc">xxxiv</hi>.</ab></note>
<note n="3" xml:id="n-3" target="#note-t-3">
<ab><rs type="pers" key="982">Eugène Delacroix</rs>, <hi rend="ital">La barricade</hi> (The barricade), or: <hi rend="ital">La Liberté guidant le peuple </hi>(Liberty guiding the people), 1830 (Paris, Musée du Louvre). <rs type="ill" key="64">Ill. 64</rs>. Van Gogh is mistaken (but he does write ‘I think’): the painting depicts the July revolution of 1830, not the popular uprising in June 1848. Delacroix also spoke of a barricade in his letters: ‘I have embarked on a modern subject, <hi rend="ital">A barricade</hi>’ (‘J’ai entrepris un sujet moderne, <hi rend="ital">Une barricade</hi>’). See Johnson 1981-1989, vol. 1, pp. 144-151, cat. no. 144.</ab></note>
<note n="4" xml:id="n-4" target="#note-t-4">
<ab>This may be a lithograph of <rs type="pers" key="977">Daumier</rs>’s <hi rend="ital"><rs type="otherart" key="476">The Revolution of 1848. A family on the barricades</rs></hi>: <ref target="let305.xml#n-6">see letter 305, n. 6.</ref></ab></note>
<note n="5" xml:id="n-5" target="#note-t-5">
<ab><rs type="pers" key="496">Louis Napoleon Bonaparte</rs>, who became President of France on 20 December 1848, violated the constitution and forced through a ten-year presidency after the <hi rend="ital">coup d’état</hi> of 2 December 1851. A year later he had himself proclaimed Emperor Napoleon <hi rend="sc">iii</hi>.</ab></note>
<note n="6" xml:id="n-6" target="#note-t-6">
<ab><rs type="pers" key="620">François Guizot</rs> took part in the July revolution of 1830 and then became one of the pillars of the July monarchy of <rs type="pers" key="171">King Louis Philippe I</rs>. He gradually became more conservative, and was appointed premier in 1847. His accommodating attitude towards the king provoked the February revolution of 1848. Louis Philippe I initially ruled as a citizen king but grew ever more authoritarian; his regime became corrupt. He too was brought down by the revolution that ushered in the Second Republic (1848-1852).</ab></note>
<note n="7" xml:id="n-7" target="#note-t-7">
<ab><rs type="pers" key="720">Edgar Quinet</rs> and <rs type="pers" key="707">Jules Michelet</rs>, both of whom held liberal views, rebelled against <rs type="pers" key="620">Guizot</rs>’s conservative and ultramontane policy.</ab></note>
<note n="8" xml:id="n-8" target="#note-t-8">
<ab><rs type="pers" key="436">Adolphe Goupil</rs>, founder of the firm of Goupil &amp; Cie.</ab></note>
<note n="9" xml:id="n-9" target="#note-t-9">
<ab><rs type="pers" key="666">Victor Hugo</rs> wrote several novels in which the Revolution featured, among them <hi rend="ital"><rs type="lit" key="310">Les misérables</rs></hi> (1862), <hi rend="ital"><rs type="lit" key="278">Quatre-vingt-treize</rs></hi> (1874), and <hi rend="ital"><rs type="lit" key="307">Histoire d’un crime</rs></hi> (1877-1878).</ab></note>
<note n="10" xml:id="n-10" target="#note-t-10">
<ab>This line is taken from <rs type="pers" key="666">Victor Hugo</rs>, <hi rend="ital"><rs type="lit" key="307">Les misérables</rs></hi>, book 1, chapter 10. See Hugo 1951, p. 67. It is said by a former revolutionary (‘le conventionnel’) in a conversation with Bishop Bienvenu about the achievements of the French Revolution: ‘We brought down the ancien régime in deeds, we did not entirely succeed in doing away with it in ideas.’ (Nous avons démoli l’ancien régime dans les faits, nous n’avons pu entièrement le supprimer dans les idées.) This idea ties in directly with what Van Gogh asserts before the quotation.</ab></note></div></body></text></TEI>
