<?xml version="1.0" encoding="UTF-8"?>
<!-- Last Changed Date: 2018-07-18 12:32:41 +0200 (Wed, 18 Jul 2018) | SVN Revision: 2206 -->
<!--Licensed under Attribution-NonCommercial-ShareAlike 4.0 International (CC BY-NC-SA 4.0)-->
<?xml-model href="https://xmlschema.huygens.knaw.nl/vgodd.rng" type="application/xml" schematypens="http://relaxng.org/ns/structure/1.0"?>
<TEI xmlns:vg="http://www.vangoghletters.org/ns/" xmlns="http://www.tei-c.org/ns/1.0">
<teiHeader xmlns:xsi="http://www.w3.org/2001/XMLSchema-instance"><fileDesc>
<titleStmt>
<title>To Theo van Gogh. Nieuw-Amsterdam, on or about Monday, 5 November 1883.</title>
<editor>Leo Jansen</editor>
<editor>Hans Luijten</editor>
<editor>Nienke Bakker</editor></titleStmt>
<publicationStmt>
<publisher><name>Huygens Instituut voor Nederlandse Geschiedenis (KNAW)</name><email>info@huygens.knaw.nl</email></publisher>
<publisher>Van Gogh Museum</publisher>
<pubPlace>Amsterdam</pubPlace>
<date type="first" when="2009">2009</date>
<availability status="restricted">
<licence target="http://creativecommons.org/licenses/by-nc-sa/4.0/ https://creativecommons.org/licenses/by-nc-sa/4.0/legalcode">
<p>Attribution-NonCommercial-ShareAlike 4.0 International (CC BY-NC-SA 4.0) </p></licence></availability>
<ptr target="http://vangoghletters.org/orig/let403"/></publicationStmt><sourceDesc><vg:letDesc><vg:letIdentifier>
<idno type="jlb">403</idno>
<idno type="collectedletters">339a</idno>
<idno type="brieven1990">405</idno></vg:letIdentifier><vg:letHeading><author>Vincent van Gogh</author><vg:addressee>Theo van Gogh</vg:addressee><vg:placeLet>Nieuw-Amsterdam</vg:placeLet><vg:dateLet>on or about Monday, 5 November 1883</vg:dateLet></vg:letHeading><vg:letContents>
<p>To Theo van Gogh. Nieuw-Amsterdam, on or about Monday, 5 November 1883.</p>
<note type="ongoingTopic" n="1">
<p>Tensions between Theo and his employers <ref target="let392.xml">(392)</ref></p></note></vg:letContents>
<note type="sourceStatus" xml:id="sourceStatus">
<p>Original manuscript</p></note>
<note type="location" xml:id="location">
<p>Amsterdam, Van Gogh Museum, inv. nos. b363 V/1962 (sheet 1) and b374 V/1962 (sheet 2)</p></note>
<note type="date" xml:id="date">
<p>After Vincent’s initial reaction in <ref target="let401.xml">letter 401</ref> to a letter from Theo in which the latter had denied being an ‘artist’, he elaborated on his response in <ref target="let403.xml">letters 403</ref> and <ref target="let404.xml">404</ref>. The order of these two letters is governed by the decisiveness of Vincent’s wording: whereas in <ref target="let403.xml">letter 403</ref> he is still searching for a conclusion and cannot really express his definite opinion, in <ref target="let404.xml">letter 404</ref> he is surer of the rightness of his position. He arrives at the final conclusion in <ref target="let405.xml">letter 405</ref>, which dates from Sunday, 11 November. This means that <ref target="let403.xml">letters 403</ref> and <ref target="let404.xml">404</ref> were written between Saturday, 3 and Saturday, 10 November. In the absence of any further points of reference we have spaced the letters evenly during this period, so we have dated <ref target="let403.xml">letter 403</ref> on or about Monday, 5 November and <ref target="let404.xml">letter 404</ref> on or about Thursday, 8 November 1883. </p></note>
<note type="arrangement" xml:id="arrangement">
<p><ref target="#l-141">Lines 141</ref> ff. are on a separate sheet which was placed with <ref target="let414.xml">letter 414</ref> from Nuenen in <hi rend="ital">De brieven</hi> 1990. For a number of reasons, however, we do not believe that it dates from that period. It was written on a type of squared paper which Van Gogh did not use in Nuenen, and it contains no references – direct or indirect – to the situation in Nuenen. In the wording ‘when we had a bit of an argument in The Hague not long ago’ <ref target="#l-209">(l. 209)</ref>, where Van Gogh refers to Theo’s visit to The Hague in early August, ‘not long ago’ is a rather improbable choice of words were this to have been written in the middle of December: it would then have to relate to a visit that must have taken place at an entirely different time of the year – over the Drenthe period.</p>
<p rend="indent">This last consideration is also an argument for moving the fragment to the Drenthe period, when Theo’s future was a dominant theme. Furthermore, the same squared notepaper occurs several times then. In the closing passage Vincent also uses the expression that he resorted to more than once in Drenthe to give Theo the courage to change his profession and become a painter: ‘collier’s faith’ (<ref target="let396.xml">see letters 396</ref> and <ref target="let397.xml">397</ref>). And on these pages he talks about an argument with his father and with H.G. Tersteeg – the latter was not a factor in the conflict in Nuenen. Aside from this, we see two further reasons for placing this section with the present letter. In it Van Gogh names a number of painters whose attitudes and views he holds in respect, and contrasts them with his father <ref target="#l-125">(ll. 125-127)</ref>. The same comparison using some of the same painters’ names occurs in the new section <ref target="#l-172">(ll. 172-173)</ref>. And that section begins with an apology for the clumsiness which with Van Gogh puts his thoughts into words – something that echoes what he says a little earlier in the letter, namely that he can only express himself ‘falteringly, chaotically and roughly’.</p></note></vg:letDesc></sourceDesc></fileDesc></teiHeader>
<facsimile xmlns:xsi="http://www.w3.org/2001/XMLSchema-instance">
<surface n="b 0363" xml:id="surf-pb-1r"><graphic mimeType="image/tiff" url="VGM001000471_01.TIF" rend="norend"/><graphic mimeType="image/tiff" url="VGM001000471_01_n.tif" rend="norend"/><graphic mimeType="image/jpeg" url="VGM001000471_01_nt.jpg" height="50px" rend="thumbnail"/><zone xml:id="zone-pb-1r-1">
<graphic mimeType="image/tiff" url="VGM001000471_01_nR.tif" rend="norend"/><graphic mimeType="image/jpeg" url="VGM001000471_01_nRt.jpg" height="50px" rend="thumbnail"/><graphic mimeType="image/png" url="VGM001000471_01_nRf.png" width="380px" rend="facstab"/></zone>
<zone xml:id="zone-pb-1r-4">
<graphic mimeType="image/tiff" url="VGM001000471_01_nL.tif" rend="norend"/><graphic mimeType="image/jpeg" url="VGM001000471_01_nLt.jpg" height="50px" rend="thumbnail"/><graphic mimeType="image/png" url="VGM001000471_01_nLf.png" width="380px" rend="facstab"/></zone>
</surface>
<surface n="b 0363" xml:id="surf-pb-1v"><graphic mimeType="image/tiff" url="VGM001000471_02.TIF" rend="norend"/><graphic mimeType="image/tiff" url="VGM001000471_02_n.tif" rend="norend"/><graphic mimeType="image/jpeg" url="VGM001000471_02_nt.jpg" height="50px" rend="thumbnail"/><zone xml:id="zone-pb-1v-2">
<graphic mimeType="image/tiff" url="VGM001000471_02_nL.tif" rend="norend"/><graphic mimeType="image/jpeg" url="VGM001000471_02_nLt.jpg" height="50px" rend="thumbnail"/><graphic mimeType="image/png" url="VGM001000471_02_nLf.png" width="380px" rend="facstab"/></zone>
<zone xml:id="zone-pb-1v-3">
<graphic mimeType="image/tiff" url="VGM001000471_02_nR.tif" rend="norend"/><graphic mimeType="image/jpeg" url="VGM001000471_02_nRt.jpg" height="50px" rend="thumbnail"/><graphic mimeType="image/png" url="VGM001000471_02_nRf.png" width="380px" rend="facstab"/></zone>
</surface>
<surface n="b 0374" xml:id="surf-pb-2r"><graphic mimeType="image/tiff" url="VGM001000487_01.TIF" rend="norend"/><graphic mimeType="image/tiff" url="VGM001000487_01_n.tif" rend="norend"/><graphic mimeType="image/jpeg" url="VGM001000487_01_nt.jpg" height="50px" rend="thumbnail"/><zone xml:id="zone-pb-2r-5">
<graphic mimeType="image/tiff" url="VGM001000487_01_nR.tif" rend="norend"/><graphic mimeType="image/jpeg" url="VGM001000487_01_nRt.jpg" height="50px" rend="thumbnail"/><graphic mimeType="image/png" url="VGM001000487_01_nRf.png" width="380px" rend="facstab"/></zone>
<zone xml:id="zone-pb-2r-8">
<graphic mimeType="image/tiff" url="VGM001000487_01_nL.tif" rend="norend"/><graphic mimeType="image/jpeg" url="VGM001000487_01_nLt.jpg" height="50px" rend="thumbnail"/><graphic mimeType="image/png" url="VGM001000487_01_nLf.png" width="380px" rend="facstab"/></zone>
</surface>
<surface n="b 0374" xml:id="surf-pb-2v"><graphic mimeType="image/tiff" url="VGM001000487_02.TIF" rend="norend"/><graphic mimeType="image/tiff" url="VGM001000487_02_n.tif" rend="norend"/><graphic mimeType="image/jpeg" url="VGM001000487_02_nt.jpg" height="50px" rend="thumbnail"/><zone xml:id="zone-pb-2v-6">
<graphic mimeType="image/tiff" url="VGM001000487_02_nL.tif" rend="norend"/><graphic mimeType="image/jpeg" url="VGM001000487_02_nLt.jpg" height="50px" rend="thumbnail"/><graphic mimeType="image/png" url="VGM001000487_02_nLf.png" width="380px" rend="facstab"/></zone>
<zone xml:id="zone-pb-2v-7">
<graphic mimeType="image/tiff" url="VGM001000487_02_nR.tif" rend="norend"/><graphic mimeType="image/jpeg" url="VGM001000487_02_nRt.jpg" height="50px" rend="thumbnail"/><graphic mimeType="image/png" url="VGM001000487_02_nRf.png" width="380px" rend="facstab"/></zone>
</surface></facsimile><text xmlns:xsi="http://www.w3.org/2001/XMLSchema-instance"><body>
<div type="original">
<pb f="1r" n="1" xml:id="pb-orig-1r-1" facs="#zone-pb-1r-1"/><lb n="1" xml:id="l-1"/>
<ab>Waarde Theo,</ab><lb n="1*" xml:id="l-1s"/>
<ab>Wat ik het beste leven vind<c type="kp">_</c> <lb n="2" xml:id="l-2"/>o zonder eenigen den allerminsten twijfel is het <lb n="3" xml:id="l-3"/>een leven dat bestaat uit lange jaren van omgaan <lb n="4" xml:id="l-4"/>buiten met de natuur – en met het quelque chose <lb n="5" xml:id="l-5"/>là-haut<anchor n="1" xml:id="note-o-1"/> – onbegrijpelijk<c type="kk">/</c> “<hi rend="ital">awfully Unnameable</hi>”<c type="kk">/</c> <lb n="6" xml:id="l-6"/>want een naam kan men er niet voor vinden – boven <lb n="7" xml:id="l-7"/>die natuur<c type="kp">_</c>– Wees boer – wees<c type="kk">/</c> als in den <lb n="8" xml:id="l-8"/>tegenwoordigen tijd dat in de termen viel<c type="kk">/</c> dorpsdomine <lb n="9" xml:id="l-9"/>of onderwijzer – wees<c type="kk">/</c> en gegeven den tegenwoordigen <lb n="10" xml:id="l-10"/>tijd is dat den vorm die dunkt me het meest <lb n="11" xml:id="l-11"/>in de termen valt<c type="kk">/</c> wees <hi rend="ital">Schilder</hi> – en <lb n="12" xml:id="l-12"/>als mensch zult ge na die reeks van jaren <lb n="13" xml:id="l-13"/>van buitenleven en handwerk<c type="kk">/</c> als mensch zult <lb n="14" xml:id="l-14"/>ge zoodoende in ’t eind en in den loop dier <lb n="15" xml:id="l-15"/>jaren iets beters &amp; diepers gaandeweg worden<c type="kp">_</c> <lb n="16" xml:id="l-16"/>Ik geloof dit <hi rend="ital">vast</hi><c type="kp">_</c>– Hoe men begint<c type="kk">/</c> knapper<c type="kk">/</c> <lb n="17" xml:id="l-17"/>minder knap<c type="kk">/</c> met meer of met minder voorregten <lb n="18" xml:id="l-18"/>van gunstige omstandigheden<c type="kk">/</c> is m.i<c type="kp">_</c> verre van <lb n="19" xml:id="l-19"/>’t voornaamste. Als men ’t begint moet men alleen <lb n="20" xml:id="l-20"/>het doen met het geloof in het noodig hebben van <lb n="21" xml:id="l-21"/>omgang met de natuur<c type="kk">/</c> met het geloof dat <hi rend="ital">als</hi> men <lb n="22" xml:id="l-22"/><hi rend="ital">dien</hi> weg gaat men niet verkeerd kan uitkomen <lb n="23" xml:id="l-23"/>en het meest regt wandelt<c type="kp">_</c>– En – daar komt nu <lb n="24" xml:id="l-24"/>nog net precies bij dat indien men het makkelijk <lb n="25" xml:id="l-25"/>hadde als een soort rentenieren<c type="kk">/</c> het bitter weinig helpen <lb n="26" xml:id="l-26"/>zou<c type="kk">/</c> doch juist menige harde dag<c type="kk">/</c> juist menige <lb n="27" xml:id="l-27"/>efforts de perdu maken iemand beter<c type="kp">_</c>–</ab><lb n="28" xml:id="l-28"/>
<ab rend="indent">En wat m.i<c type="kp">_</c> er veel goed aan doet<c type="kk">/</c> het is als men <lb n="29" xml:id="l-29"/>niet absoluut alleen werkt maar<c type="kk">/</c> wegens toch <lb n="30" xml:id="l-30"/>van zelf het werken absorbeert<c type="kk">/</c> dat geabsorbeerd <lb n="31" xml:id="l-31"/>zijn niet verdwaalt doordat men elkaar <lb n="32" xml:id="l-32"/>raden<c type="kk">/</c> op den weg houden kan<c type="kp">_</c>–</ab><lb n="33" xml:id="l-33"/>
<ab rend="indent">Men zou indien gij tot de lui spraakt U zeggen<c type="kk">/</c> <lb n="34" xml:id="l-34"/>waar denkt ge aan<c type="kk">/</c> wat een roekeloos waagstuk <lb n="35" xml:id="l-35"/>om op te geven dit &amp; dat<c type="kk">/</c> enz<c type="kp">_</c> Kortom men <lb n="36" xml:id="l-36"/>zou het gek vinden – eene vergissing vinden<c type="kp">_</c>– 
<pb f="1v" n="2" xml:id="pb-orig-1v-2" facs="#zone-pb-1v-2"/><lb n="37" xml:id="l-37"/>Ik voor mij zou vinden de roekeloosheid in <lb n="38" xml:id="l-38"/>een andere levensopvatting dan die waarover ik <lb n="39" xml:id="l-39"/>het heb – die van Schilder – moet liggen – roekeloos <lb n="40" xml:id="l-40"/>vind ik voor mij net precies het zich onherroepelijk <lb n="41" xml:id="l-41"/>verbinden aan de stad &amp; stadszaken<c type="kp">_</c>–</ab><lb n="42" xml:id="l-42"/>
<ab rend="indent">Men zal U zeggen<c type="kk">/</c> gij dweept en gij voorziet <lb n="43" xml:id="l-43"/>de toekomst niet – mijns inziens voorziet ge <lb n="44" xml:id="l-44"/>de toekomst juist<c type="kk">/</c> mijns inziens in zoo’n periode als gij nu in zijt<c type="kk">/</c> <lb n="45" xml:id="l-45"/>bepaaldelijk na zoodanige gemoedservaringen ook als gij <lb n="46" xml:id="l-46"/>hebt gehad<c type="kk">/</c> dan <hi rend="ital">kan</hi> men niet dweepen<c type="kk">/</c> men <lb n="47" xml:id="l-47"/>is in een periode van <hi rend="ital">désenchantement</hi><c type="kp">_</c> laat <lb n="48" xml:id="l-48"/>men mij nu niet de dingen omdraaijen<c type="kk">/</c> dat gaat <lb n="49" xml:id="l-49"/>bij mij niet op. Ik voel mijn eigen ongeneeselijke <lb n="50" xml:id="l-50"/>melankolie over een &amp; anderen gang der zaken <lb n="51" xml:id="l-51"/>en men zou mij willen zeggen ik in een stemming was <lb n="52" xml:id="l-52"/>van “jeugdige onbezonnen dweeperij”<c type="kp">_</c> Verre<c type="kk">/</c> <lb n="53" xml:id="l-53"/>heel verre van daar. In uw stemming is men <lb n="54" xml:id="l-54"/>in damned earnest<c type="kp">_</c>–<anchor n="2" xml:id="note-o-2"/></ab><lb n="55" xml:id="l-55"/>
<ab rend="indent">Het is niet iets zachts<c type="kk">/</c> iets liefs dat gij denkt te vinden<c type="kk">/</c> <lb n="56" xml:id="l-56"/>neen gij weet het een strijd als met een rots zal zijn<c type="kk">/</c><anchor n="3" xml:id="note-o-3"/> <lb n="57" xml:id="l-57"/>neen gij weet dat de natuur niet zonder een vreesselijken <lb n="58" xml:id="l-58"/>strijd<c type="kk">/</c> niet zonder meer geduld dan ’t gewone peil te <lb n="59" xml:id="l-59"/>overwinnen of meegaande is te maken<c type="kp">_</c></ab><lb n="60" xml:id="l-60"/>
<ab rend="indent">En men stelt zich Uw gemoedstoestand voor<c type="kk">/</c> als men <lb n="61" xml:id="l-61"/>zou spreken van schilder worden<c type="kk">/</c> als een droomerij <lb n="62" xml:id="l-62"/>van rozengeur &amp; maneschijn<c type="kp">_</c>–</ab><lb n="63" xml:id="l-63"/>
<ab rend="indent">Ik vraag U<c type="kk">/</c> wat weten zij er van die ook maar in <lb n="64" xml:id="l-64"/>’t allerminst zoo de dingen zouden zich voorstellen<c type="kp">_</c> <lb n="65" xml:id="l-65"/>De wereld echter is zoo<c type="kk">/</c> maar dat is maar een <lb n="66" xml:id="l-66"/>van haar enormiteiten in zake misverstaan<c type="kk">/</c> <lb n="67" xml:id="l-67"/>lang de ergste niet<c type="kp">_</c>– Juist om dat fataal <lb n="68" xml:id="l-68"/>averegtsche van de algemeene opinie is <lb n="69" xml:id="l-69"/>het als van zelf sprekend men haar links laat liggen<c type="kp">_</c>– 
<pb f="1v" n="3" xml:id="pb-orig-1v-3" facs="#zone-pb-1v-3"/><lb n="70" xml:id="l-70"/>Men voelt dat de dingen beroerd en wat al <lb n="71" xml:id="l-71"/>te verkeerd zijn<c type="kk">/</c> men – hoe vreedzaam en <lb n="72" xml:id="l-72"/>opgeruimd en vol sereniteit van nature – wordt <lb n="73" xml:id="l-73"/>door &amp; door melankoliek<c type="kk">/</c> voelt dat dit niet anders <lb n="74" xml:id="l-74"/>kan zijn en nu<c type="kk">/</c> wat is meer praktisch dan <lb n="75" xml:id="l-75"/>te zeggen<c type="kk">/</c> indien ik er niet iets aan doe raak ik <lb n="76" xml:id="l-76"/>mijn energie en levenskracht kwijt<c type="kk">/</c> ik ga <lb n="77" xml:id="l-77"/>mij verfrisschen<c type="kk">/</c> vernieuwen in de natuur<c type="kk">/</c> <lb n="78" xml:id="l-78"/>ik ga het eens heel anders aanpakken en <lb n="79" xml:id="l-79"/>ik wil het zoo aanleggen dat over eenige jaren b.v<c type="kp">_</c> <lb n="80" xml:id="l-80"/>ik een heel nieuwen vasten grond onder de voeten <lb n="81" xml:id="l-81"/>heb<c type="kp">_</c>–</ab><lb n="82" xml:id="l-82"/>
<ab rend="indent">Ik heb geen geduld met het “zoogenaamde” <lb n="83" xml:id="l-83"/>(vervalscht artikel<c type="kk">/</c> van ’t echte onuitsprekelijk <lb n="84" xml:id="l-84"/>verschillend) gezond verstand dat men gebruiken zou moeten<c type="kk">/</c> <lb n="85" xml:id="l-85"/>dat men gezegd wordt niet te gebruiken als men afwijkt van <lb n="86" xml:id="l-86"/>’t gewone of iets waagt<c type="kp">_</c>– Ik zeg<c type="kk">/</c> ik heb er geen geduld <lb n="87" xml:id="l-87"/>mee<c type="kp">_</c> Het is voor mij juist omdat mijn natuurlijk <lb n="88" xml:id="l-88"/>gezond verstand mij tot zoo heel andere resultaten brengt<c type="kk">/</c> <lb n="89" xml:id="l-89"/>als ik er mee doordenk<c type="kk">/</c> dan de kleingeestige <lb n="90" xml:id="l-90"/>wereldwijsheid &amp; voorzigtige<c type="kk">/</c> halve opregtheid van sommigen<c type="kk">/</c> <lb n="91" xml:id="l-91"/>dat ik er geen geduld mee heb.</ab><lb n="92" xml:id="l-92"/>
<ab rend="indent">O die talmerij<c type="kk">/</c> o die aarzelingen<c type="kk">/</c> o dat <lb n="93" xml:id="l-93"/>niet gelooven dat het goede goed is<c type="kk">/</c> dat <lb n="94" xml:id="l-94"/>zwart zwart en wit wit is<c type="kp">_</c> <lb n="95" xml:id="l-95"/>Beste broer – <hi rend="ital">ik</hi> <hi rend="ital">kan</hi> <hi rend="ital">niet</hi> <hi rend="ital">spreken</hi><c type="kk">/</c> <lb n="96" xml:id="l-96"/>ik ben <hi rend="ital">nu</hi> op dit moment blij dat ik in <lb n="97" xml:id="l-97"/>horten en stooten ongeregeld en ruw slechts <lb n="98" xml:id="l-98"/>mij uitdrukken kan<c type="kp">_</c> Ik ben blij dat ik <lb n="99" xml:id="l-99"/>U <hi rend="ital">niet</hi> kan schrijven geregeld<anchor n="a" xml:id="note-o-a"/> als Tersteeg <lb n="100" xml:id="l-100"/>en Pa – op dit moment<c type="kp">_</c>–</ab><lb n="101" xml:id="l-101"/>
<ab rend="indent">Ik geloof in Uw artistieken aanleg zoo zeer dat <lb n="102" xml:id="l-102"/>gij voor mij artist zijt zoodra gij een penseel of een <lb n="103" xml:id="l-103"/>stuk krijt in de hand neemt en<c type="kk">/</c> onhandig of niet <lb n="104" xml:id="l-104"/>onhandig<c type="kk">/</c> iets maakt.</ab>
<pb f="1r" n="4" xml:id="pb-orig-1r-4" facs="#zone-pb-1r-4"/><lb n="105" xml:id="l-105"/>
<ab rend="indent">Voor gij <hi rend="ital">U zelf</hi><c type="kk">/</c> n.l. een eenvoudige<c type="kk">/</c> denkende mannelijke <lb n="106" xml:id="l-106"/>ziel – vredig – goed – voor gij <hi rend="ital">dat</hi> in Uw werk uitdrukken <lb n="107" xml:id="l-107"/>kunt<c type="kk">/</c> moet er heel wat gebeuren maar dat <hi rend="ital">zal</hi> er in komen<c type="kp">_</c> <lb n="108" xml:id="l-108"/>Zoo als men <hi rend="ital">is</hi><c type="kk">/</c> <hi rend="ital">schildert</hi> men in ’t begin niet<c type="kk">/</c> zeker niet <lb n="109" xml:id="l-109"/>wanneer men goed is<c type="kp">_</c> Wel is er dadelijk een je ne sais <lb n="110" xml:id="l-110"/>quoi – dat zie ik al in uw woordenteekeningen van <lb n="111" xml:id="l-111"/>brokjes Parijs &amp;c<c type="kp">_</c> nu reeds<c type="kk">/</c><anchor n="4" xml:id="note-o-4"/> zou ik in uw eerste schetsen <lb n="112" xml:id="l-112"/>of studies ook zien<c type="kp">_</c>–</ab><lb n="113" xml:id="l-113"/>
<ab rend="indent">Als ik aan Pa zelf denk dan komt Pa <lb n="114" xml:id="l-114"/>mij voor als zijnde het goede in hem juist <lb n="115" xml:id="l-115"/>aan zijn omgang in de natuur verpligt<c type="kk">/</c> en zijn <lb n="116" xml:id="l-116"/>fout in mijn oog is aan andere dingen meer <lb n="117" xml:id="l-117"/>waarde te hechten dan ze waard zijn au fond. <lb n="118" xml:id="l-118"/>Pa is voor mij iemand die niet gehad heeft <lb n="119" xml:id="l-119"/>toen hij ’t had moeten hebben kennis <lb n="120" xml:id="l-120"/>van het intieme leven van sommige groote mannen<c type="kp">_</c> <lb n="121" xml:id="l-121"/>Ik bedoel dat m.i. Pa niet weet noch <lb n="122" xml:id="l-122"/>wist noch weten zal wat de ziel van de <lb n="123" xml:id="l-123"/>moderne beschaving is<c type="kp">_</c>– Wat is dat – <lb n="124" xml:id="l-124"/>Het eeuwige<c type="kk">/</c> den <hi rend="ital">allergrootsten</hi> eenvoud <lb n="125" xml:id="l-125"/>en waarheid – Dupre<c type="kk">/</c> Daubigny<c type="kk">/</c> Corot<c type="kk">/</c> <lb n="126" xml:id="l-126"/>Millet<c type="kk">/</c> Israels<c type="kk">/</c> Herkomer – net zoo goed <lb n="127" xml:id="l-127"/>als Michelet<c type="kk">/</c> Hugo<c type="kk">/</c> Zola<c type="kk">/</c> Balzac<c type="kk">/</c> een <lb n="128" xml:id="l-128"/>massa meer van ouderen &amp; nieuweren tijd<c type="kp">_</c> <lb n="129" xml:id="l-129"/>staan Pa prejugés die hij doorvoerde zijn leven <lb n="130" xml:id="l-130"/>lang met een preciesheid<c type="kk">/</c> een betere zaak waard<c type="kk">/</c> <lb n="131" xml:id="l-131"/>in den weg – hij is voor mij een rayon noir<c type="kp">_</c>– <lb n="132" xml:id="l-132"/>Waarom is hij geen rayon blanc?<anchor n="5" xml:id="note-o-5"/> is de eenige <lb n="133" xml:id="l-133"/>aanmerking die ik op Pa heb. Die aanmerking <lb n="134" xml:id="l-134"/>is groot<c type="kk">/</c> het zij zoo – ik kan er niets aan <lb n="135" xml:id="l-135"/>doen<c type="kp">_</c>– Tot u zeg ik<c type="kk">/</c> zoek naar <lb n="136" xml:id="l-136"/>rayon blanc<c type="kk">/</c> maar blanc hoor! met <lb n="137" xml:id="l-137"/>een handdruk<c type="kp">_</c></ab>
<vg:whiteline/><lb n="137*" xml:id="l-137s"/>
<ab>t. à t<c type="kp">_</c></ab><lb n="137**" xml:id="l-137ss"/>
<ab>Vincent.</ab>
<vg:whiteline/><lb n="138" xml:id="l-138"/>
<ab>ik zeg niet<c type="kk">/</c> ik ben er verre<c type="kk">/</c> heel verre van daan het te zeggen<c type="kk">/</c> dat ik een rayon blanc heb<c type="kk">/</c> <lb n="139" xml:id="l-139"/>ik schaam mij echter niet te zeggen dàt <hi rend="ital">bestaat</hi><c type="kk">/</c> dat <hi rend="ital">witte</hi> licht – en ik zoek er <lb n="140" xml:id="l-140"/>naar<c type="kk">/</c> ik vind dat alleen het eenvoudige<c type="kp">_</c></ab>
<pb f="2r" n="5" xml:id="pb-orig-2r-5" facs="#zone-pb-2r-5"/><lb n="141" xml:id="l-141"/>
<ab>Beste broer,<anchor n="6" xml:id="note-o-6"/> ’t Zijn wel lastige kwesties om over <lb n="142" xml:id="l-142"/>te spreken maar enfin – neem gij ’t me niet kwalijk <lb n="143" xml:id="l-143"/>als ik geen betere woorden kan vinden voor wat ik <lb n="144" xml:id="l-144"/>bedoel<c type="kk">/</c> en zie gij mijn streven om tot U te spreken <lb n="145" xml:id="l-145"/>vertrouwelijk en kalm als broeder tot broeder en vriend <lb n="146" xml:id="l-146"/>tot vriend<c type="kp">_</c>– Theo ik heb vroeger dikwijls met Pa getwist <lb n="147" xml:id="l-147"/>omdat Pa zeide “het is sus”<c type="kk">/</c> en ik zeide<c type="kk">/</c> Pa gij zijt tegen <lb n="148" xml:id="l-148"/>uw eigen<c type="kk">/</c> wat gij nu zegt strijdt lijnregt met wat gij <lb n="149" xml:id="l-149"/>au fond ook vaag gevoelt zelf<c type="kk">/</c> al wilt gij het niet voelen<c type="kp">_</c> <lb n="150" xml:id="l-150"/>Theo al lang heb ik volkomen en algeheel het <lb n="151" xml:id="l-151"/>daargelaten met Pa te twisten omdat ik inzie <lb n="152" xml:id="l-152"/>dat Pa over zekere zeer gewigtige <lb n="153" xml:id="l-153"/>dingen nooit heeft nagedacht noch willen nadenken <lb n="154" xml:id="l-154"/>en er een systeem op nahoudt volgens ’t welk <lb n="155" xml:id="l-155"/>hij redeneert<c type="kk">/</c> en redeneert nu eenmaal <hi rend="ital">niet</hi> <lb n="156" xml:id="l-156"/>(noch deed het noch zal het doen) volgens de naakte <lb n="157" xml:id="l-157"/>daadzaken<c type="kp">_</c>– Er zijn er te <hi rend="ital">veel</hi> die doen zóó als hij <lb n="158" xml:id="l-158"/>dan dat hij niet in de gedachte<c type="kk">/</c> iedereen denkt er <lb n="159" xml:id="l-159"/>zoo over (nl. primo al de bedaarde<c type="kk">/</c> fatsoenlijke predikanten) een zekeren <lb n="160" xml:id="l-160"/>steun en aplomb zou vinden. Maar ander aplomb <lb n="161" xml:id="l-161"/>heeft hij niet en het berust op een systeem en <lb n="162" xml:id="l-162"/>conventies<c type="kk">/</c> anders zou het ineenzinken als ijdel<c type="kp">_</c> <lb n="163" xml:id="l-163"/>Pa worstelt niet met de naakte waarheid<c type="kp">_</c>–</ab><lb n="164" xml:id="l-164"/>
<ab rend="indent">Nu<c type="kk">/</c> toch het komt mij voor men tegen zich zelf <lb n="165" xml:id="l-165"/>is als men niet wil doordenken<c type="kk">/</c> het komt mij voor <lb n="166" xml:id="l-166"/>men tegen zich zelf is als men (vooral in jonge <lb n="167" xml:id="l-167"/>jaren) niet zegt: hoor eens: voor mij zelf wil ik <lb n="168" xml:id="l-168"/>niet steunen op een systeem<c type="kk">/</c> ik wil het volgens de <lb n="169" xml:id="l-169"/>rede en ’t geweten aanleggen<c type="kp">_</c>– Ik luister naar <lb n="170" xml:id="l-170"/>mijn eigen vader (al is hij niet slecht<c type="kk">/</c> al zwijg ik over hem) zelfs minder dan naar zulken in wie <lb n="171" xml:id="l-171"/>ik meer waarheid zie<c type="kp">_</c>–</ab><lb n="172" xml:id="l-172"/>
<ab rend="indent">Nu beste broer – voor Millet<c type="kk">/</c> Corot<c type="kk">/</c> Daubigny<c type="kk">/</c> Breton<c type="kk">/</c> <lb n="173" xml:id="l-173"/>Herkomer<c type="kk">/</c> Boughton<c type="kk">/</c> Jules Dupré &amp;c<c type="kp">_</c>&amp;c.<c type="kk">/</c> Israels<c type="kk">/</c> enfin <lb n="174" xml:id="l-174"/>de schilders<c type="kk">/</c> heb ik een diep<c type="kk">/</c> diep<c type="kk">/</c> diep respect – ik ben er <lb n="175" xml:id="l-175"/>ver van daan <hi rend="ital">mij zelf</hi> te verwarren met <hi rend="ital">hun</hi> – ik reken <lb n="176" xml:id="l-176"/>mij hun’s gelijke niet – neen – maar toch ik zeg<c type="kk">/</c> <lb n="177" xml:id="l-177"/>al vinde men dat pedant of wat dan ook van mij – toch <lb n="178" xml:id="l-178"/>ik zeg<c type="kk">/</c> gij zult mij den weg wijzen en ik luister <lb n="179" xml:id="l-179"/>meer naar uw voorbeeld dan naar dat van Vader<c type="kk">/</c> meester <lb n="180" xml:id="l-180"/>of wie verder<c type="kp">_</c>–</ab>
<pb f="2v" n="6" xml:id="pb-orig-2v-6" facs="#zone-pb-2v-6"/><lb n="181" xml:id="l-181"/>
<ab rend="indent">Voor mij is Pa &amp; Tersteeg iets als de rigting <lb n="182" xml:id="l-182"/>Delaroche<c type="kk">/</c> Muller<c type="kk">/</c> Dubuffe &amp;c<c type="kp">_</c> – ik mag het knap <lb n="183" xml:id="l-183"/>vinden<c type="kk">/</c> ik mag er over zwijgen<c type="kk">/</c> ik mag het in zijn <lb n="184" xml:id="l-184"/>waarde laten<c type="kk">/</c> ik mag er een zeker respect voor hebben<c type="kk">/</c> <lb n="185" xml:id="l-185"/>maar dat neemt niet weg dat ik zeg<c type="kk">/</c> de minste <lb n="186" xml:id="l-186"/>schilder of mensch die direkt worstelt met de naakte waarheden <lb n="187" xml:id="l-187"/>der natuur is meer dan gij<c type="kp">_</c>–</ab><lb n="188" xml:id="l-188"/>
<ab rend="indent">Enfin kerel<c type="kk">/</c> noch Pa noch Tersteeg heeft mij <lb n="189" xml:id="l-189"/>rust voor mijn geweten gegeven anders dan <lb n="190" xml:id="l-190"/>bedriegelijke en zij hebben mij niet vrij gemaakt<c type="kk">/</c> <lb n="191" xml:id="l-191"/>zelfs niet gebillijkt mijn verlangen naar vrijheid <lb n="192" xml:id="l-192"/>en naakte waarheid en mijn gevoel van onwetendheid en <lb n="193" xml:id="l-193"/>duisternis<c type="kp">_</c>–</ab><lb n="194" xml:id="l-194"/>
<ab rend="indent">Nu<c type="kk">/</c> aan mij zelf overgelaten heb ik het licht en <lb n="195" xml:id="l-195"/>dat wat ik wil nog niet bereikt, que soit, maar <lb n="196" xml:id="l-196"/>juist sedert het daarlaten vierkantweg van <lb n="197" xml:id="l-197"/><hi rend="ital">hun</hi> systeemen<c type="kk">/</c> heb ik toch een zekere hoop mijn <lb n="198" xml:id="l-198"/>streven niet ijdel zal zijn<c type="kp">_</c>–</ab><lb n="199" xml:id="l-199"/>
<ab rend="indent">En dat ik vóór mijn oogen digtgaan <lb n="200" xml:id="l-200"/>le rayon blanc zal zien<c type="kp">_</c>–</ab><lb n="201" xml:id="l-201"/>
<ab rend="indent">Wat er ook zij van zielstrijd over nog niet <lb n="202" xml:id="l-202"/>gevonden hebben<c type="kk">/</c> ik heb nooit spijt gehad gezegd <lb n="203" xml:id="l-203"/>te hebben dat ik rayon noir rayon noir <lb n="204" xml:id="l-204"/>vond en <hi rend="ital">dat</hi> vierkant daargelaten te hebben<c type="kk">/</c> <lb n="205" xml:id="l-205"/>behoudens niet er over twisten<c type="kk">/</c> ’t geen<c type="kk">/</c> indien <lb n="206" xml:id="l-206"/>ik er over getwist heb<c type="kk">/</c> een vergissing was<c type="kp">_</c>–</ab><lb n="207" xml:id="l-207"/>
<ab rend="indent">Nu<c type="kk">/</c> ik voor mij als wetende wat ik weet<c type="kk">/</c> zie op <lb n="208" xml:id="l-208"/>U en vraag What shall he do with it?–<anchor n="7" xml:id="note-o-7"/> <lb n="209" xml:id="l-209"/>Theo toen onlangs te s’Hage wij een beetje twistten <lb n="210" xml:id="l-210"/>en gij mij zeidet – ik voel me hoe langer hoe meer <lb n="211" xml:id="l-211"/>getrokken tot Pa – toen heb ik gezegd<c type="kk">/</c> kerel <lb n="212" xml:id="l-212"/>het is een lastige kwestie dat<c type="kk">/</c> en maak gij het uit <lb n="2123" xml:id="l-2123"/>in uw eigen geweten. Maar ik heb sedert U ook <lb n="214" xml:id="l-214"/>geprobeerd uit te leggen dat ik voor mij <lb n="215" xml:id="l-215"/>geen rust bij de denkwijs van Pa (en wat ik ± de zelfde <lb n="216" xml:id="l-216"/>vind<c type="kk">/</c> die van H.G.T.) heb kunnen vinden en hoe <lb n="217" xml:id="l-217"/>langer hoe meer was beginnen in te zien dat er iets <lb n="218" xml:id="l-218"/>is als rayon noir &amp; rayon blanc en dat ik hun licht zwart <lb n="219" xml:id="l-219"/>en conventie vond vergeleken bij de leukheid<anchor n="b" xml:id="note-o-b"/> van b.v. Millet &amp; Corot<c type="kp">_</c>–</ab>
<pb f="2v" n="7" xml:id="pb-orig-2v-7" facs="#zone-pb-2v-7"/><lb n="220" xml:id="l-220"/>
<ab rend="indent">Nu<c type="kk">/</c> ik heb 4 jaar langer dan gij er over gedacht<c type="kk">/</c> <lb n="221" xml:id="l-221"/>ik ben 4 jaar ouder en kalmer – bij mij <lb n="222" xml:id="l-222"/>heeft de tijd en de ondervinding me er <lb n="223" xml:id="l-223"/>toe gebragt om af te stappen van en daar te laten zekere <lb n="224" xml:id="l-224"/>dingen<c type="kp">_</c>– En ik wil niet U influenceeren maar <lb n="225" xml:id="l-225"/>ik wil ook niet mij verbergen voor U of anders dan <lb n="226" xml:id="l-226"/>ronduit spreken<c type="kp">_</c>–</ab><lb n="227" xml:id="l-227"/>
<ab rend="indent">Ik kom tot de volgende conclusie – <lb n="228" xml:id="l-228"/>Dat wat Pa en Tersteeg mij voorhielden als <lb n="229" xml:id="l-229"/><hi rend="ital">Pligt</hi> was een <hi rend="ital">Spook van den pligt</hi><c type="kp">_</c></ab><lb n="230" xml:id="l-230"/>
<ab rend="indent">Zij zeiden <hi rend="ital">au fond</hi> (niet in hun woorden zoozeer): <lb n="231" xml:id="l-231"/>“verdien geld en Uw leven zal regt worden”<c type="kp">_</c>– <lb n="232" xml:id="l-232"/>Millet zegt mij <hi rend="ital">maak uw leven regt</hi> (tracht <lb n="233" xml:id="l-233"/>primo daarnaar ten minste en naar worstelen met <lb n="234" xml:id="l-234"/>de naakte waarheid) <hi rend="ital">en ZELFS het geld verdienen</hi> <lb n="235" xml:id="l-235"/><hi rend="ital">zal zich schipperen en ook daarin zult ge niet oneerlijk</hi> <lb n="236" xml:id="l-236"/><hi rend="ital">worden</hi><c type="kp">_</c><anchor n="8" xml:id="note-o-8"/></ab><lb n="237" xml:id="l-237"/>
<ab rend="indent">Ik voelde toen<c type="kk">/</c> en nu nog veel meer<c type="kk">/</c> dat (ondanks <lb n="238" xml:id="l-238"/>zij zelf meenden regte bedoelingen te hebben en ik <lb n="239" xml:id="l-239"/>hun niet van valschheid verdenk maar zooals gezegd <lb n="240" xml:id="l-240"/>hun laat in hun waarde – maar <hi rend="ital">daarlaat</hi> tevens –) <lb n="241" xml:id="l-241"/>Pa en Tersteeg en enfin C.M<c type="kp">_</c><c type="kk">/</c> weet ik wat meer<c type="kk">/</c> al <lb n="242" xml:id="l-242"/>de influenties van vroeger<c type="kk">/</c> mij hoe langer hoe meer <lb n="243" xml:id="l-243"/><hi rend="ital">uit</hi> de natuur <hi rend="ital">uit</hi> bragten<c type="kp">_</c>– Nu<c type="kk">/</c> wat er ook zij van <lb n="244" xml:id="l-244"/>Millet<c type="kk">/</c> ten minste hij heeft mij meer <hi rend="ital">in</hi> de natuur <lb n="245" xml:id="l-245"/><hi rend="ital">in</hi> teruggebragt dan eenig ander ’t zou hebben kunnen <lb n="246" xml:id="l-246"/>doen in mijn desperaten zielstoestand<c type="kp">_</c>–</ab><lb n="247" xml:id="l-247"/>
<ab rend="indent">Mijn jeugd is somber en koud geweest <lb n="248" xml:id="l-248"/>en steriel onder den invloed van le rayon <lb n="249" xml:id="l-249"/>noir<c type="kp">_</c>– En broer Uw jeugd eigentlijk ook <lb n="250" xml:id="l-250"/>kerel – ik wens ditmaal U niet te vleijen<c type="kp">_</c>– <lb n="251" xml:id="l-251"/>Enfin maar ik wil niemand verwijten <lb n="252" xml:id="l-252"/>daarover dan mij zelf<c type="kp">_</c>– Toch le rayon noir <lb n="253" xml:id="l-253"/>is onuitsprekelijk wreed – onuitsprekelijk<c type="kp">_</c>– En <lb n="254" xml:id="l-254"/>ik voel evenveel ingehouden tranen over veel dingen op dit moment als <lb n="255" xml:id="l-255"/>in een figuur van Mantegna zijn!–<anchor n="9" xml:id="note-o-9"/></ab>
<pb f="2r" n="8" xml:id="pb-orig-2r-8" facs="#zone-pb-2r-8"/><lb n="256" xml:id="l-256"/>
<ab rend="indent">Maar broer<c type="kk">/</c> juist mijn smart over zooveel bewijst mij <lb n="257" xml:id="l-257"/>het <hi rend="ital">uit</hi> is mij betreffende met gemeenschap met <lb n="258" xml:id="l-258"/>die systeemen in kwestie<c type="kp">_</c>– Ik heb er door geleden maar au fond <lb n="259" xml:id="l-259"/>hoor ik niet aan dien kant meer<c type="kp">_</c>– En nu<c type="kk">/</c> ik zeg als broer tot <lb n="260" xml:id="l-260"/>broer<c type="kk">/</c> als vriend tot vriend<c type="kk">/</c> laat ons zoeken <hi rend="ital">voortaan</hi><c type="kk">/</c> <lb n="261" xml:id="l-261"/>zij onze jeugd somber geweest en tegen den draad in<c type="kk">/</c> <lb n="262" xml:id="l-262"/>het zachte licht daar ik geen anderen naam voor weet <lb n="263" xml:id="l-263"/>dan le rayon blanc of la bonté<c type="kp">_</c>– Ons zelven <lb n="264" xml:id="l-264"/>natuurlijkerwijs niet beschouwende als het al verkregen <lb n="265" xml:id="l-265"/>hebbende doch zoekende er naar<c type="kk">/</c> geloovende er in <lb n="266" xml:id="l-266"/>met een foi de charbonnier<c type="kp">_</c>–<anchor n="10" xml:id="note-o-10"/></ab><lb n="267" xml:id="l-267"/>
<ab rend="indent">Wat er ook zij van dat ik driftig geweest ben meer dan <lb n="268" xml:id="l-268"/>eens en tegen Pa en tegen Tersteeg &amp;c<c type="kp">_</c>&amp;c<c type="kp">_</c><c type="kk">/</c> beschouw mij <lb n="269" xml:id="l-269"/>niet als wordende geinfluenceerd door haat of rancune <lb n="270" xml:id="l-270"/>tegen hen<c type="kp">_</c>– Ik benijd hen niet<c type="kk">/</c> zij zijn in mijn <lb n="271" xml:id="l-271"/>oog zelf niet gelukkig en au fond ben ik zeker niet <lb n="272" xml:id="l-272"/>hun vijand of hun hater<c type="kk">/</c> noch ook beschouw ik hun <lb n="273" xml:id="l-273"/>als mijn vijanden<c type="kk">/</c> al zij het dat ik niet met alle <lb n="274" xml:id="l-274"/>pleizier terugdenk aan hun invloed. Maar ik verdenk <lb n="275" xml:id="l-275"/>hun niet van kwade bedoelingen. Ik denk van hun <lb n="276" xml:id="l-276"/>dat zij af gaan op hun geweten maar dat het daar min <lb n="277" xml:id="l-277"/>of meer spookt<c type="kp">_</c>– En ik zie in Corot<anchor n="11" xml:id="note-o-11"/> en in Millet <hi rend="ital">niet</hi> dat <lb n="278" xml:id="l-278"/>het in <hi rend="ital">hun</hi> geweten spookte<c type="kp">_</c> Daar zie ik dat het kalmer <lb n="279" xml:id="l-279"/>was en een sereniteit van beter gehalte<c type="kp">_</c>– Nu<c type="kk">/</c> nog <lb n="280" xml:id="l-280"/>eens<c type="kk">/</c> ik ben daar vandaan nog verre<c type="kp">_</c>– Evenwel iedere <lb n="281" xml:id="l-281"/>studie<c type="kk">/</c> ieder streven in rigting schilderen<c type="kk">/</c> iedere nieuwe <lb n="282" xml:id="l-282"/>liefde en worsteling met de natuur<c type="kk">/</c> gelukkig of ongelukkig<c type="kk">/</c> <lb n="283" xml:id="l-283"/>brengt mij een wankel stapje nader<c type="kp">_</c>– Betreffende <lb n="284" xml:id="l-284"/>godsdienst<c type="kk">/</c> in Pa vind ik minder daarvan dan in Oom Jan <lb n="285" xml:id="l-285"/>bijvoorbeeld<c type="kk">/</c> al zou menigeen dat omkeeren natuurlijkerwijs<c type="kp">_</c> <lb n="286" xml:id="l-286"/>Ik vind Pa het tegenovergestelde van geloofsman. Enfin<c type="kp">_</c> <lb n="287" xml:id="l-287"/>Ziehier<c type="kk">/</c> het schilderen beginnen vereischt een zekere foi de charbonnier <lb n="288" xml:id="l-288"/>wegens men niet vooruit <hi rend="ital">bewijzen</hi> kan dat het lukken zal en <lb n="289" xml:id="l-289"/>iedereen er een zwaar hoofd in zou hebben<c type="kp">_</c> Maar Theo al zij <lb n="290"/>het dat en gij en ik beginnen met evenveel ingehouden tranen <lb n="291"/>als de figuren van Mantegna of Giotto<c type="kk">/</c> tevens kunnen wij <lb n="292"/>een stille hoop hebben door al onzen weemoed heen<c type="kp">_</c>–</ab><lb n="293"/>
<ab rend="indent">In de eerste jaren van een harden dobbel hebben<c type="kk">/</c> moge <lb n="294"/>het zijn een zaaien in tranen<c type="kk">/</c><anchor n="12" xml:id="note-o-12"/> que soit<c type="kk">/</c> maar wij houden dat <lb n="295"/>in en magtig wijd weg voelen wij een stille hoop op den oogst<c type="kp">_</c>–</ab>
<vg:whiteline/>
<div type="textualNotes">
<note target="l-6" n="6">vinden – &lt; vinden</note>
<note target="l-7" n="7">boer – &lt; boer</note>
<note target="l-31" n="31">verdwaalt &lt; verdwaald</note>
<note target="l-31" n="31">doordat &lt; door dat</note>
<note target="l-67" n="67">om dat &lt; omdat</note>
<note target="l-71" targetEnd="l-72" n="71-72">– hoe <supplied><hi rend="ital">...</hi></supplied> nature – &lt; <hi rend="ital">Dashes added by us.</hi></note>
<note target="l-105" n="105">een &lt; de een</note>
<note target="l-156" n="156">(noch <supplied><hi rend="ital">...</hi></supplied> doen) &lt; <hi rend="ital">Parentheses added by us.</hi></note>
<note target="l-170" n="170">(al <supplied><hi rend="ital">...</hi></supplied> hem) &lt; <hi rend="ital">Added later; parentheses added by us.</hi></note>
<note target="l-200" n="200">le &lt; ik le</note>
<note target="l-215" targetEnd="l-216" n="215-216">(en <supplied><hi rend="ital">...</hi></supplied> H.G.T.) &lt; <hi rend="ital">Parentheses added by us.</hi></note>
<note target="l-216" n="216">heb kunnen &lt; kunnen</note>
<note target="l-229" n="229"><hi rend="ital">den pligt</hi> &lt; <hi rend="ital">Emphasis added by us.</hi></note></div></div>
<div type="translation">
<pb f="1r" n="1" xml:id="pb-trans-1r-1" facs="#zone-pb-1r-1"/>
<ab>My dear Theo,</ab>
<ab>What I think is the best life, oh without even the slightest shadow of a doubt, is a life made up of long years of being in touch with nature out of doors — and with the something on high<anchor n="1" xml:id="note-t-1"/> — unfathomable, ‘<hi rend="ital">awfully Unnameable</hi>’, because one can’t find a name for it — above that nature. Be a peasant — be, if that were fitting at the present time, a village clergyman or schoolmaster — be, and given the present time that’s the form that seems to me to be the most fitting, be a <hi rend="ital">Painter</hi> — and in so doing as a person you will, after that spell of years of outdoor life and manual work, as a person you will, in the end and in the passage of years, gradually become something better and deeper. I <hi rend="ital">firmly</hi> believe this. In my view, the way one starts out, cleverer, not so clever, with more or with fewer privileges of favourable circumstances, is far from being the most important thing. If one starts on it one must only do it with the belief in the need to be in touch with nature, with the belief that <hi rend="ital">if</hi> one takes <hi rend="ital">that</hi> path one can’t go wrong, and walks straightest. And — added to that is just precisely that if one had things easy, a sort of living on private means, it would be of very little help, for it is precisely many a hard day, precisely many forlorn attempts, that make someone better.</ab>
<ab rend="indent">And what I believe does a great deal of good is if one doesn’t work absolutely alone, because the work inevitably absorbs one, but one doesn’t become lost in that absorption because each advises the other, can keep the other on the right path.</ab>
<ab rend="indent">If you were to talk to people, they’d say to you, what are you thinking of, what a reckless gamble to give up this and that, etc. In short, people would think it crazy — think it a mistake. 
<pb f="1v" n="2" xml:id="pb-trans-1v-2" facs="#zone-pb-1v-2"/> For myself, I would think the recklessness must lie in a different outlook on life from the one I’m talking about — that of Painter — I think reckless is precisely binding oneself irrevocably to the city and city affairs.</ab>
<ab rend="indent">People will tell you, you’re a fanatic and you don’t foresee the future — in my view you do foresee the future, in my view in a period like the one you’re in now, certainly after such emotional experiences as you have had, one <hi rend="ital">can’t</hi> be fanatical then, one is in a period of <hi rend="ital">disenchantment</hi>. People needn’t try to twist things with me, that won’t wash with me. I feel my own incurable melancholy about the way one thing and another has gone, and they try to tell me I was in a mood of ‘rash, youthful fanaticism’. Far, very far from it. In your frame of mind one is in damned earnest.<anchor n="2" xml:id="note-t-2"/></ab>
<ab rend="indent">It isn’t something soft, something sweet that you think you will find; no, you know that it will be a fight as if with a rock;<anchor n="3" xml:id="note-t-3"/> no, you know that nature can’t be conquered or made submissive without a terrible fight, without more than the ordinary level of patience.</ab>
<ab rend="indent">And people would imagine your state of mind, if one were to talk about becoming a painter, as a delusion of a bed of roses.</ab>
<ab rend="indent">I ask you, what do people who might only vaguely begin to think that way know about it? That’s the way the world is, though, but that’s only one of its enormities when it comes to misunderstanding, by no means the worst. It’s precisely because of this deadly contrariness of public opinion that it’s obvious that one should ignore it. 
    <pb f="1v" n="3" xml:id="pb-trans-1v-3" facs="#zone-pb-1v-3"/> One feels that things are wretched and all too wrong;  however calm and cheerful and full of serenity by nature, one becomes utterly melancholy, feels that this can’t be different, and then, what is more practical than to say, if I don’t do something about it I’ll lose my energy and vitality, I’m going to refresh, renew myself in nature, I’m just going to tackle it very differently, and I’ll arrange it in such a way that in a few years’ time, say, I have altogether new, firm ground beneath my feet.</ab>
<ab rend="indent">I have no patience with the ‘so-called’ common sense (fake article, inexpressibly different from the real thing) that one is supposed to use, that one is said not to use if one departs from the ordinary or takes a risk. I say, I have no patience with it. For me, it’s precisely because my natural common sense, if I use it to reflect, leads me to such very different results from the narrow-minded worldly wisdom and cautious, half-hearted sincerity of some people, that I have no patience with it.</ab>
<ab rend="indent">Oh that procrastination, oh those hesitations, oh that failure to believe that good is good, that black is black and white is white. Dear brother — <hi rend="ital">I can’t speak</hi>; <hi rend="ital">now</hi>, at this moment, I’m glad that I can only express myself falteringly, chaotically and roughly. I’m glad that I <hi rend="ital">can’t</hi> write to you coherently like <rs type="pers" key="787">Tersteeg</rs> and <rs type="pers" key="526">Pa</rs> — at this moment.</ab>
<ab rend="indent">I believe so strongly in your artistic ability that to me you’ll be an artist as soon as you pick up a brush or a piece of chalk and, clumsily or not clumsily, make something. 
<pb f="1r" n="4" xml:id="pb-trans-1r-4" facs="#zone-pb-1r-4"/></ab>
<ab rend="indent">Before you can express <hi rend="ital">yourself</hi> in your work, namely a straightforward, thinking manly soul — peaceable — good — before you can do <hi rend="ital">that</hi>, a very great deal has to happen, but it <hi rend="ital">will</hi> come. At first one doesn’t <hi rend="ital">paint</hi> as one <hi rend="ital">is</hi>, certainly not when one is good. But right away there’s a <hi rend="ital">je ne sais quoi</hi> — I already see it now in your word pictures of bits of Paris &amp;c.,<anchor n="4" xml:id="note-t-4"/> I would see it in your first sketches or studies too.</ab>
<ab rend="indent">When I think of <rs type="pers" key="526">Pa</rs> himself, then it seems to me that it’s to his contact with nature that Pa owes his goodness, and his mistake, to my mind, is to attach more value to other things than they’re basically worth. To me, Pa is someone who didn’t have any knowledge of the intimate lives of some great men when he should have had it. I mean that, in my view, Pa does not know, did not know nor ever will know what the soul of modern civilization is. What is it? The eternal, the <hi rend="ital">very greatest</hi> simplicity and truth — <rs type="pers" key="986">Dupré</rs>, <rs type="pers" key="976">Daubigny</rs>, <rs type="pers" key="971">Corot</rs>, <rs type="pers" key="1226">Millet</rs>, <rs type="pers" key="1107">Israëls</rs>, <rs type="pers" key="1080">Herkomer</rs> — not to mention <rs type="pers" key="707">Michelet</rs>, <rs type="pers" key="666">Hugo</rs>, <rs type="pers" key="836">Zola</rs>, <rs type="pers" key="519">Balzac</rs>, a host more from the more distant and more recent past. If prejudices, which Pa has carried with him throughout his life with an assiduousness worthy of a better cause, stand in his way — to me he’s a black ray. The only criticism I have of Pa is: why isn’t he a white ray?<anchor n="5" xml:id="note-t-5"/> This is harsh criticism, so be it, I can’t help it. To you I say, look for white ray, white, do you hear! With a handshake.</ab>
<vg:whiteline/>
<ab>Ever yours,</ab>
<ab>Vincent.</ab>
<vg:whiteline/>
<ab>I don’t say, far, very far be it for me to say that I have a white ray, but I’m not embarrassed to say that <hi rend="ital">it</hi> <hi rend="ital">exists, </hi>that <hi rend="ital">white</hi> light — and I seek it, that alone do I consider simple.<pb f="2r" n="5" xml:id="pb-trans-2r-5" facs="#zone-pb-2r-5"/> Dear brother,<anchor n="6" xml:id="note-t-6"/> they’re tricky matters to talk about, but anyway — don’t take it amiss of me if I can find no better words for what I mean, and look upon my endeavour to speak to you in confidence and calmly as brother to brother and friend to friend. Theo, I’ve often argued with Pa in the past because <rs type="pers" key="526">Pa</rs> said ‘it is thus’, and I said, Pa, you’re contradicting yourself, what you’re saying now is diametrically opposed to what at bottom you also vaguely feel yourself, even though you don’t want to feel it. Theo, for a long time I’ve completely and utterly refrained from arguing with Pa because I see that Pa has never thought about nor wants to think about certain very weighty things, and clings to a system by which he reasons, and simply does <hi rend="ital">not</hi> reason (nor did nor ever will do) according to the bare facts. There are too <hi rend="ital">many</hi> who do as he does for him not to find some support and assurance in the thought that everyone (that’s to say, first all the sedate, respectable clergymen) thinks like this about it. But he has no other assurance, and it’s based on a system and conventions, otherwise it would collapse as being groundless. Pa doesn’t wrestle with the naked truth.</ab>
<ab rend="indent">Well, all the same it seems to me that one is acting against oneself if one isn’t willing to think things through, it seems to me that one is acting against oneself if (in one’s youth, above all) one doesn’t say: listen here, for my part I don’t want to rely on a system, I want to set about it according to reason and conscience. I even pay less heed to my own father (although he’s not bad, although I say nothing about him), than to those in whom I see more truth.</ab>
    <ab rend="indent">Well dear brother — I have a deep, deep, deep respect for <rs type="pers" key="1226">Millet</rs>, <rs type="pers" key="971">Corot</rs>, <rs type="pers" key="976">Daubigny</rs>, <rs type="pers" key="899">Breton</rs>, <rs type="pers" key="1080">Herkomer</rs>, <rs type="pers" key="878">Boughton</rs>, <rs type="pers" key="986">Jules Dupré</rs> &amp;c. &amp;c., <rs type="pers" key="1107">Israëls</rs>, in short the painters — I’m far from confusing <hi rend="ital">myself</hi> with <hi rend="ital">them</hi> — I don’t consider myself their equal — no — but all the same I say, whether people think it conceited of me or anything else — all the same I say, you’ll show me the way and I’ll pay more heed to your example than to that of Father, master or anyone else. 
<pb f="2v" n="6" xml:id="pb-trans-2v-6" facs="#zone-pb-2v-6"/></ab>
<ab rend="indent">To me, <rs type="pers" key="526">Pa</rs> and <rs type="pers" key="787">Tersteeg</rs> are something along the lines of <rs type="pers" key="983">Delaroche</rs>, <rs type="pers" key="1232">Muller</rs>, <rs type="pers" key="991">Dubufe</rs> &amp;c. — I may think it clever, I may say nothing about it, I may take it for what it is, I may have a certain respect for it, but that doesn’t alter the fact that I say, the least painter or human being who wrestles directly with the naked truths of nature is more than you.</ab>
<ab rend="indent">Anyway, old chap, neither <rs type="pers" key="526">Pa</rs> nor <rs type="pers" key="787">Tersteeg</rs> has given me anything but false peace for my conscience, and they haven’t made me free, nor even respected my desire for freedom and naked truth, and my feeling of ignorance and darkness.</ab>
<ab rend="indent">Well, left to my own devices I haven’t achieved the light and what I want, very well, so be it, but precisely since abandoning <hi rend="ital">their</hi> systems outright, I yet have a degree of hope that my efforts won’t be in vain.</ab>
<ab rend="indent">And that I shall see the white ray before my eyes close.</ab>
<ab rend="indent">Whatever the inner struggle about not having found it yet, I’ve never regretted having said that I considered black ray black ray, and having abandoned <hi rend="ital">that</hi> outright, save for not arguing about it, which, if I have argued about it, was a mistake.</ab>
<ab rend="indent">Well for my part, knowing what I know, I look at you and ask, What shall he do with it?<anchor n="7" xml:id="note-t-7"/> Theo, when we had a bit of an argument in The Hague not long ago and you said to me — I’m increasingly drawn to <rs type="pers" key="526">Pa</rs> — then I said, old chap, it’s a tricky matter that, and you must follow your own conscience. But I’ve also tried to explain to you since that, for my part, I haven’t been able to find any peace in Pa’s way of thinking (and <rs type="pers" key="787">H.G.T.</rs>’s, which I find much the same), and was increasingly beginning to realize that there’s such a thing as black ray and white ray, and that I found their light black and a convention compared with the lightness of <rs type="pers" key="1226">Millet</rs> and <rs type="pers" key="971">Corot</rs>, for instance. 
<pb f="2v" n="7" xml:id="pb-trans-2v-7" facs="#zone-pb-2v-7"/></ab>
<ab rend="indent">Well, I’ve thought about it for 4 years longer than you, I’m 4 years older and calmer — with me, time and experience have led me to drop and abandon certain things. And I don’t want to influence you, but neither do I want to conceal myself from you or do anything other than speak out forthrightly.</ab>
<ab rend="indent">I come to the following conclusion. What <rs type="pers" key="526">Pa</rs> and <rs type="pers" key="787">Tersteeg</rs> held up to me as <hi rend="ital">Duty</hi> was a <hi rend="ital">Spectre of duty</hi>.</ab>
<ab rend="indent">They <hi rend="ital">essentially</hi> said (not in so many words) ‘earn money and your life will become straight’. <rs type="pers" key="1226">Millet</rs> says to me: <hi rend="ital">put your life straight</hi> (at least try to do that first, and to wrestle with the naked truth) <hi rend="ital">and EVEN earning money will sort itself out, and in that, too, you won’t be dishonest</hi>.<anchor n="8" xml:id="note-t-8"/></ab>
<ab rend="indent">I felt then, and much more so now, that (although they themselves believed they had honourable intentions, and I don’t suspect them of deceit but, as I said, take them for what they are — but at the same time <hi rend="ital">leave them behind me</hi>), <rs type="pers" key="526">Pa</rs> and <rs type="pers" key="787">Tersteeg</rs>, and come to that <rs type="pers" key="422">C.M.</rs> and who knows who else, all the influences of the past, increasingly took me <hi rend="ital">out</hi> of nature. Well, whatever one may say about <rs type="pers" key="1226">Millet</rs>, at least he brought me back <hi rend="ital">into</hi> nature more than anyone else could have done in my desperate state of mind.</ab>
<ab rend="indent">My youth has been austere and cold, and sterile under the influence of the black ray. And, brother, your youth too, in fact. Old chap — I don’t want to flatter you this time. Anyway, but I don’t want to blame anyone for it but myself. All the same, the black ray is unspeakably cruel — unspeakably. And at this moment I feel as many pent-up tears about many things as there are in a figure by <rs type="pers" key="1194">Mantegna</rs>!<anchor n="9" xml:id="note-t-9"/> 
<pb f="2r" n="8" xml:id="pb-trans-2r-8" facs="#zone-pb-2r-8"/></ab>
<ab rend="indent">But brother, my very sorrow about so much proves to me that I’ve <hi rend="ital">finished</hi> dealing with those systems. I’ve suffered from them, but at bottom I no longer belong on that side. And now, I say as brother to brother, as friend to friend, although our youth was austere and went against the grain, <hi rend="ital">from now on</hi> let’s seek the gentle light, since I know no other name for it but the white ray or goodness. Not regarding ourselves as already having acquired it, of course, but searching for it, believing in it with collier’s faith.<anchor n="10" xml:id="note-t-10"/></ab>
<ab rend="indent">Be it as it may that more than once I’ve been short-tempered both with <rs type="pers" key="526">Pa</rs> and with <rs type="pers" key="787">Tersteeg</rs> &amp;c. &amp;c., don’t consider me as being influenced by hatred or malice towards them. I don’t envy them, in my view they’re not happy themselves, and at bottom I’m certainly not their enemy or their hater, nor do I regard them as my enemies either, even though I don’t look back on their influence with that much pleasure. But I don’t suspect them of malicious intentions. I think that they do follow their consciences, but that there are spectres there. And I do <hi rend="ital">not</hi> see in <rs type="pers" key="971">Corot</rs><anchor n="11" xml:id="note-t-11"/> and <rs type="pers" key="1226">Millet</rs> that there were spectres in <hi rend="ital">their</hi> consciences. There I see that it was calmer and a serenity of a better calibre. Well, yet again, I’m still very far from that. However, every study, every effort towards painting, every new love of and wrestling with nature, happy or unhappy, brings me a faltering step closer. As to religion, I find less of that in Pa than in <rs type="pers" key="410">Uncle Jan</rs>, say, although many would obviously say the reverse. I find Pa the opposite of a man of faith. Anyway. Look here, starting to paint demands a certain collier’s faith because one can’t <hi rend="ital">prove</hi> beforehand that it will succeed, and everyone would have grave doubts about it. But Theo, even though both you and I begin with as many pent-up tears as the figures by <rs type="pers" key="1194">Mantegna</rs> or <rs type="pers" key="1048">Giotto</rs>, at the same time we can have a silent hope through all our melancholy.</ab>
<ab rend="indent">In the early years of having things hard, it may be a sowing in tears,<anchor n="12" xml:id="note-t-12"/> so be it, but we’ll hold them in, and a long, long way off we feel a silent hope of the harvest.</ab></div>
<div type="notes">
<note n="1" xml:id="n-1" target="#note-t-1">
<ab>Cf. for this expression: <ref target="let288.xml#n-15">letter 288, n. 15.</ref></ab></note>
<note n="2" xml:id="n-2" target="#note-t-2">
<ab>This expression occurred previously in <ref target="let228.xml">letter 228</ref>.</ab></note>
<note n="3" xml:id="n-3" target="#note-t-3">
<ab>A reference to the myth of Sisyphus, whom the gods condemned to ceaselessly push a rock up a mountain; the boulder always rolled down again just before it reached the top. See Homer, <hi rend="ital"><rs type="lit" key="144">Odyssey</rs></hi>, 2, 593 and Ovid, <hi rend="ital"><rs type="lit" key="54">Metamorphoses</rs></hi>, 4, 460.</ab></note>
<note n="a" xml:id="n-a" target="#note-o-a">
<ab>By ‘geregeld’ Van Gogh does not mean ‘regelmatig’ (regularly), he means ‘geordend’ (coherently), with the same order and control in his thinking as they have.</ab></note>
<note n="4" xml:id="n-4" target="#note-t-4">
<ab>In several of his letters Theo had included descriptions of life in Paris that charmed Vincent. See e.g. <ref target="let260.xml">letter 260</ref> and <ref target="let288.xml">letter 288</ref>.</ab></note>
<note n="5" xml:id="n-5" target="#note-t-5">
<ab>See for this term, derived from <rs type="pers" key="666">Victor Hugo</rs>’s <hi rend="ital"><rs type="lit" key="278">Quatre-vingt-treize</rs></hi>: <ref target="let388.xml#n-22">letter 388, n. 22.</ref></ab></note>
<note n="6" xml:id="n-6" target="#note-t-6">
<ab>At the end of the second part of the letter (<ref target="#l-295">l. 295</ref>) four lines, rotated through 180<hi rend="ss">o</hi> and originally the start of a letter, have been crossed out: ‘Dear brother, today it was a sad, rainy day, as it usually is at present – but it was supremely beautiful outdoors precisely because of it, and for myself I feel drawn, just because of that sad mood, to go and look at things’ (‘Beste broer, Van daag was het/ zooals tegenwoordig meestal/ een triestigen regendag – maar heerlijk mooi was het buiten juist daarom/ en ik voor mij voel mij juist door die trieste stemming getrokken om dan de dingen te gaan bekijken_–’).</ab></note>
<note n="7" xml:id="n-7" target="#note-t-7">
<ab>See for this possible quotation: <ref target="let407.xml">letter 407</ref>.</ab></note>
<note n="b" xml:id="n-b" target="#note-o-b">
<ab>Means: ‘losheid, lichtheid’ (ease, lightness).</ab></note>
<note n="8" xml:id="n-8" target="#note-t-8">
<ab>This ‘says’ is not meant literally, it is the general message that Van Gogh has retained from his reading of <rs type="pers" key="737">Sensier</rs>’s <hi rend="ital"><rs type="lit" key="238">La vie et l’oeuvre de J.F. Millet</rs></hi> (1881). In this work <rs type="pers" key="1226">Millet</rs> emerges as a painter who lived life according to his conscience and – although at first he often had to call on friends for financial assistance – was ultimately successful and remained true to his principles.</ab></note>
<note n="9" xml:id="n-9" target="#note-t-9">
<ab>Van Gogh had probably read somewhere about the ‘pent-up tears’ in the figures that <rs type="pers" key="1194">Andrea Mantegna</rs> painted; later in the letter he refers to them a second time – when he also adds <rs type="pers" key="1048">Giotto</rs>’s name.</ab></note>
<note n="10" xml:id="n-10" target="#note-t-10">
<ab>For ‘collier’s faith’, <ref target="let286.xml#n-17">see letter 286, n. 17.</ref></ab></note>
<note n="11" xml:id="n-11" target="#note-t-11">
<ab>Van Gogh derived what he knew about <rs type="pers" key="971">Corot</rs> from <rs type="pers" key="1809">Dumesnil</rs> 1875 (cf. also <ref target="let396.xml">letter 396</ref>).</ab></note>
<note n="12" xml:id="n-12" target="#note-t-12">
<ab>See <bibleref xmlns="http://www.vangoghletters.org/ns/" book="Ps" chap="126" vr="5-6">Ps. 126:5-6</bibleref>; <bibleref xmlns="http://www.vangoghletters.org/ns/" book="Rhy. ps" chap="126" v="3">rhy. ps. 126:3</bibleref> and <bibleref xmlns="http://www.vangoghletters.org/ns/" book="hymn" chap="262" v="7">hymn 262:7</bibleref>.</ab></note></div></body></text></TEI>
