<?xml version="1.0" encoding="UTF-8"?>
<!-- Last Changed Date: 2018-07-18 12:32:41 +0200 (Wed, 18 Jul 2018) | SVN Revision: 2206 -->
<!--Licensed under Attribution-NonCommercial-ShareAlike 4.0 International (CC BY-NC-SA 4.0)-->
<?xml-model href="https://xmlschema.huygens.knaw.nl/vgodd.rng" type="application/xml" schematypens="http://relaxng.org/ns/structure/1.0"?>
<TEI xmlns:vg="http://www.vangoghletters.org/ns/" xmlns="http://www.tei-c.org/ns/1.0">
<teiHeader xmlns:xsi="http://www.w3.org/2001/XMLSchema-instance"><fileDesc>
<titleStmt>
<title>To Theo van Gogh. Nuenen, on or about Wednesday, 2 July 1884.</title>
<editor>Leo Jansen</editor>
<editor>Hans Luijten</editor>
<editor>Nienke Bakker</editor></titleStmt>
<publicationStmt>
<publisher><name>Huygens Instituut voor Nederlandse Geschiedenis (KNAW)</name><email>info@huygens.knaw.nl</email></publisher>
<publisher>Van Gogh Museum</publisher>
<pubPlace>Amsterdam</pubPlace>
<date type="first" when="2009">2009</date>
<availability status="restricted">
<licence target="http://creativecommons.org/licenses/by-nc-sa/4.0/ https://creativecommons.org/licenses/by-nc-sa/4.0/legalcode">
<p>Attribution-NonCommercial-ShareAlike 4.0 International (CC BY-NC-SA 4.0) </p></licence></availability>
<ptr target="http://vangoghletters.org/orig/let451"/></publicationStmt><sourceDesc><vg:letDesc><vg:letIdentifier>
<idno type="jlb">451</idno>
<idno type="collectedletters">372</idno>
<idno type="brieven1990">454</idno></vg:letIdentifier><vg:letHeading><author>Vincent van Gogh</author><vg:addressee>Theo van Gogh</vg:addressee><vg:placeLet>Nuenen</vg:placeLet><vg:dateLet>on or about Wednesday, 2 July 1884</vg:dateLet></vg:letHeading><vg:letContents>
<p>To Theo van Gogh. Nuenen, on or about Wednesday, 2 July 1884.</p>
<note type="ongoingTopic" n="1">
<p>Theo’s visit to Nuenen at Whitsun <ref target="let448.xml">(448)</ref></p></note>
<note type="ongoingTopic" n="2">
<p>Mrs van Gogh’s broken leg <ref target="let423.xml">(423)</ref></p></note></vg:letContents>
<note type="sourceStatus" xml:id="sourceStatus">
<p>Original manuscript</p></note>
<note type="location" xml:id="location">
<p>Amsterdam, Van Gogh Museum, inv. no. b406 V/1962</p></note>
<note type="date" xml:id="date">
<p>Because Vincent thanks his brother for the money he sent – this must have been for July (<ref target="#n-8">see n. 8</ref>) – the letter is dated on or about Wednesday, 2 July 1884.</p></note></vg:letDesc></sourceDesc></fileDesc></teiHeader>
<facsimile xmlns:xsi="http://www.w3.org/2001/XMLSchema-instance">
<surface n="b 0406" xml:id="surf-pb-1r"><graphic mimeType="image/tiff" url="VGM001000535_01.TIF" rend="norend"/><graphic mimeType="image/tiff" url="VGM001000535_01_n.tif" rend="norend"/><graphic mimeType="image/jpeg" url="VGM001000535_01_nt.jpg" height="50px" rend="thumbnail"/><zone xml:id="zone-pb-1r-1">
<graphic mimeType="image/tiff" url="VGM001000535_01_nR.tif" rend="norend"/><graphic mimeType="image/jpeg" url="VGM001000535_01_nRt.jpg" height="50px" rend="thumbnail"/><graphic mimeType="image/png" url="VGM001000535_01_nRf.png" width="380px" rend="facstab"/></zone>
<zone xml:id="zone-pb-1r-4">
<graphic mimeType="image/tiff" url="VGM001000535_01_nL.tif" rend="norend"/><graphic mimeType="image/jpeg" url="VGM001000535_01_nLt.jpg" height="50px" rend="thumbnail"/><graphic mimeType="image/png" url="VGM001000535_01_nLf.png" width="380px" rend="facstab"/></zone>
</surface>
<surface n="b 0406" xml:id="surf-pb-1v"><graphic mimeType="image/tiff" url="VGM001000535_02.TIF" rend="norend"/><graphic mimeType="image/tiff" url="VGM001000535_02_n.tif" rend="norend"/><graphic mimeType="image/jpeg" url="VGM001000535_02_nt.jpg" height="50px" rend="thumbnail"/><zone xml:id="zone-pb-1v-2">
<graphic mimeType="image/tiff" url="VGM001000535_02_nL.tif" rend="norend"/><graphic mimeType="image/jpeg" url="VGM001000535_02_nLt.jpg" height="50px" rend="thumbnail"/><graphic mimeType="image/png" url="VGM001000535_02_nLf.png" width="380px" rend="facstab"/></zone>
<zone xml:id="zone-pb-1v-3">
<graphic mimeType="image/tiff" url="VGM001000535_02_nR.tif" rend="norend"/><graphic mimeType="image/jpeg" url="VGM001000535_02_nRt.jpg" height="50px" rend="thumbnail"/><graphic mimeType="image/png" url="VGM001000535_02_nRf.png" width="380px" rend="facstab"/></zone>
</surface></facsimile><text xmlns:xsi="http://www.w3.org/2001/XMLSchema-instance"><body>
<div type="original">
<pb f="1r" n="1" xml:id="pb-orig-1r-1" facs="#zone-pb-1r-1"/><lb n="1" xml:id="l-1"/>
<ab>Waarde Theo,</ab><lb n="2" xml:id="l-2"/>
<ab>Hartelijk dank voor <lb n="3" xml:id="l-3"/>Uw brief en ingesl. frs 200<c type="kp">_</c>–</ab><lb n="4" xml:id="l-4"/>
<ab rend="indent">Dank voor de opgaaf van de grootte der <lb n="5" xml:id="l-5"/>lijst waarin ik denk een spinstertje te maken <lb n="6" xml:id="l-6"/>naar de groote studie.<anchor n="1" xml:id="note-o-1"/></ab><lb n="7" xml:id="l-7"/>
<ab rend="indent">Het deed me genoegen eens goede berigten <lb n="8" xml:id="l-8"/>van Breitner te hooren.<anchor n="2" xml:id="note-o-2"/> De laatste indrukken <lb n="9" xml:id="l-9"/>die ik van hem had waren zoo als gij weet <lb n="10" xml:id="l-10"/>nog al ongunstig ingevolge van 3 groote <lb n="11" xml:id="l-11"/>lappen die ik bij hem zag en waar ik <lb n="12" xml:id="l-12"/>letterlijk niets in zag dat men ’t zij in de <lb n="13" xml:id="l-13"/>werkelijkheid ’t zij in een denkbeeldige wereld <lb n="14" xml:id="l-14"/>kon t’huis brengen.<anchor n="3" xml:id="note-o-3"/> Maar een paar aquarellen <lb n="15" xml:id="l-15"/>die hij toen onder handen had – paarden in <lb n="16" xml:id="l-16"/>de duinen – waren toen ook<c type="kk">/</c> ofschoon zeer <lb n="17" xml:id="l-17"/>schetsachtig<c type="kk">/</c> toch beter.<anchor n="4" xml:id="note-o-4"/> En daar zag ik <lb n="18" xml:id="l-18"/>dingen in die maken ik best begrijpen kan <lb n="19" xml:id="l-19"/>het sch<hi rend="ss">ij</hi> waar ge van spreekt goed zal zijn.</ab><lb n="20" xml:id="l-20"/>
<ab rend="indent">Wat betreft de teekenmaatschappij:<anchor n="5" xml:id="note-o-5"/> <lb n="21" xml:id="l-21"/>ik heb het primo glad vergeten wegens <lb n="22" xml:id="l-22"/>ik aan die bewuste figuren schilderde; <lb n="23" xml:id="l-23"/>tweedens<c type="kk">/</c> nu ik door Uw brief er weer <lb n="24" xml:id="l-24"/>eens op kom te denken heb ik er bitter <lb n="25" xml:id="l-25"/>weinig animo voor<c type="kk">/</c> aangezien zoo als <lb n="26" xml:id="l-26"/>ik U toen van den zomer reeds zeide ik er <lb n="27" xml:id="l-27"/>niets anders van verwachten zou dan <lb n="28" xml:id="l-28"/>een weigering van ’t gevraagde lidmaatschap<c type="kk">/</c> <lb n="29" xml:id="l-29"/>welke weigering men dan evenwel als een soort <lb n="30" xml:id="l-30"/>noodzakelijk kwaad kan beschouwen waar een <lb n="31" xml:id="l-31"/>volgend jaar redres op komt en als zoodanig <lb n="32" xml:id="l-32"/>de demarche desnoods raison d’être bekomt<c type="kp">_</c>–</ab>
<pb f="1v" n="2" xml:id="pb-orig-1v-2" facs="#zone-pb-1v-2"/><lb n="33" xml:id="l-33"/>
<ab rend="indent">Maar aangezien het me glad door ’t hoofd <lb n="34" xml:id="l-34"/>is gegaan heb ik bovendien geen een <lb n="35" xml:id="l-35"/>aquarel onder handen en zou gehaast <lb n="36" xml:id="l-36"/>nieuwe moeten opzetten als ’t niet reeds <lb n="37" xml:id="l-37"/>te laat is voor dit jaar<c type="kp">_</c></ab><lb n="38" xml:id="l-38"/>
<ab rend="indent">En als ik U zeg ik nu juist weer verdiept <lb n="39" xml:id="l-39"/>ben in twee nieuwe groote studies <lb n="40" xml:id="l-40"/>van weversinterieurs<c type="kk">/</c> begrijpt ge ik <lb n="41" xml:id="l-41"/>er niet voor gestemd ben<c type="kp">_</c> Vooral <lb n="42" xml:id="l-42"/>daar het met nog al onaangenaamheden <lb n="43" xml:id="l-43"/>kon gepaard gaan indien ik me <lb n="44" xml:id="l-44"/>weer aanmelde bij de Haagsche heeren<c type="kp">_</c></ab><lb n="45" xml:id="l-45"/>
<ab rend="indent">Wat betreft die twee wevers – het eene <lb n="46" xml:id="l-46"/>is een stuk van ’t getouw met het figuur <lb n="47" xml:id="l-47"/>en een raampje.<anchor n="6" xml:id="note-o-6"/></ab><lb n="48" xml:id="l-48"/>
<ab rend="indent">’t andere een interieur met 3 raampjes <lb n="49" xml:id="l-49"/>die uitzien op het geelachtig groen<c type="kk">/</c> dat contrasteert <lb n="50" xml:id="l-50"/>met het blaauw van ’t goed dat op ’t getouw <lb n="51" xml:id="l-51"/>wordt geweven en den kiel van den wever <lb n="52" xml:id="l-52"/>die weer van een ander blaauw is<c type="kp">_</c>–<anchor n="7" xml:id="note-o-7"/></ab><lb n="53" xml:id="l-53"/>
<ab rend="indent">Maar ’t geen hier me dezer dagen in de natuur ’t meest <lb n="54" xml:id="l-54"/>heeft getroffen heb ik door gebrek aan goed model er voor <lb n="55" xml:id="l-55"/>nog niet begonnen<c type="kp">_</c>– De halfrijpe korenvelden hebben tegenwoordig <lb n="56" xml:id="l-56"/>een donker goudblonden toon<c type="kk">/</c> ros of goudbrons<c type="kp">_</c> <lb n="57" xml:id="l-57"/>Dit wordt tot een maximum van effekt gebragt door <lb n="58" xml:id="l-58"/>oppositie van den gebroken cobalttoon van de <lb n="59" xml:id="l-59"/>lucht<c type="kp">_</c></ab><lb n="60" xml:id="l-60"/>
<ab rend="indent">Verbeeld U op een dusdanig fond vrouwenfiguren<c type="kk">/</c> <lb n="61" xml:id="l-61"/>zeer ruw<c type="kk">/</c> zeer energiek<c type="kk">/</c> door de zon gebronsd <lb n="62" xml:id="l-62"/>van gezigt en armen en voeten<c type="kk">/</c> met bestoven indigo <lb n="63" xml:id="l-63"/>grove kleeding en zwarte muts in den vorm eener <lb n="64" xml:id="l-64"/>baret op de kort geschoren haren – 
<pb f="1v" n="3" xml:id="pb-orig-1v-3" facs="#zone-pb-1v-3"/><lb n="65" xml:id="l-65"/>terwijl zij op een stoffig pad van ros violet <lb n="66" xml:id="l-66"/>met wat groen onkruid tusschen t’koren <lb n="67" xml:id="l-67"/>doorgaan naar hun werk<c type="kk">/</c> met onkruid<c type="shy">-</c><lb n="68" xml:id="l-68"/>krabbers op den schouder<c type="kk">/</c> of een roggebrood onder <lb n="69" xml:id="l-69"/>den arm<c type="kk">/</c> een kruik of koperen koffijketel<c type="kp">_</c>– <lb n="70" xml:id="l-70"/>Herhaaldelijk<c type="kk">/</c> in allerlei variaties zag ik <lb n="71" xml:id="l-71"/>dezer dagen telkens datzelfde motief<c type="kp">_</c> <lb n="72" xml:id="l-72"/>En ik verzeker U dat het terdeeg echt was<c type="kk">/</c> <lb n="73" xml:id="l-73"/>zeer rijk en toch zeer sober<c type="kk">/</c> zeer <lb n="74" xml:id="l-74"/>uitgezocht<anchor n="a" xml:id="note-o-a"/> artistiek<c type="kp">_</c>–</ab><lb n="75" xml:id="l-75"/>
<ab rend="indent">En het preoccupeert mij zeer.</ab><lb n="76" xml:id="l-76"/>
<ab rend="indent">Mijn verfrekening staat echter zoo dat ik een <lb n="77" xml:id="l-77"/>beetje zuinig moet zijn met het op touw zetten <lb n="78" xml:id="l-78"/>van nieuwe dingen in een grooter formaat<c type="kk">/</c> en <lb n="79" xml:id="l-79"/>te meer daar het mij nog al veel aan model <lb n="80" xml:id="l-80"/>zal kosten indien ik nog maar eens geschikte modellen<c type="kk">/</c> juist <lb n="81" xml:id="l-81"/>van het type dat ik in ’t hoofd heb (ruwe<c type="kk">/</c> platte gezigten <lb n="82" xml:id="l-82"/>met laag voorhoofd en dikke lippen<c type="kk">/</c> niet dat scherpe <lb n="83" xml:id="l-83"/>maar vol en Milletachtig) en juist met die <lb n="84" xml:id="l-84"/>kleeding<c type="kk">/</c> kan krijgen<c type="kp">_</c>–</ab><lb n="85" xml:id="l-85"/>
<ab rend="indent">Want het luistert hier naauw en men heeft <lb n="86" xml:id="l-86"/>geen vrijheid af te wijken van de kleuren van ’t costuum<c type="kk">/</c> <lb n="87" xml:id="l-87"/>daar ’t effekt ligt in de analogie van den <lb n="88" xml:id="l-88"/>gebroken indigotoon met den gebroken cobalttoon<c type="kk">/</c> <lb n="89" xml:id="l-89"/>opgevoerd door de geheime elementen oranje <lb n="90" xml:id="l-90"/>in ’t rosbrons van het koren.</ab><lb n="91" xml:id="l-91"/>
<ab rend="indent">Het zou iets zijn dat goed <hi rend="ital">Zomer</hi> uitdrukt – <lb n="92" xml:id="l-92"/>zomer is m.i. niet makkelijk uit te <lb n="93" xml:id="l-93"/>drukken<c type="kp">_</c> Meestal<c type="kk">/</c> althans dikwijls<c type="kk">/</c> is een <lb n="94" xml:id="l-94"/>zomereffekt of onmogelijk of leelijk – <lb n="95" xml:id="l-95"/>dit is mijn gevoelen althans – daar staan <lb n="96" xml:id="l-96"/>echter tegenover de schemeringen<c type="kp">_</c></ab><lb n="97" xml:id="l-97"/>
<ab rend="indent">Maar ik bedoel<c type="kk">/</c> het is niet makkelijk een <lb n="98" xml:id="l-98"/>zomer zoneffekt te vinden dat even rijk <lb n="99" xml:id="l-99"/>en even eenvoudig en even prettig om te zien is <lb n="100" xml:id="l-100"/>als de karakteristieke effekten der andere jaargetijden<c type="kp">_</c>–</ab>
<pb f="1r" n="4" xml:id="pb-orig-1r-4" facs="#zone-pb-1r-4"/><lb n="101" xml:id="l-101"/>
      <ab rend="html" html="451_01_ol.html">De lente is teer groen (jong koren) en rose (appelbloessem)<c type="kp">_</c></ab><lb n="102" xml:id="l-102"/>
      <ab rend="html" html="451_01_ol.html">De herfst is het contrast der geele blaren tegen violette <lb n="103" xml:id="l-103"/>toonen<c type="kp">_</c></ab><lb n="104" xml:id="l-104"/>
      <ab rend="html" html="451_01_ol.html">De winter is de sneeuw met de zwarte silhouetjes<c type="kp">_</c></ab><lb n="105" xml:id="l-105"/>
<ab rend="indent">Doch als nu de zomer is de oppositie <lb n="106" xml:id="l-106"/>van blaauwen tegen een element van oranje <lb n="107" xml:id="l-107"/>in ’t goudbrons van ’t koren<c type="kk">/</c> zou men <lb n="108" xml:id="l-108"/>zoodoende juist in ieder van de contrasten <lb n="109" xml:id="l-109"/>der complementaire kleuren (rood en groen<c type="kk">/</c> <lb n="110" xml:id="l-110"/>blaauw en oranje<c type="kk">/</c> geel en violet<c type="kk">/</c> wit en zwart) <lb n="111" xml:id="l-111"/>een sch<hi rend="ss">ij</hi> kunnen schilderen dat de stemming <lb n="112" xml:id="l-112"/>der jaargetijden goed uitdrukte.</ab><lb n="113" xml:id="l-113"/>
<ab rend="indent">Nu<c type="kk">/</c> ik ben zeer verlangend eens te vernemen <lb n="114" xml:id="l-114"/>hoe het staat met Uw reis n. Londen<anchor n="8" xml:id="note-o-8"/> enz<c type="kp">_</c>–</ab><lb n="115" xml:id="l-115"/>
<ab rend="indent">Het blijft nog maar weinig vooruitgaan met het loopen <lb n="116" xml:id="l-116"/>van Moe. Wil is naar Noordwijk en <lb n="117" xml:id="l-117"/>dat is een goed ding.<anchor n="9" xml:id="note-o-9"/> Lies is hier geweest doch <lb n="118" xml:id="l-118"/>ik vond haar werk niet vooruitgegaan – zij heeft <lb n="119" xml:id="l-119"/>nog niet geleerd uit haar oogen te kijken en <lb n="120" xml:id="l-120"/>te maken wat zij werkelijk zag of voelde<c type="kp">_</c> <lb n="121" xml:id="l-121"/>Het blijft bij het afgezaagde van ik weet niet welke <lb n="122" xml:id="l-122"/>half sentimenteele half godsdienstige beschouwing<c type="kp">_</c>–<anchor n="10" xml:id="note-o-10"/> <lb n="123" xml:id="l-123"/>Doch dat kan door den tijd nog veranderen.</ab><lb n="124" xml:id="l-124"/>
<ab rend="indent">Gegroet en nogmaals dank voor Uw <lb n="125" xml:id="l-125"/>schrijven en het ingeslotene.</ab><lb n="126" xml:id="l-126"/>
<ab rend="indent">Geloof me</ab>
<vg:whiteline/><lb n="126*" xml:id="l-126s"/>
<ab>b<c type="kp">_</c> à t<c type="kp">_</c></ab><lb n="127" xml:id="l-127"/>
<ab>Vincent</ab>
<vg:whiteline/><lb n="128" xml:id="l-128"/>
<ab>’t best wat ik er op weet – voor de lijst – is eenige <lb n="129" xml:id="l-129"/>raampjes van die grootte te nemen<c type="kk">/</c> dan kunnen <lb n="130" xml:id="l-130"/>we zien wat het best uitvalt.<anchor n="11" xml:id="note-o-11"/></ab>
<vg:whiteline/>
<div type="textualNotes">
<note target="l-16" n="16">duinen – &lt; duinen</note>
<note target="l-22" n="22">schilderde; &lt; schilderde</note>
<note target="l-101" n="101">(jong koren) &lt; <hi rend="ital">Added later; parentheses added by us.</hi></note>
<note target="l-101" n="101">(appelbloessem)<c type="kp">_</c> &lt; <hi rend="ital">Added later; parentheses added by us.</hi></note>
<note target="l-107" n="107">zou &lt; Zou</note>
<note target="l-108" n="108">in ieder &lt; voor in ieder</note>
<note target="l-128" n="128">’t &lt; t.</note></div></div>
<div type="translation">
<pb f="1r" n="1" xml:id="pb-trans-1r-1" facs="#zone-pb-1r-1"/>
<ab>My dear Theo,</ab>
<ab>Many thanks for your letter and 200 francs enclosed.</ab>
<ab rend="indent">Thanks for letting me know the size of the frame, for which I’m thinking of making a little woman spinning, after the large study.<anchor n="1" xml:id="note-t-1"/></ab>
<ab rend="indent">I was pleased to hear good reports about <rs type="pers" key="903">Breitner</rs> for once.<anchor n="2" xml:id="note-t-2"/> As you know, the last impressions that I had of him were rather unfavourable as a consequence of 3 large canvases that I saw at his place and in which I literally saw nothing that one could locate either in reality or in an imaginary world.<anchor n="3" xml:id="note-t-3"/> Still, a few watercolours he was working on at the time — horses in the dunes — were better, although very sketchy.<anchor n="4" xml:id="note-t-4"/> And I saw in them things that mean I can readily understand that the painting you talk about is good.</ab>
<ab rend="indent">As to the drawing society:<anchor n="5" xml:id="note-t-5"/> first, I’d utterly forgotten about it because I was painting those particular figures; secondly, now that your letter prompts me to think about it again, I have very little inclination for it since, as I already said to you in the summer, I wouldn’t expect anything other than a rejection of my application for membership, which rejection one can, however, regard as a sort of necessary evil that would be redressed another year, and as such the step acquires a <hi rend="ital">raison d’être</hi> if need be. 
<pb f="1v" n="2" xml:id="pb-trans-1v-2" facs="#zone-pb-1v-2"/></ab>
<ab rend="indent">But besides, since it completely slipped my mind, I don’t have a single watercolour in hand and would have to start new ones in a hurry, if it’s not already too late for this year.</ab>
<ab rend="indent">And when I tell you that I’m just now absorbed in two new large studies of weavers’ interiors, you’ll understand that I’m not in the mood for it. Particularly since it could involve all sorts of unpleasantnesses were I to apply again to the gentlemen in The Hague.</ab>
<ab rend="indent">As to these two weavers — one is a section of the loom with the figure and a little window.<anchor n="6" xml:id="note-t-6"/></ab>
<ab rend="indent">The other an interior with 3 little windows that look out on the yellowish foliage, which contrasts with the blue of the cloth that’s being woven on the loom and the weaver’s smock, which is another blue again.<anchor n="7" xml:id="note-t-7"/></ab>
<ab rend="indent">But for want of a good model I haven’t yet started on what has most struck me in nature these last few days. At present the half-ripe wheatfields have a dark, golden blond tone, ruddy or golden bronze. This is brought out to maximum effect by opposition with the broken cobalt tone of the sky.</ab>
<ab rend="indent">Imagine female figures against such a background, very crude, very energetic, faces and arms and feet bronzed by the sun, with dusty, coarse indigo clothes and black caps in the shape of a beret on their close-cropped hair — 
<pb f="1v" n="3" xml:id="pb-trans-1v-3" facs="#zone-pb-1v-3"/> while they go to their work on a dusty path of ruddy violet with some green weeds among the wheat, with hoes on their shoulders, or a loaf of rye bread under their arms, a pitcher or a copper coffee-pot. These last few days I’ve repeatedly seen that same subject, time and again, in all sorts of variants. And I assure you that it was thoroughly authentic, very lush and yet very sober, most perfectly artistic.</ab>
<ab rend="indent">And it preoccupies me greatly.</ab>
<ab rend="indent">The state of my paint bill is such, however, that I have to be a bit careful about starting new things in a larger size, and all the more so because it will cost me a fair amount in models if I could ever get suitable models of precisely the type I have in mind (coarse, flat faces with low foreheads and thick lips, not that sharp look, but full and <rs type="pers" key="1226">Millet</rs>-like) and with those very clothes.</ab>
<ab rend="indent">For this is very precise work, and one isn’t at liberty to depart from the colours of the costume, since the effect lies in the analogy of the broken indigo tone and the broken cobalt tone, heightened by the mysterious elements of orange in the ruddy bronze of the wheat.</ab>
<ab rend="indent">It would be something that expresses <hi rend="ital">Summer</hi> well — in my view summer isn’t easy to express. Usually, or often at least, a summery effect is either impossible or ugly  that’s my feeling, at least — it’s offset by the twilights, though.</ab>
<ab rend="indent">But I mean it isn’t easy to find the effect of a summer sun that’s as lush and as simple and as pleasant to look at as the characteristic effects of the other seasons. 
<pb f="1r" n="4" xml:id="pb-trans-1r-4" facs="#zone-pb-1r-4"/></ab>
      <ab rend="html" html="451_01_tr.html">The spring is tender green (young wheat) and pink (apple blossom).</ab>
      <ab rend="html" html="451_01_tr.html">The autumn is the contrast of the yellow leaves against violet tones.</ab>
      <ab rend="html" html="451_01_tr.html">The winter is the snow with the little black silhouettes. </ab>
<ab rend="indent">But if the summer is the opposition of blues against an element of orange in the golden bronze of the wheat, this way one could paint a painting in each of the contrasts of the complementary colours (red and green, blue and orange, yellow and violet, white and black) that really expressed the mood of the seasons.</ab>
<ab rend="indent">Well, I’m very eager to hear how things are going with your trip to London<anchor n="8" xml:id="note-t-8"/> etc.</ab>
<ab rend="indent"><rs type="pers" key="524">Ma</rs> is still not making much progress with her walking. <rs type="pers" key="407">Wil</rs>’s gone to Noordwijk, and that’s a good thing.<anchor n="9" xml:id="note-t-9"/> <rs type="pers" key="401">Lies</rs> has been here, but I thought that her work hadn’t progressed — she still hasn’t learnt to use her eyes and to make what she really saw or felt. It’s stuck at I don’t know what kind of hackneyed half-sentimental, half-religious view.<anchor n="10" xml:id="note-t-10"/> But it can still change in time.</ab>
<ab rend="indent">Regards, and thanks again for your letter and the enclosure.</ab>
<ab rend="indent">Believe me</ab>
<vg:whiteline/>
<ab>Yours truly,</ab>
<ab>Vincent</ab>
<vg:whiteline/>
<ab>The best I can think of — for the frame — is to take some little stretching frames of that size, then we can see what works out best.<anchor n="11" xml:id="note-t-11"/></ab></div>
<div type="notes">
<note n="1" xml:id="n-1" target="#note-t-1">
<ab>This ‘large’ painting of a woman spinning must be the same one referred to in <ref target="let449.xml">letters 449</ref> and <ref target="let450.xml">450</ref>. The ‘little woman spinning’ may have been the woman spinning that is under <hi rend="ital">The parsonage garden in the snow</hi> (<rs type="ill" key="2492">F 194 / JH 603</rs>), which measures 59 x 78 cm. For an X-ray image of this see exhib. cat. Vienna 1996, p. 172. Cf. also <ref target="let466.xml">letter 466</ref>.</ab></note>
<note n="2" xml:id="n-2" target="#note-t-2">
<ab><rs type="pers" key="903">Breitner</rs> stayed in Paris, where he met Theo, from June to November 1884. See Hefting 1970, p. 75.</ab></note>
<note n="3" xml:id="n-3" target="#note-t-3">
      <ab>See for these three large works by <rs type="pers" key="903">Breitner</rs>, one of which was probably <hi rend="ital"><rs type="ill" key="635">Charge of the hussars</rs></hi>: <ref target="let361.xml#n-22">letter 361, nn. 22</ref><ref target="let361.xml#n-22">-24.</ref></ab></note>
<note n="4" xml:id="n-4" target="#note-t-4">
<ab>We do not know which watercolours Van Gogh means.</ab></note>
<note n="5" xml:id="n-5" target="#note-t-5">
<ab>See for De Hollandsche Teeken-maatschappij: <ref target="let256.xml#n-8">letter 256, n. 8.</ref> Van Gogh’s name does not appear in the minutes for 1884-1885, nor is he listed among the absentees (<hi rend="ital">GAH</hi>).</ab></note>
<note n="6" xml:id="n-6" target="#note-t-6">
<ab>
      <hi rend="ital">Weaver near an open window</hi> (<rs type="ill" key="2472">F 24 / JH 500</rs>), which measures 67 x 93.2 cm. In the same week – on 5 July 1884 – <rs type="pers" key="526">Mr van Gogh</rs> wrote to Theo: ‘Vincent is still working on weavers. A pity, one might say, that he doesn’t choose a landscape for a change’ (FR b2253).</ab></note>
<note n="7" xml:id="n-7" target="#note-t-7">
<ab>
      <hi rend="ital">Weaver, interior with three small windows</hi> (<rs type="ill" key="2473">F 37 / JH 501</rs>), which measures 61 x 93 cm.</ab></note>
<note n="a" xml:id="n-a" target="#note-o-a">
<ab>Means: ‘uitgelezen’ (exquisitely).</ab></note>
<note n="8" xml:id="n-8" target="#note-t-8">
<ab>The plan was that Theo would go to London on 4 August (<ref target="let452.xml">see letter 452</ref>). His <rs type="pers" key="524">mother</rs> wished him bon voyage on 17 July (FR b2254). We know that he travelled back via the Netherlands, because on 22 August the family was able to look back with great pleasure on his visit to Nuenen (FR b2256).</ab></note>
<note n="9" xml:id="n-9" target="#note-t-9">
<ab><rs type="pers" key="407">Willemien</rs> was on holiday with her sister <rs type="pers" key="412">Anna</rs> and <rs type="pers" key="413">Joan van Houten</rs> and their family in a boarding house in Noordwijk aan Zee, between The Hague and Haarlem. Theo had provided the funds for this (FR b2254 and b2255).</ab></note>
<note n="10" xml:id="n-10" target="#note-t-10">
<ab>Their sister <rs type="pers" key="401">Elisabeth</rs> had aspirations as a writer. <rs type="pers" key="524">Mrs van Gogh</rs> wrote this month about Vincent’s surly attitude: ‘Vincent is working hard but he’s not pleasant; all the same I’m easier in my mind than if he were in The Hague’ (FR b2254, 17 July 1884).</ab></note>
<note n="11" xml:id="n-11" target="#note-t-11">
<ab>The idea is that Vincent will send works without stretching frames which Theo will mount on the stretching frames – there would then be a single frame that could be used for all the works.</ab></note></div></body></text></TEI>
