<?xml version="1.0" encoding="UTF-8"?>
<!-- Last Changed Date: 2018-07-18 12:32:41 +0200 (Wed, 18 Jul 2018) | SVN Revision: 2206 -->
<!--Licensed under Attribution-NonCommercial-ShareAlike 4.0 International (CC BY-NC-SA 4.0)-->
<?xml-model href="https://xmlschema.huygens.knaw.nl/vgodd.rng" type="application/xml" schematypens="http://relaxng.org/ns/structure/1.0"?>
<TEI xmlns:vg="http://www.vangoghletters.org/ns/" xmlns="http://www.tei-c.org/ns/1.0">
<teiHeader xmlns:xsi="http://www.w3.org/2001/XMLSchema-instance"><fileDesc>
<titleStmt>
<title>To Theo van Gogh. Nuenen, on or about Friday, 28 March 1884. </title>
<editor>Leo Jansen</editor>
<editor>Hans Luijten</editor>
<editor>Nienke Bakker</editor></titleStmt>
<publicationStmt>
<publisher><name>Huygens Instituut voor Nederlandse Geschiedenis (KNAW)</name><email>info@huygens.knaw.nl</email></publisher>
<publisher>Van Gogh Museum</publisher>
<pubPlace>Amsterdam</pubPlace>
<date type="first" when="2009">2009</date>
<availability status="restricted">
<licence target="http://creativecommons.org/licenses/by-nc-sa/4.0/ https://creativecommons.org/licenses/by-nc-sa/4.0/legalcode">
<p>Attribution-NonCommercial-ShareAlike 4.0 International (CC BY-NC-SA 4.0) </p></licence></availability>
<ptr target="http://vangoghletters.org/orig/let443"/></publicationStmt><sourceDesc><vg:letDesc><vg:letIdentifier>
<idno type="jlb">443</idno>
<idno type="collectedletters">365</idno>
<idno type="brieven1990">446</idno></vg:letIdentifier><vg:letHeading><author>Vincent van Gogh</author><vg:addressee>Theo van Gogh</vg:addressee><vg:placeLet>Nuenen</vg:placeLet><vg:dateLet>on or about Friday, 28 March 1884</vg:dateLet></vg:letHeading><vg:letContents>
<p>To Theo van Gogh. Nuenen, on or about Friday, 28 March 1884. </p>
<note type="ongoingTopic" n="1">
<p>Invitation to Van Rappard to come to Nuenen <ref target="let441.xml">(441)</ref></p></note>
<note type="ongoingTopic" n="2">
<p>Mrs van Gogh’s broken leg <ref target="let423.xml">(423)</ref></p></note></vg:letContents>
<note type="sourceStatus" xml:id="sourceStatus">
<p>Original manuscript</p></note>
<note type="location" xml:id="location">
<p>Amsterdam, Van Gogh Museum, inv. nos. b399 V/1962 (sheet 1) and b414 d V/1962 (sheet 2)</p></note>
<note type="date" xml:id="date">
<p>The drawings for Theo ‘for this month’ (<ref target="#l-1*">l. 1*</ref>), which had already been discussed for some time, are the March drawings. See for the reasons for dating this letter on or about 28 March: notes to <ref target="let442.xml">letter 442</ref>, <hi rend="ital">Date</hi>.</p></note>
<note type="arrangement" xml:id="arrangement">
<p>At the end of the letter we have added a separate sheet that had previously been put with <ref target="let463.xml">letter 463</ref> of 30 September 1884 (<ref target="#l-65">ll. 65</ref> ff.). The passage in question deals with Cor’s choice of profession, something that was a dead issue by the end of September. We have added the sheet here because the only letter in which this subject occurs is the present one <ref target="#l-4">(l. 4)</ref>, although it is remarkable that Van Gogh should have added a separate sheet while there was still a blank page on the first sheet of the letter.</p></note></vg:letDesc></sourceDesc></fileDesc></teiHeader>
<facsimile xmlns:xsi="http://www.w3.org/2001/XMLSchema-instance">
<surface n="b 0399" xml:id="surf-pb-1r"><graphic mimeType="image/tiff" url="VGM001000527_01.TIF" rend="norend"/><graphic mimeType="image/tiff" url="VGM001000527_01_n.tif" rend="norend"/><graphic mimeType="image/jpeg" url="VGM001000527_01_nt.jpg" height="50px" rend="thumbnail"/><zone xml:id="zone-pb-1r-1">
<graphic mimeType="image/tiff" url="VGM001000527_01_nR.tif" rend="norend"/><graphic mimeType="image/jpeg" url="VGM001000527_01_nRt.jpg" height="50px" rend="thumbnail"/><graphic mimeType="image/png" url="VGM001000527_01_nRf.png" width="380px" rend="facstab"/></zone>
</surface>
<surface n="b 0399" xml:id="surf-pb-1v"><graphic mimeType="image/tiff" url="VGM001000527_02.TIF" rend="norend"/><graphic mimeType="image/tiff" url="VGM001000527_02_n.tif" rend="norend"/><graphic mimeType="image/jpeg" url="VGM001000527_02_nt.jpg" height="50px" rend="thumbnail"/><zone xml:id="zone-pb-1v-2">
<graphic mimeType="image/tiff" url="VGM001000527_02_nL.tif" rend="norend"/><graphic mimeType="image/jpeg" url="VGM001000527_02_nLt.jpg" height="50px" rend="thumbnail"/><graphic mimeType="image/png" url="VGM001000527_02_nLf.png" width="380px" rend="facstab"/></zone>
<zone xml:id="zone-pb-1v-3">
<graphic mimeType="image/tiff" url="VGM001000527_02_nR.tif" rend="norend"/><graphic mimeType="image/jpeg" url="VGM001000527_02_nRt.jpg" height="50px" rend="thumbnail"/><graphic mimeType="image/png" url="VGM001000527_02_nRf.png" width="380px" rend="facstab"/></zone>
</surface>
<surface n="b 0414 d" xml:id="surf-pb-2r"><graphic mimeType="image/tiff" url="VGM001000551_01.TIF" rend="norend"/><zone xml:id="zone-pb-2r-4">
<graphic mimeType="image/tiff" url="VGM001000551_01_n.tif" rend="norend"/><graphic mimeType="image/jpeg" url="VGM001000551_01_nt.jpg" height="50px" rend="thumbnail"/><graphic mimeType="image/png" url="VGM001000551_01_nf.png" width="380px" rend="facstab"/></zone>
</surface>
<surface n="b 0414 d" xml:id="surf-pb-2v"><graphic mimeType="image/tiff" url="VGM001000551_02.TIF" rend="norend"/><zone xml:id="zone-pb-2v-5">
<graphic mimeType="image/tiff" url="VGM001000551_02_n.tif" rend="norend"/><graphic mimeType="image/jpeg" url="VGM001000551_02_nt.jpg" height="50px" rend="thumbnail"/><graphic mimeType="image/png" url="VGM001000551_02_nf.png" width="380px" rend="facstab"/></zone>
</surface></facsimile><text xmlns:xsi="http://www.w3.org/2001/XMLSchema-instance"><body>
<div type="original">
<pb f="1r" n="1" xml:id="pb-orig-1r-1" facs="#zone-pb-1r-1"/><lb n="1" xml:id="l-1"/>
<ab>Waarde Theo,</ab><lb n="1*" xml:id="l-1s"/>
<ab>de teekeningen voor deze maand zijn nog <lb n="2" xml:id="l-2"/>bij Rappard<c type="kk">/</c><anchor n="1" xml:id="note-o-1"/> anders had ik ze U reeds gestuurd<c type="kp">_</c>– En daar er <lb n="3" xml:id="l-3"/>een plan is Rappard heel binnen kort eens hier komt logeeren <lb n="4" xml:id="l-4"/>heb ik hem nu verzocht ze maar zelf mede te brengen dan.<anchor n="2" xml:id="note-o-2"/></ab><lb n="5" xml:id="l-5"/>
<ab rend="indent">Het doet me pleizier dat gij op die manier eens over Cor hebt <lb n="6" xml:id="l-6"/>geschreven<anchor n="3" xml:id="note-o-3"/> als ik uit Uw brief aan Pa en Moe vernam. <lb n="7" xml:id="l-7"/>Gelukkig dat Braat weer beter wordt – ge zult toch <lb n="8" xml:id="l-8"/>wel gezien hebben dat betreffende wat gij meendet me te <lb n="9" xml:id="l-9"/>moeten schrijven over hem<c type="kk">/</c> ge radicaal abuis in hebt <lb n="10" xml:id="l-10"/>gehad – niet waar<c type="kp">_</c>– ik hoop gij dit hebt ingezien<c type="kp">_</c>–<anchor n="4" xml:id="note-o-4"/></ab><lb n="11" xml:id="l-11"/>
<ab rend="indent">Wat ik U heb geschreven over Rappard kom ik <lb n="12" xml:id="l-12"/>nog even op terug<c type="kp">_</c>–<anchor n="5" xml:id="note-o-5"/> Ik vind het niet noodig <lb n="13" xml:id="l-13"/>met hem veel over U te spreken als gij en ik <lb n="14" xml:id="l-14"/>niet beter met elkaar zijn dan ’t momenteel <lb n="15" xml:id="l-15"/>gesteld is. Denk gij er nu echter zelf nog <lb n="16" xml:id="l-16"/>eens over na of het al dan niet van U <lb n="17" xml:id="l-17"/>onaardig zou zijn jegens hem als gij geen <lb n="18" xml:id="l-18"/>notitie eens er van nemen zoudt als hij nu <lb n="19" xml:id="l-19"/>binnen kort weer eens hier zal zijn.</ab><lb n="20" xml:id="l-20"/>
<ab rend="indent">Ik geloof dat gij er geen spijt van zoudt hebben <lb n="21" xml:id="l-21"/>den wenk dien ik U hieromtrent geef eens <lb n="22" xml:id="l-22"/>aan te nemen<c type="kp">_</c>– Wat ik zou willen is eenvoudig <lb n="23" xml:id="l-23"/>gij de kennis met hem eens vernieuwt.</ab>
<pb f="1v" n="2" xml:id="pb-orig-1v-2" facs="#zone-pb-1v-2"/><lb n="24" xml:id="l-24"/>
<ab rend="indent">Vooral omdat hij verder is dan ik<c type="kk">/</c> is er te meer <lb n="25" xml:id="l-25"/>reden voor. Ik zeg dit eenvoudig om te <lb n="26" xml:id="l-26"/>voorkomen ge een negligence begaat<c type="kp">_</c></ab><lb n="27" xml:id="l-27"/>
<ab rend="indent">Ik weet niet wat voor impressie ’t op Rappard zou <lb n="28" xml:id="l-28"/>maken als ik hem mededeelde wat we in den <lb n="29" xml:id="l-29"/>laatsten tijd met elkaar hebben gehad<c type="kp">_</c>–</ab><lb n="30" xml:id="l-30"/>
<ab rend="indent">Maar ik weet wel dat het werk dat hij van mij heeft <lb n="31" xml:id="l-31"/>gezien van deze laatste maanden hem beviel<c type="kp">_</c> <lb n="32" xml:id="l-32"/>Liever had ik<c type="kk">/</c> ik hem kon zeggen alles wel was <lb n="33" xml:id="l-33"/>tusschen U en mij<c type="kp">_</c></ab><lb n="34" xml:id="l-34"/>
<ab rend="indent">Maar ik zal hier ook niet over zaniken<c type="kp">_</c> <lb n="35" xml:id="l-35"/>Wilt gij de kunst verdeelen met scherpe<c type="kk">/</c> regt steile <lb n="36" xml:id="l-36"/>lijnen in dingen die men aan het licht mag brengen <lb n="37" xml:id="l-37"/>en dingen die men met groote standvastigheid <lb n="38" xml:id="l-38"/>moet stil laten liggen – dat is uw zaak<c type="kp">_</c></ab><lb n="39" xml:id="l-39"/>
<ab rend="indent">En op dit moment is de heele kwestie mij zoo <lb n="40" xml:id="l-40"/>regt hatelijk dat ik er ook niet op wil doorgaan<c type="kp">_</c>–</ab><lb n="41" xml:id="l-41"/>
<ab rend="indent">Wat Rappard betreft<c type="kk">/</c> het is curieus wat absurde dingen <lb n="42" xml:id="l-42"/>hij soms over zijn werk hoort – wat door hem heel <lb n="43" xml:id="l-43"/>leuk<anchor n="a" xml:id="note-o-a"/> wordt opgenomen<c type="kp">_</c>– Men moet daarop geprepareerd <lb n="44" xml:id="l-44"/>zijn en een zeker zelfvertrouwen hebben om zich <lb n="45" xml:id="l-45"/>niet te laten overdonderen of van streek maken<c type="kp">_</c> 
<pb f="1v" n="3" xml:id="pb-orig-1v-3" facs="#zone-pb-1v-3"/><lb n="46" xml:id="l-46"/>Vrienden die de beroerdigheid die men over <lb n="47" xml:id="l-47"/>het werk heeft vergoeden door <lb n="48" xml:id="l-48"/>hartelijkheid<c type="kk">/</c> zijn voor een schilder veel <lb n="49" xml:id="l-49"/>waard<c type="kp">_</c>– Waar gij voor R<c type="kp">_</c>’s werk <lb n="50" xml:id="l-50"/>persoonlijk sympathie zoudt voelen<c type="kk">/</c> zoudt <lb n="51" xml:id="l-51"/>gij zeker hem ook niet onverschillig zijn<c type="kp">_</c> <lb n="52" xml:id="l-52"/>Doch hij – en ik ook – maken ons <lb n="53" xml:id="l-53"/>hoe langer hoe minder illusies van <lb n="54" xml:id="l-54"/>sympathie te ondervinden en zetten ons <lb n="55" xml:id="l-55"/>meer en meer tot doorzetten zonder naar <lb n="56" xml:id="l-56"/>wie dan ook om te kijken<c type="kp">_</c>–</ab><lb n="57" xml:id="l-57"/>
<ab rend="indent">Het is met Moe nu zoo dat zij eigentlijk niets <lb n="58" xml:id="l-58"/>meer mankeert dan dat zij het loopen weer geheel <lb n="59" xml:id="l-59"/>van voren af aan moet leeren – en langzamerhand <lb n="60" xml:id="l-60"/>door oefenen het been minder stijf moet worden<c type="kp">_</c>– <lb n="61" xml:id="l-61"/>En het had veel erger kunnen afloopen<c type="kp">_</c>–</ab><lb n="62" xml:id="l-62"/>
<ab rend="indent">Gegroet<c type="kp">_</c></ab>
<vg:whiteline/><lb n="63" xml:id="l-63"/>
<ab>b. à t<c type="kp">_</c></ab><lb n="64" xml:id="l-64"/>
<ab>Vincent</ab>
<vg:whiteline/>
<pb f="2r" n="4" xml:id="pb-orig-2r-4" facs="#zone-pb-2r-4"/><lb n="65" xml:id="l-65"/>
<ab>Iets wat ik U vragen wou is<c type="kk">/</c> <lb n="66" xml:id="l-66"/>Waarom gaat Cor niet naar Goupil<c type="kk">/</c> <lb n="67" xml:id="l-67"/>zooals gij en ik toen we zijn jaren <lb n="68" xml:id="l-68"/>hadden er begonnen<c type="kp">_</c>– Ik hoor iets <lb n="69" xml:id="l-69"/>van een plan om hem nog voor 2 jaar <lb n="70" xml:id="l-70"/>op de Burgerschool te laten – ik hoor <lb n="71" xml:id="l-71"/>’t lumineus idée opperen<c type="kk">/</c> in alle serieux <lb n="72" xml:id="l-72"/>door Pa<c type="kk">/</c> hem “<hi rend="ital">consul</hi>” te laten <lb n="73" xml:id="l-73"/>worden<c type="kp">_</c>– Ofschoon niemand hier in <lb n="74" xml:id="l-74"/>huis noch iemand dergenen met <lb n="75" xml:id="l-75"/>wie over deze zaak voorloopige corres<c type="shy">-</c><lb n="76" xml:id="l-76"/>pondentien zijn gehouden<c type="kk">/</c> eigentlijk <lb n="77" xml:id="l-77"/>weet wat een consul eigentlijk <lb n="78" xml:id="l-78"/>uitvoert.</ab><lb n="79" xml:id="l-79"/>
<ab rend="indent">De zaak kan mij niet in ’t minst <lb n="80" xml:id="l-80"/>schelen – ik geloof dat dit <lb n="81" xml:id="l-81"/>consulaat iets dergelijks is als dat een <lb n="82" xml:id="l-82"/>oude dame hier op het dorp de <hi rend="ital">maréchaussées</hi> <lb n="83" xml:id="l-83"/>zulke mooie mannen vindt om te zien<c type="kp">_</c>– 
<pb f="2v" n="5" xml:id="pb-orig-2v-5" facs="#zone-pb-2v-5"/><lb n="84" xml:id="l-84"/>Maar erg verwondert het mij dat <lb n="85" xml:id="l-85"/>ik eenvoudig nooit over Goupil <lb n="86" xml:id="l-86"/>heb hooren praten betreffende Cor<c type="kp">_</c>– <lb n="87" xml:id="l-87"/>Waarom niet<c type="kp">_</c>– Vooral als gij er <lb n="88" xml:id="l-88"/>in blijft<c type="kk">/</c> dunkt mij<c type="kk">/</c> ligt <lb n="89" xml:id="l-89"/>het voor de hand Cor er ook in <lb n="90" xml:id="l-90"/>moest gaan – later hebt ge gezelschap <lb n="91" xml:id="l-91"/>en hulp aan elkaar – en <lb n="92" xml:id="l-92"/>hij is er in elk geval beter aan <lb n="93" xml:id="l-93"/>toe, leert meer, ziet meer, dan <lb n="94" xml:id="l-94"/>als “consul” of op een “notariskantoor” &amp;c<c type="kp">_</c><c type="kk">/</c> <lb n="95" xml:id="l-95"/>of “de posterijen”<c type="kk">/</c> allemaal <lb n="96" xml:id="l-96"/>overigens niet weinig fatsoenlijk <lb n="97" xml:id="l-97"/>en één pot nat. Cor zelf<c type="kk">/</c> voor zoover <lb n="98" xml:id="l-98"/>ik weet<c type="kk">/</c> heeft geen bepaald idee dat hij <lb n="99" xml:id="l-99"/>of in dit of in dat vak begeert te gaan – <lb n="100" xml:id="l-100"/>wegens hij van digt bij nog <lb n="101" xml:id="l-101"/>waarschijnlijk weinig anders heeft gezien <lb n="102" xml:id="l-102"/>dan boeken<c type="kk">/</c> den straatweg &amp;c<c type="kp">_</c></ab><lb n="103" xml:id="l-103"/>
<ab rend="indent">Hij is nu dunkt me een aardige jongen doch <lb n="104" xml:id="l-104"/>wel wordt het tijd hij in de praktijk komt dunkt me<c type="kk">/</c> <lb n="105" xml:id="l-105"/>anders schieten ze door<c type="kk">/</c> die luidjes<c type="kk">/</c> vooral als ze <lb n="106" xml:id="l-106"/>op een wat al te leeg kantoortje komen – schieten door <lb n="107" xml:id="l-107"/>in pedanterie en nulliteit<c type="kp">_</c></ab>
<vg:whiteline/></div>
<div type="translation">
<pb f="1r" n="1" xml:id="pb-trans-1r-1" facs="#zone-pb-1r-1"/>
<ab>My dear Theo,</ab>
<ab>The drawings for this month are still with <rs type="pers" key="1306">Rappard</rs>,<anchor n="1" xml:id="note-t-1"/> otherwise I would have already sent them to you. And since there’s a plan for Rappard to come and stay here very soon, I’ve asked him to bring them with him then.<anchor n="2" xml:id="note-t-2"/></ab>
<ab rend="indent">I’m pleased that you wrote about <rs type="pers" key="420">Cor</rs> in that way,<anchor n="3" xml:id="note-t-3"/> as I learned from your letter to <rs type="pers" key="524 526">Pa and Ma</rs>. Fortunate that <rs type="pers" key="305">Braat</rs> is getting better again — you’ll no doubt have seen — won’t you? — that you’d been fundamentally mistaken in what you felt you had to write to me about him. I hope you’ve realized this.<anchor n="4" xml:id="note-t-4"/></ab>
<ab rend="indent">I return briefly to what I wrote to you about <rs type="pers" key="1306">Rappard</rs>.<anchor n="5" xml:id="note-t-5"/> I don’t find it necessary to talk to him much about you as long as you and I aren’t on better terms than we are at present. However, just think again for a moment whether or not you’d be being unkind to him if you were to take no notice of him if he’s going to be here again soon.</ab>
<ab rend="indent">I don’t think you’d regret taking the hint I give you about this. What I’d like is simply for you to renew your acquaintance with him. 
<pb f="1v" n="2" xml:id="pb-trans-1v-2" facs="#zone-pb-1v-2"/></ab>
<ab rend="indent">There’s all the more reason for it, particularly because he’s further on than I am. I say this simply to prevent you from being negligent.</ab>
<ab rend="indent">I don’t know what impression it would make on <rs type="pers" key="1306">Rappard</rs> if I told him how things had been between us recently.</ab>
<ab rend="indent">But I know very well that he liked the work of mine that he’s seen these last few months. I would rather that I could tell him all was well between you and me.</ab>
<ab rend="indent">But I won’t harp on about this either. If you want to divide art with sharp, dead straight lines into things that one may bring into the open and things that one must persistently leave alone — that’s your business.</ab>
<ab rend="indent">And at this moment the whole question is so downright odious to me that I don’t want to pursue it any more.</ab>
<ab rend="indent">As far as <rs type="pers" key="1306">Rappard</rs> is concerned, it’s curious what absurd things he sometimes hears about his work — which he takes very coolly. One has to be prepared for this and have a certain self-confidence in order not to allow oneself to be overwhelmed or upset. 
    <pb f="1v" n="3" xml:id="pb-trans-1v-3" facs="#zone-pb-1v-3"/> Friends who make up for the unpleasantness about the work with warm-heartedness are of great value to a painter. Were you to feel personal sympathy for R.’s work, he’d certainly not be indifferent to you either. Yet he — and I too — increasingly cherish fewer and fewer illusions about encountering sympathy, and set ourselves more and more to carrying on without bothering about anyone at all.</ab>
<ab rend="indent"><rs type="pers" key="524">Ma</rs>’s condition is now such that there’s actually nothing more wrong with her than that she has to learn to walk again right from the beginning — and her leg should gradually get less stiff by exercising. And it could have turned out much worse.</ab>
<ab rend="indent">Regards.</ab>
<vg:whiteline/>
<ab>Yours truly,</ab>
<ab>Vincent</ab>
<vg:whiteline/>
<pb f="2r" n="4" xml:id="pb-trans-2r-4" facs="#zone-pb-2r-4"/>
<ab>Something I wanted to ask you is why isn’t <rs type="pers" key="420">Cor</rs> going to Goupil, just as you and I started there when we were his age? I heard something about a plan to leave him at a Secondary School for another 2 years — I heard <rs type="pers" key="526">Pa</rs> suggest, in all seriousness, the bright idea of his becoming a ‘<hi rend="ital">consul</hi>’. Although no one here at home, nor anyone with whom there has so far been any correspondence on this matter, actually knows what a consul actually does.</ab>
<ab rend="indent">I couldn’t care less about the business — I believe that this consulate is something like the way an old lady in the village here thinks that the military police are such handsome men to behold. 
<pb f="2v" n="5" xml:id="pb-trans-2v-5" facs="#zone-pb-2v-5"/> But it does surprise me greatly that I’ve simply never heard any talk about Goupil in regard to <rs type="pers" key="420">Cor</rs>. Why not? Particularly if you stay there, it seems to me, it’s obvious that Cor should go there too — later on you’d be company and support for each other — and in any event he’d be better off there, learn more, see more, than as a ‘consul’ or in a ‘notary’s office’ &amp;c., or ‘the post office’, all highly respectable anyway, and much of a muchness. Cor himself, as far as I know, has no particular idea about wanting to enter this profession or that — because he’s probably seen little else at close quarters but books, the main road &amp;c.</ab>
<ab rend="indent">He’s a nice boy now, it seems to me, but it’s time that he did something practical, it seems to me, otherwise they go to seed, these young fellows, particularly if they end up in a rather too empty little office — go to seed in pedantry and nonentity.</ab></div>
<div type="notes">
<note n="1" xml:id="n-1" target="#note-t-1">
<ab>See for the twelve drawings by Van Gogh that <rs type="pers" key="1306">Van Rappard</rs> had at this time: <ref target="let441.xml">letter 441</ref>.</ab></note>
<note n="2" xml:id="n-2" target="#note-t-2">
<ab>This request is in <ref target="let441.xml">letter 441</ref>.</ab></note>
<note n="3" xml:id="n-3" target="#note-t-3">
<ab>Evidently the family was corresponding about brother <rs type="pers" key="420">Cor</rs>’s impending choice of profession. He was about to take his high school examinations, which he passed in July. On 19 July 1884 it was decided to apprentice him to Egbert Haverkamp Begemann’s engineering works in Helmond, at a cost of 810 guilders a year. <rs type="pers" key="526">Mr van Gogh</rs> informed Theo of this sum because he was going to provide financial assistance (FR b2255).</ab></note>
<note n="4" xml:id="n-4" target="#note-t-4">
<ab>Theo had reproached Vincent for having written critically about <rs type="pers" key="305">Frans Braat</rs> – undeservedly according to Vincent. <ref target="let438.xml">See letters 438</ref> and <ref target="let440.xml">440</ref>.</ab></note>
<note n="5" xml:id="n-5" target="#note-t-5">
<ab>Van Gogh is referring to the passage about <rs type="pers" key="1306">Van Rappard</rs> in <ref target="let440.xml">letter 440</ref>, ll. 199 ff.</ab></note>
<note n="a" xml:id="n-a" target="#note-o-a">
<ab>Means: ‘kalm’ (calm).</ab></note></div></body></text></TEI>
