<?xml version="1.0" encoding="UTF-8"?>
<!-- Last Changed Date: 2018-07-18 12:32:41 +0200 (Wed, 18 Jul 2018) | SVN Revision: 2206 -->
<!--Licensed under Attribution-NonCommercial-ShareAlike 4.0 International (CC BY-NC-SA 4.0)-->
<?xml-model href="https://xmlschema.huygens.knaw.nl/vgodd.rng" type="application/xml" schematypens="http://relaxng.org/ns/structure/1.0"?>
<TEI xmlns:vg="http://www.vangoghletters.org/ns/" xmlns="http://www.tei-c.org/ns/1.0">
<teiHeader xmlns:xsi="http://www.w3.org/2001/XMLSchema-instance"><fileDesc>
<titleStmt>
<title>To Theo van Gogh. Nuenen, on or about Wednesday, 10 December 1884. </title>
<editor>Leo Jansen</editor>
<editor>Hans Luijten</editor>
<editor>Nienke Bakker</editor></titleStmt>
<publicationStmt>
<publisher><name>Huygens Instituut voor Nederlandse Geschiedenis (KNAW)</name><email>info@huygens.knaw.nl</email></publisher>
<publisher>Van Gogh Museum</publisher>
<pubPlace>Amsterdam</pubPlace>
<date type="first" when="2009">2009</date>
<availability status="restricted">
<licence target="http://creativecommons.org/licenses/by-nc-sa/4.0/ https://creativecommons.org/licenses/by-nc-sa/4.0/legalcode">
<p>Attribution-NonCommercial-ShareAlike 4.0 International (CC BY-NC-SA 4.0) </p></licence></availability>
<ptr target="http://vangoghletters.org/orig/let474"/></publicationStmt><sourceDesc><vg:letDesc><vg:letIdentifier>
<idno type="jlb">474</idno>
<idno type="collectedletters">386a</idno>
<idno type="brieven1990">476</idno></vg:letIdentifier><vg:letHeading><author>Vincent van Gogh</author><vg:addressee>Theo van Gogh</vg:addressee><vg:placeLet>Nuenen</vg:placeLet><vg:dateLet>on or about Wednesday, 10 December 1884</vg:dateLet></vg:letHeading><vg:letContents>
<p>To Theo van Gogh. Nuenen, on or about Wednesday, 10 December 1884. </p>
<note type="ongoingTopic" n="1">
<p>Efforts to renew contacts with Mauve and Tersteeg <ref target="let468.xml">(468)</ref></p></note>
<note type="ongoingTopic" n="2">
<p>Margot Begemann is in Utrecht <ref target="let456.xml">(456)</ref></p></note>
<note type="ongoingTopic" n="3">
<p>Ending of the relationship between Theo and Marie <ref target="let432.xml">(432)</ref></p></note></vg:letContents>
<note type="sourceStatus" xml:id="sourceStatus">
<p>Original manuscript</p></note>
<note type="location" xml:id="location">
<p>Amsterdam, Van Gogh Museum, inv. nos. b421 V/1962 (sheet 1); b424 c V/1962 (sheet 2); b391 e V/1962 (sheet 3) and b387 b V/1962 (sheet 4)</p></note>
<note type="date" xml:id="date">
<p>Van Gogh resumes his argument with Theo that he started in <ref target="let473.xml">letter 473</ref>: he says that he has thought a little longer about their positions and ideas (including Theo’s ‘mistrustfulness’, <ref target="#l-3">l. 3</ref>) and he declares that he is now going to lay his cards on the table. The letter would not have been written all that long after <ref target="let473.xml">letter 473</ref>, which dates from about 6 December. It precedes <ref target="let475.xml">letters 475</ref> and <ref target="let476.xml">476</ref>, since he says in them that he has started on the heads – in <ref target="let473.xml">letter 473</ref> he wrote that he was planning to do so. Because <ref target="let476.xml">letter 476</ref> was written on or about Tuesday, 16 December, 474 and 475 must date from between about 6 and about 16 December; we have spaced them evenly over this span of nine days and have consequently dated the present letter on or about Wednesday, 10 December 1884.</p></note>
<note type="arrangement" xml:id="arrangement">
<p>The arrangement of this letter has been changed in respect of earlier editions; see the notes to <ref target="let473.xml">letter 473</ref>, <hi rend="ital">Arrangement</hi>. The second sheet <ref target="#l-120">(ll. 120-165)</ref> was previously put with <ref target="let473.xml">letter 473</ref>; the fourth sheet <ref target="#l-286">(ll. 286-313)</ref> was part of letter 480 [355a], which is now not considered to be a separate letter. The third sheet <ref target="#l-166">(ll. 166-285)</ref> was previously placed with <ref target="let432.xml">letter 432</ref> of March 1884; however two questions are raised in it that give cause to put it with the present letter: Van Gogh refers to something Van Rappard said during his visit to Nuenen in October 1884; and the word ‘mistrustfulness’ is an unmistakable reaction to Theo’s recent communication to which <ref target="let473.xml">letters 473</ref> and <ref target="let474.xml">474</ref> are the reply.</p></note></vg:letDesc></sourceDesc></fileDesc></teiHeader>
<facsimile xmlns:xsi="http://www.w3.org/2001/XMLSchema-instance">
<surface n="b 0421" xml:id="surf-pb-1r"><graphic mimeType="image/tiff" url="VGM001000564_01.TIF" rend="norend"/><graphic mimeType="image/tiff" url="VGM001000564_01_n.tif" rend="norend"/><graphic mimeType="image/jpeg" url="VGM001000564_01_nt.jpg" height="50px" rend="thumbnail"/><zone xml:id="zone-pb-1r-1">
<graphic mimeType="image/tiff" url="VGM001000564_01_nR.tif" rend="norend"/><graphic mimeType="image/jpeg" url="VGM001000564_01_nRt.jpg" height="50px" rend="thumbnail"/><graphic mimeType="image/png" url="VGM001000564_01_nRf.png" width="380px" rend="facstab"/></zone>
<zone xml:id="zone-pb-1r-4">
<graphic mimeType="image/tiff" url="VGM001000564_01_nL.tif" rend="norend"/><graphic mimeType="image/jpeg" url="VGM001000564_01_nLt.jpg" height="50px" rend="thumbnail"/><graphic mimeType="image/png" url="VGM001000564_01_nLf.png" width="380px" rend="facstab"/></zone>
</surface>
<surface n="b 0421" xml:id="surf-pb-1v"><graphic mimeType="image/tiff" url="VGM001000564_02.TIF" rend="norend"/><graphic mimeType="image/tiff" url="VGM001000564_02_n.tif" rend="norend"/><graphic mimeType="image/jpeg" url="VGM001000564_02_nt.jpg" height="50px" rend="thumbnail"/><zone xml:id="zone-pb-1v-2">
<graphic mimeType="image/tiff" url="VGM001000564_02_nL.tif" rend="norend"/><graphic mimeType="image/jpeg" url="VGM001000564_02_nLt.jpg" height="50px" rend="thumbnail"/><graphic mimeType="image/png" url="VGM001000564_02_nLf.png" width="380px" rend="facstab"/></zone>
<zone xml:id="zone-pb-1v-3">
<graphic mimeType="image/tiff" url="VGM001000564_02_nR.tif" rend="norend"/><graphic mimeType="image/jpeg" url="VGM001000564_02_nRt.jpg" height="50px" rend="thumbnail"/><graphic mimeType="image/png" url="VGM001000564_02_nRf.png" width="380px" rend="facstab"/></zone>
</surface>
<surface n="b 0424 c" xml:id="surf-pb-2r"><graphic mimeType="image/tiff" url="VGM001000569_01.TIF" rend="norend"/><zone xml:id="zone-pb-2r-5">
<graphic mimeType="image/tiff" url="VGM001000569_01_n.tif" rend="norend"/><graphic mimeType="image/jpeg" url="VGM001000569_01_nt.jpg" height="50px" rend="thumbnail"/><graphic mimeType="image/png" url="VGM001000569_01_nf.png" width="380px" rend="facstab"/></zone>
</surface>
<surface n="b 0424 c" xml:id="surf-pb-2v"><graphic mimeType="image/tiff" url="VGM001000569_02.TIF" rend="norend"/><zone xml:id="zone-pb-2v-6">
<graphic mimeType="image/tiff" url="VGM001000569_02_n.tif" rend="norend"/><graphic mimeType="image/jpeg" url="VGM001000569_02_nt.jpg" height="50px" rend="thumbnail"/><graphic mimeType="image/png" url="VGM001000569_02_nf.png" width="380px" rend="facstab"/></zone>
</surface>
<surface n="b 0387 b" xml:id="surf-pb-3r"><graphic mimeType="image/tiff" url="VGM001000514_02.TIF" rend="norend"/><graphic mimeType="image/tiff" url="VGM001000514_02_n.tif" rend="norend"/><graphic mimeType="image/jpeg" url="VGM001000514_02_nt.jpg" height="50px" rend="thumbnail"/><zone xml:id="zone-pb-3r-7">
<graphic mimeType="image/tiff" url="VGM001000514_02_nR.tif" rend="norend"/><graphic mimeType="image/jpeg" url="VGM001000514_02_nRt.jpg" height="50px" rend="thumbnail"/><graphic mimeType="image/png" url="VGM001000514_02_nRf.png" width="380px" rend="facstab"/></zone>
<zone xml:id="zone-pb-3r-10">
<graphic mimeType="image/tiff" url="VGM001000514_02_nL.tif" rend="norend"/><graphic mimeType="image/jpeg" url="VGM001000514_02_nLt.jpg" height="50px" rend="thumbnail"/><graphic mimeType="image/png" url="VGM001000514_02_nLf.png" width="380px" rend="facstab"/></zone>
</surface>
<surface n="b 0387 b" xml:id="surf-pb-3v"><graphic mimeType="image/tiff" url="VGM001000514_01.TIF" rend="norend"/><graphic mimeType="image/tiff" url="VGM001000514_01_n.tif" rend="norend"/><graphic mimeType="image/jpeg" url="VGM001000514_01_nt.jpg" height="50px" rend="thumbnail"/><zone xml:id="zone-pb-3v-8">
<graphic mimeType="image/tiff" url="VGM001000514_01_nL.tif" rend="norend"/><graphic mimeType="image/jpeg" url="VGM001000514_01_nLt.jpg" height="50px" rend="thumbnail"/><graphic mimeType="image/png" url="VGM001000514_01_nLf.png" width="380px" rend="facstab"/></zone>
<zone xml:id="zone-pb-3v-9">
<graphic mimeType="image/tiff" url="VGM001000514_01_nR.tif" rend="norend"/><graphic mimeType="image/jpeg" url="VGM001000514_01_nRt.jpg" height="50px" rend="thumbnail"/><graphic mimeType="image/png" url="VGM001000514_01_nRf.png" width="380px" rend="facstab"/></zone>
</surface>
<surface n="b 0387 b" xml:id="surf-pb-4r"><graphic mimeType="image/tiff" url="VGM001000506_01.TIF" rend="norend"/><zone xml:id="zone-pb-4r-11">
<graphic mimeType="image/tiff" url="VGM001000506_01_n.tif" rend="norend"/><graphic mimeType="image/jpeg" url="VGM001000506_01_nt.jpg" height="50px" rend="thumbnail"/><graphic mimeType="image/png" url="VGM001000506_01_nf.png" width="380px" rend="facstab"/></zone>
</surface>
<surface n="b 0387 b" xml:id="surf-pb-4v"><graphic mimeType="image/tiff" url="VGM001000506_02.TIF" rend="norend"/><zone xml:id="zone-pb-4v-12">
<graphic mimeType="image/tiff" url="VGM001000506_02_n.tif" rend="norend"/><graphic mimeType="image/jpeg" url="VGM001000506_02_nt.jpg" height="50px" rend="thumbnail"/><graphic mimeType="image/png" url="VGM001000506_02_nf.png" width="380px" rend="facstab"/></zone>
</surface></facsimile><text xmlns:xsi="http://www.w3.org/2001/XMLSchema-instance"><body>
<div type="original">
<pb f="1r" n="1" xml:id="pb-orig-1r-1" facs="#zone-pb-1r-1"/><lb n="1" xml:id="l-1"/>
<ab>Waarde Theo,</ab><lb n="1*" xml:id="l-1s"/>
<ab>om geheel open kaart te spelen heeft men <lb n="2" xml:id="l-2"/>niet altijd de woorden voor, maar – jegens U – ben ik zoo <lb n="3" xml:id="l-3"/>vast besloten – (of ge ergdenkend zijt of niet kan me <lb n="4" xml:id="l-4"/>niets schelen) – geheel vierkant te spreken – dat <lb n="5" xml:id="l-5"/>met wat verzinnen<anchor n="a" xml:id="note-o-a"/> er op ik misschien duidelijker <lb n="6" xml:id="l-6"/>woorden heb gevonden voor wat ik reeds liet voelen.–</ab><lb n="7" xml:id="l-7"/>
<ab rend="indent">’t Komt mij voor dat wij <hi rend="ital">in ons beider belang</hi> – van <lb n="8" xml:id="l-8"/>elkaar moeten<c type="kp">_</c>–</ab><lb n="9" xml:id="l-9"/>
<ab rend="indent">Uw positie gedoogt niet – niet waar – dat we heel intiem <lb n="10" xml:id="l-10"/>en druk en hartelijk met elkaar omgaan<c type="kp">_</c>– Uw positie <lb n="11" xml:id="l-11"/>– om maar iets te noemen – gedoogt niet dat ik b.v. te Parijs <lb n="12" xml:id="l-12"/>eventueel zou zamen wonen met U – ’t zij voor studie ’t zij om <lb n="13" xml:id="l-13"/>finantieele reden – hoe nuttig en noodig zulks<c type="kk">/</c> als de <lb n="14" xml:id="l-14"/>dingen er naar stonden<c type="kk">/</c> mogelijk meer en meer <lb n="15" xml:id="l-15"/>worden zou<c type="kp">_</c>– Want – op mijn persoon, manieren, <lb n="16" xml:id="l-16"/>kleeren, woorden, vindt gij zoo als veel anderen <lb n="17" xml:id="l-17"/>dingen te zeggen<c type="kk">/</c> important genoeg en blijkbaar <lb n="18" xml:id="l-18"/>zonder redres – die den persoonlijken<c type="kk">/</c> broederlijken <lb n="19" xml:id="l-19"/>omgang hoe langer hoe meer doen uitsterven <lb n="20" xml:id="l-20"/>en hebben slap gemaakt jaren lang<c type="kp">_</c>– Daar komt <lb n="21" xml:id="l-21"/>mijn verleden bij en dat gij bij G&amp;C<hi rend="ss">ie</hi> t’heertje <lb n="22" xml:id="l-22"/>zijt en ik een bête noire en mauvais coucheur<c type="kp">_</c>–<anchor n="1" xml:id="note-o-1"/> <lb n="23" xml:id="l-23"/>Genoeg – die dingen zijn wel zoo – niet waar – en <lb n="24" xml:id="l-24"/>waar ’t op analyse<c type="kk">/</c> waar ’t op mannelijk onder de <lb n="25" xml:id="l-25"/>oogen zien van posities aankomt – zult ge wel <lb n="26" xml:id="l-26"/>niet tegenspreken in dezen.</ab>
<pb f="1v" n="2" xml:id="pb-orig-1v-2" facs="#zone-pb-1v-2"/><lb n="27" xml:id="l-27"/>
<ab rend="indent">Alleen – doch – ik zeg dit niet als verwijt – <lb n="28" xml:id="l-28"/>het is nu geen moment daarvoor – dat’s gepasseerd – <lb n="29" xml:id="l-29"/>ik zeg het duidelijkheidshalve – alleen ik <lb n="30" xml:id="l-30"/>had gedacht dat gij in zooverre er aan hechtet <lb n="31" xml:id="l-31"/>we niet <hi rend="ital">al te ver</hi> uit elkaar zouden loopen – dat <lb n="32" xml:id="l-32"/>door op uw qui vive zijn op dat <lb n="33" xml:id="l-33"/>territoor<c type="kk">/</c> door handige manoeuvres ge <lb n="34" xml:id="l-34"/>die lastige kwestie welligt bevredigender hadt <lb n="35" xml:id="l-35"/>kunnen oplossen<c type="kp">_</c>– Zóó b.v. dat ik weer <lb n="36" xml:id="l-36"/>met Tersteeg en Mauve ik zeg niet op goeden voet doch <lb n="37" xml:id="l-37"/>althans weer in relatie ware gekomen – zoo dat ik ook <lb n="38" xml:id="l-38"/>eens – gelijk dat bijna alle anderen van de schilders doen – eens weer <lb n="39" xml:id="l-39"/>voor een poosje te Parijs was gekomen &amp;c.<anchor n="2" xml:id="note-o-2"/></ab><lb n="40" xml:id="l-40"/>
<ab rend="indent">Doch – gij hebt een zekeren gemoedsstrijd op dat punt <lb n="41" xml:id="l-41"/>die ge maar liever laat rusten<c type="kp">_</c>– Ge denkt <lb n="42" xml:id="l-42"/>daar dus niet over, en zijt niet precies heel aardig als <lb n="43" xml:id="l-43"/>ik ’t aanroer<c type="kk">/</c> dat punt in kwestie<c type="kp">_</c>–</ab><lb n="44" xml:id="l-44"/>
<ab rend="indent">In alle geval<c type="kk">/</c> gij vindt mij dwaas in die dingen <lb n="45" xml:id="l-45"/>en maakt er U steeds glad af<c type="kp">_</c>–</ab><lb n="46" xml:id="l-46"/>
<ab rend="indent">Dit is uw schaduwkant – in dat opzigt vind ik <lb n="47" xml:id="l-47"/>U erg miserabel – maar uw goeden kant <lb n="48" xml:id="l-48"/>is uw trouw in ’t geld<c type="kp">_</c>–</ab><lb n="49" xml:id="l-49"/>
<ab rend="indent">Dus slotsom – ik erken regt gaarne verpligting <lb n="50" xml:id="l-50"/>aan U te hebben<c type="kp">_</c>–</ab>
<pb f="1v" n="3" xml:id="pb-orig-1v-3" facs="#zone-pb-1v-3"/><lb n="51" xml:id="l-51"/>
<ab rend="indent">Alleen – ik wil bij gebrek aan relaties met U zelf<c type="kk">/</c> met Tersteeg of met wie <lb n="52" xml:id="l-52"/>ik overigens van vroeger ken – ik wil bij gebrek aan <lb n="53" xml:id="l-53"/>dezen <hi rend="ital">iets anders</hi> – in compensatie<c type="kp">_</c> <lb n="54" xml:id="l-54"/>Want – ik heb ook nog mijn toekomst – en ik wil <lb n="55" xml:id="l-55"/>vooruit<c type="kp">_</c>– Als een meid mij niet hebben wil, <lb n="56" xml:id="l-56"/>best, dat kan ik haar moeielijk kwalijk nemen – doch – <lb n="57" xml:id="l-57"/>niets zekerder dan dat ik me elders zal zoeken <lb n="58" xml:id="l-58"/>schadeloos te stellen<c type="kp">_</c>– Zoo ook met andere <lb n="59" xml:id="l-59"/>relaties. <hi rend="ital">U</hi> zal ik me niet opdringen of <lb n="60" xml:id="l-60"/>Uw toegenegenheid zoeken te forceeren – maar – <lb n="61" xml:id="l-61"/>als vriend – laat staan als broer – zijt ge me <lb n="62" xml:id="l-62"/>te koel. Niet wat het geld betreft, kerel, ik <lb n="63" xml:id="l-63"/>zeg daar niets van. Maar ik heb persoonlijk <lb n="64" xml:id="l-64"/><hi rend="ital">glad niets</hi> aan U noch gij aan mij<c type="kp">_</c>– En ’t kan <lb n="65" xml:id="l-65"/>en ’t moest dat weerkeerig we meer aan elkaar hadden<c type="kp">_</c>– <lb n="66" xml:id="l-66"/>Nu zullen we echter niet twisten – de dingen <lb n="67" xml:id="l-67"/>hebben hun periodes. die van twisten is <lb n="68" xml:id="l-68"/>gepasseerd – daarna volgt – ik geloof – de <lb n="69" xml:id="l-69"/>losmaking.– Onthoud echter dat er lui zijn <lb n="70" xml:id="l-70"/>die wel degelijk van U houden en jegens wie ge <lb n="71" xml:id="l-71"/>niet ergdenkend <hi rend="ital">behoordet</hi> te wezen<c type="kk">/</c> die <hi rend="ital">magteloos</hi> <lb n="72" xml:id="l-72"/>worden in hun sympathie door dat<anchor n="3" xml:id="note-o-3"/> <lb n="73" xml:id="l-73"/>gij te veel mistrouwt<c type="kk">/</c> juist waar <lb n="74" xml:id="l-74"/>ge beter deedt iemands zelfvertrouwen te sterken<c type="kp">_</c>– Enfin<c type="kp">_</c></ab><lb n="75" xml:id="l-75"/>
<ab rend="indent">Ik acht het niet onmogelijk dat – Marie – ge weet wel<c type="kk">/</c> die ge geholpen <lb n="76" xml:id="l-76"/>hebt toen ze ziek was – bij alle appreciatie van Uw karakter en hulp<c type="kk">/</c> <lb n="77" xml:id="l-77"/>iets moet gevoeld hebben van wat ik voel<c type="kp">_</c>– Instinctmatig <lb n="78" xml:id="l-78"/>zou ik zulks veronderstellen durven.–</ab>
<pb f="1r" n="4" xml:id="pb-orig-1r-4" facs="#zone-pb-1r-4"/><lb n="80" xml:id="l-80"/>
<ab rend="indent">Nu zal ik zoo vrij zijn u één ding te zeggen – <hi rend="ital">Wij</hi> <lb n="81" xml:id="l-81"/><hi rend="ital">scheiden</hi> – dat’s voor mij een moeielijken overgang – <lb n="82" xml:id="l-82"/>en gaat met moeielijkheden in ’t finantieele gepaard die <lb n="83" xml:id="l-83"/>netelig genoeg zeker voor me zullen wezen<c type="kp">_</c>–</ab><lb n="84" xml:id="l-84"/>
<ab rend="indent">Echter – ik zal mij wel zien te redden – maar ik eisch bepaald <lb n="85" xml:id="l-85"/>dat gij uwerzijds op dit moment<c type="kk">/</c> dat voor mij critiek is<c type="kk">/</c> <lb n="86" xml:id="l-86"/>zeer openhartig zult zijn. <hi rend="sc">ik weet gij bewilligt</hi> <lb n="87" xml:id="l-87"/><hi rend="sc">dat we scheiden</hi> – juist omdat ’t in vrede zal gaan<c type="kp">_</c>– <lb n="88" xml:id="l-88"/>Zeg mij ronduit of gij Antwerpen goed <lb n="89" xml:id="l-89"/>vindt – met aanhouding van mijn atelier hier buiten<c type="kk">/</c> <lb n="90" xml:id="l-90"/>dat te goedkoop is om ’t te laten schieten en ik <lb n="91" xml:id="l-91"/>trouwens niet missen kan als berg plaats en desnoods refuge<c type="kp">_</c> <lb n="92" xml:id="l-92"/>En – als ’t niet te veel is gevergd – help me doorzetten <lb n="93" xml:id="l-93"/>– de belemmeringen in ’t finantieele zijn juist in dezen <lb n="94" xml:id="l-94"/>tijd van ’t eind van ’t jaar erger dan anders voor <lb n="95" xml:id="l-95"/>mij<c type="kp">_</c>– En ik wou de tijd van overgang <hi rend="ital">kort</hi> <lb n="96" xml:id="l-96"/>hebben als ’t kon<c type="kk">/</c> omdat het zoo’n marteling is <lb n="97" xml:id="l-97"/>te voelen ’t eene verdwijnt – en men <lb n="98" xml:id="l-98"/>’t andere nog niet heeft<c type="kp">_</c>–</ab><lb n="99" xml:id="l-99"/>
<ab rend="indent">Onwillekeurig dacht ik aan waarom Marie en gij waren <lb n="100" xml:id="l-100"/>gescheiden<c type="kp">_</c>– Ik weet geen details niet waar<c type="kk">/</c> <lb n="101" xml:id="l-101"/>en gij vondt haar niet goed<c type="kp">_</c>– Misschien <lb n="102" xml:id="l-102"/>hebt ge gelijk doch welligt ook hebt ge haar <hi rend="ital">niet</hi> <lb n="103" xml:id="l-103"/><hi rend="ital">begrepen</hi><c type="kp">_</c> En mij aangaande<c type="kk">/</c> best mogelijk ik ook <lb n="104" xml:id="l-104"/>soortgelijk niet goed ben – kan wezen – doch ook <lb n="105" xml:id="l-105"/>betreffende mij – begrijpt ge en voelt ge juist? <lb n="106" xml:id="l-106"/>Dat kan noch wil ik beoordeelen.</ab><lb n="107" xml:id="l-107"/>
<ab rend="indent">Er staat in Proudhon “la femme est la desolation du juste”<anchor n="4" xml:id="note-o-4"/> – <lb n="108" xml:id="l-108"/>doch zou daartegen niet een antwoord zijn – le juste <lb n="109" xml:id="l-109"/>est la désolation de la femme<c type="kp">_</c>– Kan wezen.</ab><lb n="110" xml:id="l-110"/>
<ab rend="indent">Welligt dito dito zou men zeggen kunnen “<hi rend="ital">l’artiste est la désolation du financier</hi>”<c type="kk">/</c> <lb n="111" xml:id="l-111"/><hi rend="ital">en er tegen in</hi> “<hi rend="ital">le financier est la désolation de l’artiste</hi>”<c type="kp">_</c></ab><lb n="112" xml:id="l-112"/>
<ab rend="indent">Ge ziet – ik weet zelf niet de <hi rend="ital">beslissing</hi> – maar <lb n="113" xml:id="l-113"/>– ik zie <hi rend="ital">twee kanten</hi> aan een zelfde kwestie<c type="kp">_</c></ab><lb n="114" xml:id="l-114"/>
<ab rend="indent">Ge weet mijn voornemens dus beslist – ik hoop voor ons <lb n="115" xml:id="l-115"/>beiden dat de tijd van overgang kort zal zijn <lb n="116" xml:id="l-116"/>en<c type="kk">/</c> <hi rend="ital">wegens ik weet ge bewilligt in een scheiding</hi> – hoe <lb n="117" xml:id="l-117"/>kunnen we ’t kortst en ’t best handelen? Met <lb n="118" xml:id="l-118"/>een handdruk<c type="kp">_</c></ab>
<vg:whiteline/><lb n="118*" xml:id="l-118s"/>
<ab>b. à t<c type="kp">_</c></ab><lb n="119" xml:id="l-119"/>
<ab>Vincent</ab>
<vg:whiteline/>
<pb f="2r" n="5" xml:id="pb-orig-2r-5" facs="#zone-pb-2r-5"/><lb n="120" xml:id="l-120"/>
<ab>Scheiden – maar in vrede – <lb n="121" xml:id="l-121"/>zonder al te zeer te forceeren<c type="kp">_</c>– <lb n="122" xml:id="l-122"/>Tracht te maken ik geen tijd <lb n="123" xml:id="l-123"/>hoef te verliezen<c type="kk">/</c> dat ik grif door kan schilderen<c type="kk">/</c> en ik zal <lb n="124" xml:id="l-124"/>doorzetten tot ik zooveel waard <lb n="125" xml:id="l-125"/>ben dat de lui me tegen <lb n="126" xml:id="l-126"/>inwoning en verf in Antwerpen <lb n="127" xml:id="l-127"/>werk geven.</ab><lb n="128" xml:id="l-128"/>
<ab rend="indent">Ik wou gij dit begrijpen kondt<c type="kk">/</c> <lb n="129" xml:id="l-129"/>ik wil niet scheiden uit lust <lb n="130" xml:id="l-130"/>tot twisten – ik wil scheiden <lb n="131" xml:id="l-131"/>om den vrede te kunnen houden. <lb n="132" xml:id="l-132"/>Ik zou ’t niet uithouden als <lb n="133" xml:id="l-133"/>ik ’t vooruitzigt niet had van <lb n="134" xml:id="l-134"/>andere omstandigheden<c type="kp">_</c>– Niet <lb n="135" xml:id="l-135"/>ten opzigte van ’t finantieele in de eerste plaats doch <lb n="136" xml:id="l-136"/>dat ik ’t in ’t huis waar ik woon <lb n="137" xml:id="l-137"/>gezelliger heb<c type="kp">_</c>– Ik heb t’huis <lb n="138" xml:id="l-138"/>niets te verwijten – doch – ik <lb n="139" xml:id="l-139"/>kan er niet aarden en het <lb n="140" xml:id="l-140"/>blijkt toch uit uw eigen woorden <lb n="141" xml:id="l-141"/>dat gij me ook niet vatten kunt <lb n="142" xml:id="l-142"/>of ik U niet – dus – <hi rend="ital">met </hi><hi rend="sc">goeden</hi><hi rend="ital"> moed</hi> <lb n="143" xml:id="l-143"/><hi rend="ital">en sereniteit en zonder rancune doorwerken</hi> <lb n="144" xml:id="l-144"/><hi rend="ital">om te scheiden in vrede en zonder nadeel voor</hi> <lb n="145" xml:id="l-145"/><hi rend="ital">iemand</hi><c type="kp">_</c> 
<pb f="2v" n="6" xml:id="pb-orig-2v-6" facs="#zone-pb-2v-6"/><lb n="146" xml:id="l-146"/>Maar denk vooral niet <lb n="147" xml:id="l-147"/>ik twisten wil met U <lb n="148" xml:id="l-148"/>of met t’huis – want dit <lb n="149" xml:id="l-149"/>ligt <hi rend="ital">niet</hi> in mijn karakter <lb n="150" xml:id="l-150"/>– ofschoon ge ’t veronderstelt – <lb n="151" xml:id="l-151"/>en meer anderen met U trouwens <lb n="152" xml:id="l-152"/>zulks doen – ’t tegenovergestelde <lb n="153" xml:id="l-153"/>ligt in mij zelfs – <lb n="153a" xml:id="l-153a"/>ik kan ’t namelijk niet <lb n="153b" xml:id="l-153b"/>uithouden zonder meer vrede <lb n="153c" xml:id="l-153c"/>en hartelijkheid<c type="kp">_</c>–</ab><lb n="154" xml:id="l-154"/>
<ab rend="indent">Ik kan slechts mijn schouders ophalen <lb n="155" xml:id="l-155"/>voor die opinie – de lui die <lb n="156" xml:id="l-156"/>zoo over me denken echter<c type="kk">/</c> beschouw <lb n="157" xml:id="l-157"/>ik echter gedecideerd <hi rend="ital">niet</hi> precies <lb n="158" xml:id="l-158"/>als vrienden. Al waren ze duizendmaal <lb n="159" xml:id="l-159"/>mijn vader of mijn broer – als <lb n="160" xml:id="l-160"/>ze zoo denken – ben ik er bedroefd over <lb n="161" xml:id="l-161"/>doch heb tevens gelukkigerwijs voor <lb n="162" xml:id="l-162"/>mezelf ’t benul me er niet door <lb n="163" xml:id="l-163"/>te laten overdonderen.</ab><lb n="164" xml:id="l-164"/>
<ab rend="indent">De weg in dezen is vrij wel <lb n="165" xml:id="l-165"/>aangewezen geloof ik<c type="kp">_</c>–</ab>
<vg:whiteline/>
<pb f="3r" n="7" xml:id="pb-orig-3r-7" facs="#zone-pb-3r-7"/><lb n="166" xml:id="l-166"/>
<ab>Denk er eens over na kerel – ik verberg <lb n="167" xml:id="l-167"/>U niet hoe ik in ’t diepst denk – ik wik <lb n="168" xml:id="l-168"/>en weeg zoowel de een als de andere zijde<c type="kp">_</c> <lb n="169" xml:id="l-169"/><hi rend="ital">Een vrouw</hi> kunt ge me niet geven<c type="kk">/</c> <hi rend="ital">een kind</hi> <lb n="170" xml:id="l-170"/>kunt ge me niet geven<c type="kk">/</c> <hi rend="ital">werk</hi> kunt ge me <lb n="171" xml:id="l-171"/>niet geven<c type="kp">_</c>–</ab><lb n="172" xml:id="l-172"/>
<ab rend="indent">Geld – ja<c type="kp">_</c>–</ab><lb n="173" xml:id="l-173"/>
<ab rend="indent">Maar waar dient ’t me toe als ik de rest moet <lb n="173a" xml:id="l-173a"/>missen?– <lb n="173"/>’t blijft <lb n="174" xml:id="l-174"/>daarom steriel<c type="kk">/</c> uw geld<c type="kk">/</c> omdat ’t niet gebruikt <lb n="175" xml:id="l-175"/>wordt zoo als ik U altijd heb gezegd – <lb n="176" xml:id="l-176"/>een arbeidershuishouden desnoods<c type="kk">/</c> maar <lb n="177" xml:id="l-177"/>als men niet zorgt dat men een eigen t’huis heeft <lb n="178" xml:id="l-178"/>vlot de kunst slecht<c type="kp">_</c>–</ab><lb n="179" xml:id="l-179"/>
<ab rend="indent">En ik voor mij – ik zei ’t U toch <lb n="180" xml:id="l-180"/>toen in een groeneren tijd waarachtig <lb n="181" xml:id="l-181"/>al leuk genoeg<c type="kk">/</c> als ik geen goede vrouw <lb n="182" xml:id="l-182"/>kon krijgen zou ik een slechte nemen<c type="kk">/</c> <lb n="183" xml:id="l-183"/>liever een slechte dan geen<c type="kp">_</c>–</ab><lb n="184" xml:id="l-184"/>
<ab rend="indent">Ik ken lui genoeg die lijnregt ’t tegendeel <lb n="185" xml:id="l-185"/>beweeren en die even bang zijn voor “kinderen” <lb n="186" xml:id="l-186"/>als ik voor “geen kinderen”<c type="kp">_</c></ab><lb n="187" xml:id="l-187"/>
<ab rend="indent">En ik voor mij – omdat iets me veel malen <lb n="188" xml:id="l-188"/>mislukt – ik geef een principe niet ligt op<c type="kp">_</c>–</ab>
<pb f="3v" n="8" xml:id="pb-orig-3v-8" facs="#zone-pb-3v-8"/><lb n="189" xml:id="l-189"/>
<ab rend="indent">En ik ben daarom weinig bang voor de <lb n="190" xml:id="l-190"/>toekomst omdat ik weet hoe en waarom ik handelde <lb n="191" xml:id="l-191"/>vroeger. En omdat ik weet dat er meer zijn <lb n="192" xml:id="l-192"/>die ’t zelfde voelen wat ik voel.</ab><lb n="193" xml:id="l-193"/>
<ab rend="indent">Ge zijt ergdenkend zegt ge – maar – <lb n="194" xml:id="l-194"/>waarom<c type="kk">/</c> waarover<c type="kk">/</c> en waar dient zulks <lb n="195" xml:id="l-195"/>U of mij toe<c type="kp">_</c>– Wordt gij wijzer door <lb n="196" xml:id="l-196"/>ergdenkendheid – ge weet het tegendeel wel <lb n="197" xml:id="l-197"/>hoop ik<c type="kp">_</c>– Doch ’t is weer loyaal om zelf <lb n="198" xml:id="l-198"/>te zeggen dat ge ergdenkend zijt – daarom antwoord <lb n="199" xml:id="l-199"/>ik er op ook – wat anders beneden me zou geweest <lb n="200" xml:id="l-200"/>zijn<c type="kp">_</c>– En mijn antwoord is zeer kort – <lb n="201" xml:id="l-201"/>ik heb noch tegen U noch tegen Pa noch tegen wie dan ook <lb n="202" xml:id="l-202"/>kwaad in ’t zin<c type="kk">/</c> doch mijn zeer ernstige gedachte is dat <lb n="203" xml:id="l-203"/>ik wel van U zou willen scheiden en een nieuwe relatie zoeken<c type="kk">/</c> <lb n="204" xml:id="l-204"/>juist ter wille van kwaad te voorkomen in de toekomst<c type="kp">_</c></ab><lb n="205" xml:id="l-205"/>
<ab rend="indent">Verderop zouden we botsen zoo als Pa en ik gebotst <lb n="206" xml:id="l-206"/>zijn tegen elkaar<c type="kk">/</c> <hi rend="ital">en dan</hi> MAG <hi rend="ital">ik niet toegeven</hi><c type="kp">_</c> Voilà tout<c type="kp">_</c> <lb n="207" xml:id="l-207"/>mijn pligt gebied me eenerzijds van mijn vader<c type="kk">/</c> mijn broer te <lb n="208" xml:id="l-208"/>houden – <hi rend="ital">dat doe ik ook</hi> – doch we leven in een tijd van <lb n="209" xml:id="l-209"/>vernieuwing en hervorming en veel dingen zijn geheel <lb n="210" xml:id="l-210"/>veranderd<c type="kk">/</c> en in gevolge van dien<c type="kk">/</c> ik zie<c type="kk">/</c> ik voel<c type="kk">/</c> ik geloof <lb n="211" xml:id="l-211"/>anders dan Pa<c type="kk">/</c> anders dan gij<c type="kp">_</c>– En omdat nu met dat al <lb n="212" xml:id="l-212"/>ik uit elkaar tracht te houden ’t abstracte ideaal van goed <lb n="213" xml:id="l-213"/>met mijn gebrekkig eigen ik – kom ik ook niet met groote <lb n="214" xml:id="l-214"/>woorden – doch ik zeg eenvoudig – de weg om goede <lb n="215" xml:id="l-215"/>vrienden te blijven is – uit elkaar gaan – ’t kost me <lb n="216" xml:id="l-216"/>dit te zeggen – maar ik heb er vrede bij<c type="kp">_</c>–</ab>
<pb f="3v" n="9" xml:id="pb-orig-3v-9" facs="#zone-pb-3v-9"/><lb n="217" xml:id="l-217"/>
<ab rend="indent">Ge begrijpt ook wel – dat al is de toekomst <lb n="218" xml:id="l-218"/>voor mij niet helder – ik niet bang ben<c type="kp">_</c>– <lb n="219" xml:id="l-219"/>En in een heel kalme stemming zelfs<c type="kp">_</c>– <lb n="220" xml:id="l-220"/>Maar toch – er gaat veel in mij om – <lb n="221" xml:id="l-221"/>en dat is eensdeels uit een groot <lb n="222" xml:id="l-222"/>gevoel van verpligting<c type="kk">/</c> dat ook <lb n="223" xml:id="l-223"/>blijven zal – van den anderen kant <lb n="224" xml:id="l-224"/>een gevoel van teleurstelling dat <lb n="225" xml:id="l-225"/>ik eigentlijk <lb n="226" xml:id="l-226"/>de redenen zoo <hi rend="ital">absurd</hi> vind <lb n="227" xml:id="l-227"/>waarom mijn carrière gebroken moet worden <lb n="228" xml:id="l-228"/>in de rigting<anchor n="b" xml:id="note-o-b"/> waarin ze begon<c type="kk">/</c> n.l. met Uw <lb n="229" xml:id="l-229"/>hulp en steun<c type="kp">_</c>–</ab><lb n="230" xml:id="l-230"/>
<ab rend="indent">Ik zou echter verkeerd doen door te gaan <lb n="231" xml:id="l-231"/>– daar – <hi rend="ital">als</hi> we doorgingen – hoogstwaar<c type="shy">-</c><lb n="232" xml:id="l-232"/>schijnlijk een paar jaar later we een <lb n="233" xml:id="l-233"/>hevigen twist zouden hebben die in haat <lb n="234" xml:id="l-234"/>kon eindigen<c type="kp">_</c>–</ab><lb n="235" xml:id="l-235"/>
<ab rend="indent">Nu is ’t nog tijd voor mij elders me te <lb n="236" xml:id="l-236"/>voorzien – en moet ik elders vechtender<c type="shy">-</c><lb n="237" xml:id="l-237"/>wijs handelen<c type="kk">/</c> dan zal ’t althans niet <lb n="238" xml:id="l-238"/>met mijn broer zijn<c type="kp">_</c>– En dat – is <lb n="239" xml:id="l-239"/>’t niet goed en koel gezien en vooruit <lb n="240" xml:id="l-240"/>berekend?–</ab>
<pb f="3r" n="10" xml:id="pb-orig-3r-10" facs="#zone-pb-3r-10"/><lb n="241" xml:id="l-241"/>
<ab rend="indent">Ik zal ’t niet melankoliek opnemen, geloof me, <lb n="243" xml:id="l-243"/>maar evenmin handel ik in ’t wilde<c type="kp">_</c>– <lb n="244" xml:id="l-244"/>Ik heb kalmte gevonden nu het scheiden <lb n="245" xml:id="l-245"/>een besluit bij me is geworden en ik <lb n="246" xml:id="l-246"/>convictie heb dat <hi rend="ital">verderop</hi><c type="kk">/</c><hi rend="ital"> als</hi> we doorgingen<c type="kk">/</c> <lb n="247" xml:id="l-247"/>we elkaar eer in de wielen zouden <lb n="248" xml:id="l-248"/>rijden dan helpen.</ab><lb n="249" xml:id="l-249"/>
<ab rend="indent">Rappard zei: ga niet naar Antwerpen vóór ge zeker <lb n="250" xml:id="l-250"/>zijt er iets te vinden – doch hoe kan men vooruit <lb n="251" xml:id="l-251"/>weten wat men ontmoeten zal<c type="kp">_</c>– En als ik <lb n="252" xml:id="l-252"/>mijn atelier hier aanhoud als wijkplaats <lb n="253" xml:id="l-253"/>dan is ’t nu de tijd om te beginnen. <lb n="254" xml:id="l-254"/>Dat blijft echter ook en in zooverre <lb n="255" xml:id="l-255"/>is ’t zeker vooreerst niet mijn plan <hi rend="ital">geheel</hi> weg <lb n="256" xml:id="l-256"/>te gaan hier uit de streek. Ge begrijpt wel <lb n="257" xml:id="l-257"/>Theo – dat ik op lange wandelingen dikwijls <lb n="258" xml:id="l-258"/>en lang er over heb gedacht: ik wil niet <lb n="259" xml:id="l-259"/>in een tweede serie twisten vervallen <lb n="260" xml:id="l-260"/>als ik gehad heb met <hi rend="sc">Pa I</hi><c type="kk">/</c> met <hi rend="sc">Pa II</hi><c type="kp">_</c> <lb n="261" xml:id="l-261"/><hi rend="sc">Pa II</hi><hi rend="ital"> zoudt gij zijn</hi>. <hi rend="ital">Een is genoeg</hi> – <lb n="262" xml:id="l-262"/>’t woord is vierkant en het centrum <lb n="263" xml:id="l-263"/>van mijn idees<c type="kk">/</c> maak zelf uw conclusies<c type="kp">_</c>–</ab><lb n="264" xml:id="l-264"/>
<ab rend="indent">Weet bovendien – dat ik met Pa niet aggressief in daden <lb n="265" xml:id="l-265"/>ben te werk gegaan<c type="kk">/</c> noch tegen U<c type="kk">/</c> mijn broer<c type="kk">/</c> <lb n="266" xml:id="l-266"/>aggressief zou willen worden<c type="kp">_</c>– Ik heb dikwijls me <lb n="267" xml:id="l-267"/>teruggehouden – waar ik met vreemden <lb n="268" xml:id="l-268"/>heel anders en heviger zou hebben gevochten<c type="kp">_</c> <lb n="269" xml:id="l-269"/>Dit juist maakt me echter ook magteloos <lb n="270" xml:id="l-270"/>in de gegevenen<c type="kp">_</c>– Ik heb ginder een nieuw veld <lb n="271" xml:id="l-271"/>en een waar ik doen en laten kan naar goedvinden<c type="kk">/</c> <lb n="272" xml:id="l-272"/>als vreemd tegen vreemd – ik heb ginder noch regten <lb n="273" xml:id="l-273"/>noch verpligtingen<c type="kp">_</c>– En kan dan meer kortaf zijn<c type="kp">_</c>– <lb n="274" xml:id="l-274"/>bonne volonté d’être inoffensif<c type="kk">/</c> <hi rend="ital">certitude de résister</hi><c type="kk">/</c> <lb n="275" xml:id="l-275"/>dat is mijn ideaal en voor zooveel maar in me is zoek ik <lb n="276" xml:id="l-276"/>daarnaar. Met alles maar vrede nemen echter<c type="kk">/</c> <lb n="277" xml:id="l-277"/>dat breekt later op – dus – er moet gehandeld <lb n="278" xml:id="l-278"/>worden. Het werken hier en het zoeken naar nieuwe <lb n="279" xml:id="l-279"/>connexie is de weg vooruit – ongelukkigerwijs voor <lb n="280" xml:id="l-280"/>beiden is geld noodig en het vooruitzigt is slecht om <lb n="281" xml:id="l-281"/>te kunnen doorbreken. En – tijd is ook geld – <lb n="282" xml:id="l-282"/>en – zoodoende nu – word ik er niet rijker op.–</ab><lb n="283" xml:id="l-283"/>
<ab rend="indent">Maar mijn motieven weet ge – als ik doorging zoudt gij in mijn leven Pa II worden <lb n="284" xml:id="l-284"/>en ofschoon ik weet ge ’t goed meent – ge begrijpt me volstrekt niet en dus <lb n="285" xml:id="l-285"/>kan niets vlotten<c type="kp">_</c>–</ab>
<vg:whiteline/>
<pb f="4r" n="11" xml:id="pb-orig-4r-11" facs="#zone-pb-4r-11"/><lb n="286" xml:id="l-286"/>
<ab>ik durf wel gelooven – dat als ge uw eigen <lb n="287" xml:id="l-287"/>gevoelens eens wat juister analyseert – ’t geen <lb n="288" xml:id="l-288"/>gij “ergdenkendheid” noemt – eigentlijk iets <lb n="289" xml:id="l-289"/>heel anders kan zijn geweest<c type="kp">_</c>–</ab><lb n="290" xml:id="l-290"/>
<ab rend="indent">Een soort voorgevoel namelijk van <lb n="291" xml:id="l-291"/>dat er iets tusschen U en mij moest <lb n="292" xml:id="l-292"/>gebeuren – en dat ’t anders niet goed <lb n="293" xml:id="l-293"/>zou gaan<c type="kp">_</c>– Gij staat in de hoogte<c type="kk">/</c> <lb n="294" xml:id="l-294"/>dat’s geen reden om ergdenkend te <lb n="295" xml:id="l-295"/>zijn jegens wie in de laagte staan zoo <lb n="296" xml:id="l-296"/>als ik er sta – waar ik ook me voorneem te blijven. 
<pb f="4v" n="12" xml:id="pb-orig-4v-12" facs="#zone-pb-4v-12"/><lb n="297" xml:id="l-297"/>indien ik creveerde – <hi rend="ital">wat ik als ‘t zoo liep</hi> <lb n="298" xml:id="l-298"/><hi rend="ital">niet weiger doch ook niet zoeken zal expres</hi> – <lb n="299" xml:id="l-299"/>stondt ge op een skelet – en – dat ware een magtig onveilig <lb n="300" xml:id="l-300"/>standpunt<c type="kp">_</c>– Zoo lang ik echter schilder en ’t leven <lb n="301" xml:id="l-301"/>heb<c type="kk">/</c> wel dan hebt ge van mij te verwachten dankbaarheid <lb n="302" xml:id="l-302"/>en een gevoel van verpligting<c type="kp">_</c>– Doch – waar ik voel dat er <lb n="303" xml:id="l-303"/>vooruit gewerkt moet worden met kracht en dat ik ’t anders niet <lb n="304" xml:id="l-304"/>houden kan<c type="kk">/</c> durf ik te spreken tot U over waar ’t hem schort<c type="kp">_</c>–</ab><lb n="305" xml:id="l-305"/>
<ab rend="indent">Als ge daarnaar toen niet luisterdet en daarna kwaad van mij <lb n="306" xml:id="l-306"/>denken gingt – kan dat gevoel door U niet onjuist <lb n="307" xml:id="l-307"/>geanalyseerd zijn – en eigentlijk voorgevoel geweest zijn <lb n="308" xml:id="l-308"/>van iets – dat <hi rend="ital">niet door mijn toedoen maar door Uw</hi> <lb n="309" xml:id="l-309"/><hi rend="ital">eigen daad en stemming</hi> zou hebben gebeuren kunnen en <lb n="310" xml:id="l-310"/>dat we zeer wel doen te vermijden<c type="kp">_</c>– Laat ons scheiden, <lb n="311" xml:id="l-311"/>kerel, over een poosje – als vrienden – dat kan geen kwaad<c type="kk">/</c> <lb n="312" xml:id="l-312"/>noch voor U noch voor mij<c type="kp">_</c>– Bij elkaar blijven – dat eindigde <lb n="313" xml:id="l-313"/>slecht als ’t zoo doorging.–</ab>
<vg:whiteline/>
<div type="textualNotes">
<note target="l-13" n="13">reden – &lt; reden</note>
<note target="l-107" n="107">juste” &lt; juste</note>
<note target="l-110" n="110"><hi rend="ital">financier</hi>”<c type="kk">/</c> &lt; <hi rend="ital">financier</hi></note>
<note target="l-111" n="111">“<hi rend="ital">le [...] l’artiste</hi>”<c type="kp">_</c> &lt; <hi rend="ital">Quotation marks added by us.</hi></note>
<note target="l-160" n="160">op &lt; of</note>
<note target="l-167" n="167">daarnaar &lt; daarna</note></div></div>
<div type="translation">
<pb f="1r" n="1" xml:id="pb-trans-1r-1" facs="#zone-pb-1r-1"/>
<ab>My dear Theo,</ab>
<ab>One doesn’t always have the words to lay all one’s cards on the table, but — towards you — I’m so determined — (I don’t care whether you’re mistrustful or not) — to speak out completely frankly — that with some reflection I’ve perhaps found clearer words for what I already made you feel.</ab>
<ab rend="indent">It seems to me that we must split up — <hi rend="ital">in both our interests</hi>.</ab>
<ab rend="indent">Your position doesn’t — does it? — admit of our associating with each other very intimately and actively and cordially. Your position — to give just one example — doesn’t, for instance, admit of my living in Paris with you — either to study or for financial reasons — however useful and necessary this might increasingly become if things permitted. For — you, like so many others, have things to say about my person, manners, clothes, words, important enough and evidently without redress — that have gradually caused personal, brotherly relations to die and weaken over the years. Added to that is my past, and the fact that you feel quite the little gentleman at G&amp;Cie, and I’m insufferable and an awkward customer.<anchor n="1" xml:id="note-t-1"/> Enough — this is how things are — aren’t they? — and when it comes to analysis, when it comes to looking manfully at our positions — you won’t contradict me in this respect. 
<pb f="1v" n="2" xml:id="pb-trans-1v-2" facs="#zone-pb-1v-2"/></ab>
<ab rend="indent">Only — yet — I don’t say this as a reproach — this isn’t the moment for it — that’s passed — I say it to make things quite clear — only I had thought that you attached enough to our not drifting <hi rend="ital">all too far</hi> apart — that by being on the look-out in that area, by skilful manoeuvres, you could probably have solved this tricky question more satisfactorily. In such a way, for instance, that I could have got, I won’t say on good terms, but at least back in touch with <rs type="pers" key="787">Tersteeg</rs> and <rs type="pers" key="323">Mauve</rs> again — so that I too — like almost all other painters do — could have come to Paris once again for a while &amp;c.<anchor n="2" xml:id="note-t-2"/></ab>
<ab rend="indent">But — you had a certain struggle with your conscience on that point which you would prefer to avoid. So you don’t think about it, and you’re not exactly very kind if I raise it, that point in question.</ab>
<ab rend="indent">In all events, you think me foolish in these matters, and always dismiss them.</ab>
<ab rend="indent">This is your drawback — in this respect I find you very miserable — but your good side is your reliability with the money.</ab>
<ab rend="indent">So to sum up — I right willingly acknowledge an obligation to you. 
<pb f="1v" n="3" xml:id="pb-trans-1v-3" facs="#zone-pb-1v-3"/></ab>
    <ab rend="indent">Only — failing relations with you yourself, with <rs type="pers" key="787">Tersteeg</rs> or with whoever else I knew in the past — failing these, I want <hi rend="ital">something else</hi> — in compensation. For — I still have my future too — and I want to progress. If a girl won’t have me, very well, I can hardly blame her — but — nothing is surer than that I’ll try to find recompense elsewhere. So, too, with other relationships. I won’t foist myself on <hi rend="ital">you</hi> nor try to force your affection — but — as a friend — let alone as a brother — you’re too cool to me. Not where the money’s concerned, old chap, I say nothing about that. But personally you’re of <hi rend="ital">no use whatsoever</hi> to me, nor I to you. And we could and should have been of more mutual use to each other. We won’t quarrel now, though — things have their seasons, that of quarrelling has passed — then follows — I believe — the break-up. Remember, though, that there are people who really do love you and towards whom you <hi rend="ital">shouldn’t</hi> be mistrustful, who become <hi rend="ital">powerless</hi> in their sympathy because<anchor n="3" xml:id="note-t-3"/> you’re too suspicious, precisely where you would do better to reinforce someone’s self-confidence. But anyway.</ab>
<ab rend="indent">I don’t consider it impossible that — <rs type="pers" key="508">Marie</rs> — you know, the one you helped when she was ill — with all her appreciation of your character and help — must have felt something of what I feel — I dare assume something of the kind instinctively. 
<pb f="1r" n="4" xml:id="pb-trans-1r-4" facs="#zone-pb-1r-4"/></ab>
<ab rend="indent">Now I’ll be so free as to tell you one thing. <hi rend="ital">We will part</hi> — this is a difficult transition for me — and is coupled with financial difficulties that will certainly be thorny enough for me.</ab>
<ab rend="indent">However — I’ll manage to survive — but I specifically demand that you, for your part, at this moment, which is critical for me, will be very frank. <hi rend="sc">I know you will agree that we should part</hi> — precisely because it will be in peace. Tell me straight out whether you approve of Antwerp — keeping on my studio here in the country, which is too cheap to let go and I can’t do without in any event as a storeroom, and refuge if need be. And — if it’s not asking too much — help me to get on – financially the obstacles are worse for me at this very time of the end of the year than at other times. And I’d like to keep the transitional period <hi rend="ital">short</hi> if possible, because it’s such torture to feel that one thing is disappearing — and one doesn’t yet have the other.</ab>
<ab rend="indent">I couldn’t help thinking about why <rs type="pers" key="508">Marie</rs> and you parted. I don’t know any details, do I? and you thought she wasn’t good. Perhaps you’re right, but perhaps, too, you <hi rend="ital">didn’t understand</hi> her. And as to me, quite possibly I’m not — maybe — good in the same way — but also as to me — do you understand and feel the right way? I neither can nor will judge that.</ab>
<ab rend="indent"><rs type="pers" key="722">Proudhon</rs> writes, ‘woman is the desolation of the righteous man’<anchor n="4" xml:id="note-t-4"/> — but shouldn’t there be an answer to that — ‘the righteous man is the desolation of woman’? Maybe.</ab>
<ab rend="indent">Similarly one could perhaps say: ‘<hi rend="ital">the artist is the desolation of the financier’ and conversely, ‘the financier is the desolation of the artist</hi>’.</ab>
<ab rend="indent">You see — I don’t know the <hi rend="ital">conclusion</hi> myself — but — I see <hi rend="ital">two sides</hi> to the same question.</ab>
<ab rend="indent">So you know the intentions I’ve resolved upon — I hope for both our sakes that the time of transition will be short and, <hi rend="ital">because I know you agree to a parting</hi> — how can we handle it quickest and most satisfactorily? With a handshake.</ab>
<vg:whiteline/>
<ab>Yours truly,</ab>
<ab>Vincent</ab>
<vg:whiteline/>
<ab>
<pb f="2r" n="5" xml:id="pb-trans-2r-5" facs="#zone-pb-2r-5"/></ab>
<ab>Part — but in peace — without forcing it too much. Try to see to it that I don’t have to lose any time, that I can readily go on painting, and I’ll go on until I’m worth so much that people give me work in Antwerp in return for board and paint.</ab>
<ab rend="indent">I wish you could understand this, I don’t want to part through a desire to quarrel — I want to part in order to keep the peace. I couldn’t endure it if I didn’t have the prospect of other circumstances. Not financially in the first place, but that it’s more pleasant for me in the house where I live. I have nothing to complain about at home — but — I can’t settle here, and it actually appears from your own words that you can’t understand me nor I you — so — <hi rend="ital">work towards parting in peace and without harm to anyone, with </hi><hi rend="sc">good</hi><hi rend="ital"> heart and serenity, and without rancour</hi>. 
<pb f="2v" n="6" xml:id="pb-trans-2v-6" facs="#zone-pb-2v-6"/> But please don’t think that I want to quarrel with you or with them at home — because this is <hi rend="ital">not</hi> in my character — although you imagine it is — and for that matter several others think as you do — actually the opposite is in me — the fact is I can’t endure it without more peace and cordiality.</ab>
<ab rend="indent">I can only shrug my shoulders at that opinion — the people who think like that about me, though, I decidedly do <hi rend="ital">not</hi> exactly regard as friends, though. Even if they were my father or my brother a thousand times over — if they think like that — I’m grieved by it, but at the same time fortunately have the wit not to allow myself to be overwhelmed by it.</ab>
<ab rend="indent">The road in this respect is fairly well marked, I believe.</ab>
<vg:whiteline/>
<pb f="3r" n="7" xml:id="pb-trans-3r-7" facs="#zone-pb-3r-7"/>
<ab>Think about it, old chap — I’m not hiding my deepest feelings from you — I’m weighing up both one side and the other. You can’t give me <hi rend="ital">a wife</hi>, you can’t give me <hi rend="ital">a child</hi>, you can’t give me <hi rend="ital">work</hi>.</ab>
<ab rend="indent">Money — yes.</ab>
<ab rend="indent">But what good is it to me if I have to do without the rest? It remains sterile because of it, your money, because it’s not used the way I’ve always told you — a labourer’s household if need be, but if one doesn’t make sure that one has a home of one’s own, art doesn’t thrive.</ab>
<ab rend="indent">And for my part — I told you really quite plainly enough back in my salad days, if I couldn’t get a fine woman I’d take a common one, better a common one than none.</ab>
<ab rend="indent">I know plenty of people who argue the exact opposite, and are as frightened of ‘children’ as I am of ‘no children’.</ab>
<ab rend="indent">And for my part — I don’t lightly give up a principle — even if something often goes wrong for me. 
<pb f="3v" n="8" xml:id="pb-trans-3v-8" facs="#zone-pb-3v-8"/></ab>
<ab rend="indent">And consequently I’m not that afraid of the future because I know how and why I acted in the past. And because I know that there are others who feel the same as I feel.</ab>
<ab rend="indent">You’re mistrustful, you say — but — why, what about, and what use is this to you or me? Does mistrust make you any the wiser? I hope you know to the contrary. But then again, it’s loyal of you to say yourself that you’re mistrustful — that’s also why I’m responding to it — which would have been beneath me otherwise. And my answer is very brief — I mean no harm to you nor to <rs type="pers" key="526">Pa</rs> nor to anyone else, but I very seriously think that I might want to part from you and seek a new partnership for the very sake of preventing harm in the future.</ab>
<ab rend="indent">Later on we’d clash as <rs type="pers" key="526">Pa</rs> and I have clashed with each other, <hi rend="ital">and then I </hi>COULD<hi rend="ital"> not give in</hi>. That’s all. On the one hand my duty compels me to love my father, my brother — <hi rend="ital">and I do</hi> — but we live in an age of innovation and reform, and many things have changed utterly, and in consequence of this I see, I feel, I believe differently from Pa, differently from you. And because, with all this, I try to keep the abstract ideal of good separate from my own imperfect self — I don’t use big words — but I simply say — the way to remain good friends is — to part — it pains me to say this — but I’m resigned to it. 
<pb f="3v" n="9" xml:id="pb-trans-3v-9" facs="#zone-pb-3v-9"/></ab>
<ab rend="indent">You’ll understand — that even though the future isn’t clear to me — I’m not afraid. And even in a very calm mood. But yet — a lot is going on inside me — and that’s partly out of a great sense of obligation, which will also remain — on the other hand a sense of disappointment that I actually find the reason why my career has to be broken in the way in which it started, namely with your help and support, so <hi rend="ital">absurd</hi>.</ab>
<ab rend="indent">However, I would do wrong to carry on — since — <hi rend="ital">if</hi> we carried on — a few years later we’d most probably have a serious quarrel that could end in hatred.</ab>
<ab rend="indent">Now there’s still time for me to fix myself up elsewhere — and if I have to do battle elsewhere, then at least it won’t be with my brother. And that — isn’t that viewed clearly and coolly, and calculated beforehand? 
<pb f="3r" n="10" xml:id="pb-trans-3r-10" facs="#zone-pb-3r-10"/></ab>
<ab rend="indent">I won’t take it despondently, believe me, but equally I’m not acting wildly. I’ve found calm now that I’ve resolved on separation, and am convinced that <hi rend="ital">later on</hi>, <hi rend="ital">if</hi> we went on, we’d be more likely to put a spoke in each other’s wheels than help.</ab>
<ab rend="indent"><rs type="pers" key="1306">Rappard</rs> said, don’t go to Antwerp <hi rend="ital">before</hi> you’re sure you’ll find something there — but how can one know beforehand what one will encounter? And if I keep my studio on here as a refuge, then now is the time to begin. It will be there, though, so for the time being it’s certainly not my plan to leave these parts <hi rend="ital">altogether</hi>. You understand, Theo — that I’ve often thought at length about it on long walks: I don’t want to get into a second series of quarrels with <hi rend="sc">Pa II</hi> like I’ve had with <hi rend="sc"><rs type="pers" key="526">pa</rs> I</hi>. <hi rend="ital">You would be </hi><hi rend="sc">pa II</hi>. <hi rend="ital">One is enough</hi> — the phrase is forthright and the centre of my ideas; draw your own conclusions.</ab>
<ab rend="indent">Know moreover — that I haven’t been aggressive in my actions towards Pa, nor should want to become aggressive towards you, my brother. I’ve often restrained myself — whereas I would have fought very differently and more fiercely with strangers. This very fact, though, also makes me powerless in the circumstances. Yonder I have a new field, and one where I can behave as I see fit, as stranger to stranger — yonder I have neither rights nor obligations. And can then be more brusque — willingness not to give offence, <hi rend="ital">confidence to resist</hi>, that’s my ideal, and I’m searching for that so far as is in me. But accepting everything, though, will be regretted later — so — one has to act. Working here and seeking a new connection is the way forward — unfortunately money is needed for both, and the prospect of a breakthrough is poor. And — time is money, too — and — as things are now — I’m not getting any richer.</ab>
<ab rend="indent">But you know my motives — if I go on, you would become Pa II in my life and, although I know you mean well — you don’t understand me at all, and nothing could come of it.</ab>
<vg:whiteline/>
<ab>
<pb f="4r" n="11" xml:id="pb-trans-4r-11" facs="#zone-pb-4r-11"/></ab>
<ab>I dare say — that if you were just to analyze your own feelings rather more accurately — what you call ‘mistrust’ — could actually have been something very different.</ab>
<ab rend="indent">Namely a sort of presentiment that something had to happen between you and me — and that otherwise it wouldn’t go well. You’re in an elevated position, that’s no reason to be mistrustful of someone who’s in a lowly position, as I am — where I also intend to stay. 
<pb f="4v" n="12" xml:id="pb-trans-4v-12" facs="#zone-pb-4v-12"/> If I were to drop dead — <hi rend="ital">which I shan’t refuse if it comes but won’t expressly seek</hi> — you’d be standing on a skeleton — and — that would be a mightily insecure standpoint. As long as I’m painting, though, and am alive, well then you can expect from me gratitude and a feeling of obligation. But — where I feel that it’s necessary to press on with the work with vigour and that I can’t stick it otherwise, I dare to speak to you about what the trouble is.</ab>
<ab rend="indent">If you didn’t listen to this at the time and then started thinking badly of me — couldn’t you have analyzed that feeling incorrectly — and it actually have been a presentiment of something — that could have happened <hi rend="ital">not through my doing but through your own actions and state of mind</hi> and that we would do very well to avoid? Let’s part, old chap, in a while — as friends — that can do no harm — neither to you nor to me. Staying together — that would end badly if it were to go on like this.</ab></div>
<div type="notes">
<note n="a" xml:id="n-a" target="#note-o-a">
<ab>Means: ‘erover nadenken’ (think about).</ab></note>
<note n="1" xml:id="n-1" target="#note-t-1">
<ab>See for ‘bête noir’: <ref target="let184.xml">letter 184</ref>; for ‘mauvais coucheur’: <ref target="let234.xml#n-4">letter 234, n. 4.</ref></ab></note>
<note n="2" xml:id="n-2" target="#note-t-2">
<ab><rs type="pers" key="526">Mr van Gogh</rs> also suspected that Vincent would probably do better if there were other painters around. He wrote to Theo about this isolation on 9 December 1884: ‘I should wish for Vincent that the winter was already over. Painting outdoors is obviously not possible, and the long evenings likewise do nothing to help his work progress. So it’s as though we have to think that he really should be more in the surroundings of people from his profession. But we follow and do not want to point out any path, we still regret the business with <rs type="pers" key="267">Margot</rs>, who isn’t here any more, and I think she’s suffering because of it. What difficult circumstances, which we might have been spared if he was more normal, but that isn’t the case’ (FR b2263).</ab></note>
<note n="3" xml:id="n-3" target="#note-t-3">
<ab>After ‘because’ Van Gogh crossed out:<hi rend="ital"> </hi>‘there is quite a lot of false shame to it as well’ (‘er wel wat veel valsche schaamte bijkomt’).</ab></note>
<note n="4" xml:id="n-4" target="#note-t-4">
    <ab>See for this quote from <rs type="pers" key="722">Proudhon</rs> quoted in <rs type="pers" key="707">Michelet</rs>’s <hi rend="ital"><rs type="lit" key="12">La femme</rs></hi>: <ref target="let181.xml#n-8">letter 181, n. 8.</ref></ab></note>
<note n="b" xml:id="n-b" target="#note-o-b">
<ab>Read: ‘Wat betreft de richting’ (as regards the direction).</ab></note></div></body></text></TEI>
