<?xml version="1.0" encoding="UTF-8"?>
<!-- Last Changed Date: 2018-07-18 12:32:41 +0200 (Wed, 18 Jul 2018) | SVN Revision: 2206 -->
<!--Licensed under Attribution-NonCommercial-ShareAlike 4.0 International (CC BY-NC-SA 4.0)-->
<?xml-model href="https://xmlschema.huygens.knaw.nl/vgodd.rng" type="application/xml" schematypens="http://relaxng.org/ns/structure/1.0"?>
<TEI xmlns:vg="http://www.vangoghletters.org/ns/" xmlns="http://www.tei-c.org/ns/1.0">
<teiHeader xmlns:xsi="http://www.w3.org/2001/XMLSchema-instance"><fileDesc>
<titleStmt>
<title>To Theo van Gogh. Nuenen, Monday, 10 March 1884.</title>
<editor>Leo Jansen</editor>
<editor>Hans Luijten</editor>
<editor>Nienke Bakker</editor></titleStmt>
<publicationStmt>
<publisher><name>Huygens Instituut voor Nederlandse Geschiedenis (KNAW)</name><email>info@huygens.knaw.nl</email></publisher>
<publisher>Van Gogh Museum</publisher>
<pubPlace>Amsterdam</pubPlace>
<date type="first" when="2009">2009</date>
<availability status="restricted">
<licence target="http://creativecommons.org/licenses/by-nc-sa/4.0/ https://creativecommons.org/licenses/by-nc-sa/4.0/legalcode">
<p>Attribution-NonCommercial-ShareAlike 4.0 International (CC BY-NC-SA 4.0) </p></licence></availability>
<ptr target="http://vangoghletters.org/orig/let436"/></publicationStmt><sourceDesc><vg:letDesc><vg:letIdentifier>
<idno type="jlb">436</idno>
<idno type="collectedletters">362</idno>
<idno type="brieven1990">441</idno></vg:letIdentifier><vg:letHeading><author>Vincent van Gogh</author><vg:addressee>Theo van Gogh</vg:addressee><vg:placeLet>Nuenen</vg:placeLet><vg:dateLet>Monday, 10 March 1884</vg:dateLet></vg:letHeading><vg:letContents>
<p>To Theo van Gogh. Nuenen, Monday, 10 March 1884.</p></vg:letContents>
<note type="sourceStatus" xml:id="sourceStatus">
<p>Original manuscript</p></note>
<note type="location" xml:id="location">
<p>Amsterdam, Van Gogh Museum, inv. nos. b395 a-b V/1962 (sheets 1, 2) and b414 c V/1962 (sheet 3)</p></note>
<note type="date" xml:id="date">
<p>Vincent writes that he did not complain about Theo’s lateness in sending the money, ‘not even when it didn’t arrive until 10 days into March’ <ref target="#l-26">(ll. 26-27)</ref> and that he will now have to wait again until the end of the month for the following instalment for March. Since it is clear from <ref target="let438.xml">letter 438</ref> that he replied by return of post – which tallies with the phrase ‘now, when you send me money’ <ref target="#l-18">(l. 18)</ref> – we have taken Van Gogh’s remark literally and consequently dated the letter on the day of receipt, Monday, 10 March 1884.</p></note>
<note type="arrangement" xml:id="arrangement">
<p>At the end of this letter we have added a sheet that was previously published as part of <ref target="let463.xml">letter 463</ref> (<ref target="#l-190">ll. 190</ref> ff.). In terms of content, however, it does not fit there. To start with, the tone is more like that of the present letter, but the strongest indication is that it is a continuation of Van Gogh’s criticism of Theo’s earlier remarks about the success of Millet and Daumier, who are mentioned again on this sheet.</p></note>
<note type="additionalDetail" xml:id="additionalDetail">
<p>The order of pp. [2r:5] and [2v:6] (<ref target="#l-137">ll. 137-163</ref> and <ref target="#l-164">ll. 164-189</ref>) is uncertain.</p></note></vg:letDesc></sourceDesc></fileDesc></teiHeader>
<facsimile xmlns:xsi="http://www.w3.org/2001/XMLSchema-instance">
<surface n="b 0395 a" xml:id="surf-pb-1r"><graphic mimeType="image/tiff" url="VGM001000518_01.TIF" rend="norend"/><graphic mimeType="image/tiff" url="VGM001000518_01_n.tif" rend="norend"/><graphic mimeType="image/jpeg" url="VGM001000518_01_nt.jpg" height="50px" rend="thumbnail"/><zone xml:id="zone-pb-1r-1">
<graphic mimeType="image/tiff" url="VGM001000518_01_nR.tif" rend="norend"/><graphic mimeType="image/jpeg" url="VGM001000518_01_nRt.jpg" height="50px" rend="thumbnail"/><graphic mimeType="image/png" url="VGM001000518_01_nRf.png" width="380px" rend="facstab"/></zone>
<zone xml:id="zone-pb-1r-4">
<graphic mimeType="image/tiff" url="VGM001000518_01_nL.tif" rend="norend"/><graphic mimeType="image/jpeg" url="VGM001000518_01_nLt.jpg" height="50px" rend="thumbnail"/><graphic mimeType="image/png" url="VGM001000518_01_nLf.png" width="380px" rend="facstab"/></zone>
</surface>
<surface n="b 0395 a" xml:id="surf-pb-1v"><graphic mimeType="image/tiff" url="VGM001000518_02.TIF" rend="norend"/><graphic mimeType="image/tiff" url="VGM001000518_02_n.tif" rend="norend"/><graphic mimeType="image/jpeg" url="VGM001000518_02_nt.jpg" height="50px" rend="thumbnail"/><zone xml:id="zone-pb-1v-2">
<graphic mimeType="image/tiff" url="VGM001000518_02_nL.tif" rend="norend"/><graphic mimeType="image/jpeg" url="VGM001000518_02_nLt.jpg" height="50px" rend="thumbnail"/><graphic mimeType="image/png" url="VGM001000518_02_nLf.png" width="380px" rend="facstab"/></zone>
<zone xml:id="zone-pb-1v-3">
<graphic mimeType="image/tiff" url="VGM001000518_02_nR.tif" rend="norend"/><graphic mimeType="image/jpeg" url="VGM001000518_02_nRt.jpg" height="50px" rend="thumbnail"/><graphic mimeType="image/png" url="VGM001000518_02_nRf.png" width="380px" rend="facstab"/></zone>
</surface>
<surface n="b 0395 b" xml:id="surf-pb-2r"><graphic mimeType="image/tiff" url="VGM001000519_01.TIF" rend="norend"/><zone xml:id="zone-pb-2r-5">
<graphic mimeType="image/tiff" url="VGM001000519_01_n.tif" rend="norend"/><graphic mimeType="image/jpeg" url="VGM001000519_01_nt.jpg" height="50px" rend="thumbnail"/><graphic mimeType="image/png" url="VGM001000519_01_nf.png" width="380px" rend="facstab"/></zone>
</surface>
<surface n="b 0395 b" xml:id="surf-pb-2v"><graphic mimeType="image/tiff" url="VGM001000519_02.TIF" rend="norend"/><zone xml:id="zone-pb-2v-6">
<graphic mimeType="image/tiff" url="VGM001000519_02_n.tif" rend="norend"/><graphic mimeType="image/jpeg" url="VGM001000519_02_nt.jpg" height="50px" rend="thumbnail"/><graphic mimeType="image/png" url="VGM001000519_02_nf.png" width="380px" rend="facstab"/></zone>
</surface>
<surface n="b 0414 c" xml:id="surf-pb-3r"><graphic mimeType="image/tiff" url="VGM001000550_01.TIF" rend="norend"/><zone xml:id="zone-pb-3r-7">
<graphic mimeType="image/tiff" url="VGM001000550_01_n.tif" rend="norend"/><graphic mimeType="image/jpeg" url="VGM001000550_01_nt.jpg" height="50px" rend="thumbnail"/><graphic mimeType="image/png" url="VGM001000550_01_nf.png" width="380px" rend="facstab"/></zone>
</surface>
<surface n="b 0414 c" xml:id="surf-pb-3v"><graphic mimeType="image/tiff" url="VGM001000550_02.TIF" rend="norend"/><zone xml:id="zone-pb-3v-8">
<graphic mimeType="image/tiff" url="VGM001000550_02_n.tif" rend="norend"/><graphic mimeType="image/jpeg" url="VGM001000550_02_nt.jpg" height="50px" rend="thumbnail"/><graphic mimeType="image/png" url="VGM001000550_02_nf.png" width="380px" rend="facstab"/></zone>
</surface></facsimile><text xmlns:xsi="http://www.w3.org/2001/XMLSchema-instance"><body>
<div type="original">
<pb f="1r" n="1" xml:id="pb-orig-1r-1" facs="#zone-pb-1r-1"/><lb n="1" xml:id="l-1"/>
<ab>Waarde Theo,</ab><lb n="1*" xml:id="l-1s"/>
<ab>ja – maar dat gaat toch zoo niet<c type="kp">_</c>– <lb n="2" xml:id="l-2"/>Wat ik aan Uw brief heb is dit – ge spreekt <lb n="3" xml:id="l-3"/>over een “amour traînant” en dat <lb n="4" xml:id="l-4"/>toen gij stondt voor die kwestie gij eindelijk <lb n="5" xml:id="l-5"/>het gebroken hebt.–<anchor n="1" xml:id="note-o-1"/></ab><lb n="6" xml:id="l-6"/>
<ab rend="indent">Wel dit is althans iets mannelijks<c type="kp">_</c>– </ab><lb n="7" xml:id="l-7"/>
<ab rend="indent">Zie hier nu een ander geval evenwel<c type="kp">_</c>– <lb n="8" xml:id="l-8"/>Ik sta niet voor un amour traînant <lb n="9" xml:id="l-9"/>zoozeer – als wel voor <hi rend="ital">une amitié</hi> <lb n="10" xml:id="l-10"/><hi rend="ital">traînante</hi> – et <hi rend="ital">très</hi> traînante<c type="kp">_</c> <lb n="11" xml:id="l-11"/>de vriendschap tusschen U en mij is werkelijk <lb n="12" xml:id="l-12"/>al magtig slap geweest in ’t grootste deel van <lb n="13" xml:id="l-13"/>’t laatste jaar<c type="kp">_</c>–</ab><lb n="14" xml:id="l-14"/>
<ab rend="indent">Zouden we er dat zelfde systeem maar <lb n="15" xml:id="l-15"/>niet eens op toepassen<c type="kp">_</c>–</ab><lb n="16" xml:id="l-16"/>
<ab rend="indent">Een der dingen (er zijn er nog meer in dat genre) <lb n="17" xml:id="l-17"/>waarvan ik zeg “dat gaat toch zoo niet” is dat <lb n="18" xml:id="l-18"/>ge me nu bij ’t sturen van ’t geld 1/3 stuurt <lb n="19" xml:id="l-19"/>en zegt “ik <hi rend="sc">kan</hi> de rest ook wel sturen maar <lb n="20" xml:id="l-20"/>’t schikt me beter dit in ’t eind der maand te <lb n="21" xml:id="l-21"/>doen<c type="kk">/</c> als ’t u niet inconvenieert” – of zoo iets<c type="kp">_</c> <lb n="22" xml:id="l-22"/>Zoo<c type="kk">/</c> moet ge dat nog vragen<c type="kk">/</c> of ’t me <lb n="23" xml:id="l-23"/>al dan niet convenieert<c type="kp">_</c> Ge weet zelf ik <lb n="24" xml:id="l-24"/>verl. maand zeker 3/4 in eens er af nam om <lb n="25" xml:id="l-25"/>dingen af te doen<c type="kp">_</c>–<anchor n="a" xml:id="note-o-a"/> Doch ik klaagde er niet <lb n="26" xml:id="l-26"/>over<c type="kk">/</c> ook niet toen dit 10 dagen in Maart eerst <lb n="27" xml:id="l-27"/>arriveerde<c type="kp">_</c>– Maar nu<c type="kk">/</c> wegens ik beloofde 1 Maart <lb n="28" xml:id="l-28"/>verschillende dingen verder af te doen waar ik voor <lb n="29" xml:id="l-29"/>stond toen ik hier kwam<c type="kk">/</c> nu nog weer tot ’t eind der maand te <lb n="30" xml:id="l-30"/>wachten – of dat nu precies een meevaller voor me is – <lb n="31" xml:id="l-31"/>moet ge zelf maar eens over denken<c type="kp">_</c>–</ab>
<pb f="1v" n="2" xml:id="pb-orig-1v-2" facs="#zone-pb-1v-2"/><lb n="32" xml:id="l-32"/>
<ab rend="indent">Allons broer – ge zult het nu wel <lb n="33" xml:id="l-33"/>“niet broederlijk” van me vinden dat <lb n="34" xml:id="l-34"/>ik onze vriendschap zoo als die nu <lb n="35" xml:id="l-35"/>staat zeer beslist onder dingen zonder pit <lb n="36" xml:id="l-36"/>rangschik – maar in vroeger tijd zou <lb n="37" xml:id="l-37"/>ik het me zeker erg aangetrokken hebben<c type="kk">/</c> die <lb n="38" xml:id="l-38"/>kwestie van broederlijk of niet broederlijk zijn<c type="kp">_</c> <lb n="39" xml:id="l-39"/>En nu – ik zal ’t me niet aantrekken<c type="kp">_</c> <lb n="40" xml:id="l-40"/>En het kan mij weinig schelen hoe gij het <lb n="41" xml:id="l-41"/>van me vinden zult<c type="kp">_</c>–</ab><lb n="42" xml:id="l-42"/>
<ab rend="indent">Voor mij zelf weet ik dat ik juist omdat <lb n="43" xml:id="l-43"/>we begonnen zijn als vrienden en <lb n="44" xml:id="l-44"/>met een respect van weerskanten – voor <lb n="45" xml:id="l-45"/>mijzelf weet ik dat ik niet wil dulden <lb n="46" xml:id="l-46"/>het in een <hi rend="ital">protectie</hi> ontaarde<c type="kp">_</c> Uw protegé <lb n="47" xml:id="l-47"/>te worden Theo<c type="kk">/</c> pas ik voor<c type="kp">_</c>– Waarom?– <lb n="48" xml:id="l-48"/>Daarom<c type="kp">_</c>– En daar dreigt het meer en meer <lb n="49" xml:id="l-49"/>op neer te draaien<c type="kp">_</c>–</ab><lb n="50" xml:id="l-50"/>
<ab rend="indent">Wat ge van mijn werk zegt vind ik tweeledig <lb n="51" xml:id="l-51"/>flaauw – ik vind het flaauw dat ge Uw <lb n="52" xml:id="l-52"/>opinie geeft hoe de jury van den salon over <lb n="53" xml:id="l-53"/>mijn werk zou oordeelen als <hi rend="ital">ik U nooit</hi> <lb n="54" xml:id="l-54"/><hi rend="ital">een syllabe heb gesproken over iets naar</hi> <lb n="55" xml:id="l-55"/><hi rend="ital">den salon zenden</hi><c type="kp">_</c>–<anchor n="2" xml:id="note-o-2"/> ik vind het flaauw... <lb n="57" xml:id="l-57"/>enfin ik vind nog meer flaauw<c type="kp">_</c>– en dan<c type="kk">/</c> <lb n="58" xml:id="l-58"/>het andere gedeelte is dat complimentje in <lb n="59" xml:id="l-59"/>dezen vorm aan ’t eind: als ik dit deed en dat <lb n="60" xml:id="l-60"/>deed dan zou ik de persoon zijn die maakte <lb n="61" xml:id="l-61"/>ge meer vrede hebben zoudt met een &amp; ander<c type="kp">_</c></ab><lb n="62" xml:id="l-62"/>
<ab rend="indent">Tegen dat gij nu l’Hermitte niet zoo mooi meer <lb n="63" xml:id="l-63"/>vindt zeg ik dat het aan U zelf ligt. Millet vind <lb n="64" xml:id="l-64"/>ik ook misschien evenzeer als gij zelf nog hooger<c type="kk">/</c> 
<pb f="1v" n="3" xml:id="pb-orig-1v-3" facs="#zone-pb-1v-3"/><lb n="65" xml:id="l-65"/>maar sapperloot – als men zoo als gij <lb n="66" xml:id="l-66"/>veel van l’Hermitte ziet<c type="kk">/</c> dan niet voldoende <lb n="67" xml:id="l-67"/>meegesleept er door worden om aan geen <lb n="68" xml:id="l-68"/>vergelijkingen te denken verraadt wel <lb n="69" xml:id="l-69"/>een zekere kleingeestigheid m.i.</ab><lb n="70" xml:id="l-70"/>
<ab rend="indent">Waar ge trouwens al meer &amp; meer aan laboreeren <lb n="71" xml:id="l-71"/>zult vrees ik.–</ab><lb n="72" xml:id="l-72"/>
<ab rend="indent">Over naar den Salon iets zenden heb ik U nooit <lb n="73" xml:id="l-73"/>gesproken hé – maar wel heb ik U gesproken <lb n="74" xml:id="l-74"/>over de lui van de illustraties – met name <lb n="75" xml:id="l-75"/>Buhot in der tijd<c type="kp">_</c>–<anchor n="3" xml:id="note-o-3"/> En dat neem ik <lb n="76" xml:id="l-76"/>ook niet terug dat ik U daartoe heb geanimeerd<c type="kp">_</c> <lb n="76a" xml:id="l-76a"/>Maar dat was U waarschijnlijk te veel moeite<c type="kp">_</c>–</ab><lb n="77" xml:id="l-77"/>
<ab rend="indent">Verder – vriend – wilde ik U nog eens herhalen<c type="kk">/</c> <lb n="78" xml:id="l-78"/>maar duidelijker<c type="kk">/</c> wat ik in vorig schrijven ook <lb n="79" xml:id="l-79"/>U zei.<anchor n="4" xml:id="note-o-4"/> <hi rend="ital">Indien ’t U meenens was</hi> dat gij <lb n="80" xml:id="l-80"/>over nog een tijd van werken van mijn kant met <lb n="81" xml:id="l-81"/>mijn teekeningen zoudt willen werken<c type="kk">/</c> zoo zou <lb n="82" xml:id="l-82"/>ik het plan best vinden niet er mee voor <lb n="83" xml:id="l-83"/>den dag te komen voor wij eenige door en <lb n="84" xml:id="l-84"/>door goede teekeningen hadden. Doch gij denkt zoo niet <lb n="84a" xml:id="l-84a"/>over mij noch spreekt tot anderen zóó over mij en dat is U geen meenens<c type="kp">_</c><anchor n="5" xml:id="note-o-5"/></ab><lb n="85" xml:id="l-85"/>
<ab rend="indent">Op eene voorwaarde evenwel – dat in den <lb n="86" xml:id="l-86"/>tusschentijd mijn leven niet al te eenzaam <lb n="87" xml:id="l-87"/>en beroerd<c type="kk">/</c> mijn positie niet al te scheef was <lb n="88" xml:id="l-88"/>maar ik met een vrij gevoel kon berusten <lb n="89" xml:id="l-89"/>in het tegenwoordige – <lb n="87a" xml:id="l-87a"/>zou ik goedvinden heel lang zelfs te wachten voor men <lb n="87b" xml:id="l-87b"/>zijn werk laat zien<c type="kp">_</c> </ab><lb n="90" xml:id="l-90"/>
<ab rend="indent">Maar hoe is het tegenwoordige<c type="kp">_</c> Gij doet <hi rend="sc">absoluut</hi> <lb n="91" xml:id="l-91"/><hi rend="sc">niets</hi> om mij een beetje afleiding te geven, <lb n="92" xml:id="l-92"/>waar ik soms zoo’n behoefte aan heb, door omgang <lb n="93" xml:id="l-93"/>met lui en om eens iets te zien<c type="kp">_</c>–</ab><lb n="94" xml:id="l-94"/>
<ab rend="indent">Enfin ik voel dat niets U aangenamer is dan dat ge <lb n="95" xml:id="l-95"/>maar persoonlijk niets van me merkt. Dit is al <lb n="96" xml:id="l-96"/>een jaartje zoo geweest en nu is de reactie <lb n="97" xml:id="l-97"/>dat ik zeg<c type="kk">/</c> op die manier leidt het tot glad <lb n="98" xml:id="l-98"/><hi rend="ital">niets</hi> – <hi rend="ital">noch voor U noch voor mij</hi><c type="kk">/</c> <lb n="99" xml:id="l-99"/>en het zou <hi rend="ital">bête</hi> zijn <hi rend="ital">op die manier</hi> voort te gaan<c type="kp">_</c> <lb n="100" xml:id="l-100"/><hi rend="sc">Bête</hi><c type="kp">_</c></ab>
<pb f="1r" n="4" xml:id="pb-orig-1r-4" facs="#zone-pb-1r-4"/><lb n="101" xml:id="l-101"/>
<ab rend="indent">Als ik Uw brieven lees van den laatsten tijd dan zie <lb n="102" xml:id="l-102"/>ik erin dat gij er op werkt te maken dat indien <lb n="103" xml:id="l-103"/>wij breken<c type="kk">/</c> het geheel ’t air hebbe mijn schuld te zijn<c type="kp">_</c> <lb n="104" xml:id="l-104"/>Dat is zoo’n klein van Goggen streekje<c type="kk">/</c> zoo’n <lb n="105" xml:id="l-105"/>eigengeregtigheidje dat ik U met alle pleizier <lb n="106" xml:id="l-106"/>wil laten als ge er aan hecht<c type="kp">_</c></ab><lb n="107" xml:id="l-107"/>
<ab rend="indent">Pa zou ’t zelfde doen – ik weet <lb n="108" xml:id="l-108"/>voor me zelf hoe ik me ’t laatste jaar gevoeld heb <lb n="109" xml:id="l-109"/>en welke gedachten ik over onze vriendschap heb<c type="kp">_</c> <lb n="110" xml:id="l-110"/><hi rend="ital">Zoo als ’t nu is</hi><c type="kk">/</c><hi rend="ital"> onhoudbaar</hi><c type="kp">_</c></ab><lb n="111" xml:id="l-111"/>
<ab rend="indent">Wat er nu van zij<c type="kk">/</c> of ik goed er aan doe <lb n="112" xml:id="l-112"/>of kwaad met te spreken zoo als ik spreek<c type="kk">/</c> <lb n="113" xml:id="l-113"/><hi rend="ital">de</hi> <hi rend="sc">risico</hi> <hi rend="ital">is aan</hi> <hi rend="sc">mijn</hi> <hi rend="ital">kant</hi>, Theo, <lb n="114" xml:id="l-114"/>voor U is ’t makkelijker van mij gansch af te <lb n="115" xml:id="l-115"/>zijn<c type="kp">_</c> ik voor mij<c type="kk">/</c> indien ik onze relatie in <lb n="116" xml:id="l-116"/>’t finantieele speciaal breek<c type="kk">/</c> heb daarom <lb n="117" xml:id="l-117"/>nog absoluut niets anders en dat <lb n="118" xml:id="l-118"/>staat tegenover de gewone taktiek der Heeren <lb n="119" xml:id="l-119"/>van Gogh &amp; C<hi rend="ss">o</hi><c type="kp">_</c></ab><lb n="120" xml:id="l-120"/>
<ab rend="indent">Zie gij daarin – wat ge wilt<c type="kp">_</c>– <lb n="121" xml:id="l-121"/>Slotsom – gij zegt iets dat als mijn teekeningen <lb n="122" xml:id="l-122"/>zoo mooi zijn ge ze naast Millet &amp; Daumier zoudt <lb n="123" xml:id="l-123"/>kunnen zetten<c type="kk">/</c> gij er U mee occupeeren zoudt.</ab><lb n="124" xml:id="l-124"/>
<ab rend="indent">Ik van mijn kant geloof dat natuurlijk wel maar <lb n="125" xml:id="l-125"/>tevens weet ik er dan nog bij alsdan er nog wel meer <lb n="126" xml:id="l-126"/>lui zullen zijn tot wie ik me zal kunnen wenden. <lb n="127" xml:id="l-127"/>En als gij ’t doet voorkomen als deed ’t huis G&amp;C <lb n="128" xml:id="l-128"/>vooral in dat soort kunst<c type="kk">/</c> Millet &amp; Daumier<c type="kk">/</c> zeg ik daarop <lb n="129" xml:id="l-129"/>dat het huis G&amp;C <hi rend="sc">gedecideerd niet</hi> <hi rend="ital">in der tijd</hi><c type="kk">/</c> <lb n="130" xml:id="l-130"/>vóór de groote Milletverkoopingen zich met Millet <lb n="131" xml:id="l-131"/>heeft geoccupeerd<anchor n="6" xml:id="note-o-6"/> – en met Daumier zoowat <lb n="132" xml:id="l-132"/>evenmin<c type="kp">_</c>– Toen ter tijde van Daumiers &amp; Millets <lb n="133" xml:id="l-133"/>jeugd hadden G&amp;C<hi rend="ss">ie</hi> het heel druk met Julien Brochart <lb n="134" xml:id="l-134"/>en <hi rend="ital">Monsieur</hi> Paul Delaroche – voor mij geen erge <lb n="135" xml:id="l-135"/><hi rend="ital">Monsieur</hi><c type="kk">/</c> Delaroche niet<c type="kp">_</c><anchor n="7" xml:id="note-o-7"/> Zooveel voor<anchor n="b" xml:id="note-o-b"/> ’t huis G&amp;C<hi rend="ss">ie</hi><c type="kp">_</c></ab><lb n="136" xml:id="l-136"/>
<ab rend="indent">Gegroet<c type="kp">_</c>–</ab>
<vg:whiteline/><lb n="136*" xml:id="l-136s"/>
<ab>b. à t<c type="kp">_</c></ab><lb n="136**" xml:id="l-136ss"/>
<ab>Vincent –</ab>
<vg:whiteline/>
<pb f="2r" n="5" xml:id="pb-orig-2r-5" facs="#zone-pb-2r-5"/><lb n="137" xml:id="l-137"/>
<ab>Ik weet vooruit dat ik er spijt van zal <lb n="138" xml:id="l-138"/>hebben<c type="kk">/</c> en ergen spijt zelfs bij momenten<c type="kk">/</c> <lb n="139" xml:id="l-139"/>als wij scheiden.</ab><lb n="140" xml:id="l-140"/>
<ab rend="indent">En misschien – al zij er voor U geen ongemak <lb n="141" xml:id="l-141"/>of zorg aan verbonden – gij van uw kant ook wel eens <lb n="142" xml:id="l-142"/>het half en half minder prettig vinden<c type="kp">_</c>–<anchor n="c" xml:id="note-o-c"/></ab><lb n="143" xml:id="l-143"/>
<ab rend="indent">Doch het ding bij zijn naam genoemd <lb n="144" xml:id="l-144"/>hebbende <hi rend="ital">amitie traînante</hi><c type="kk">/</c> <lb n="145" xml:id="l-145"/>wat zit er anders op dan separatie<c type="kp">_</c> <lb n="146" xml:id="l-146"/>En om U de waarheid te zeggen<c type="kk">/</c> dikwijls <lb n="147" xml:id="l-147"/>reeds heb ik gedacht dat de toestand <lb n="148" xml:id="l-148"/>onhoudbaar zou worden tusschen U en mij <hi rend="ital">tenzij</hi> ik <lb n="149" xml:id="l-149"/>de een of andere<c type="kk">/</c> zij het geringe<c type="kk">/</c> relatie kon <lb n="150" xml:id="l-150"/>hernieuwen met G&amp;C<hi rend="ss">ie</hi><c type="kk">/</c> G&amp;C<hi rend="ss">ie</hi> jegens <lb n="151" xml:id="l-151"/>wie ik après tout niets misdreven heb <lb n="152" xml:id="l-152"/>dan dat ik 6 jaar lang zoo goed en zoo <lb n="153" xml:id="l-153"/>kwaad ik kon voor hun heb gewerkt<c type="kp">_</c>– <lb n="154" xml:id="l-154"/>Wat zeer zeker een groote misdaad is van mij <lb n="155" xml:id="l-155"/>en wel voldoende om daarnaar<anchor n="d" xml:id="note-o-d"/> elkaar <lb n="156" xml:id="l-156"/>te haten<c type="kk">/</c> hein – dat is immers de <lb n="157" xml:id="l-157"/>handel<c type="kp">_</c>–</ab><lb n="158" xml:id="l-158"/>
<ab rend="indent">Maar niet alleen mijn werk maar ook <lb n="159" xml:id="l-159"/>bovendien alles wat ik U gezegd heb<c type="kk">/</c> dat <lb n="160" xml:id="l-160"/>in der tijd het had kunnen en behooren <lb n="161" xml:id="l-161"/>geredresseerd worden wat de laatste jaren <lb n="162" xml:id="l-162"/>in den Haag me overkwam<c type="kk">/</c> waart ge te groot voor <lb n="163" xml:id="l-163"/>er de minste notitie van te nemen<c type="kp">_</c>–</ab>
<pb f="2v" n="6" xml:id="pb-orig-2v-6" facs="#zone-pb-2v-6"/><lb n="164" xml:id="l-164"/>
<ab rend="indent">Van broederlijk gesproken<c type="kk">/</c> behooren deze <lb n="165" xml:id="l-165"/>dingen onder de broederlijkheden<c type="kp">_</c>– En – <lb n="166" xml:id="l-166"/>kan het anders dan dat ik het onuitstaanbaar <lb n="167" xml:id="l-167"/>ga vinden<c type="kk">/</c> <lb n="168" xml:id="l-168"/>iets als wat gij schrijft: heb DUS nog een <lb n="169" xml:id="l-169"/>beetje geduld<c type="kp">_</c>–</ab><lb n="170" xml:id="l-170"/>
<ab rend="indent">Ziedaar<c type="kk">/</c> ik heb mijn geduld noodig <lb n="171" xml:id="l-171"/>voor mijn werk vriend<c type="kk">/</c> en als ik <lb n="172" xml:id="l-172"/>jegens U en anderen wat korter <lb n="173" xml:id="l-173"/>aangebonden ben is het omdat het <lb n="174" xml:id="l-174"/>iets lafs is iemand met een kluitje in ’t riet <lb n="175" xml:id="l-175"/>te sturen<c type="kk">/</c> zoo’n kluitje als “heb dus nog <lb n="176" xml:id="l-176"/>een beetje geduld”<c type="kp">_</c>–</ab><lb n="177" xml:id="l-177"/>
<ab rend="indent">Nu<c type="kk">/</c> dus ik twist met U – en <lb n="178" xml:id="l-178"/><hi rend="ital">’t was tijd ook</hi><c type="kp">_</c></ab><lb n="179" xml:id="l-179"/>
<ab rend="indent">In ’t begin hebt gij teekeningen laten <lb n="180" xml:id="l-180"/>zien aan Heyerdahl – aan Buhot<c type="kp">_</c>– <lb n="181" xml:id="l-181"/>Waarom sedert niet<c type="kp">_</c></ab><lb n="182" xml:id="l-182"/>
<ab rend="indent">Waarachtig ik ben er kwaad om dat <lb n="183" xml:id="l-183"/>gij zoo slap U hebt gehouden sedert<c type="kk">/</c> en <lb n="184" xml:id="l-184"/><hi rend="ital">ik ben</hi> <hi rend="sc">daarom</hi> <hi rend="ital">kwaad</hi> – <lb n="185" xml:id="l-185"/>het is niet om iets anders – het <lb n="186" xml:id="l-186"/>is om dat verdomde mij telkens zeggen <lb n="187" xml:id="l-187"/>“werk maar voort”<c type="kk">/</c> “heb nog wat geduld”<c type="kk">/</c> en <lb n="188" xml:id="l-188"/>geen vinger verroeren om te zorgen <lb n="189" xml:id="l-189"/>ik ietwat satisfactie hebbe van mijn werk.</ab>
<vg:whiteline/>
<pb f="3r" n="7" xml:id="pb-orig-3r-7" facs="#zone-pb-3r-7"/><lb n="190" xml:id="l-190"/>
<ab>Gij moet er zelf net mee doen zoo als ge <lb n="191" xml:id="l-191"/>wilt maar ik voor mij kan niet alles voor <lb n="192" xml:id="l-192"/>zoeten koek slikken<c type="kp">_</c>–</ab><lb n="193" xml:id="l-193"/>
<ab rend="indent">Dat gij in Uw brief zoo iets zegt van G&amp;C<hi rend="ss">ie</hi> <lb n="194" xml:id="l-194"/>als specialiteiten in Millet &amp; Daumier <lb n="195" xml:id="l-195"/>is wat al te fameus bar. Dacht <lb n="196" xml:id="l-196"/>gij dan waarlijk ik zóó sufte dat ik <lb n="197" xml:id="l-197"/>zulke enormiteiten gelooven zou – <lb n="198" xml:id="l-198"/>wel wel – Ge verdient wel eens <lb n="199" xml:id="l-199"/>een coup de dent gij<c type="kk">/</c> als ge Uw <lb n="200" xml:id="l-200"/>medemenschen zulke dingetjes op den <lb n="201" xml:id="l-201"/>mouw tracht te spelden<c type="kp">_</c>–</ab><lb n="202" xml:id="l-202"/>
<ab rend="indent">G&amp;C<hi rend="ss">ie</hi> kwamen in de meeste gevallen <lb n="203" xml:id="l-203"/>met oorspronkelijke artisten met de nachtschuit<c type="kk">/</c><anchor n="e"/> <lb n="204" xml:id="l-204"/>wie hun protegés geweest zijn – va – <lb n="205" xml:id="l-205"/>’k weet het ook net als gij <lb n="206" xml:id="l-206"/>het kunt weten<c type="kp">_</c>– Een der beste zetten van <lb n="207" xml:id="l-207"/>G.&amp;C<hi rend="ss">ie</hi> is nog dat zij in de laatste jaren <lb n="208" xml:id="l-208"/>verscheiden Hollanders<c type="kk">/</c> Maris<c type="kk">/</c> Mauve gepousseerd <lb n="209" xml:id="l-209"/>hebben en dat was nog meer speciaal <lb n="210" xml:id="l-210"/>een initiatief van H.G<c type="kp">_</c>T.<anchor n="8" xml:id="note-o-8"/></ab><lb n="211" xml:id="l-211"/>
<ab rend="indent">Dat zij Breton hebben is iets dat betrekkelijk <lb n="212" xml:id="l-212"/>op zich zelf staat<c type="kp">_</c>– Maar in den tijd zelf van <lb n="213" xml:id="l-213"/>Millet<c type="kk">/</c> Dupré<c type="kk">/</c> Corot<c type="kk">/</c> Daubigny<c type="kk">/</c> toen <lb n="214" xml:id="l-214"/>die <hi rend="ital">jong</hi> waren – allons – lieten G&amp;C<hi rend="ss">ie</hi> <lb n="215" xml:id="l-215"/>er zich veel aan gelegen liggen???</ab><lb n="216" xml:id="l-216"/>
<ab rend="indent">Breton nu is<c type="kk">/</c> dat weet ge<c type="kk">/</c> als persoon nogal anders dan <lb n="217" xml:id="l-217"/>Millet en Corot – en ik kan me begrijpen dat G&amp;C<hi rend="ss">ie</hi> <lb n="218" xml:id="l-218"/>hem “als mensch minder onaangenaam vinden”<c type="kp">_</c> 
<pb f="3v" n="8" xml:id="pb-orig-3v-8" facs="#zone-pb-3v-8"/><lb n="219" xml:id="l-219"/>Daumier – Daumier in zijn vroegeren <lb n="220" xml:id="l-220"/>tijd vooral – als ik me daar in denk – <lb n="221" xml:id="l-221"/>en stel er tegenover het Guizot achtige van vader <lb n="222" xml:id="l-222"/>Goupil zoo als hij toen was – – – – – – – – – – <lb n="223" xml:id="l-223"/>het amuseert mij wel me in die oppositie in te <lb n="224" xml:id="l-224"/>denken<c type="kp">_</c>–</ab><lb n="225" xml:id="l-225"/>
<ab rend="indent">G&amp;C<hi rend="ss">ie</hi> hadden dunkt me steeds iets regtzinnigs <lb n="226" xml:id="l-226"/>en zagen nog al neer op andere huizen als of <lb n="227" xml:id="l-227"/>zij zelf beter waren dan andere handelaars<c type="kp">_</c>– Nu<c type="kk">/</c> en <lb n="228" xml:id="l-228"/>het was en is één zelfde pot nat<c type="kp">_</c></ab><lb n="229" xml:id="l-229"/>
<ab rend="indent">’K geloof dat Millet en Daumier zoo wat door <hi rend="sc">alle</hi> <lb n="230" xml:id="l-230"/>handelaars zijn genegeerd<c type="kp">_</c></ab><lb n="231" xml:id="l-231"/>
<ab rend="indent">“<hi rend="ital">l’excellent leur échappe toujours</hi>” zei een <lb n="232" xml:id="l-232"/><hi rend="ital">liefhebber</hi> met betrekking tot hoe de handelaars <lb n="233" xml:id="l-233"/>met de studies van Corot deden.<anchor n="9" xml:id="note-o-9"/> En <lb n="234" xml:id="l-234"/>dat woord is fijn – ’t zijn meestal <lb n="235" xml:id="l-235"/>algemeenheden<c type="kk">/</c> hun opinies – als die van Joseph <lb n="235a" xml:id="l-235a"/>Prudhomme van Monnier<c type="kp">_</c><anchor n="10" xml:id="note-o-10"/> <lb n="236" xml:id="l-236"/>Doch hierover te philosopheeren verveelt U – <lb n="237" xml:id="l-237"/>en mij<c type="kp">_</c>–</ab><lb n="238" xml:id="l-238"/>
<ab rend="indent">Gegroet<c type="kp">_</c>– Ik lees daar Moe’s briefje<c type="kp">_</c> <lb n="239" xml:id="l-239"/>Het doet me pleizier ge er uit zien <lb n="240" xml:id="l-240"/>kunt ik hun maar minder en minder <lb n="241" xml:id="l-241"/>spreek over wat wij onder ons hebben<c type="kp">_</c> Ik <lb n="242" xml:id="l-242"/>zeg maar dat alles goed is tot dat ik zeggen <lb n="243" xml:id="l-243"/>zal<c type="kk">/</c> even kort<c type="kk">/</c> dat wij begrepen hebben <lb n="244" xml:id="l-244"/>onze zaken nog al uit elkaar liepen. <lb n="245" xml:id="l-245"/>Dat is zoo<c type="kp">_</c> Gij zijt vast aan G&amp;C<hi rend="ss">ie</hi><c type="kp">_</c> G&amp;C<hi rend="ss">ie</hi> doen <lb n="246" xml:id="l-246"/>zeker niets in de eerste reeks jaren met mij<c type="kp">_</c> <lb n="247" xml:id="l-247"/>In dien tusschentijd<c type="kk">/</c> ik vraag het U<c type="kk">/</c> is het <lb n="248" xml:id="l-248"/>voor mij te doen te berusten in dat absoluut niets <lb n="249" xml:id="l-249"/>vooruitgaan wat gij mij voorspiegelt<c type="kp">_</c>–</ab>
<vg:whiteline/>
<div type="textualNotes">
<note target="l-21" n="21">inconvenieert” &lt; inconvenieert</note>
<note target="l-30" n="30">wachten – &lt; wachten</note>
<note target="l-81" n="81">zoudt &lt; te</note>
<note target="l-132" n="132">Daumiers &lt; Daumier</note>
<note target="l-141" n="141">uw &lt; u</note>
<note target="l-147" n="147">gedacht &lt; gedacht reeds</note>
<note target="l-175" targetEnd="l-176" n="175-176">“heb <supplied><hi rend="ital">...</hi></supplied> geduld”<c type="kp">_</c>– &lt; <hi rend="ital">Quotation marks added by us.</hi></note></div></div>
<div type="translation">
<pb f="1r" n="1" xml:id="pb-trans-1r-1" facs="#zone-pb-1r-1"/>
<ab>My dear Theo,</ab>
<ab>Well — but that simply won’t do. What I get from your letter is this — you talk about a ‘flagging love’, and say that when you were faced with this question, you eventually broke it off.<anchor n="1" xml:id="note-t-1"/></ab>
<ab rend="indent">Well, at least this is something manly.</ab>
<ab rend="indent">Here we have a different case, though. I’m not faced with a flagging love so much — as with <hi rend="ital">a flagging friendship</hi> — and <hi rend="ital">very</hi> flagging. The friendship between you and me really has been mightily weak for the greater part of the last year.</ab>
<ab rend="indent">Shouldn’t we just apply that same system to it?</ab>
<ab rend="indent">One of the things (there are still more in that genre) about which I say ‘that simply won’t do’ is that now, when you send me money, you send me  1/3  and say, ‘I <hi rend="sc">can</hi> actually send the rest too, but it suits me better to do it at the end of the month if it doesn’t inconvenience you’ — or something of the kind. So, do you still have to ask that, whether or not it’s convenient to me? You know yourself that last month I used at least 3/4 in one go to pay things off. But I didn’t complain about it, not even when it didn’t arrive until 10 days into March. But now, because I promised to pay various things off on 1 March that I owed when I came here, now having to wait till the end of the month again — whether that’s exactly a stroke of luck for me — you must just think about that for yourself. 
<pb f="1v" n="2" xml:id="pb-trans-1v-2" facs="#zone-pb-1v-2"/></ab>
<ab rend="indent">Come on, brother — you’ll probably find it ‘not brotherly’ of me that I most definitely rank our friendship as it now stands under things without spirit — but in the past I would certainly have taken it very much to heart, this question of being brotherly or not brotherly. And now — I won’t take it to heart. And I don’t much care what you’ll think of me.</ab>
<ab rend="indent">For myself I know that, precisely because we started out as friends and with respect on both sides — for myself I know that I won’t tolerate its degenerating into <hi rend="ital">patronage</hi>. I don’t choose to become your protégé, Theo. Why? Because. And this is what it’s threatening more and more to come down to.</ab>
<ab rend="indent">I think that what you say about my work is silly on two counts — I think it’s silly of you to give your opinion of how the Salon jury would judge my work when <hi rend="ital">I’ve never uttered a syllable to you about sending anything to the Salon</hi>.<anchor n="2" xml:id="note-t-2"/> I think it’s silly... well I think several other things are silly. And then, the other part is the little compliment in this form at the end: if I did this and did that, then I would be the person who would make you more reconciled to one thing and another.</ab>
<ab rend="indent">To what you say about not liking <rs type="pers" key="1179">Lhermitte</rs> so much any more, I say that the fault lies with you. I think perhaps, as you do, that <rs type="pers" key="1226">Millet</rs> ranks even higher, 
<pb f="1v" n="3" xml:id="pb-trans-1v-3" facs="#zone-pb-1v-3"/> but by Jove — if, as you do, one sees a lot by Lhermitte yet isn’t sufficiently carried away by it not to think of comparisons, in my view it betrays a certain small-mindedness.</ab>
<ab rend="indent">Which, for that matter, I’m afraid you’ll come to suffer from more and more.</ab>
<ab rend="indent">I never spoke to you about sending anything to the Salon, did I? — but I did speak to you about the people at the illustrated magazines — particularly <rs type="pers" key="910">Buhot</rs>, at the time.<anchor n="3" xml:id="note-t-3"/> And I don’t take back that I encouraged you to do it. But it was probably too much trouble for you.</ab>
<ab rend="indent">Moreover — my friend — I wanted to repeat to you once more, but more clearly, what I also told you in a previous letter.<anchor n="4" xml:id="note-t-4"/> <hi rend="ital">If you were serious</hi> about wanting to do something with my drawings after a further period of work on my part, I would think it a good plan not to show them until we had some thoroughly good drawings. But that isn’t how you think about me, nor how you speak to other people about me, and you aren’t serious.<anchor n="5" xml:id="note-t-5"/></ab>
<ab rend="indent">On one condition, though — that in the meantime my life wasn’t too lonely and wretched, my position not too false, but I could resign myself to the present with a feeling of freedom — I wouldn’t even mind waiting a very long time before my work was shown.</ab>
<ab rend="indent">But how do things stand at present? You’re doing <hi rend="sc">absolutely nothing</hi> to give me a bit of distraction, which I sometimes need so much, by meeting people and seeing things now and again.</ab>
<ab rend="indent">Anyway, I feel that nothing suits you better than simply not noticing me personally. It’s been like this for the best part of a year, and now the reaction is that I say: this way will lead to <hi rend="ital">nothing</hi> whatsoever — <hi rend="ital">neither for you nor for me</hi>, and it would be <hi rend="ital">stupid</hi> to carry on <hi rend="ital">in this way</hi>. <hi rend="sc">Stupid</hi>. 
<pb f="1r" n="4" xml:id="pb-trans-1r-4" facs="#zone-pb-1r-4"/></ab>
<ab rend="indent">When I read your recent letters, what I see from them is that you’re contriving to make it seem that the whole thing is my fault if we split up. That’s such a mean Van Goghish trick, such a bit of self-righteousness, that you can have with great pleasure if you’re attached to it.</ab>
<ab rend="indent"><rs type="pers" key="526">Pa</rs> would do the same — I know for myself how I’ve felt for the last year and what thoughts I have about our friendship. <hi rend="ital">As it now is, intolerable</hi>.</ab>
<ab rend="indent">Be that as it may, whether I do well or ill by speaking as I speak, <hi rend="ital">the</hi> <hi rend="sc">risk</hi> <hi rend="ital">is on</hi> <hi rend="sc">my</hi> <hi rend="ital">side</hi>, Theo; for you it’s easier to be rid of me altogether. For my part, if I break off our relationship, particularly in the financial sense, I will consequently have absolutely nothing else, and that’s the opposite of the usual tactics of Messrs van Gogh &amp; Co.</ab>
<ab rend="indent">See in this — what you will. Conclusion — you say something to the effect that you would concern yourself with my drawings when they’re so good that you could put them alongside <rs type="pers" key="1226">Millet</rs> and <rs type="pers" key="977">Daumier</rs>.</ab>
<ab rend="indent">For my part I believe that, of course, but at the same time I also know that in that case there are other people to whom I’ll be able to turn. And if you make it appear as if the house of G&amp;C dealt chiefly in that sort of art, <rs type="pers" key="1226">Millet</rs> and <rs type="pers" key="977">Daumier</rs>, I say to that that the house of G&amp;C <hi rend="sc">definitely</hi> did <hi rend="sc">not</hi> concern itself with Millet <hi rend="ital">at the time</hi>, before the big Millet sales<anchor n="6" xml:id="note-t-6"/> — and just about as little with Daumier. In Daumier’s and Millet’s youth, G&amp;Cie were very busy with <rs type="pers" key="889">Julien Brochart</rs> and <hi rend="ital">Monsieur</hi> <rs type="pers" key="983">Paul Delaroche</rs> — to my mind not very much of a <hi rend="ital">Monsieur</hi>, that Delaroche.<anchor n="7" xml:id="note-t-7"/> So much for the house of G&amp;Cie.</ab>
<ab rend="indent">Regards.</ab>
<vg:whiteline/>
<ab>Yours truly,</ab>
<ab>Vincent</ab>
<vg:whiteline/>
<ab>
<pb f="2r" n="5" xml:id="pb-trans-2r-5" facs="#zone-pb-2r-5"/></ab>
<ab>I know in advance that I’ll be sorry, and even very sorry at times, if we split up.</ab>
<ab rend="indent">And perhaps — although there’s no inconvenience or worry associated with it for you — you for your part will also sometimes find it half-and-half less pleasant.</ab>
<ab rend="indent">But having called the thing by its name, <hi rend="ital">flagging friendship</hi>, what else is there but separation? And to tell you the truth, I’ve already often thought that the situation between you and me would become intolerable <hi rend="ital">unless</hi> I could renew some sort of relationship, albeit slight, with G&amp;Cie — G&amp;Cie to whom, after all, I’ve done nothing wrong other than working for them for 6 years to the best of my ability. Which is obviously a great crime on my part and quite enough to hate each other accordingly, eh? That’s business, after all.</ab>
<ab rend="indent">But you were too high and mighty to take the slightest notice not only of my work but also of everything else I’ve told you, namely that what happened to me in The Hague in the last few years could and ought to have been redressed at the time. 
<pb f="2v" n="6" xml:id="pb-trans-2v-6" facs="#zone-pb-2v-6"/></ab>
<ab rend="indent">Speaking of brotherly, are these things part of brotherliness? And — how can I find something like you write: SO just have a little more patience, anything but insufferable?</ab>
<ab rend="indent">So there you have it, I need my patience for my work, my friend, and if I’m rather short-tempered with you and other people it’s because it’s cowardly to fob someone off with something like ‘so just have a little more patience’.</ab>
<ab rend="indent">Well, so I’m quarrelling with you — <hi rend="ital">and high time too</hi>.</ab>
<ab rend="indent">In the beginning you showed drawings to <rs type="pers" key="1084">Heyerdahl</rs> — to <rs type="pers" key="910">Buhot</rs>. Why not since then?</ab>
<ab rend="indent">Truly, I’m angry because you’ve been so lax since then, and <hi rend="sc">that’s why</hi> <hi rend="ital">I’m angry</hi> — it’s not about anything else — it’s because of that damned telling me each time ‘keep on working’, ‘have a little more patience’, and not lifting a finger to see to it that I get the slightest satisfaction from my work.</ab>
<vg:whiteline/>
<ab>
<pb f="3r" n="7" xml:id="pb-trans-3r-7" facs="#zone-pb-3r-7"/></ab>
<ab>You must do exactly as you wish, but for my part I can’t swallow everything whole.</ab>
    <ab rend="indent">The fact that you say in your letter something about G&amp;Cie as specialists in <rs type="pers" key="1226">Millet</rs> and <rs type="pers" key="977">Daumier</rs> is really going too far. Did you truly think I’m so stupid that I’d believe such bêtises? — Well, well. You could sometimes do with a stinging rebuke, you could, when you try  telling your fellow man such tall tales.</ab>
<ab rend="indent">In most cases, G&amp;Cie were late with original artists — go on — I know who their protégés have been just as well as you must know. One of G&amp;Cie’s best moves is that in recent years they’ve promoted various Dutchmen, <rs type="pers" key="1203">Maris</rs>, <rs type="pers" key="323">Mauve</rs>, and that was more particularly on <rs type="pers" key="787">H.G.T.</rs>’s initiative.<anchor n="8" xml:id="note-t-8"/></ab>
<ab rend="indent">The fact that they have <rs type="pers" key="899">Breton</rs> is a relatively isolated case. But in <rs type="pers" key="1226">Millet</rs>, <rs type="pers" key="986">Dupré</rs>, <rs type="pers" key="971">Corot</rs>, <rs type="pers" key="976">Daubigny</rs>’s own time, when they were <hi rend="ital">young</hi> — come on — did G&amp;Cie take much notice of them???</ab>
<ab rend="indent">Now <rs type="pers" key="899">Breton</rs>, you know that, is rather different as a person from <rs type="pers" key="1226">Millet</rs> and <rs type="pers" key="971">Corot</rs> — and I can understand that G&amp;Cie ‘find him less disagreeable as a man’. 
<pb f="3v" n="8" xml:id="pb-trans-3v-8" facs="#zone-pb-3v-8"/> <rs type="pers" key="977">Daumier</rs> — particularly Daumier in his early days — when I think about that — and set it against the <rs type="pers" key="620">Guizot</rs>-ness of old man Goupil as he was then — — — — — — — — — — it does amuse me to think in terms of that contrast.</ab>
<ab rend="indent">It seems to me that G&amp;Cie were rather orthodox and tended to look down on other houses as if they themselves were better than other dealers. Well they were, and still are, all tarred with the same brush.</ab>
<ab rend="indent">I believe that <rs type="pers" key="1226">Millet</rs> and <rs type="pers" key="977">Daumier</rs> were pretty much ignored by <hi rend="sc">all</hi> the dealers.</ab>
<ab rend="indent">‘<hi rend="ital">Excellence always escapes them</hi>,’ an <hi rend="ital">art lover</hi> said about the way the dealers handled <rs type="pers" key="971">Corot</rs>’s studies.<anchor n="9" xml:id="note-t-9"/> And that’s a shrewd remark — they’re usually generalities, their opinions — like those of <rs type="pers" key="712">Monnier</rs>’s <rs type="pers" key="1745">Joseph Prudhomme</rs>.<anchor n="10" xml:id="note-t-10"/> But philosophizing about this bores you — and me.</ab>
<ab rend="indent">Regards. I’ve just read <rs type="pers" key="524">Ma</rs>’s note. I’m pleased that you can tell from it that I speak less and less to them about what’s going on between us. I’m just saying that everything is all right until I tell them, equally briefly, that we’ve realized that our affairs are diverging quite considerably. That is so. You’re bound to G&amp;Cie. G&amp;Cie will certainly not do anything with me for years to come. In the meantime, I ask you, how can I resign myself to the prospect that you hold out to me of making absolutely no progress?</ab></div>
<div type="notes">
<note n="1" xml:id="n-1" target="#note-t-1">
<ab>In <ref target="let434.xml">letter 434</ref> Vincent responded to the question as to whether Theo should or should not continue his relationship with <rs type="pers" key="508">Marie</rs>, an issue that Theo had raised in a letter.</ab></note>
<note n="a" xml:id="n-a" target="#note-o-a">
<ab>Means: ‘om zaken af te betalen’ (to pay things off).</ab></note>
<note n="2" xml:id="n-2" target="#note-t-2">
<ab>Whereas Vincent reacts indignantly here, a year later, when Theo again suggested submitting Vincent’s work to the Salon, he was in favour of the idea: <ref target="let484.xml">see letter 484</ref>.</ab></note>
<note n="3" xml:id="n-3" target="#note-t-3">
<ab>For <rs type="pers" key="910">Félix Buhot</rs>, who was an engraver for Goupil &amp; Cie, and for the sending of magazines, <ref target="let280.xml">see letters 280</ref> ff.</ab></note>
<note n="4" xml:id="n-4" target="#note-t-4">
<ab>This ‘previous letter’ on selling work is <ref target="let432.xml">letter 432</ref>.</ab></note>
<note n="5" xml:id="n-5" target="#note-t-5">
<ab>Van Gogh added ‘But <hi rend="ital">...</hi> serious’ (‘Doch … meenens’) later.</ab></note>
<note n="6" xml:id="n-6" target="#note-t-6">
<ab>The large sum paid for <hi rend="ital"><rs type="ill" key="1697">The angelus</rs></hi>, 1857-1859 (Paris, Musée d’Orsay) had caused raised eyebrows: <ref target="let017.xml#n-3">see letter 17, n. 3.</ref></ab></note>
<note n="7" xml:id="n-7" target="#note-t-7">
    <ab>In 1858 Goupil began publishing photographic reproductions after the paintings of <rs type="pers" key="983">Paul Delaroche</rs>. Exhib. cat. Amsterdam 1999, p. 69. <rs type="pers" key="889">Brochart</rs>'s first name was Constant-Joseph.</ab></note>
<note n="b" xml:id="n-b" target="#note-o-b">
<ab>Read: ‘Dit voor wat betreft’ (cf. the English ‘so much for’; and the French ‘autant pour’).</ab></note>
<note n="c" xml:id="n-c" target="#note-o-c">
<ab>Read: ‘Zult vinden’ (will find) (transferred contraction of ‘zal’ (shall) in <ref target="#l-137">l. 137</ref>).</ab></note>
<note n="d" xml:id="n-d" target="#note-o-d">
<ab>Means: ‘daarmee in overeenstemming’ (accordingly).</ab></note>
<note n="e" xml:id="n-e" target="#note-o-e">
<ab>Means: ‘Achteraf, te laat’ (after the event, too late).</ab></note>
<note n="8" xml:id="n-8" target="#note-t-8">
<ab>After his return from Paris in 1871 <rs type="pers" key="1203">Jacob Maris</rs> sold his work exclusively through Goupil in The Hague, where <rs type="pers" key="787">H.G. Tersteeg</rs> was the<hi rend="ital"> </hi>manager. Maris is said to have been unhappy later in his life with the way Tersteeg ‘pushed’ him. See B. Boon, ‘Jacob Maris en kunsthandel Goupil’, <hi rend="ital">Jong Holland </hi>15-3 (1999), pp. 15-27, esp. 23, and Stolwijk in exhib. cat. Haarlem 2003, pp. 57-67. In the 1871-1887 period <rs type="pers" key="323">Mauve</rs> was one of the best-selling artists in the Goupil stable in The Hague. See Stolwijk 1998, p. 211 (table 12).</ab></note>
<note n="9" xml:id="n-9" target="#note-t-9">
<ab>This phrase has not been found in the <rs type="pers" key="971">Corot</rs> literature; it was probably passed on by word of mouth.</ab></note>
<note n="10" xml:id="n-10" target="#note-t-10">
    <ab>See for the character of <rs type="pers" key="1745">Prudhomme</rs> in <rs type="pers" key="712">Monnier</rs>’s <hi rend="ital"><rs type="lit" key="316">Scènes populaires dessinées à la plume</rs></hi>, <hi rend="ital"><rs type="lit" key="317">Grandeur et décadence de M. Joseph Prudhomme</rs></hi>, <hi rend="ital"><rs type="lit" key="209">Mémoires de Monsieur Joseph Prudhomme</rs></hi>, and <hi rend="ital"><rs type="lit" key="315">Croquis à la plume</rs></hi>. <ref target="let296.xml#n-3">letter 296, n. 3.</ref></ab></note></div></body></text></TEI>
