<?xml version="1.0" encoding="UTF-8"?>
<!-- Last Changed Date: 2018-07-18 12:32:41 +0200 (Wed, 18 Jul 2018) | SVN Revision: 2206 -->
<!--Licensed under Attribution-NonCommercial-ShareAlike 4.0 International (CC BY-NC-SA 4.0)-->
<?xml-model href="https://xmlschema.huygens.knaw.nl/vgodd.rng" type="application/xml" schematypens="http://relaxng.org/ns/structure/1.0"?>
<TEI xmlns:vg="http://www.vangoghletters.org/ns/" xmlns="http://www.tei-c.org/ns/1.0">
<teiHeader xmlns:xsi="http://www.w3.org/2001/XMLSchema-instance"><fileDesc>
<titleStmt>
<title>To Theo van Gogh. Nuenen, on or about Monday, 2 February 1885.</title>
<editor>Leo Jansen</editor>
<editor>Hans Luijten</editor>
<editor>Nienke Bakker</editor></titleStmt>
<publicationStmt>
<publisher><name>Huygens Instituut voor Nederlandse Geschiedenis (KNAW)</name><email>info@huygens.knaw.nl</email></publisher>
<publisher>Van Gogh Museum</publisher>
<pubPlace>Amsterdam</pubPlace>
<date type="first" when="2009">2009</date>
<availability status="restricted">
<licence target="http://creativecommons.org/licenses/by-nc-sa/4.0/ https://creativecommons.org/licenses/by-nc-sa/4.0/legalcode">
<p>Attribution-NonCommercial-ShareAlike 4.0 International (CC BY-NC-SA 4.0) </p></licence></availability>
<ptr target="http://vangoghletters.org/orig/let482"/></publicationStmt><sourceDesc><vg:letDesc><vg:letIdentifier>
<idno type="jlb">482</idno>
<idno type="collectedletters">388b</idno>
<idno type="brieven1990">485</idno></vg:letIdentifier><vg:letHeading><author>Vincent van Gogh</author><vg:addressee>Theo van Gogh</vg:addressee><vg:placeLet>Nuenen</vg:placeLet><vg:dateLet>on or about Monday, 2 February 1885</vg:dateLet></vg:letHeading><vg:letContents>
<p>To Theo van Gogh. Nuenen, on or about Monday, 2 February 1885.</p></vg:letContents>
<note type="sourceStatus" xml:id="sourceStatus">
<p>Original manuscript</p></note>
<note type="location" xml:id="location">
<p>Amsterdam, Van Gogh Museum, inv. no. b426 V/1962</p></note>
<note type="date" xml:id="date">
<p>Vincent had lashed out savagely at Theo in his letter of about Friday, 30 January 1885 <ref target="let481.xml">(481)</ref>. Theo responded to this – he found it ‘particularly unpleasant’, as we see from the present letter which is a reply to that one. In passing Vincent thanks Theo for the money he sent <ref target="#l-93">(l. 93)</ref>, which must have been the allowance for February. There is no reason to think that the regular remittance was delayed, so we have dated the letter on or about Monday, 2 February 1885.</p></note></vg:letDesc></sourceDesc></fileDesc></teiHeader>
<facsimile xmlns:xsi="http://www.w3.org/2001/XMLSchema-instance">
<surface n="b 0426" xml:id="surf-pb-1r"><graphic mimeType="image/tiff" url="VGM001000571_01.TIF" rend="norend"/><graphic mimeType="image/tiff" url="VGM001000571_01_n.tif" rend="norend"/><graphic mimeType="image/jpeg" url="VGM001000571_01_nt.jpg" height="50px" rend="thumbnail"/><zone xml:id="zone-pb-1r-1">
<graphic mimeType="image/tiff" url="VGM001000571_01_nR.tif" rend="norend"/><graphic mimeType="image/jpeg" url="VGM001000571_01_nRt.jpg" height="50px" rend="thumbnail"/><graphic mimeType="image/png" url="VGM001000571_01_nRf.png" width="380px" rend="facstab"/></zone>
<zone xml:id="zone-pb-1r-4">
<graphic mimeType="image/tiff" url="VGM001000571_01_nL.tif" rend="norend"/><graphic mimeType="image/jpeg" url="VGM001000571_01_nLt.jpg" height="50px" rend="thumbnail"/><graphic mimeType="image/png" url="VGM001000571_01_nLf.png" width="380px" rend="facstab"/></zone>
</surface>
<surface n="b 0426" xml:id="surf-pb-1v"><graphic mimeType="image/tiff" url="VGM001000571_02.TIF" rend="norend"/><graphic mimeType="image/tiff" url="VGM001000571_02_n.tif" rend="norend"/><graphic mimeType="image/jpeg" url="VGM001000571_02_nt.jpg" height="50px" rend="thumbnail"/><zone xml:id="zone-pb-1v-2">
<graphic mimeType="image/tiff" url="VGM001000571_02_nL.tif" rend="norend"/><graphic mimeType="image/jpeg" url="VGM001000571_02_nLt.jpg" height="50px" rend="thumbnail"/><graphic mimeType="image/png" url="VGM001000571_02_nLf.png" width="380px" rend="facstab"/></zone>
<zone xml:id="zone-pb-1v-3">
<graphic mimeType="image/tiff" url="VGM001000571_02_nR.tif" rend="norend"/><graphic mimeType="image/jpeg" url="VGM001000571_02_nRt.jpg" height="50px" rend="thumbnail"/><graphic mimeType="image/png" url="VGM001000571_02_nRf.png" width="380px" rend="facstab"/></zone>
</surface></facsimile><text xmlns:xsi="http://www.w3.org/2001/XMLSchema-instance"><body>
<div type="original">
<pb f="1r" n="1" xml:id="pb-orig-1r-1" facs="#zone-pb-1r-1"/><lb n="1" xml:id="l-1"/>
<ab>Waarde Theo,</ab><lb n="1*" xml:id="l-1s"/>
<ab>Dat gij mijn laatste schrijven “al bij<c type="shy">-</c><lb n="2" xml:id="l-2"/>zonder onaangenaam” noemt<c type="kk">/</c> heb ik nog al heel <lb n="3" xml:id="l-3"/>wat op te zeggen<c type="kp">_</c></ab><lb n="4" xml:id="l-4"/>
<ab rend="indent">Vooreerst dit – een tijd geleden schrijft <hi rend="ital">gij</hi> mij diverse <lb n="5" xml:id="l-5"/>onaangenaamheden<anchor n="1" xml:id="note-o-1"/> – die ik van U en anderen <lb n="6" xml:id="l-6"/>nu ruim 15 jaar al hoor – dat’s een heele tijd – <lb n="7" xml:id="l-7"/>over de verhouding t’huis<c type="kp">_</c>–</ab><lb n="8" xml:id="l-8"/>
<ab rend="indent">Met dit nog speciaal er bij “dat ge achterdochtig <lb n="9" xml:id="l-9"/>zijt”. Indien ’t nu alleen ’t eerstgenoemde <lb n="10" xml:id="l-10"/>was had ik er waarschijnlijk niet meer op <lb n="11" xml:id="l-11"/>geattendeerd.</ab><lb n="12" xml:id="l-12"/>
<ab rend="indent">Het toevoegsel van uw achterdocht echter<c type="kk">/</c> dat was <lb n="13" xml:id="l-13"/>me wat bar en heb ik herhaaldelijk U verzocht <lb n="14" xml:id="l-14"/>terug te nemen of te expliceeren<c type="kk">/</c> want zoo iets laat <lb n="14a" xml:id="l-14a"/>ik ook niet zeggen zonder inlichting te vragen.–</ab><lb n="15" xml:id="l-15"/>
<ab rend="indent">En in mijn laatsten brief heb ik in ’t algemeen <lb n="16" xml:id="l-16"/>achterdocht vergeleken met een zwartglas <lb n="17" xml:id="l-17"/>waardoor men kijkt<c type="kp">_</c></ab><lb n="18" xml:id="l-18"/>
<ab rend="indent">En gezegd dat de leelijkste misverstanden erdoor <lb n="19" xml:id="l-19"/>ontstaan.</ab><lb n="20" xml:id="l-20"/>
<ab rend="indent">En dat is waar<c type="kp">_</c>–</ab><lb n="21" xml:id="l-21"/>
<ab rend="indent">Indien ge <hi rend="ital">dit nu omdraait</hi> en mij schrijft: <lb n="22" xml:id="l-22"/>“ge doet me denken aan de oude menschen die zeggen <lb n="23" xml:id="l-23"/>dat het in hun jongen tijd beter was dan nu<c type="kk">/</c> er bij <lb n="24" xml:id="l-24"/>vergetende dat ze zelf veranderd zijn”<c type="kk">/</c> <lb n="25" xml:id="l-25"/>zoo brengt me dit niet van mijn stuk<c type="kp">_</c>–</ab><lb n="26" xml:id="l-26"/>
<ab rend="indent">Hetgeen waar we ’t over hadden is achterdocht<c type="kk">/</c> <lb n="27" xml:id="l-27"/><hi rend="ital">die niet ik doch ge zelf noemt</hi><c type="kk">/</c> van U tegen mij<c type="kp">_</c> pas dat <lb n="28" xml:id="l-28"/>van de oude menschen primo daarop toe en zie <lb n="29" xml:id="l-29"/><hi rend="ital">daarna</hi> of ’t verder ook op mij slaat<c type="kp">_</c>–</ab><lb n="30" xml:id="l-30"/>
<ab rend="indent">Past het <hi rend="ital">daarna</hi> ook op mij – dan heb ik me <lb n="31" xml:id="l-31"/>te veranderen.</ab><lb n="32" xml:id="l-32"/>
<ab rend="indent">Wat ik schreef over een zekere stemming <lb n="33" xml:id="l-33"/>t’huis die ik meer dan me lief is <lb n="34" xml:id="l-34"/>gelegenheid had te observeeren<c type="kk">/</c> is vrees ik 
<pb f="1v" n="2" xml:id="pb-orig-1v-2" facs="#zone-pb-1v-2"/><lb n="35" xml:id="l-35"/>maar al te waar<c type="kp">_</c></ab><lb n="36" xml:id="l-36"/>
<ab rend="indent">Indien ge in uw brief me vraagt hoe <lb n="37" xml:id="l-37"/>het komt dat ge me nooit hoort zeggen <lb n="38" xml:id="l-38"/>“ik wou zus of zoo zijn” – <lb n="39" xml:id="l-39"/>is – omdat ik meen dat wie ’t meest <lb n="40" xml:id="l-40"/>te koop loopen met “ik wou zus of zoo zijn” <lb n="41" xml:id="l-41"/>’t minst doen om zich zelf te verbeteren<c type="kp">_</c> <lb n="41a" xml:id="l-41a"/>Wie ’t zeggen die doen ’t meestal niet.</ab><lb n="42" xml:id="l-42"/>
<ab rend="indent">Indien ik me uitliet over zulke <lb n="43" xml:id="l-43"/>wenschen<c type="kk">/</c> ’t zou <hi rend="ital">niet ligt</hi> wezen <lb n="44" xml:id="l-44"/>in een stemming als nu tusschen <lb n="45" xml:id="l-45"/>ons is<c type="kp">_</c>–</ab><lb n="46" xml:id="l-46"/>
<ab rend="indent">Dus dat komt daarvan – en waar ik me <lb n="46a" xml:id="l-46a"/>moeite geef om mijn werk te verbeteren hoef ik niet telkens in verzuchtingen te vervallen. </ab><lb n="47" xml:id="l-47"/>
<ab rend="indent">Het spijt me ge dat N<hi rend="ss">o</hi> Illustration<lb n="48" xml:id="l-48"/> niet hebt gestuurd<c type="kk">/</c> ik heb Renouard nog al gevolgd <lb n="49" xml:id="l-49"/>en heb van jaren lang wat hij voor de illustr. heeft <lb n="50" xml:id="l-50"/>gemaakt.<anchor n="2" xml:id="note-o-2"/> En dit is een van de allermooisten <lb n="51" xml:id="l-51"/>waar ik geloof ge zelf ook schik in zoudt <lb n="52" xml:id="l-52"/>hebben gehad<c type="kp">_</c></ab><lb n="53" xml:id="l-53"/>
<ab rend="indent">De oude N<hi rend="ss">o</hi>’s<c type="kk">/</c> <lb n="54" xml:id="l-54"/>als men ze in den boekhandel bestelt ten <lb n="55" xml:id="l-55"/>minste hier<c type="kk">/</c> krijgt men niet<c type="kp">_</c> Ik wou <lb n="56" xml:id="l-56"/>wel ge het kondt krijgen. Is ’t je echter te <lb n="57" xml:id="l-57"/>veel moeite<c type="kk">/</c> laat het daar<c type="kk">/</c> doch het is <lb n="58" xml:id="l-58"/>toch waarachtig zooveel moeite niet.</ab>
<pb f="1v" n="3" xml:id="pb-orig-1v-3" facs="#zone-pb-1v-3"/><lb n="59" xml:id="l-59"/>
<ab rend="indent">En – après tout – weet wel dat wat die achterdocht <lb n="60" xml:id="l-60"/>betreft &amp; ’t geen ik er op gerepliceerd heb<c type="kk">/</c> <lb n="61" xml:id="l-61"/>niet zoozeer is omdat ik U of anderen niet desnoods <lb n="62" xml:id="l-62"/>net alles wat ge wilt van me wil laten denken<c type="kk">/</c> <lb n="63" xml:id="l-63"/>maar ik heb U gewaarschuwd dat het U weinig <lb n="64" xml:id="l-64"/>satisfactie zou geven indien Uw karakter <lb n="65" xml:id="l-65"/>dien plooi zou aannemen.</ab><lb n="66" xml:id="l-66"/>
<ab rend="indent">Waar ge herhaaldelijk zegt dat <lb n="67" xml:id="l-67"/>ge mij beter kent dan anderen &amp; ’t draait <lb n="68" xml:id="l-68"/>dan op achterdocht neer<c type="kk">/</c> is zulks echter <lb n="69" xml:id="l-69"/>serieus genoeg dan dat<anchor n="a" xml:id="note-o-a"/> ik bepaald er tegen <lb n="70" xml:id="l-70"/>protesteer<c type="kk">/</c> én tegen ’t een van dat “zoo <lb n="71" xml:id="l-71"/>goed kennen” én tegen ’t ander<c type="kk">/</c> die <lb n="72" xml:id="l-72"/>achterdocht. Zoo’n historie heb ik met <lb n="73" xml:id="l-73"/>Pa achter den rug en – een Pa II<anchor n="3" xml:id="note-o-3"/> <lb n="74" xml:id="l-74"/>begin ik niet aan<c type="kp">_</c>–</ab><lb n="75" xml:id="l-75"/>
<ab rend="indent">Als ik met Pa er van begin af bij geweest was <lb n="76" xml:id="l-76"/>en niet maar stilgezwegen<c type="kk">/</c> was er veel <lb n="77" xml:id="l-77"/>niet gebeurd<c type="kp">_</c></ab><lb n="78" xml:id="l-78"/>
<ab rend="indent">Neem me dus niet kwalijk ik nu <lb n="79" xml:id="l-79"/>vierkantweg zeg hoe ’k er over denk.<anchor n="4" xml:id="note-o-4"/> <lb n="80" xml:id="l-80"/>Dat’s beter voor beiden. Overigens kerel<c type="kk">/</c> <lb n="81" xml:id="l-81"/>ik geloof ik wat te hard werk dan dat <lb n="82" xml:id="l-82"/>’t heel lang kan duren of ik zal 
<pb f="1r" n="4" xml:id="pb-orig-1r-4" facs="#zone-pb-1r-4"/><lb n="83" xml:id="l-83"/>den last in ’t finantieele voor U wel wat kunnen <lb n="84" xml:id="l-84"/>verminderen. Het moge me langer duren <lb n="85" xml:id="l-85"/>dan ik prettig vind voor U of voor mij<c type="kk">/</c> doch <lb n="86" xml:id="l-86"/>doorwerken is een weg die bezwaarlijk geheel en al <lb n="87" xml:id="l-87"/>falen kan. En waar ik er op aandring er <lb n="88" xml:id="l-88"/>kracht achter te zetten<c type="kk">/</c> is om aan de mogelijkheid <lb n="89" xml:id="l-89"/>tot twisten een eind te maken<c type="kp">_</c> <lb n="90a" xml:id="l-90a"/>Want de <hi rend="ital">mogelijkheid</hi> zelfs <lb n="90b" xml:id="l-90b"/>tot twisten houdt direkt op als ik een middel vind om me in ’t finantieele <lb n="90c" xml:id="l-90c"/>te dekken. Dan is mijn werk er niet langer mee gemoeid en nu nog <lb n="90d" xml:id="l-90d"/>wel. </ab><lb n="91" xml:id="l-91"/>
<ab rend="indent">En daarom niet gedesespereerd. <lb n="92" xml:id="l-92"/>Maar ’t is nu beroerd voor beiden. <lb n="92a" xml:id="l-92a"/>en voor mij is ’t werk kostbaar<c type="kk">/</c> ik moet veel schilderen <lb n="92b" xml:id="l-92b"/>en ik heb voortdurend model er bij noodig, maar reden te <lb n="92c" xml:id="l-92c"/>meer waarom in een tijd waarin ’t werk moeielijk en <lb n="92d" xml:id="l-92d"/>inspannend is en ondankbaar tevens<c type="kk">/</c> het vrij beroerd is dan achterdocht <lb n="92e" xml:id="l-92e"/>er voor te krijgen.– Enfin ’t is een periode <lb n="92f" xml:id="l-92f"/>die ik door moet en men schildert niet voor <lb n="92g" xml:id="l-92g"/>zijn gemak.</ab><lb n="93" xml:id="l-93"/>
<ab rend="indent">Dank voor ’t gezondene. Gegroet.</ab>
<vg:whiteline/><lb n="94" xml:id="l-94"/>
<ab>b<c type="kp">_</c> à t<c type="kp">_</c></ab><lb n="95" xml:id="l-95"/>
<ab>Vincent</ab>
<vg:whiteline/>
<div type="textualNotes">
<note target="l-3" n="3">wat op &lt; wat</note>
<note target="l-9" n="9">zijt”. &lt; zijt.</note>
<note target="l-70" targetEnd="l-71" n="70-71">én <supplied><hi rend="ital">...</hi></supplied> én &lt; <hi rend="ital">Accents added.</hi></note>
<note target="l-70" targetEnd="l-71" n="70-71">“zoo <supplied><hi rend="ital">...</hi></supplied> kennen” &lt; <hi rend="ital">Quotation marks added by us.</hi></note></div></div>
<div type="translation">
<pb f="1r" n="1" xml:id="pb-trans-1r-1" facs="#zone-pb-1r-1"/>
<ab>My dear Theo,</ab>
<ab>I have a great deal to say about your calling my last letter ‘particularly unpleasant’.</ab>
<ab rend="indent">First of all this — some time ago <hi rend="ital">you</hi> wrote various unpleasant things to me<anchor n="1" xml:id="note-t-1"/>  which I’ve been hearing from you and others for the past 15 years and more — that’s a long time — about relations at home.</ab>
<ab rend="indent">With this specially added, ‘that you are suspicious’. Well, if it had only been the former, I probably wouldn’t have given it any more attention.</ab>
<ab rend="indent">That addition of your suspicion, though, that was a bit too much for me, and I repeatedly asked you to take it back or to explain it, because I don’t allow something like that to be said without asking for enlightenment.</ab>
<ab rend="indent">And in my last letter I compared suspicion in general with a dark glass one looks through.</ab>
<ab rend="indent">And said that the nastiest misunderstandings arise because of it.</ab>
<ab rend="indent">And that’s true.</ab>
<ab rend="indent">When you now <hi rend="ital">turn this round</hi> and write to me, ‘you remind me of the old people who say that things were better in their young days than now, forgetting meanwhile that they themselves have changed’, this doesn’t upset me.</ab>
<ab rend="indent">What we were talking about is suspicion, <hi rend="ital">which not I but you yourself mention</hi>, by you of me. First apply the thing about the old people to that, and <hi rend="ital">after that</hi> see whether it also applies to me.</ab>
<ab rend="indent">If it also applies to me <hi rend="ital">after that</hi> — then I’ll have to change.</ab>
<ab rend="indent">What I wrote about a certain atmosphere at home, which I had more opportunity to observe than I cared to, is, I fear, 
<pb f="1v" n="2" xml:id="pb-trans-1v-2" facs="#zone-pb-1v-2"/> all too true.</ab>
<ab rend="indent">When you ask me in your letter how it is that you never hear me say, ‘I’d like to be thus or so’ — is — because I believe that those who make the greatest parade of ‘I’d like to be thus or so’ do the least to improve themselves. Those who say it, usually don’t do it.</ab>
<ab rend="indent">Were I to express myself about such wishes, it would <hi rend="ital">not be easy</hi> to do so in an atmosphere like the one that now exists between us.</ab>
<ab rend="indent">So that’s the reason — and since I take pains to improve my work, I don’t have to keep lapsing into lamentations.</ab>
<ab rend="indent">I’m sorry you didn’t send me that No. of L’Illustration; I’ve been following <rs type="pers" key="1292">Renouard</rs> a good while, and have what he’s done for L’Illustration going back for years.<anchor n="2" xml:id="note-t-2"/> And this is one of the very finest, which I think you would also have been delighted with yourself.</ab>
<ab rend="indent">One can’t get the old Nos. if one orders them in the bookshop, at least not here. I do wish you could get it. If it’s too much trouble for you, leave it, although it’s really not that much trouble after all.
<pb f="1v" n="3" xml:id="pb-trans-1v-3" facs="#zone-pb-1v-3"/></ab>
<ab rend="indent">And — after all — take note that as far as that suspicion is concerned and what I replied to it, it isn’t so much because I won’t allow you or others, if need be, to think of me exactly as you will, but I’ve warned you that it would give you little satisfaction if your character were to set in that mould.</ab>
<ab rend="indent">Since you repeatedly say that you know me better than anyone else and yet it still all ends in suspicion, though, this is serious enough for me to decidedly object to it, <hi rend="ital">and</hi> to that ‘know so well’, <hi rend="ital">and</hi> to the other thing, that suspicion. I’ve a history like that behind me with <rs type="pers" key="526">Pa</rs> — I’m not starting on a Pa II.<anchor n="3" xml:id="note-t-3"/></ab>
<ab rend="indent">If I’d kept on top of things with <rs type="pers" key="526">Pa</rs> from the start and not simply stayed silent, a great deal wouldn’t have happened.</ab>
<ab rend="indent">So don’t take it amiss that I now say foursquare what I think about it.<anchor n="4" xml:id="note-t-4"/> That’s better for both of us. For the rest, old chap, I think I’m working rather too hard for it to be too long before I can 
<pb f="1r" n="4" xml:id="pb-trans-1r-4" facs="#zone-pb-1r-4"/> reduce the financial burden on you somewhat. It may take me longer than I’d like for you or for me, but keeping on working is a path that can hardly fail altogether. And when I insist on pressing on with it, it’s in order to put an end to the possibility of quarrelling. Because even the <hi rend="ital">possibility</hi> of quarrelling ceases to exist as soon as I find a means of covering myself financially. Then my work will no longer be at issue, and at present it still is.</ab>
<ab rend="indent">And therefore don’t despair. But now it’s wretched for both of us. And for me the work is expensive; I have to paint a lot and I constantly need a model for it; just all the more reason why, at a time when the work is difficult and exacting, and at the same time thankless, it’s quite wretched to get suspicion for it. Never mind, it’s a period I have to go through, and one doesn’t paint for one’s comfort.</ab>
<ab rend="indent">Thanks for what you sent. Regards.</ab>
<vg:whiteline/>
<ab>Yours truly,</ab>
<ab>Vincent</ab></div>
<div type="notes">
<note n="1" xml:id="n-1" target="#note-t-1">
<ab>Vincent refers again here to Theo’s letter (cf. <ref target="let481.xml">letter 481</ref>), in which he expressed his ‘mistrust’: <ref target="let473.xml">see letter 473</ref>).</ab></note>
<note n="2" xml:id="n-2" target="#note-t-2">
<ab>Vincent had asked for a special issue of this periodical (<ref target="let480.xml">letter 480</ref>), which Theo did in fact send shortly after this (<ref target="let483.xml">see letter 483</ref>).</ab></note>
<note n="a" xml:id="n-a" target="#note-o-a">
<ab>Means: ‘om te maken dat’ (to make me).</ab></note>
<note n="3" xml:id="n-3" target="#note-t-3">
<ab>Van Gogh introduced the comparison ‘Pa II’ in <ref target="let474.xml">letter 474</ref>.</ab></note>
<note n="4" xml:id="n-4" target="#note-t-4">
    <ab>Later in the month <rs type="pers" key="526">Mr van Gogh</rs> expressed himself frankly to Theo about the difficult relationship with Vincent. Although he said he did not want to burden Theo with the matter, he did inform him of it. On 19 February 1885 he wrote: ‘Pity that Vincent doesn’t join in any more. It’s as if he is increasingly becoming estranged from us ... His short temper prevents any talking and that in itself is enough to prove that he isn’t normal. It’s certainly not easy for me to be passive. And yet previous experience has taught me that one doesn’t win by opposition and it doesn’t improve matters ... We feel so sorry for him; because such a relationship can’t give him any pleasure. We place our hope in God and pray for light and wisdom and for him, oh if only it could be! some happiness in life. But I mustn’t burden you too much.’ In a postscript written the following day he added: ‘I did speak to Vincent again this morning after all. He was quite responsive and said that there was nothing in particular to make him feel depressed – We will just have to wait and see’ (FR b2267).</ab></note></div></body></text></TEI>
