<?xml version="1.0" encoding="UTF-8"?>
<!-- Last Changed Date: 2018-07-18 12:32:41 +0200 (Wed, 18 Jul 2018) | SVN Revision: 2206 -->
<!--Licensed under Attribution-NonCommercial-ShareAlike 4.0 International (CC BY-NC-SA 4.0)-->
<?xml-model href="https://xmlschema.huygens.knaw.nl/vgodd.rng" type="application/xml" schematypens="http://relaxng.org/ns/structure/1.0"?>
<TEI xmlns:vg="http://www.vangoghletters.org/ns/" xmlns="http://www.tei-c.org/ns/1.0">
<teiHeader xmlns:xsi="http://www.w3.org/2001/XMLSchema-instance"><fileDesc>
<titleStmt>
<title>To Theo van Gogh. Nuenen, on or about Sunday, 2 November 1884.</title>
<editor>Leo Jansen</editor>
<editor>Hans Luijten</editor>
<editor>Nienke Bakker</editor></titleStmt>
<publicationStmt>
<publisher><name>Huygens Instituut voor Nederlandse Geschiedenis (KNAW)</name><email>info@huygens.knaw.nl</email></publisher>
<publisher>Van Gogh Museum</publisher>
<pubPlace>Amsterdam</pubPlace>
<date type="first" when="2009">2009</date>
<availability status="restricted">
<licence target="http://creativecommons.org/licenses/by-nc-sa/4.0/ https://creativecommons.org/licenses/by-nc-sa/4.0/legalcode">
<p>Attribution-NonCommercial-ShareAlike 4.0 International (CC BY-NC-SA 4.0) </p></licence></availability>
<ptr target="http://vangoghletters.org/orig/let468"/></publicationStmt><sourceDesc><vg:letDesc><vg:letIdentifier>
<idno type="jlb">468</idno>
<idno type="collectedletters">384</idno>
<idno type="brieven1990">470</idno></vg:letIdentifier><vg:letHeading><author>Vincent van Gogh</author><vg:addressee>Theo van Gogh</vg:addressee><vg:placeLet>Nuenen</vg:placeLet><vg:dateLet>on or about Sunday, 2 November 1884</vg:dateLet></vg:letHeading><vg:letContents>
<p>To Theo van Gogh. Nuenen, on or about Sunday, 2 November 1884.</p>
<note type="ongoingTopic" n="1">
<p>Soured relationship with Mauve and Tersteeg (<ref target="let208.xml">208</ref> and <ref target="let209.xml">209</ref>)</p></note></vg:letContents>
<note type="sourceStatus" xml:id="sourceStatus">
<p>Original manuscript</p></note>
<note type="location" xml:id="location">
<p>Amsterdam, Van Gogh Museum, inv. nos. b418 a-c V/1962</p></note>
<note type="date" xml:id="date">
<p>Now that Van Rappard has left and his visit has inspired Vincent with new plans, he again addresses himself wholly and at length to Theo. The money he received must be the allowance for November; we have therefore dated the letter on or about Sunday, 2 November 1884.</p></note></vg:letDesc></sourceDesc></fileDesc></teiHeader>
<facsimile xmlns:xsi="http://www.w3.org/2001/XMLSchema-instance">
<surface n="b 0418 a" xml:id="surf-pb-1r"><graphic mimeType="image/tiff" url="VGM001000557_01.TIF" rend="norend"/><graphic mimeType="image/tiff" url="VGM001000557_01_n.tif" rend="norend"/><graphic mimeType="image/jpeg" url="VGM001000557_01_nt.jpg" height="50px" rend="thumbnail"/><zone xml:id="zone-pb-1r-1">
<graphic mimeType="image/tiff" url="VGM001000557_01_nR.tif" rend="norend"/><graphic mimeType="image/jpeg" url="VGM001000557_01_nRt.jpg" height="50px" rend="thumbnail"/><graphic mimeType="image/png" url="VGM001000557_01_nRf.png" width="380px" rend="facstab"/></zone>
<zone xml:id="zone-pb-1r-4">
<graphic mimeType="image/tiff" url="VGM001000557_01_nL.tif" rend="norend"/><graphic mimeType="image/jpeg" url="VGM001000557_01_nLt.jpg" height="50px" rend="thumbnail"/><graphic mimeType="image/png" url="VGM001000557_01_nLf.png" width="380px" rend="facstab"/></zone>
</surface>
<surface n="b 0418 a" xml:id="surf-pb-1v"><graphic mimeType="image/tiff" url="VGM001000557_02.TIF" rend="norend"/><graphic mimeType="image/tiff" url="VGM001000557_02_n.tif" rend="norend"/><graphic mimeType="image/jpeg" url="VGM001000557_02_nt.jpg" height="50px" rend="thumbnail"/><zone xml:id="zone-pb-1v-2">
<graphic mimeType="image/tiff" url="VGM001000557_02_nL.tif" rend="norend"/><graphic mimeType="image/jpeg" url="VGM001000557_02_nLt.jpg" height="50px" rend="thumbnail"/><graphic mimeType="image/png" url="VGM001000557_02_nLf.png" width="380px" rend="facstab"/></zone>
<zone xml:id="zone-pb-1v-3">
<graphic mimeType="image/tiff" url="VGM001000557_02_nR.tif" rend="norend"/><graphic mimeType="image/jpeg" url="VGM001000557_02_nRt.jpg" height="50px" rend="thumbnail"/><graphic mimeType="image/png" url="VGM001000557_02_nRf.png" width="380px" rend="facstab"/></zone>
</surface>
<surface n="b 0418 b" xml:id="surf-pb-2r"><graphic mimeType="image/tiff" url="VGM001000558_01.TIF" rend="norend"/><graphic mimeType="image/tiff" url="VGM001000558_01_n.tif" rend="norend"/><graphic mimeType="image/jpeg" url="VGM001000558_01_nt.jpg" height="50px" rend="thumbnail"/><zone xml:id="zone-pb-2r-5">
<graphic mimeType="image/tiff" url="VGM001000558_01_nR.tif" rend="norend"/><graphic mimeType="image/jpeg" url="VGM001000558_01_nRt.jpg" height="50px" rend="thumbnail"/><graphic mimeType="image/png" url="VGM001000558_01_nRf.png" width="380px" rend="facstab"/></zone>
<zone xml:id="zone-pb-2r-8">
<graphic mimeType="image/tiff" url="VGM001000558_01_nL.tif" rend="norend"/><graphic mimeType="image/jpeg" url="VGM001000558_01_nLt.jpg" height="50px" rend="thumbnail"/><graphic mimeType="image/png" url="VGM001000558_01_nLf.png" width="380px" rend="facstab"/></zone>
</surface>
<surface n="b 0418 b" xml:id="surf-pb-2v"><graphic mimeType="image/tiff" url="VGM001000558_02.TIF" rend="norend"/><graphic mimeType="image/tiff" url="VGM001000558_02_n.tif" rend="norend"/><graphic mimeType="image/jpeg" url="VGM001000558_02_nt.jpg" height="50px" rend="thumbnail"/><zone xml:id="zone-pb-2v-6">
<graphic mimeType="image/tiff" url="VGM001000558_02_nL.tif" rend="norend"/><graphic mimeType="image/jpeg" url="VGM001000558_02_nLt.jpg" height="50px" rend="thumbnail"/><graphic mimeType="image/png" url="VGM001000558_02_nLf.png" width="380px" rend="facstab"/></zone>
<zone xml:id="zone-pb-2v-7">
<graphic mimeType="image/tiff" url="VGM001000558_02_nR.tif" rend="norend"/><graphic mimeType="image/jpeg" url="VGM001000558_02_nRt.jpg" height="50px" rend="thumbnail"/><graphic mimeType="image/png" url="VGM001000558_02_nRf.png" width="380px" rend="facstab"/></zone>
</surface>
<surface n="b 0418 c" xml:id="surf-pb-3r"><graphic mimeType="image/tiff" url="VGM001000559_01.TIF" rend="norend"/><graphic mimeType="image/tiff" url="VGM001000559_01_n.tif" rend="norend"/><graphic mimeType="image/jpeg" url="VGM001000559_01_nt.jpg" height="50px" rend="thumbnail"/><zone xml:id="zone-pb-3r-9">
<graphic mimeType="image/tiff" url="VGM001000559_01_nR.tif" rend="norend"/><graphic mimeType="image/jpeg" url="VGM001000559_01_nRt.jpg" height="50px" rend="thumbnail"/><graphic mimeType="image/png" url="VGM001000559_01_nRf.png" width="380px" rend="facstab"/></zone>
<zone xml:id="zone-pb-3r-12">
<graphic mimeType="image/tiff" url="VGM001000559_01_nL.tif" rend="norend"/><graphic mimeType="image/jpeg" url="VGM001000559_01_nLt.jpg" height="50px" rend="thumbnail"/><graphic mimeType="image/png" url="VGM001000559_01_nLf.png" width="380px" rend="facstab"/></zone>
</surface>
<surface n="b 0418 c" xml:id="surf-pb-3v"><graphic mimeType="image/tiff" url="VGM001000559_02.TIF" rend="norend"/><graphic mimeType="image/tiff" url="VGM001000559_02_n.tif" rend="norend"/><graphic mimeType="image/jpeg" url="VGM001000559_02_nt.jpg" height="50px" rend="thumbnail"/><zone xml:id="zone-pb-3v-10">
<graphic mimeType="image/tiff" url="VGM001000559_02_nL.tif" rend="norend"/><graphic mimeType="image/jpeg" url="VGM001000559_02_nLt.jpg" height="50px" rend="thumbnail"/><graphic mimeType="image/png" url="VGM001000559_02_nLf.png" width="380px" rend="facstab"/></zone>
<zone xml:id="zone-pb-3v-11">
<graphic mimeType="image/tiff" url="VGM001000559_02_nR.tif" rend="norend"/><graphic mimeType="image/jpeg" url="VGM001000559_02_nRt.jpg" height="50px" rend="thumbnail"/><graphic mimeType="image/png" url="VGM001000559_02_nRf.png" width="380px" rend="facstab"/></zone>
</surface></facsimile><text xmlns:xsi="http://www.w3.org/2001/XMLSchema-instance"><body>
<div type="original">
<pb f="1r" n="1" xml:id="pb-orig-1r-1" facs="#zone-pb-1r-1"/><lb n="1" xml:id="l-1"/>
<ab>Waarde Theo,</ab><lb n="1*" xml:id="l-1s"/>
<ab>Uw brief heb ik ontvangen en ik dank <lb n="2" xml:id="l-2"/>U daarvoor en voor het ingeslotene.</ab><lb n="3" xml:id="l-3"/>
<ab rend="indent">Dat gij schrijft dat gij weer voor uw kwade halfjaar <lb n="4" xml:id="l-4"/>staat – want dat duurt geloof ik 1/2 jaar – is niet precies <lb n="5" xml:id="l-5"/>een prettige tijding voor U om te schrijven noch <lb n="6" xml:id="l-6"/>voor mij om te ontvangen<c type="kp">_</c>–</ab><lb n="7" xml:id="l-7"/>
<ab rend="indent">Wij moesten echter zien er iets aan te doen om te <lb n="8" xml:id="l-8"/>maken het beter ging voor ons beiden.</ab><lb n="9" xml:id="l-9"/>
<ab rend="indent">Vóór ik Uw brief &amp; ingesl. ontving had ik reeds iets gedaan <lb n="10" xml:id="l-10"/>wat ge wel niet goed zult vinden doch waaromtrent <lb n="11" xml:id="l-11"/>ik Uw opinie ook niet veel tel<c type="kk">/</c> moet ik tot mijn leedwezen <lb n="12" xml:id="l-12"/>zeggen. Ik heb nogmaals een poging in ’t werk <lb n="13" xml:id="l-13"/>gesteld om weer op goeden voet met Mauve te <lb n="14" xml:id="l-14"/>komen<c type="kk">/</c> zoo mogelijk ook met Tersteeg<c type="kp">_</c>– Ik weet niet <lb n="15" xml:id="l-15"/>of dat gelukken zal – ik moet echter meer <lb n="16" xml:id="l-16"/>ruimte hebben want met den besten wil van <lb n="17" xml:id="l-17"/>de wereld<c type="kk">/</c> als men zoo als ik nu EEN VOL JAAR <lb n="18" xml:id="l-18"/>EN LANGER gansch buiten de schilderwereld is <lb n="19" xml:id="l-19"/>geweest<c type="kk">/</c> raakt men buiten doodgewerkt en <lb n="20" xml:id="l-20"/>moet zich opfrisschen.</ab><lb n="21" xml:id="l-21"/>
<ab rend="indent">Dat voelt of begrijpt gij <hi rend="ital">nooit</hi> en zegt <lb n="22" xml:id="l-22"/>“schilder maar door” en meer weet ge niet<c type="kp">_</c>– <lb n="23" xml:id="l-23"/>Ik neem U dat <hi rend="ital">niet kwalijk</hi> maar <lb n="24" xml:id="l-24"/>ik vind het ook niet intelligent van <lb n="25" xml:id="l-25"/>u – weet dat wel<c type="kp">_</c>–</ab>
<pb f="1v" n="2" xml:id="pb-orig-1v-2" facs="#zone-pb-1v-2"/><lb n="26" xml:id="l-26"/>
<ab rend="indent">Het is volkomen waar wat gij zegt: <lb n="27" xml:id="l-27"/>“dat als ik goede schilderijen maak ik er eer <lb n="28" xml:id="l-28"/>iets door tot stand brengen zal dan door over <lb n="29" xml:id="l-29"/>revolutionaire kwesties te discoureeren”<c type="kp">_</c>(*)<anchor n="1" xml:id="note-o-1"/> <lb n="30" xml:id="l-30"/>Dit vind ik zelfs dermate waar<c type="kk">/</c> dat <lb n="31" xml:id="l-31"/>ik terwijl ge dit schreeft juist weer een <lb n="32" xml:id="l-32"/>demarche deed<c type="kk">/</c> regtlijnig voor den vooruitgang <lb n="33" xml:id="l-33"/>van mijn werk<c type="kk">/</c> juist door te vragen weer <lb n="34" xml:id="l-34"/>eens op ’t atelier van Mauve eenige studies <lb n="35" xml:id="l-35"/>te schilderen.<anchor n="2" xml:id="note-o-2"/></ab><lb n="36" xml:id="l-36"/>
<ab rend="indent">Ge zijt telkens in tegenspraak met <lb n="37" xml:id="l-37"/>uw eigen – op de bovengenoemde <lb n="38" xml:id="l-38"/>zinsnede(*) in Uw brief volgt direkt <lb n="39" xml:id="l-39"/>de vraag: dat ge me vraagt of ik U <lb n="40" xml:id="l-40"/>soms nieuwe elementen aan de hand <lb n="41" xml:id="l-41"/>kan doen over de hervormingskwesties <lb n="42" xml:id="l-42"/>in den handel<c type="kp">_</c>–</ab><lb n="43" xml:id="l-43"/>
<ab rend="indent">Wil ik er U een aanraden in <lb n="44" xml:id="l-44"/>Uw en in mijn persoonlijk belang (laat het algemeene staan):<anchor n="a" xml:id="note-o-a"/> steun <lb n="45" xml:id="l-45"/>mijn demarche bij Mauve <lb n="46" xml:id="l-46"/>en bij Tersteeg.–</ab>
<pb f="1v" n="3" xml:id="pb-orig-1v-3" facs="#zone-pb-1v-3"/><lb n="47" xml:id="l-47"/>
<ab rend="indent">Help me vlot worden<anchor n="b" xml:id="note-o-b"/> en geld verdienen<c type="kk">/</c> <lb n="48" xml:id="l-48"/>niet alleen door het geld te sturen <lb n="49" xml:id="l-49"/>doch <lb n="51" xml:id="l-51"/>ook door Uw <lb n="52" xml:id="l-52"/>invloed en meer zamenwerking en beter allooi van vriendschap<c type="kp">_</c> <lb n="53" xml:id="l-53"/>Ik zeg nog eens<c type="kk">/</c> steun b.v. de <lb n="54" xml:id="l-54"/>demarche door mij gedaan <lb n="55" xml:id="l-55"/>want die had al vroeger moeten <lb n="56" xml:id="l-56"/>gedaan worden met appui <lb n="57" xml:id="l-57"/>uwerzijds er bij<c type="kp">_</c>–</ab><lb n="58" xml:id="l-58"/>
<ab rend="indent">Doe dat royaal en flinkweg<c type="kk">/</c> <lb n="59" xml:id="l-59"/>niet aarzelend en slag om den <lb n="60" xml:id="l-60"/>arm houdend als ’t er op aan <lb n="61" xml:id="l-61"/>komt<c type="kp">_</c>–</ab><lb n="62" xml:id="l-62"/>
<ab rend="indent">Er zit kracht genoeg in me <lb n="63" xml:id="l-63"/>om wat te kunnen en te verdienen <lb n="64" xml:id="l-64"/>ook. En dan – zoo als <lb n="65" xml:id="l-65"/>ge zelf zegt – als ik vorder <lb n="66" xml:id="l-66"/>met mijn schilderijen en een <lb n="67" xml:id="l-67"/>goed zelfstandige positie herover <lb n="68" xml:id="l-68"/>ben ik meer waard dan nu<c type="kp">_</c>– 
<pb f="1r" n="4" xml:id="pb-orig-1r-4" facs="#zone-pb-1r-4"/><lb n="69" xml:id="l-69"/>Dan – later dus – als ’t me wat <lb n="70" xml:id="l-70"/>beter gaat – wil ik heel graag <lb n="71" xml:id="l-71"/>trachten U nieuwe elementen te <lb n="72" xml:id="l-72"/>geven voor die kwesties van hervor<c type="shy">-</c><lb n="73" xml:id="l-73"/>ming in den handel – waaromtrent <lb n="74" xml:id="l-74"/>ik wel degelijk mijn idees heb<c type="kk">/</c> <lb n="75" xml:id="l-75"/>die voortvloeijen uit eigen ondervinding <lb n="76" xml:id="l-76"/>van wat <hi rend="ital">hinderlijk</hi> is voor den <lb n="77" xml:id="l-77"/>vooruitgang van de schilders en welke <lb n="78" xml:id="l-78"/>soort dingen het schildersleven soms <lb n="79" xml:id="l-79"/>ondragelijk maken<c type="kp">_</c>–</ab><lb n="80" xml:id="l-80"/>
<ab rend="indent">Nu – vind ik ’t moment niet <lb n="81" xml:id="l-81"/>om U daar lang over te schrijven<c type="kp">_</c> <lb n="82" xml:id="l-82"/>Ik zeg alleen dit – als <hi rend="ital">gij</hi> of als <hi rend="ital">ik</hi> <lb n="83" xml:id="l-83"/>geld noodig hebben om vooruit te komen <lb n="84" xml:id="l-84"/>en als we maar met halve kracht werken <lb n="85" xml:id="l-85"/>kunnen op ’t moment om finantieele <lb n="86" xml:id="l-86"/>redenen<c type="kk">/</c> moeten we zorgen we dit krijgen <lb n="87" xml:id="l-87"/>en tobben tot we ’t hebben – <hi rend="sc">Niet</hi> <lb n="88" xml:id="l-88"/><hi rend="sc">redeneeren</hi>: “we staan voor een half <lb n="89" xml:id="l-89"/>jaar dat in ’t finantieele slecht zal zijn dus <hi rend="ital">schik</hi> <lb n="90" xml:id="l-90"/><hi rend="ital">je daarnaar</hi>”<c type="kp">_</c>– Wat er <hi rend="sc">moet</hi> zijn dat <lb n="91" xml:id="l-91"/><hi rend="sc">kan</hi> ook gevonden worden<c type="kp">_</c>–</ab><lb n="92" xml:id="l-92"/>
<ab rend="indent">Ik heb aan Mauve geschreven en aan T. Wilt gij <lb n="93" xml:id="l-93"/>appuyeeren<c type="kk">/</c> tant mieux<c type="kp">_</c>–</ab>
<vg:whiteline/><lb n="93*" xml:id="l-93s"/>
<ab>b. à t<c type="kp">_</c></ab><lb n="94" xml:id="l-94"/>
<ab>Vincent</ab>
<vg:whiteline/>
<pb f="2r" n="5" xml:id="pb-orig-2r-5" facs="#zone-pb-2r-5"/><lb n="95" xml:id="l-95"/>
<ab>Versta me echter wel – ik heb niet <lb n="96" xml:id="l-96"/>klagenderwijs geschreven aan M. <lb n="97" xml:id="l-97"/>of aan Tersteeg. Integendeel <lb n="98" xml:id="l-98"/>maar ik heb zoo krachtig ik kon <lb n="99" xml:id="l-99"/>gezegd: geef me nog eens <lb n="100" xml:id="l-100"/>gelegenheid eenige studies te maken <lb n="101" xml:id="l-101"/>bij Mauve<c type="kp">_</c>–</ab><lb n="102" xml:id="l-102"/>
<ab rend="indent">Dat heb ik gevraagd – niets anders <lb n="103" xml:id="l-103"/>en daar heb ik ook alleen <lb n="104" xml:id="l-104"/>behoefte aan<c type="kp">_</c>–</ab><lb n="105" xml:id="l-105"/>
<ab rend="indent">Het geldelijke moeten zij ook <lb n="106" xml:id="l-106"/>niet eens in gemengd worden<c type="kp">_</c>– <lb n="107" xml:id="l-107"/>Als ik ’t zelf niet uitsparen kan <lb n="108" xml:id="l-108"/>moet gij een uiterste poging <lb n="109" xml:id="l-109"/>doen om me een extra <lb n="110" xml:id="l-110"/>frs 100 te zenden want ik ga <lb n="111" xml:id="l-111"/>niet voor lang<c type="kp">_</c>–</ab><lb n="112" xml:id="l-112"/>
<ab rend="indent">of als gij absoluut niet kunt moet <lb n="113" xml:id="l-113"/>Pa voor zien te schieten<c type="kp">_</c>– <lb n="114" xml:id="l-114"/>Ik zal er op hameren tot ik <lb n="115" xml:id="l-115"/>het er bij M. doorkrijg<c type="kp">_</c>– 
<pb f="2v" n="6" xml:id="pb-orig-2v-6" facs="#zone-pb-2v-6"/><lb n="116" xml:id="l-116"/>Als ’t mij alleen niet lukt moeten <lb n="117" xml:id="l-117"/>we <hi rend="ital">zamen</hi> Mauve ’t vragen <lb n="118" xml:id="l-118"/>tot dat hij ’t doet<c type="kp">_</c>–</ab><lb n="119" xml:id="l-119"/>
<ab rend="indent">Dan – daarna – heb ik weer <lb n="120" xml:id="l-120"/>eenige wenken om mijn werk <lb n="121" xml:id="l-121"/>hier te verbeteren en er <lb n="122" xml:id="l-122"/>mee te vorderen<c type="kp">_</c></ab><lb n="123" xml:id="l-123"/>
<ab rend="indent">En heb weer een pied à terre <lb n="124" xml:id="l-124"/>bij een goed solied schilder<c type="kp">_</c> <lb n="126" xml:id="l-126"/>En dan guarandeer ik er <lb n="127" xml:id="l-127"/>binnen kort wat gebeurt – <lb n="128" xml:id="l-128"/>’t zij dat ik eens exposeer ’t zij <lb n="129" xml:id="l-129"/>dat ik eens verkoop<c type="kp">_</c>–</ab><lb n="130" xml:id="l-130"/>
<ab rend="indent">Als ik U schreef AGIR<c type="kk">/</c><anchor n="3" xml:id="note-o-3"/> <lb n="131" xml:id="l-131"/>is dat geen WOORD Theo – hoor! <lb n="132" xml:id="l-132"/>maar dan is het om u te zeggen: <lb n="133" xml:id="l-133"/>gaan we <hi rend="sc">zamen</hi> vooruit of <lb n="134" xml:id="l-134"/>blijft ge liever achter?–</ab><lb n="135" xml:id="l-135"/>
<ab rend="indent">ik heb liever we zamen vooruitgaan <lb n="136" xml:id="l-136"/>doch gezanikt mag er niet worden<c type="kp">_</c> 
<pb f="2v" n="7" xml:id="pb-orig-2v-7" facs="#zone-pb-2v-7"/><lb n="137" xml:id="l-137"/><hi rend="ital">Als</hi> het geldelijke een bezwaar <lb n="138" xml:id="l-138"/>was en voor U en voor Pa <lb n="139" xml:id="l-139"/>dan zou ik ’t van Rappard <lb n="140" xml:id="l-140"/>kunnen krijgen<c type="kp">_</c></ab><lb n="141" xml:id="l-141"/>
<ab rend="indent">En dus courage! maar <lb n="142" xml:id="l-142"/>laat ons zamen vooruit <lb n="143" xml:id="l-143"/>gaan en er zamen op <lb n="144" xml:id="l-144"/>hameren tot wij dat er door <lb n="145" xml:id="l-145"/>hebben<c type="kp">_</c>–</ab><lb n="146" xml:id="l-146"/>
<ab rend="indent"><hi rend="ital">Wilt</hi> ge niet mee doen dan <lb n="147" xml:id="l-147"/>ga ik alleen er op door<c type="kp">_</c>– <lb n="148" xml:id="l-148"/>Antwoord me nu hier eens op<c type="kp">_</c>– <lb n="149" xml:id="l-149"/>Natuurlijk hoor ik misschien <hi rend="ital">niets</hi> <lb n="150" xml:id="l-150"/>van M. of T.</ab><lb n="151" xml:id="l-151"/>
<ab rend="indent"><hi rend="ital">als</hi> ik iets hoor schrijf ik U direkt<c type="kp">_</c> <lb n="152" xml:id="l-152"/>En duurt het te lang dan moet het <lb n="153" xml:id="l-153"/>herhaald worden<c type="kk">/</c> of door mij alleen <lb n="154" xml:id="l-154"/>of door ons beiden<c type="kk">/</c> net zoo als ge <lb n="155" xml:id="l-155"/>wilt.– <hi rend="ital">’t Gaat Rappard heel best</hi> <lb n="156" xml:id="l-156"/>en <hi rend="ital">meer anderen </hi><hi rend="sc">ook</hi> maar die <lb n="157" xml:id="l-157"/>hebben waarachtig ook niet enkel <lb n="158" xml:id="l-158"/>maar geduld en lijdzaamheid gehad. <lb n="159" xml:id="l-159"/>We <hi rend="sc">moeten</hi> vooruit<c type="kp">_</c>–</ab>
<pb f="2r" n="8" xml:id="pb-orig-2r-8" facs="#zone-pb-2r-8"/><lb n="160" xml:id="l-160"/>
<ab rend="indent">Wen U aan dat idee dat we <lb n="161" xml:id="l-161"/>ons <hi rend="ital">bewegen</hi> moeten<c type="kp">_</c></ab><lb n="162" xml:id="l-162"/>
<ab rend="indent">Ik heb niet voor niets sedert ik <lb n="163" xml:id="l-163"/>’t eerst bij M. was geblokt op de <lb n="164" xml:id="l-164"/>gronden van teekening zoowel als van <lb n="165" xml:id="l-165"/>kleur en schildertechniek<c type="kp">_</c>–<anchor n="4" xml:id="note-o-4"/></ab><lb n="166" xml:id="l-166"/>
<ab rend="indent">Ik heb iets bij geleerd maar ik <lb n="167" xml:id="l-167"/>heb er Mauve of iemand anders <lb n="168" xml:id="l-168"/>die heel knap is nog eens bij <lb n="169" xml:id="l-169"/>noodig – niet om me over <lb n="170" xml:id="l-170"/>’t paard te ligten – doch <lb n="171" xml:id="l-171"/>om me wat courage te geven <lb n="172" xml:id="l-172"/>die mij ontzinkt als het <lb n="173" xml:id="l-173"/>al te lang <hi rend="sc">zanikt</hi>.</ab><lb n="174" xml:id="l-174"/>
<ab rend="indent">Vooruit – en ’t bliksemt <lb n="175" xml:id="l-175"/>niet als ’t mislukt – als <lb n="176" xml:id="l-176"/>’t mislukt dan op nieuw<c type="kp">_</c>–</ab>
<vg:whiteline/>
<pb f="3r" n="9" xml:id="pb-orig-3r-9" facs="#zone-pb-3r-9"/><lb n="177" xml:id="l-177"/>
<ab>Er moet krachtig doorgezet worden – met <lb n="178" xml:id="l-178"/>verfrischte energie – en dan kan de zaak <lb n="179" xml:id="l-179"/>tusschen U en mij tot <hi rend="ital">beider</hi> satisfactie <lb n="180" xml:id="l-180"/>uitkomen en in plaats van standjes <lb n="181" xml:id="l-181"/>en hatelijkheid kan er iets pittigs en <lb n="182" xml:id="l-182"/>goeds uit voortkomen<c type="kp">_</c>–</ab><lb n="183" xml:id="l-183"/>
<ab rend="indent">Het is zeer waar dat ik dit jaar voor mijn <lb n="184" xml:id="l-184"/>werk eerstens<c type="kk">/</c> tweedens ook voor mezelf<c type="kk">/</c> meer <lb n="185" xml:id="l-185"/>heb uitgegeven dan ’t vorige<c type="kp">_</c>– Hier heb ik echter <lb n="186" xml:id="l-186"/>geen spijt van – ik ben ook gevorderd juist in <lb n="187" xml:id="l-187"/>’t geen later den boel redresseeren kan in ’t schilderen <lb n="188" xml:id="l-188"/>en – wat ik betreur is alleen dat ik nog niet <lb n="189" xml:id="l-189"/>een paar honderd gulden <hi rend="ital">meer</hi> heb kunnen <lb n="190" xml:id="l-190"/>besteden. Wat ik er mee gewonnen heb is <lb n="191" xml:id="l-191"/>dat b.v. in een morgen ik nu grifweg <lb n="192" xml:id="l-192"/>tegenwoordig een kop schilder naar ’t model <lb n="193" xml:id="l-193"/>en dat eindelijk mijn kleur degelijker <lb n="194" xml:id="l-194"/>en juister wordt en er meer karakter komt in <lb n="195" xml:id="l-195"/>de techniek<c type="kp">_</c>– Nu kan ik me best begrijpen <lb n="196" xml:id="l-196"/>het zeggen van mij – ik heb er <hi rend="ital">geld</hi> voor <lb n="197" xml:id="l-197"/>noodig gehad en nog noodig – gecritiseerd <lb n="198" xml:id="l-198"/>wordt<c type="kp">_</c>– Doch ’t is niet weg te cijferen <lb n="199" xml:id="l-199"/>voor ’t schildersberoep men evenzeer <lb n="200" xml:id="l-200"/>een bedrijfskapitaal noodig heeft als voor <lb n="201" xml:id="l-201"/>eenvoudig ’t schoenmakersberoep b.v.</ab>
<pb f="3v" n="10" xml:id="pb-orig-3v-10" facs="#zone-pb-3v-10"/><lb n="202" xml:id="l-202"/>
<ab rend="indent">Een bedrijfskapitaal dat na een paar <lb n="203" xml:id="l-203"/>jaar een zeer goede rente althans dan<c type="kk">/</c> <lb n="204" xml:id="l-204"/>om mee te beginnen<c type="kk">/</c> kan afwerpen – <lb n="205" xml:id="l-205"/>b.v. een 20%<c type="kp">_</c></ab><lb n="206" xml:id="l-206"/>
<ab rend="indent">En later kan worden afgelost<c type="kp">_</c>–</ab><lb n="207" xml:id="l-207"/>
<ab rend="indent">Zoodat het geld van U<c type="kk">/</c> b.v. stel <lb n="208" xml:id="l-208"/>dat op een f<hi rend="ss">rs</hi> 5000.- desnoods<c type="kk">/</c> <lb n="209" xml:id="l-209"/>mijn bedrijfskapitaal is<c type="kp">_</c>–</ab><lb n="210" xml:id="l-210"/>
<ab rend="indent">De <hi rend="ital">rente</hi> hiervan – als we die tot <lb n="211" xml:id="l-211"/>20% kunnen brengen door energie <lb n="212" xml:id="l-212"/>van ons beiden – zou een bewijs zijn <lb n="213" xml:id="l-213"/>van de juistheid van Uw inzigten <lb n="214" xml:id="l-214"/>en tevens ook van de mijnen en <lb n="215" xml:id="l-215"/>van ’t goed inzien der zaken<c type="kp">_</c>–</ab><lb n="216" xml:id="l-216"/>
<ab rend="indent">Dat resultaat nu – van een 20% <lb n="217" xml:id="l-217"/>rente s’jaars over f<hi rend="ss">rs</hi> 5000 – wou <lb n="218" xml:id="l-218"/>ik gij meehielpt te krijgen<c type="kp">_</c>–</ab><lb n="219" xml:id="l-219"/>
<ab rend="indent">Dit zijn cijfers en zaken en ge moet <lb n="220" xml:id="l-220"/>zien ge Uw vertrouwen en energie terugkrijgt <lb n="221" xml:id="l-221"/>voor de kwestie<c type="kp">_</c>–</ab><lb n="222" xml:id="l-222"/>
<ab rend="indent">Om dat resultaat te bereiken moet ik <lb n="223" xml:id="l-223"/>hard werken – maar – mijns inziens – <lb n="224" xml:id="l-224"/>kunt gij van uw kant wel eens doen wat ge <lb n="225" xml:id="l-225"/>vroeger zeidet te zullen doen – mijn partij <lb n="226" xml:id="l-226"/>trekken – niet in ’t neutrale doch in ’t <lb n="227" xml:id="l-227"/>energiek positieve<c type="kp">_</c>–</ab>
<pb f="3v" n="11" xml:id="pb-orig-3v-11" facs="#zone-pb-3v-11"/><lb n="228" xml:id="l-228"/>
<ab rend="indent">Ik zeg U nog eens uit volle overtuiging<c type="kk">/</c> <lb n="229" xml:id="l-229"/><hi rend="ital">uit een oogpunt van</hi> ZAKEN – als handelaar <lb n="230" xml:id="l-230"/>als ge wilt: <lb n="231" xml:id="l-231"/>dat het systeem om slechts zaken te doen dan <lb n="232" xml:id="l-232"/>wanneer men <hi rend="ital">zeker</hi> is van reussite<c type="kk">/</c> niet het <lb n="233" xml:id="l-233"/>beste is en eigentlijk een uit een mediocre oogpunt <lb n="234" xml:id="l-234"/>de dingen beschouwen<c type="kp">_</c>–</ab><lb n="235" xml:id="l-235"/>
<ab rend="indent">Zaken doen<c type="kk">/</c> <hi rend="ital">quand même</hi> iets doen en <lb n="236" xml:id="l-236"/>zich bewegen om zich te bewegen<c type="kk">/</c> hatende <lb n="237" xml:id="l-237"/>de stagnatie en steriliteit<c type="kk">/</c> is mijns inziens een <lb n="238" xml:id="l-238"/>meer royalen en ook beter rendeerenden weg<c type="kp">_</c>– <lb n="239" xml:id="l-239"/>Dus het eeuwige – <hi rend="ital">geen</hi> slag om den arm <lb n="240" xml:id="l-240"/>houden – het <hi rend="ital">niet al</hi> te zwaar tillen der dingen – <lb n="241" xml:id="l-241"/>het een zeker zelfvertrouwen hebben – die <lb n="242" xml:id="l-242"/>dingen<c type="kk">/</c> ik sprak er vroeger reeds over<c type="kk">/</c> en <lb n="243" xml:id="l-243"/>wat enkele latere jaren me wezen<c type="kk">/</c> was <lb n="244" xml:id="l-244"/>voorzeker het meer overtuigd worden dat het <lb n="245" xml:id="l-245"/>doorzetten van een gevecht en het zich concentreeren <lb n="246" xml:id="l-246"/>op enkele punten<c type="kk">/</c> zich dan echter ook gansch <lb n="247" xml:id="l-247"/>en al wagende<c type="kk">/</c> ’t beste is<c type="kp">_</c>–</ab><lb n="248" xml:id="l-248"/>
<ab rend="indent">Doch hieraan twijfelen de koelere <lb n="249" xml:id="l-249"/>karakters – de Bourdoncles<anchor n="5" xml:id="note-o-5"/> – ik apprecieer echter ook die regt <lb n="250" xml:id="l-250"/>gaarne en ze hebben wel degelijk hun kwaliteiten – <lb n="251" xml:id="l-251"/>doch om iets te <hi rend="ital">drijven</hi><c type="kk">/</c> door te zetten<c type="kk">/</c> <lb n="252" xml:id="l-252"/>te winnen.... als ’t daar op aan komt <lb n="253" xml:id="l-253"/>vervallen ze in hun weifelen en aarzelen<c type="kp">_</c>–</ab>
<pb f="3r" n="12" xml:id="pb-orig-3r-12" facs="#zone-pb-3r-12"/><lb n="254" xml:id="l-254"/>
<ab rend="indent">En dan<c type="kk">/</c> natuurlijkerwijs<c type="kk">/</c> hokt en stopt <lb n="255" xml:id="l-255"/>den gang der zaken<c type="kp">_</c>–</ab><lb n="256" xml:id="l-256"/>
<ab rend="indent">Enfin<c type="kp">_</c>–</ab><lb n="257" xml:id="l-257"/>
<ab rend="indent">Ziehier nu – ik moet voor mijn vooruitgang<c type="kk">/</c> <lb n="258" xml:id="l-258"/>juist omdat het er me mee vlot<c type="kk">/</c> <hi rend="ital">50</hi> koppen schilderen<c type="kp">_</c>– <lb n="259" xml:id="l-259"/>Zoo dra mogelijk en achter elkaar<c type="kp">_</c>– <lb n="260" xml:id="l-260"/>Ik heb berekend<c type="kk">/</c> maar het is niet doenlijk <lb n="261" xml:id="l-261"/>met die kracht te werken die ik er wat moeite <lb n="262" xml:id="l-262"/>en inspanning betreft graag aan spendeeren wil<c type="kk">/</c> <lb n="263" xml:id="l-263"/><hi rend="ital">zonder</hi> extra<c type="kp">_</c>– Ik heb een overjas noodig <lb n="264" xml:id="l-264"/>gehad – juist omdat ik mijn kleeren ook meer <lb n="265" xml:id="l-265"/>soigneer dan vroeger – en meer dingen<c type="kk">/</c> ook de <lb n="266" xml:id="l-266"/>verfrekeningen<c type="kk">/</c> nemen <hi rend="ital">veel</hi> af van wat ik krijg<c type="kp">_</c>– <lb n="267" xml:id="l-267"/>Zoo dat om mijn plan te volvoeren in <lb n="268" xml:id="l-268"/>korten tijd<c type="kk">/</c> werkende <hi rend="sc">full</hi> speed (in plaats van <lb n="269" xml:id="l-269"/>zuinigheidshalve – en toch<c type="kk">/</c> juist <hi rend="ital">dat</hi> kan <hi rend="ital">niets</hi> bezuinigen – <lb n="270" xml:id="l-270"/><hi rend="ital">half speed</hi>)<c type="kk">/</c> ik een extra f<hi rend="ss">rs</hi> 100 moet zien <lb n="271" xml:id="l-271"/>te krijgen<c type="kp">_</c>– Ik <hi rend="ital">moet</hi> om Tersteeg en Mauve <lb n="272" xml:id="l-272"/>te winnen iets bepaald energieks doen nu<c type="kk">/</c> na <lb n="273" xml:id="l-273"/>de zaak geentameerd te hebben<c type="kp">_</c>– Is ’t nu <lb n="274" xml:id="l-274"/><hi rend="ital">persé</hi> ondoenlijk ge me dit bezorgd<c type="kp">_</c>– <lb n="275" xml:id="l-275"/>Ik <hi rend="ital">moet</hi> het ijzer <hi rend="ital">nu</hi> smeden<c type="kk">/</c> <hi rend="ital">het is heet</hi> <lb n="276" xml:id="l-276"/>doch – beste broer en vriend – STOOK <lb n="277" xml:id="l-277"/>’T VUUR OP<c type="kp">_</c> adieu<c type="kp">_</c></ab>
<vg:whiteline/><lb n="278" xml:id="l-278"/>
<ab>b<c type="kp">_</c> à t<c type="kp">_</c></ab><lb n="279" xml:id="l-279"/>
<ab>Vincent</ab>
<vg:whiteline/>
<div type="textualNotes">
<note target="l-2" n="2">ingeslotene. &lt; ingeslotene,</note>
<note target="l-29" n="29">/38 (*) <hi rend="ital">This asterisk in l. 29 refers to the </hi>‘bovengenoemde zinsnede’<hi rend="ital"> in l. 38.</hi></note>
<note target="l-44" n="44">(laat <supplied><hi rend="ital">...</hi></supplied> staan) &lt; <hi rend="ital">Added later; parentheses added by us.</hi></note>
<note target="l-44" n="44">staan): &lt; staan) – :</note>
<note target="l-82" n="82">als <hi rend="ital">ik</hi> &lt; al <hi rend="ital">ik</hi></note>
<note target="l-89" n="89">finantieele &lt; finatieele</note>
<note target="l-90" n="90"><hi rend="ital">daarnaar</hi>”<c type="kp">_</c>– &lt; <hi rend="ital">daarnaar</hi> –</note>
<note target="l-217" n="217">5000 – &lt; 5000</note>
<note target="l-228" n="228">eens &lt; een</note>
<note target="l-241" n="241">een &lt; en</note>
<note target="l-240" n="240">dingen – &lt; dingen</note>
<note target="l-241" n="241">hebben – &lt; hebben</note>
<note target="l-266" n="266">verfrekeningen<c type="kk">/</c> &lt; verfrekenen</note>
<note target="l-269" n="269">zuinigheidshalve – &lt; zuinigheidshalve</note></div></div>
<div type="translation">
<pb f="1r" n="1" xml:id="pb-trans-1r-1" facs="#zone-pb-1r-1"/>
<ab>My dear Theo,</ab>
<ab>I received your letter, and I thank you for it and for the enclosure.</ab>
<ab rend="indent">When you write that you’re again facing your bad half year — for it lasts a  1/2  year, I think — it isn’t exactly pleasant news for you to write nor for me to receive.</ab>
<ab rend="indent">However, we must try to do something about it to ensure that things go better for both of us.</ab>
<ab rend="indent">Before I received your letter and enclosure, I had already done something that you probably won’t approve of, but about which I don’t really value your opinion much, I’m sorry to have to say. I have again set in train an attempt to get back on good terms with <rs type="pers" key="323">Mauve</rs>, with <rs type="pers" key="787">Tersteeg</rs> too, if possible. I don’t know whether it will succeed — however, I must have more scope, for with the best will in the world, if one has been, as I have now, A WHOLE YEAR AND MORE entirely outside the world of painting, one works oneself into the ground outside and has to refresh oneself.</ab>
<ab rend="indent">You <hi rend="ital">never</hi> feel or understand that and say ‘just keep on painting’, and that’s all you can say. I <hi rend="ital">don’t</hi> <hi rend="ital">blame</hi> you for it, but I don’t find it intelligent of you either — be aware of that. 
<pb f="1v" n="2" xml:id="pb-trans-1v-2" facs="#zone-pb-1v-2"/></ab>
<ab rend="indent">What you say is perfectly true: that if I make good paintings I’m more likely to achieve something than by discussing revolutionary questions.(*)<anchor n="1" xml:id="note-t-1"/> I actually find this so true that while you were writing it I was just taking a step directly aimed at the progress of my work, by asking once more to paint a few studies in <rs type="pers" key="323">Mauve</rs>’s studio.<anchor n="2" xml:id="note-t-2"/></ab>
<ab rend="indent">You always contradict yourself — the above-mentioned passage (*) in your letter is immediately followed by the question as to whether I could perhaps give you some new principles about the issue of reforming the trade.</ab>
<ab rend="indent">I’d like to recommend one to you in your and in my personal interests (never mind about the general interest): back my approach to <rs type="pers" key="323">Mauve</rs> and to <rs type="pers" key="787">Tersteeg</rs>. 
    <pb f="1v" n="3" xml:id="pb-trans-1v-3" facs="#zone-pb-1v-3"/></ab>
<ab rend="indent">Help me to get going and earn money, not only by sending money but also through your influence and more cooperation and a better sort of friendship. I say again, back the approach I’ve made, for instance, for it should have been made sooner with support on your part.</ab>
<ab rend="indent">Do it generously and resolutely, not hesitating or being non-committal when it comes to the point.</ab>
<ab rend="indent">There’s enough strength in me to be able to do something and to earn too. And then — as you say yourself — if I make progress with my paintings and capture a good, independent position, I’ll be worth more than now. 
<pb f="1r" n="4" xml:id="pb-trans-1r-4" facs="#zone-pb-1r-4"/> Then — later in other words — when I’m doing a bit better — I’ll be very happy to try to give you new principles about the issues of reforming the trade — concerning which I certainly do have my ideas, which derive from my own experience of what <hi rend="ital">hinders</hi> painters’ progress, and what sort of things sometimes make the painter’s life unbearable.</ab>
<ab rend="indent">Now isn’t the moment to write to you about it at length. I only say this — if <hi rend="ital">you</hi> or if <hi rend="ital">I</hi> need money to make progress and if we can only work at half speed at the moment for financial reasons, we’ll have to see to it that we get it, and struggle on until we do get it — <hi rend="sc">Not argue</hi> that ‘we’re facing a half year that’s going to be bad financially, so <hi rend="ital">reconcile yourself to it</hi>’. What <hi rend="sc">has</hi> to be found, <hi rend="sc">can</hi> be.</ab>
<ab rend="indent">I’ve written to <rs type="pers" key="323">Mauve</rs> and to <rs type="pers" key="787">T.</rs> If you want to support me, so much the better.</ab>
<vg:whiteline/>
<ab>Yours truly,</ab>
<ab>Vincent</ab>
<vg:whiteline/>
<ab>
<pb f="2r" n="5" xml:id="pb-trans-2r-5" facs="#zone-pb-2r-5"/></ab>
<ab>Don’t misunderstand me, though — I haven’t written to <rs type="pers" key="323">M.</rs> or to <rs type="pers" key="787">Tersteeg</rs> in a complaining tone. On the contrary, but I have said as forcefully as I could: give me another opportunity to make some studies with Mauve.</ab>
<ab rend="indent">That’s what I asked — nothing else, and that’s all I need.</ab>
<ab rend="indent">They mustn’t be involved in the financial side at all. If I can’t save up for it myself, you’ll have to make the utmost effort to send me an extra 100 francs, because I won’t be going for long —</ab><ab rend="indent"> or if you absolutely can’t, <rs type="pers" key="526">Pa</rs> will have to try to advance it. I’ll hammer away at it until <rs type="pers" key="323">M.</rs> agrees. 
<pb f="2v" n="6" xml:id="pb-trans-2v-6" facs="#zone-pb-2v-6"/> If I don’t succeed on my own, we must <hi rend="ital">both</hi> ask Mauve until he does it.</ab>
<ab rend="indent">Then — after that — I’ll again have a few tips for improving my work here and making progress with it.</ab>
<ab rend="indent">And again have a pied-à-terre with a good, sound painter. And then I guarantee that something will soon happen — either I’ll exhibit or I’ll sell.</ab>
<ab rend="indent">When I wrote to you, ACT,<anchor n="3" xml:id="note-t-3"/> it isn’t just a WORD, Theo — you hear! But it’s to say to you, are we going onward <hi rend="sc">together</hi> or would you rather stay behind?</ab>
<ab rend="indent">I’d rather we went onward together, but there mustn’t be any nagging. 
<pb f="2v" n="7" xml:id="pb-trans-2v-7" facs="#zone-pb-2v-7"/> <hi rend="ital">If</hi> the financial aspect was a problem both for you and for <rs type="pers" key="526">Pa</rs>, then I could get it from <rs type="pers" key="1306">Rappard</rs>.</ab>
<ab rend="indent">And so, courage! But let’s go onward together and hammer away at it together until we’ve achieved it.</ab>
<ab rend="indent">If you don’t <hi rend="ital">want</hi> to join me, then I’ll carry on alone. Do give me an answer to this. Of course, I may hear <hi rend="ital">nothing</hi> from <rs type="pers" key="323">M.</rs> or <rs type="pers" key="787">T.</rs></ab>
<ab rend="indent"><hi rend="ital">If</hi> I hear anything, I’ll write to you immediately. And if it takes too long, it will have to be repeated, either by me alone or by both of us, just as you wish. <hi rend="ital"><rs type="pers" key="1306">Rappard</rs> is doing very well</hi> and <hi rend="ital">several others </hi><hi rend="sc">too</hi>, but they really haven’t had only patience and resignation. We <hi rend="sc">must</hi> go onward. 
<pb f="2r" n="8" xml:id="pb-trans-2r-8" facs="#zone-pb-2r-8"/></ab>
<ab rend="indent">Get used to the idea that we must <hi rend="ital">move</hi>.</ab>
<ab rend="indent">It’s not for nothing that I’ve been slogging away at the principles of drawing as well as of colour and painting technique since I was first with <rs type="pers" key="323">M.</rs><anchor n="4" xml:id="note-t-4"/></ab>
<ab rend="indent">I’ve learned some new things, but I need <rs type="pers" key="323">Mauve</rs> again, or someone else who’s very clever — not to make me swollen-headed — but to give me some courage, which fails me if things <hi rend="sc">drag on</hi> too long.</ab>
<ab rend="indent">Onward — and it doesn’t matter a damn if it fails — if it fails, then do it again.</ab><vg:whiteline/> 
<pb f="3r" n="9" xml:id="pb-trans-3r-9" facs="#zone-pb-3r-9"/><ab> It’s essential to carry on forcefully — with renewed energy — and then the business between you and me can work out to our <hi rend="ital">mutual</hi> satisfaction, and instead of rebukes and nasty remarks, something spirited and good can come of it.</ab>
    <ab rend="indent">It’s very true that I’ve spent more this year than last on firstly my work, secondly myself. I’m not sorry for it, though — I’ve progressed in precisely what will rectify things in painting later and — the only thing I do regret is that I haven’t been able to spend a few hundred guilders <hi rend="ital">more</hi>. What I’ve gained by it, for instance, is that I can now easily paint a head from the model in a morning, and that at last my colour is becoming sounder and more accurate, and more character is appearing in the technique. Now I can well understand that what I say — I needed and still need <hi rend="ital">money</hi> for this — will be criticized. But one can’t ignore the fact that one needs working capital for the profession of painter just as much as for simply the shoemaker’s trade, for instance. 
<pb f="3v" n="10" xml:id="pb-trans-3v-10" facs="#zone-pb-3v-10"/></ab>
<ab rend="indent">Working capital that could generate very good interest after a few years, then anyway, 20% to start with, for example.</ab>
<ab rend="indent">And could be paid back later.</ab>
<ab rend="indent">So that the money from you, say we call it 5,000 francs at a pinch, is my working capital.</ab>
<ab rend="indent">The <hi rend="ital">interest</hi> on this — if we could get it to 20% through the energy of both of us — would be proof of the rightness of your insights and also of mine, and of a sound view of business.</ab>
<ab rend="indent">Now that result — 20% interest a year on 5,000 francs — I’d like you to help me get it.</ab>
<ab rend="indent">These are facts and figures, and you must see to it that you get your confidence and energy back in this matter.</ab>
<ab rend="indent">I’ll have to work hard to achieve this result — but — as I see it — for your part you can just do something you said you’d do before — take my side — not neutrally but energetically, positively. 
<pb f="3v" n="11" xml:id="pb-trans-3v-11" facs="#zone-pb-3v-11"/></ab>
<ab rend="indent">I tell you once more from total conviction, <hi rend="ital">from the </hi>BUSINESS <hi rend="ital">point of view</hi> — as a dealer, if you will, that the system of only doing business when one is <hi rend="ital">sure</hi> of succeeding is not the best, and actually one of looking at things from a mediocre point of view.</ab>
<ab rend="indent">Doing business, doing something <hi rend="ital">come what may</hi> and moving for the sake of moving, hating stagnation and sterility, is to my mind a more open-hearted and also more profitable way. So the eternal — <hi rend="ital">not</hi> being non-committal — not worrying about things <hi rend="ital">too much</hi> — having a certain self-confidence — these things, I already spoke about them in the past; and what a few later years showed me, was truly to become more convinced that carrying on a fight and concentrating on a few points, but at the same time risking everything, is the best thing.</ab>
<ab rend="indent">But the cooler characters — the Bourdoncles<anchor n="5" xml:id="note-t-5"/> — doubt this. However, I’m quite prepared to appreciate them, too, and they undoubtedly have their qualities — but to <hi rend="ital">push </hi>something through, to persevere, to win... when it comes to the point, they lapse into vacillation and hesitancy. 
<pb f="3r" n="12" xml:id="pb-trans-3r-12" facs="#zone-pb-3r-12"/></ab>
<ab rend="indent">And then, naturally, business marks time and comes to a standstill.</ab>
<ab rend="indent">Anyway.</ab>
<ab rend="indent">Now look here — to make progress, because I’m just getting into my stride, I have to paint <hi rend="ital">50</hi> heads. As soon as possible and one after the other. I have calculated, but it won’t be possible to work with the energy that I want to devote to it in terms of exertion and effort <hi rend="ital">without</hi> extra. I needed an overcoat — because I’m taking more trouble over my clothes than before — and other things, including the paint bills, take <hi rend="ital">a lot</hi> of what I get. So that in order to carry out my plan quickly, working at <hi rend="sc">full</hi> speed (instead of<hi rend="ital"> half speed</hi> for the sake of economy — and yet, <hi rend="ital">that</hi> can actually save <hi rend="ital">nothing</hi>), I must manage to get an extra 100 francs. In order to win over <rs type="pers" key="787">Tersteeg</rs> and <rs type="pers" key="323">Mauve</rs>, I <hi rend="ital">must</hi> do something decidedly energetic now, having broached the matter. Is it <hi rend="ital">absolutely</hi> impossible for you to let me have it now? I <hi rend="ital">must</hi> strike the iron <hi rend="ital">now</hi>, <hi rend="ital">it’s hot</hi>, but — my dear brother and friend — STOKE UP THE FIRE. Adieu.</ab>
<vg:whiteline/>
<ab>Yours truly,</ab>
<ab>Vincent</ab></div>
<div type="notes">
<note n="1" xml:id="n-1" target="#note-t-1">
<ab>Van Gogh had raised the Revolution of 1848 several times before (<ref target="let461.xml">see letters 461</ref>-<ref target="let465.xml">465</ref>). The (*) symbol marks the spot he refers back to in <ref target="#l-38">l. 38</ref>.</ab></note>
<note n="2" xml:id="n-2" target="#note-t-2">
<ab>On 5 November 1884 <rs type="pers" key="524">Mrs van Gogh</rs> wrote to Theo about Vincent’s isolated position: ‘<rs type="pers" key="1306">Rappard</rs> left Saturday. Vincent hasn’t done much the last few days and is depressed. Poor fellow, but how can he possibly go out and about so inconsiderately? If he wants something, he’ll just have to try twice as hard; he’s still young enough for that. It’s almost unbearable to watch. All the same I think he’ll stick to his plan to go out. I hope so; who knows what he may meet to inspire him. It’s the same old thing here and he doesn’t talk to anyone here. We must just hope for the best’ (FR b2260).</ab></note>
<note n="a" xml:id="n-a" target="#note-o-a">
<ab>Means: ‘het algemeen belang daargelaten’ (never mind about the general interest).</ab></note>
<note n="b" xml:id="n-b" target="#note-o-b">
<ab>Means: ‘op gang komen’ (get going).</ab></note>
<note n="3" xml:id="n-3" target="#note-t-3">
<ab>The word ‘Agir’ (act) is part of the quotation from <rs type="pers" key="836">Zola</rs>’s <hi rend="ital"><rs type="lit" key="275">Au bonheur des dames</rs></hi> in <ref target="let464.xml">letter 464</ref>.</ab></note>
<note n="4" xml:id="n-4" target="#note-t-4">
<ab>In November 1881 Van Gogh spent almost a month in The Hague, where he often went to see <rs type="pers" key="323">Mauve</rs>, who gave him his first lessons in painting and using watercolours (<ref target="let191.xml">letter 191</ref>).</ab></note>
<note n="5" xml:id="n-5" target="#note-t-5">
<ab>A reference to the character of Bourdoncle in <rs type="pers" key="836">Zola</rs>’s <hi rend="ital"><rs type="lit" key="275">Au bonheur des dames</rs></hi>, to whom Vincent likened Theo; <ref target="let464.xml">see letter 464</ref>.</ab></note></div></body></text></TEI>
