<?xml version="1.0" encoding="UTF-8"?>
<!-- Last Changed Date: 2018-07-18 12:32:41 +0200 (Wed, 18 Jul 2018) | SVN Revision: 2206 -->
<!--Licensed under Attribution-NonCommercial-ShareAlike 4.0 International (CC BY-NC-SA 4.0)-->
<?xml-model href="https://xmlschema.huygens.knaw.nl/vgodd.rng" type="application/xml" schematypens="http://relaxng.org/ns/structure/1.0"?>
<TEI xmlns:vg="http://www.vangoghletters.org/ns/" xmlns="http://www.tei-c.org/ns/1.0">
<teiHeader xmlns:xsi="http://www.w3.org/2001/XMLSchema-instance"><fileDesc>
<titleStmt>
<title>To Theo van Gogh. Nuenen, Tuesday, 30 September 1884.</title>
<editor>Leo Jansen</editor>
<editor>Hans Luijten</editor>
<editor>Nienke Bakker</editor></titleStmt>
<publicationStmt>
<publisher><name>Huygens Instituut voor Nederlandse Geschiedenis (KNAW)</name><email>info@huygens.knaw.nl</email></publisher>
<publisher>Van Gogh Museum</publisher>
<pubPlace>Amsterdam</pubPlace>
<date type="first" when="2009">2009</date>
<availability status="restricted">
<licence target="http://creativecommons.org/licenses/by-nc-sa/4.0/ https://creativecommons.org/licenses/by-nc-sa/4.0/legalcode">
<p>Attribution-NonCommercial-ShareAlike 4.0 International (CC BY-NC-SA 4.0) </p></licence></availability>
<ptr target="http://vangoghletters.org/orig/let463"/></publicationStmt><sourceDesc><vg:letDesc><vg:letIdentifier>
<idno type="jlb">463</idno>
<idno type="collectedletters">380</idno>
<idno type="brieven1990">465</idno></vg:letIdentifier><vg:letHeading><author>Vincent van Gogh</author><vg:addressee>Theo van Gogh</vg:addressee><vg:placeLet>Nuenen</vg:placeLet><vg:dateLet>Tuesday, 30 September 1884</vg:dateLet></vg:letHeading><vg:letContents>
<p>To Theo van Gogh. Nuenen, Tuesday, 30 September 1884.</p>
<note type="ongoingTopic" n="1">
<p>Set of decorations for Hermans <ref target="let453.xml">(453)</ref></p></note>
<note type="ongoingTopic" n="2">
<p>Margot Begemann is in Utrecht <ref target="let456.xml">(456)</ref></p></note>
<note type="ongoingTopic" n="3">
<p>Van Rappard’s visit to Nuenen <ref target="let452.xml">(452)</ref></p></note></vg:letContents>
<note type="sourceStatus" xml:id="sourceStatus">
<p>Original manuscript</p></note>
<note type="location" xml:id="location">
<p>Amsterdam, Van Gogh Museum, inv. nos. b414 a-b, e V/1962</p></note>
<note type="date" xml:id="date">
<p>Date of postmark: Tuesday, 30 September 1884.</p></note>
<note type="additionalDetail" xml:id="additionalDetail">
<p>The envelope of this letter has survived. On the front is the postmark ‘NUENEN 8-12 V / 30 SEP 84’, over two 5-cent postage stamps and one for 2½ cents, and on the back ‘PARIS 3 (60) / <hi rend="ital">[x]</hi>e/1 OCT 84’. The address reads: ‘Monsieur Th. van Gogh/ 25 Rue de Laval/ <hi rend="ital">Paris</hi>’.</p></note>
<note type="arrangement" xml:id="arrangement">
<p>The arrangement of the letter has been changed. We have placed two sheets that were previously published as part of this letter elsewhere; see <hi rend="ital">Arrangement</hi> in the notes to <ref target="let436.xml">letters 436</ref> and <ref target="let443.xml">443</ref>.</p></note></vg:letDesc></sourceDesc></fileDesc></teiHeader>
    <facsimile xmlns:xsi="http://www.w3.org/2001/XMLSchema-instance">
        <surface n="Sheet number 1 not found." xml:id="surf-pb-1r">
            <graphic mimeType="image/tiff" url="VGM001000548_01.TIF" rend="norend"/>
            <graphic mimeType="image/tiff" url="VGM001000548_01_n.tif" rend="norend"/>
            <graphic mimeType="image/jpeg" url="VGM001000548_01_nt.jpg" height="50px" rend="thumbnail"/>
            <zone xml:id="zone-pb-1r-1">
                <graphic mimeType="image/tiff" url="VGM001000548_01_nR.tif" rend="norend"/>
                <graphic mimeType="image/jpeg" url="VGM001000548_01_nRt.jpg" height="50px" rend="thumbnail"/>
                <graphic mimeType="image/png" url="VGM001000548_01_nRf.png" width="380px" rend="facstab"/>
            </zone>
            <zone xml:id="zone-pb-1r-4">
                <graphic mimeType="image/tiff" url="VGM001000548_01_nL.tif" rend="norend"/>
                <graphic mimeType="image/jpeg" url="VGM001000548_01_nLt.jpg" height="50px" rend="thumbnail"/>
                <graphic mimeType="image/png" url="VGM001000548_01_nLf.png" width="380px" rend="facstab"/>
            </zone>
        </surface>
        <surface n="Sheet number 1 not found." xml:id="surf-pb-1v">
            <graphic mimeType="image/tiff" url="VGM001000548_02.TIF" rend="norend"/>
            <graphic mimeType="image/tiff" url="VGM001000548_02_n.tif" rend="norend"/>
            <graphic mimeType="image/jpeg" url="VGM001000548_02_nt.jpg" height="50px" rend="thumbnail"/>
            <zone xml:id="zone-pb-1v-2">
                <graphic mimeType="image/tiff" url="VGM001000548_02_nL.tif" rend="norend"/>
                <graphic mimeType="image/jpeg" url="VGM001000548_02_nLt.jpg" height="50px" rend="thumbnail"/>
                <graphic mimeType="image/png" url="VGM001000548_02_nLf.png" width="380px" rend="facstab"/>
            </zone>
            <zone xml:id="zone-pb-1v-3">
                <graphic mimeType="image/tiff" url="VGM001000548_02_nR.tif" rend="norend"/>
                <graphic mimeType="image/jpeg" url="VGM001000548_02_nRt.jpg" height="50px" rend="thumbnail"/>
                <graphic mimeType="image/png" url="VGM001000548_02_nRf.png" width="380px" rend="facstab"/>
            </zone>
        </surface>
        <surface n="Sheet number 2 not found." xml:id="surf-pb-2r">
            <graphic mimeType="image/tiff" url="VGM001000549_01.TIF" rend="norend"/>
            <zone xml:id="zone-pb-2r-5">
                <graphic mimeType="image/tiff" url="VGM001000549_01_n.tif" rend="norend"/>
                <graphic mimeType="image/jpeg" url="VGM001000549_01_nt.jpg" height="50px" rend="thumbnail"/>
                <graphic mimeType="image/png" url="VGM001000549_01_nf.png" width="380px" rend="facstab"/>
            </zone>
        </surface>
        <surface n="b 0414b V/1962" xml:id="surf-extra-2v">
            <graphic mimeType="image/tiff" url="VGM001000549_02.TIF" rend="norend"/>
            <zone xml:id="zone-extra-1">
                <graphic mimeType="image/tiff" url="VGM001000549_02_n.tif" rend="norend"/>
                <graphic mimeType="image/jpeg" url="VGM001000549_02_nt.jpg" height="50px" rend="thumbnail"/>
                <graphic mimeType="image/png" url="VGM001000549_02_nf.png" width="380px" rend="facstab"/>
            </zone>
        </surface>
        <surface n="b 0414e V/1962" xml:id="surf-pb-3r">
            <graphic mimeType="image/tiff" url="VGM001000552_01.TIF" rend="norend"/>
            <zone xml:id="zone-pb-3r-7">
                <graphic mimeType="image/tiff" url="VGM001000552_01_n.tif" rend="norend"/>
                <graphic mimeType="image/jpeg" url="VGM001000552_01_nt.jpg" height="50px" rend="thumbnail"/>
                <graphic mimeType="image/png" url="VGM001000552_01_nf.png" width="380px" rend="facstab"/>
            </zone>
        </surface>
        <surface n="b 0414e V/1962" xml:id="surf-pb-3v">
            <graphic mimeType="image/tiff" url="VGM001000552_02.TIF" rend="norend"/>
            <zone xml:id="zone-pb-3v-8">
                <graphic mimeType="image/tiff" url="VGM001000552_02_n.tif" rend="norend"/>
                <graphic mimeType="image/jpeg" url="VGM001000552_02_nt.jpg" height="50px" rend="thumbnail"/>
                <graphic mimeType="image/png" url="VGM001000552_02_nf.png" width="380px" rend="facstab"/>
            </zone>
        </surface>
    </facsimile><text xmlns:xsi="http://www.w3.org/2001/XMLSchema-instance"><body>
<div type="original">
<pb f="1r" n="1" xml:id="pb-orig-1r-1" facs="#zone-pb-1r-1"/><lb n="1" xml:id="l-1"/>
<ab>Waarde Theo,</ab><lb n="2" xml:id="l-2"/>
<ab>hierbij stuur ik U twee photographies<anchor n="1" xml:id="note-o-1"/> – <lb n="3" xml:id="l-3"/>ge krijgt er ook nog later twee van <lb n="4" xml:id="l-4"/>wevers<c type="kp">_</c>–<anchor n="2" xml:id="note-o-2"/></ab><lb n="5" xml:id="l-5"/>
<ab rend="indent">Ik was voornemens 12 photographies te <lb n="6" xml:id="l-6"/>laten nemen<c type="kk">/</c> eene serie brabantsche <lb n="7" xml:id="l-7"/>voorstellingen waaronder ook de 6 welke <lb n="8" xml:id="l-8"/>ik voor Hermans maak<c type="kp">_</c>–<anchor n="3" xml:id="note-o-3"/></ab><lb n="9" xml:id="l-9"/>
<ab rend="indent">Ik was voornemens die aan eenige illustraties <lb n="10" xml:id="l-10"/>te zenden om te zien werk te krijgen <lb n="11" xml:id="l-11"/>of althans bekend te worden<c type="kp">_</c></ab><lb n="12" xml:id="l-12"/>
<ab rend="indent">Maar ik zie er van af daar de <lb n="13" xml:id="l-13"/>photograaf slechts epreuves geeft die <lb n="14" xml:id="l-14"/>zonder<c type="kk">/</c><anchor n="a" xml:id="note-o-a"/> of altans veel te weinig het eigentlijke <lb n="15" xml:id="l-15"/>clair obscur terug geven<c type="kk">/</c> dan<anchor n="b" xml:id="note-o-b"/> veel en <lb n="16" xml:id="l-16"/>slecht retoucheert<c type="kk">/</c> en toch nog dikwijls <lb n="17" xml:id="l-17"/>donker laat wat op ’t sch<hi rend="ss">ij</hi> licht is en <lb n="18" xml:id="l-18"/>omgekeerd.</ab><lb n="19" xml:id="l-19"/>
<ab rend="indent">De wevers laat ik echter nog een proef <lb n="20" xml:id="l-20"/>mee nemen<c type="kk">/</c> in carte de visite slechts<c type="kp">_</c> <lb n="21" xml:id="l-21"/>omdat ik hier zoo ver van de illustraties <lb n="22" xml:id="l-22"/>af ben dien ik toch een middel te <lb n="23" xml:id="l-23"/>vinden om op andere wijze dan door <lb n="24" xml:id="l-24"/>woorden eenige connecties aan te knoopen.</ab>
<pb f="1v" n="2" xml:id="pb-orig-1v-2" facs="#zone-pb-1v-2"/><lb n="25" xml:id="l-25"/>
<ab rend="indent">Ik hoop dezen winter verscheiden <lb n="26" xml:id="l-26"/>teekeningen te maken<c type="kk">/</c> juist ook van <lb n="27" xml:id="l-27"/>diezelfde composities voornoemd<c type="kk">/</c> en <lb n="28" xml:id="l-28"/>die b.v. eens aan de <lb n="29" xml:id="l-29"/>London News te zenden – die <lb n="30" xml:id="l-30"/>als ge ’t opgemerkt hebt dikwijls beter <lb n="31" xml:id="l-31"/>is nu dan de Graphic en onder anderen <lb n="32" xml:id="l-32"/>pas een zeer mooie Frank Holl heeft <lb n="33" xml:id="l-33"/>gegeven<anchor n="4" xml:id="note-o-4"/> en een mooi landschap met schapen.<anchor n="5" xml:id="note-o-5"/></ab><lb n="34" xml:id="l-34"/>
<ab rend="indent">Ik heb dezen laatsten tijd juist hard <lb n="35" xml:id="l-35"/>gewerkt<c type="kk">/</c> ik geloof in verband met <lb n="36" xml:id="l-36"/>andere agitatie zelfs me overwerkt<c type="kp">_</c>– <lb n="37" xml:id="l-37"/>Ten minste ik ben triest gestemd <lb n="38" xml:id="l-38"/>en een en ander heeft mij dermate <lb n="39" xml:id="l-39"/>aangegrepen dat ik veel dagen heb <lb n="40" xml:id="l-40"/>dat ik betrekkelijk magteloos ben<c type="kp">_</c> <lb n="41" xml:id="l-41"/>Ik kan niet eten en ik kan niet <lb n="42" xml:id="l-42"/>slapen<c type="kk">/</c> dat wil zeggen te weinig<c type="kk">/</c> en <lb n="43" xml:id="l-43"/>daar wordt men slap van.</ab><lb n="44" xml:id="l-44"/>
<ab rend="indent">Maar ik zal er wel weer overheen <lb n="45" xml:id="l-45"/>komen. juist omdat ik vrij goede <lb n="46" xml:id="l-46"/>berigten heb uit Utrecht<c type="kp">_</c></ab><lb n="47" xml:id="l-47"/>
<ab>Maar ik houd veel zorg omdat ik vrees <lb n="48" xml:id="l-48"/>het lang duren zal eer zij geheel is hersteld. 
<pb f="1v" n="3" xml:id="pb-orig-1v-3" facs="#zone-pb-1v-3"/><lb n="49" xml:id="l-49"/>Misschien duurt het bij me zelf ook lang <lb n="50" xml:id="l-50"/>eer ik er over heen ben<c type="kp">_</c>–</ab><lb n="51" xml:id="l-51"/>
<ab rend="indent">Ik blijf het erg betreuren Theo<c type="kk">/</c> dat <lb n="52" xml:id="l-52"/>ik aan de eene<c type="kk">/</c> gij aan de andere zijde <lb n="53" xml:id="l-53"/>van een zekere barricade staat die <lb n="54" xml:id="l-54"/><hi rend="ital">in straatsteenen</hi> nu wel niet meer te zien <lb n="55" xml:id="l-55"/>is maar in ’t maatschappelijke wel degelijk <lb n="56" xml:id="l-56"/>nog bestaat en doorgaat<c type="kp">_</c>–</ab><lb n="57" xml:id="l-57"/>
<ab rend="indent">Op die lithographie van Daumier of Lemud<c type="kk">/</c> <lb n="58" xml:id="l-58"/>wie van beiden ’t ook zij<c type="kk">/</c> is ’t hoofdmotief <lb n="59" xml:id="l-59"/>juist een persoon <lb n="60" xml:id="l-60"/>wiens historie ik me herinner<c type="kp">_</c><anchor n="6" xml:id="note-o-6"/> <lb n="61" xml:id="l-61"/>Er waren twee broers en die stonden aan <hi rend="ital">den</hi> <lb n="62" xml:id="l-62"/><hi rend="ital">zelfden</hi> kant en beiden vielen <lb n="63" xml:id="l-63"/>een dag na elkaar voor <hi rend="ital">dezelfde zaak</hi><c type="kp">_</c> <lb n="64" xml:id="l-64"/>Dat had <hi rend="ital">kunnen</hi> zijn in ons geval <lb n="65" xml:id="l-65"/>maar gebeurt nu zoo goed als zeker nooit<c type="kp">_</c> <lb n="66" xml:id="l-66"/>Ik voor mij weet genoeg de toekomst <lb n="67" xml:id="l-67"/>quand même altijd zeer moeielijk blijft voor me <lb n="68" xml:id="l-68"/>en ik weet zoo goed als zeker dat het <lb n="69" xml:id="l-69"/>mij in de toekomst niet wat de menschen <lb n="70" xml:id="l-70"/>noemen <hi rend="ital">goed</hi> zal gaan<c type="kp">_</c>–</ab>
<pb f="1r" n="4" xml:id="pb-orig-1r-4" facs="#zone-pb-1r-4"/><lb n="71" xml:id="l-71"/>
<ab rend="indent">Ik geloof dat Pa ook wel iets voelt van dat <lb n="72" xml:id="l-72"/>het meer fataliteit dan opzettelijken toeleg is <lb n="73" xml:id="l-73"/>bij eventueel beslist verschil van opinie<c type="kp">_</c> <lb n="74" xml:id="l-74"/>Maar ik wou dat ik niemand <lb n="75" xml:id="l-75"/><hi rend="ital">raakte</hi><c type="kk">/</c> dat Pa niet soms <hi rend="ital">vlak</hi> <lb n="76" xml:id="l-76"/><hi rend="ital">voor me</hi> was gaan staan.</ab><lb n="77" xml:id="l-77"/>
<ab rend="indent">Enfin soms denk ik wel eens in alle geval het <lb n="78" xml:id="l-78"/>schilderen veel noodlottigs coupeeren kan en ’t anders <lb n="79" xml:id="l-79"/>nog erger ware. Ik heb voor de toekomst <lb n="80" xml:id="l-80"/>nu geen andere plannen dan door te gaan <lb n="81" xml:id="l-81"/>met mijn Brabantsche motieven totdat <lb n="82" xml:id="l-82"/>ik ze zoo ver heb ik ze b.v. in Belgie <lb n="83" xml:id="l-83"/>kwijtraak en elders wat teekeningen verkoop<c type="kp">_</c> <lb n="84" xml:id="l-84"/>Dan<c type="kk">/</c> als ik ietwat vasten grond voel<c type="kk">/</c> wou <lb n="85" xml:id="l-85"/>ik nog wel eens naar de mijnwerkers terug. <lb n="86" xml:id="l-86"/>Altijd zal ’t mij verheugen indien gij geleidelijk <lb n="87" xml:id="l-87"/>het er op brengt we <hi rend="ital">elkaar niet raken kunnen</hi><c type="kk">/</c> al zijn de geweerloopen in tegengestelde rigting. <lb n="88" xml:id="l-88"/>Ik vraag van U niet dat gij b.v. met mijn <lb n="89" xml:id="l-89"/>werk sympathiseeren zult doch als ooit <lb n="90" xml:id="l-90"/>ge een ressource weet<c type="kk">/</c> zeg het mij. Rappard is <lb n="91" xml:id="l-91"/>en in Drenthe en weer op Terschelling geweest en schijnt een <lb n="92" xml:id="l-92"/>goede vangst van studies te hebben gehad. Hij komt waar<c type="shy">-</c><lb n="93" xml:id="l-93"/>schijnlijk in October weer een poos hier.</ab><lb n="94" xml:id="l-94"/>
<ab rend="indent">Gegroet.</ab>
<vg:whiteline/><lb n="94*" xml:id="l-94s"/>
<ab>b<c type="kp">_</c> à t<c type="kp">_</c></ab><lb n="95" xml:id="l-95"/>
<ab>Vincent</ab>
<vg:whiteline/>
<pb f="2r" n="5" xml:id="pb-orig-2r-5" facs="#zone-pb-2r-5"/><lb n="96" xml:id="l-96"/>
<ab>Het sch<hi rend="ss">ij</hi> van den zaaier is even groot als de spinster<c type="kk">/</c> <lb n="97" xml:id="l-97"/>de kleur van den grond is neutraal doch <lb n="98" xml:id="l-98"/>eenigzins rose<c type="kk">/</c> verderop lichtgroen<c type="kp">_</c></ab><lb n="99" xml:id="l-99"/>
<ab rend="indent">De kiel van den man is blaauw en <lb n="100" xml:id="l-100"/>de broek bruin. de slopkousen vuil linnen<c type="kp">_</c> <lb n="101" xml:id="l-101"/>ik verbeeld me dat in ’t sch<hi rend="ss">ij</hi> de kop <lb n="102" xml:id="l-102"/>tegen de lucht uit beter is dan in de <lb n="103" xml:id="l-103"/>photographie<c type="kp">_</c>–</ab><lb n="104" xml:id="l-104"/>
<ab rend="indent">Zeg eens Theo – wat de barricade <lb n="105" xml:id="l-105"/>aangaat – gij weet er een tijd in mijn <lb n="106" xml:id="l-106"/>leven geweest is dat ik ook in het vaarwater <lb n="107" xml:id="l-107"/>der Guizot lui<anchor n="7" xml:id="note-o-7"/> geweest ben – ik heb ook <lb n="108" xml:id="l-108"/>van Pa en Haanebeek<c type="kk">/</c> van Grootvader<c type="kk">/</c> van enfin <lb n="109" xml:id="l-109"/>“de Guizots” geloofd allerlei moois en goeds<c type="kp">_</c>–</ab><lb n="110" xml:id="l-110"/>
<ab rend="indent">Maar <hi rend="ital">toen</hi> ik er spijt van kreeg weet gij dat <lb n="111" xml:id="l-111"/>ik ook met energie en vasthoudendheid mij <lb n="112" xml:id="l-112"/>omgedraaid heb.</ab><lb n="113" xml:id="l-113"/>
    <ab rend="indent">De nieuwere van <hi rend="ital">nu</hi> willen <hi rend="ital">mij</hi> echter <lb n="114" xml:id="l-114"/><hi rend="ital">niet hebben</hi> – ook al goed<c type="kk">/</c> DAAR GEEF IK NIETS <lb n="115" xml:id="l-115"/>OM – <hi rend="ital">en</hi> als menschen <hi rend="ital">en</hi> als schilders <lb n="116" xml:id="l-116"/>is ’t geslacht van omstreeks 48 mij liever dan omstreeks 84<c type="kk">/</c> <lb n="117" xml:id="l-117"/>maar wat 48 betreft<c type="kk">/</c> <hi rend="ital">niet</hi> de Guizots maar <lb n="118" xml:id="l-118"/>de <hi rend="ital">revolutionairen</hi><c type="kk">/</c> <hi rend="ital">Michelet</hi> – en <lb n="119" xml:id="l-119"/>ook de <hi rend="ital">boerenschilders van Barbizon</hi><c type="kp">_</c></ab><pb f="3r" n="7" xml:id="pb-orig-3r-7" facs="#zone-pb-3r-7"/><pb f="3v" n="8" xml:id="pb-orig-3v-8" facs="#zone-pb-3v-8"/>
<vg:whiteline/>
<div type="textualNotes">
<note target="l-53" n="53">staat &lt; staan</note>
<note target="l-76" n="76"><hi rend="ital">me</hi> &lt; <hi rend="ital">Emphasis added by us.</hi></note>
<note target="l-144" n="144">– allons &lt; allons</note>
    <note target="l-172" n="172">zeggen &gt; <hi rend="ital">Two short lines below, possibly intended as an underling.</hi></note></div></div>
<div type="translation">
<pb f="1r" n="1" xml:id="pb-trans-1r-1" facs="#zone-pb-1r-1"/>
<ab>My dear Theo,</ab>
<ab>I send you herewith two photographs<anchor n="1" xml:id="note-t-1"/> — you’ll get another two of weavers later.<anchor n="2" xml:id="note-t-2"/></ab>
<ab rend="indent">I was planning to have 12 photographs taken, a series of Brabant scenes, including the 6 that I’m making for <rs type="pers" key="449">Hermans</rs>.<anchor n="3" xml:id="note-t-3"/></ab>
<ab rend="indent">I was planning to send them to a few illustrated magazines to see if I could get work, or at least become known.</ab>
<ab rend="indent">But I’ve decided against it, since the photographer only produces prints that reflect none, or at least far too little of the original chiaroscuro, moreover retouches a great deal and badly, and even so still often leaves things dark that are light in the painting and vice versa.</ab>
<ab rend="indent">I’ll have another proof made of the weavers, though, just as <hi rend="ital">cartes de visite</hi>. Because I’m so far away from the illustrated magazines here I must find some means of establishing a few connections in ways other than by word of mouth. 
<pb f="1v" n="2" xml:id="pb-trans-1v-2" facs="#zone-pb-1v-2"/></ab>
<ab rend="indent">I hope to make various drawings this winter, of those very same aforesaid compositions, and try sending them to the London News, say — which as you may have noticed is now often better than the Graphic and, among other things, just published a very fine <rs type="pers" key="1089">Frank Holl</rs><anchor n="4" xml:id="note-t-4"/> and a fine landscape with sheep.<anchor n="5" xml:id="note-t-5"/></ab>
<ab rend="indent">I’ve worked really hard recently; I believe, in conjunction with other agitation, even overworked. At least I’m in a sad mood, and all these things have affected me to such an extent that I have many days when I’m relatively powerless. I can’t eat and I can’t sleep, that’s to say not enough, and that makes one weak.</ab>
<ab rend="indent">But I’ll get over it, particularly because I have fairly good tidings from Utrecht. But I’m still very concerned because I fear it will be a long time before <rs type="pers" key="267">she</rs> recovers completely. 
<pb f="1v" n="3" xml:id="pb-trans-1v-3" facs="#zone-pb-1v-3"/> Perhaps it will also take me a long time before I get over it.</ab>
<ab rend="indent">I still deeply regret, Theo, that I’m on one side, you on the other, of a certain barricade that may no longer be visible <hi rend="ital">in the form of paving-stones</hi>, but which still definitely exists and persists in society.</ab>
<ab rend="indent">In that lithograph by <rs type="pers" key="977">Daumier</rs> or <rs type="pers" key="1167">De Lemud</rs>, whichever of them it may be, the main subject is precisely a person whose story I remember.<anchor n="6" xml:id="note-t-6"/> There were two brothers and they were on <hi rend="ital">the same</hi> side and both fell, one a day after the other, for <hi rend="ital">the same cause</hi>. That <hi rend="ital">might</hi> have been so in our case, but now it’s as good as certain that it will never happen. For my part I’m well aware that, come what may, the future will always be very difficult for me, and I know as good as for certain that things won’t go what people describe as <hi rend="ital">well</hi> for me in the future. 
<pb f="1r" n="4" xml:id="pb-trans-1r-4" facs="#zone-pb-1r-4"/></ab>
<ab rend="indent">I believe that <rs type="pers" key="526">Pa</rs> also feels something of the fact that it’s more fate than deliberate design when there’s sometimes such a decided difference of opinion. But I wish to <hi rend="ital">hit</hi> <hi rend="ital">no one</hi>; wish that Pa hadn’t sometimes gone and stood <hi rend="ital">right in front of me</hi>.</ab>
<ab rend="indent">Anyway, I sometimes think now and again that painting can in any event forestall many disasters, and that otherwise it would be even worse. I presently have no other plans for the future except to continue with my Brabant subjects until I’ve got them so far that I could dispose of them in Belgium, say, and sell a few drawings elsewhere. Then, when I feel on rather firmer ground, I’d like to go back to the miners again. I’d be forever gratified if you were gradually to arrange it in such a way that we <hi rend="ital">can’t hit each other</hi>, even though the gun barrels are pointing in opposite directions. I don’t ask of you that you sympathize with my work, for instance, but if you ever hear of a resource, tell me. <rs type="pers" key="1306">Rappard</rs> has been in Drenthe and on Terschelling again, and appears to have netted a goodly catch of studies. He’s probably coming here again for a while in October.</ab>
<ab rend="indent">Regards.</ab>
<vg:whiteline/>
<ab>Yours truly,</ab>
<ab>Vincent</ab>
<vg:whiteline/>
<ab>
<pb f="2r" n="5" xml:id="pb-trans-2r-5" facs="#zone-pb-2r-5"/></ab>
<ab>The painting of the sower is the same size as the woman spinning; the colour of the soil is neutral but slightly pink, light green further away.</ab>
<ab rend="indent">The man’s smock is blue and the trousers brown. The gaiters dirty linen. I fancy that the head shows up against the sky better in the painting than in the photograph.</ab>
<ab rend="indent">Listen, Theo — about the barricade — you know there’s been a time in my life when I was also in the <rs type="pers" key="620">Guizot</rs> people’s camp<anchor n="7" xml:id="note-t-7"/> — I’ve also believed all sorts of fine and good things about <rs type="pers" key="526">Pa</rs> and <rs type="pers" key="442">Haanebeek</rs>, about <rs type="pers" key="398">Grandfather</rs>, about ‘the Guizots’ in short.</ab>
<ab rend="indent">But <hi rend="ital">when</hi> I regretted it, you know that I also turned around with energy and tenacity.</ab>
    <ab rend="indent">The newer men of <hi rend="ital">today</hi> <hi rend="ital">don’t want me</hi>, though — that’s all right, I DON’T CARE ABOUT THAT — <hi rend="ital">both</hi> as people <hi rend="ital">and</hi> as painters, I prefer the generation of around 48 to around 84, but as to 48, <hi rend="ital">not</hi> the <rs type="pers" key="620">Guizot</rs>s but the <hi rend="ital">revolutionaries, <rs type="pers" key="707">Michelet</rs></hi> — and also the <hi rend="ital">peasant painters of Barbizon</hi>.</ab><pb f="4r" n="1" xml:id="pb-trans-3r-7" facs="#zone-pb-3r-7"/><pb f="3v" n="8" xml:id="pb-trans-3v-8" facs="#zone-pb-3v-8"/></div>
<div type="notes">
<note n="1" xml:id="n-1" target="#note-t-1">
<ab>Van Gogh initially sent larger prints, since he later wrote: ‘Here are a couple of smaller photos of the studies of which you already have the larger ones’ (<ref target="let467.xml">letter 467</ref>). These larger photographs are not known.</ab>
<ab rend="indent">Six versions of ‘cartes de visite’ that Van Gogh had taken at <rs type="pers" key="1761">P.H. van Bemmel</rs>’s photographic studio in Nieuwstraat in Eindhoven have survived in the estate. (FR b4761-b4766). The cardboard mounts to which the photographs are attached measure 10.5 x 6.2 cm. See exhib. cat. Vienna 1996, pp. 175-177, cat. nos. 58-63.</ab>
<ab rend="indent">From the continuation of the letter <ref target="#l-96">(l. 96)</ref> we can deduce that Van Gogh sent photographs of a woman spinning and a sower. The paintings themselves are not known, we only know of them thanks to these two small photographs. <rs type="ill" key="2126">Ill. 2126</rs> and <rs type="ill" key="2127">Ill. 2127</rs>.</ab></note>
<note n="2" xml:id="n-2" target="#note-t-2">
<ab>Van Gogh sent the two photographs of weavers with <ref target="let465.xml">letter 465</ref>.</ab></note>
<note n="3" xml:id="n-3" target="#note-t-3">
<ab>Van Gogh sent two photographs from this set of six with <ref target="let466.xml">letter 466</ref>.</ab></note>
<note n="a" xml:id="n-a" target="#note-o-a">
<ab>Read: ‘Zonder clair obscur zijn’ (without being chiaroscuro).</ab></note>
<note n="b" xml:id="n-b" target="#note-o-b">
<ab>Means: ‘bovendien’ (moreover).</ab></note>
<note n="4" xml:id="n-4" target="#note-t-4">
<ab>See for <rs type="pers" key="1089">Frank Holl</rs>, <hi rend="ital"><rs type="ill" key="949">Ordered off</rs></hi>: <ref target="let460.xml#n-7">letter 460, n. 7.</ref></ab></note>
<note n="5" xml:id="n-5" target="#note-t-5">
    <ab>See for <rs type="pers" key="1386">Gordon Thompson</rs>, <hi rend="ital"><rs type="ill" key="1376">The Good Shepherd</rs></hi>: <ref target="let460.xml#n-8">letter 460, n 8</ref>.</ab></note>
<note n="6" xml:id="n-6" target="#note-t-6">
<ab>See for <rs type="pers" key="977">Daumier</rs>’s <hi rend="ital">The Revolution of 1848. A family on the barricades</hi>: <ref target="let305.xml#n-6">letter 305, n. 6.</ref></ab></note>
<note n="7" xml:id="n-7" target="#note-t-7">
<ab>See for <rs type="pers" key="620">Guizot</rs>: <ref target="let461.xml#n-6">letter 461, n. 6.</ref></ab></note></div></body></text></TEI>
