<?xml version="1.0" encoding="UTF-8"?>
<!-- Last Changed Date: 2018-07-18 12:32:41 +0200 (Wed, 18 Jul 2018) | SVN Revision: 2206 -->
<!--Licensed under Attribution-NonCommercial-ShareAlike 4.0 International (CC BY-NC-SA 4.0)-->
<?xml-model href="https://xmlschema.huygens.knaw.nl/vgodd.rng" type="application/xml" schematypens="http://relaxng.org/ns/structure/1.0"?>
<TEI xmlns:vg="http://www.vangoghletters.org/ns/" xmlns="http://www.tei-c.org/ns/1.0">
<teiHeader xmlns:xsi="http://www.w3.org/2001/XMLSchema-instance"><fileDesc>
<titleStmt>
<title>To Theo van Gogh. Nuenen, on or about Friday, 4 January 1884.</title>
<editor>Leo Jansen</editor>
<editor>Hans Luijten</editor>
<editor>Nienke Bakker</editor></titleStmt>
<publicationStmt>
<publisher><name>Huygens Instituut voor Nederlandse Geschiedenis (KNAW)</name><email>info@huygens.knaw.nl</email></publisher>
<publisher>Van Gogh Museum</publisher>
<pubPlace>Amsterdam</pubPlace>
<date type="first" when="2009">2009</date>
<availability status="restricted">
<licence target="http://creativecommons.org/licenses/by-nc-sa/4.0/ https://creativecommons.org/licenses/by-nc-sa/4.0/legalcode">
<p>Attribution-NonCommercial-ShareAlike 4.0 International (CC BY-NC-SA 4.0) </p></licence></availability>
<ptr target="http://vangoghletters.org/orig/let419"/></publicationStmt><sourceDesc><vg:letDesc><vg:letIdentifier>
<idno type="jlb">419</idno>
<idno type="collectedletters">351</idno>
<idno type="brieven1990">422</idno></vg:letIdentifier><vg:letHeading><author>Vincent van Gogh</author><vg:addressee>Theo van Gogh</vg:addressee><vg:placeLet>Nuenen</vg:placeLet><vg:dateLet>on or about Friday, 4 January 1884</vg:dateLet></vg:letHeading><vg:letContents>
<p>To Theo van Gogh. Nuenen, on or about Friday, 4 January 1884.</p></vg:letContents>
<note type="sourceStatus" xml:id="sourceStatus">
<p>Original manuscript</p></note>
<note type="location" xml:id="location">
<p>Amsterdam, Van Gogh Museum, inv. nos. b381 a-c V/1962</p></note>
<note type="date" xml:id="date">
<p>Because Van Gogh writes: ‘I still have to thank you for your letter of 1 Jan. and the enclosed’ <ref target="#l-1">(ll. 1-2)</ref>, we may assume that the reply was not written immediately after receipt of the letter, which could usually be expected on 2 January. We have consequently dated the present letter a little later in the first week of the year, on or about Friday, 4 January 1884.</p></note></vg:letDesc></sourceDesc></fileDesc></teiHeader>
<facsimile xmlns:xsi="http://www.w3.org/2001/XMLSchema-instance">
<surface n="b 0381 a" xml:id="surf-pb-1r"><graphic mimeType="image/tiff" url="VGM001000496_01.TIF" rend="norend"/><graphic mimeType="image/tiff" url="VGM001000496_01_n.tif" rend="norend"/><graphic mimeType="image/jpeg" url="VGM001000496_01_nt.jpg" height="50px" rend="thumbnail"/><zone xml:id="zone-pb-1r-1">
<graphic mimeType="image/tiff" url="VGM001000496_01_nR.tif" rend="norend"/><graphic mimeType="image/jpeg" url="VGM001000496_01_nRt.jpg" height="50px" rend="thumbnail"/><graphic mimeType="image/png" url="VGM001000496_01_nRf.png" width="380px" rend="facstab"/></zone>
<zone xml:id="zone-pb-1r-4">
<graphic mimeType="image/tiff" url="VGM001000496_01_nL.tif" rend="norend"/><graphic mimeType="image/jpeg" url="VGM001000496_01_nLt.jpg" height="50px" rend="thumbnail"/><graphic mimeType="image/png" url="VGM001000496_01_nLf.png" width="380px" rend="facstab"/></zone>
</surface>
<surface n="b 0381 a" xml:id="surf-pb-1v"><graphic mimeType="image/tiff" url="VGM001000496_02.TIF" rend="norend"/><graphic mimeType="image/tiff" url="VGM001000496_02_n.tif" rend="norend"/><graphic mimeType="image/jpeg" url="VGM001000496_02_nt.jpg" height="50px" rend="thumbnail"/><zone xml:id="zone-pb-1v-2">
<graphic mimeType="image/tiff" url="VGM001000496_02_nL.tif" rend="norend"/><graphic mimeType="image/jpeg" url="VGM001000496_02_nLt.jpg" height="50px" rend="thumbnail"/><graphic mimeType="image/png" url="VGM001000496_02_nLf.png" width="380px" rend="facstab"/></zone>
<zone xml:id="zone-pb-1v-3">
<graphic mimeType="image/tiff" url="VGM001000496_02_nR.tif" rend="norend"/><graphic mimeType="image/jpeg" url="VGM001000496_02_nRt.jpg" height="50px" rend="thumbnail"/><graphic mimeType="image/png" url="VGM001000496_02_nRf.png" width="380px" rend="facstab"/></zone>
</surface>
<surface n="b 0381 b" xml:id="surf-pb-2r"><graphic mimeType="image/tiff" url="VGM001000497_01.TIF" rend="norend"/><zone xml:id="zone-pb-2r-5">
<graphic mimeType="image/tiff" url="VGM001000497_01_n.tif" rend="norend"/><graphic mimeType="image/jpeg" url="VGM001000497_01_nt.jpg" height="50px" rend="thumbnail"/><graphic mimeType="image/png" url="VGM001000497_01_nf.png" width="380px" rend="facstab"/></zone>
</surface>
<surface n="b 0381 b" xml:id="surf-pb-2v"><graphic mimeType="image/tiff" url="VGM001000497_02.TIF" rend="norend"/><zone xml:id="zone-pb-2v-6">
<graphic mimeType="image/tiff" url="VGM001000497_02_n.tif" rend="norend"/><graphic mimeType="image/jpeg" url="VGM001000497_02_nt.jpg" height="50px" rend="thumbnail"/><graphic mimeType="image/png" url="VGM001000497_02_nf.png" width="380px" rend="facstab"/></zone>
</surface>
<surface n="b 0381 c" xml:id="surf-pb-3r"><graphic mimeType="image/tiff" url="VGM001000498_01.TIF" rend="norend"/><zone xml:id="zone-pb-3r-7">
<graphic mimeType="image/tiff" url="VGM001000498_01_n.tif" rend="norend"/><graphic mimeType="image/jpeg" url="VGM001000498_01_nt.jpg" height="50px" rend="thumbnail"/><graphic mimeType="image/png" url="VGM001000498_01_nf.png" width="380px" rend="facstab"/></zone>
</surface>
<surface n="b 0381 c" xml:id="surf-pb-3v"><graphic mimeType="image/tiff" url="VGM001000498_02.TIF" rend="norend"/><zone xml:id="zone-pb-3v-8">
<graphic mimeType="image/tiff" url="VGM001000498_02_n.tif" rend="norend"/><graphic mimeType="image/jpeg" url="VGM001000498_02_nt.jpg" height="50px" rend="thumbnail"/><graphic mimeType="image/png" url="VGM001000498_02_nf.png" width="380px" rend="facstab"/></zone>
</surface></facsimile><text xmlns:xsi="http://www.w3.org/2001/XMLSchema-instance"><body>
<div type="original">
<pb f="1r" n="1" xml:id="pb-orig-1r-1" facs="#zone-pb-1r-1"/><lb n="1" xml:id="l-1"/>
<ab>Waarde Theo,</ab><lb n="1*" xml:id="l-1s"/>
<ab>Voor Uw schrijven van 1 Jan<hi rend="ss">ij</hi> <lb n="2" xml:id="l-2"/>en het ingeslotene moet ik U nog bedanken<c type="kp">_</c> <lb n="3" xml:id="l-3"/>Betreffende broederlijk zijn zoo is dit <lb n="4" xml:id="l-4"/>zeer afhankelijk<c type="kk">/</c> naar ’t me voorkomt<c type="kk">/</c> van <lb n="5" xml:id="l-5"/>of men de dingen ziet met dezelfde oogen <lb n="6" xml:id="l-6"/>al dan niet – en hier wees ik op – <lb n="7" xml:id="l-7"/>als komende ’t me voor onze inzigten <lb n="8" xml:id="l-8"/>welligt aanmerkelijk zullen uit elkaar <lb n="9" xml:id="l-9"/>loopen – indien dit niet alreeds ’t geval is. <lb n="10" xml:id="l-10"/>Indien ik reeds verschil <hi rend="ital">constateerde</hi> – <lb n="11" xml:id="l-11"/>(niet zoo maar <hi rend="ital">veronderstelde</hi>) – ik doe zulks<c type="kk">/</c> <lb n="12" xml:id="l-12"/>herzeg ik U, omdat tegenover U ik niet <lb n="13" xml:id="l-13"/>mij anders zal houden dan ik ben &amp; <lb n="14" xml:id="l-14"/>juist omdat ik niet zou willen twisten<c type="kp">_</c> <lb n="15" xml:id="l-15"/>op den duur zou ik<c type="kk">/</c> hoe groot den <lb n="16" xml:id="l-16"/>steun ook zij dien ik door U heb<c type="kk">/</c> dien liever <lb n="17" xml:id="l-17"/>missen dan aanhouden op conditie van <lb n="18" xml:id="l-18"/>tegen wat ik geloof in te werken.</ab><lb n="19" xml:id="l-19"/>
<ab rend="indent">Te meer omdat in later jaren<c type="kk">/</c> indien we die <lb n="20" xml:id="l-20"/>beleven<c type="kk">/</c> welligt gijzelf niet precies zult blijven <lb n="21" xml:id="l-21"/>gelooven in wat gij nu nog er voor houdt <lb n="22" xml:id="l-22"/>vast staat. Maar dat is nu niet aan de <lb n="23" xml:id="l-23"/>orde.</ab><lb n="24" xml:id="l-24"/>
<ab rend="indent">Betreffende wat gij zegt het zou kunnen gebeuren <lb n="25" xml:id="l-25"/>ik geheel geisoleerd werd – ik zeg niet dat dit niet <lb n="26" xml:id="l-26"/>zou kunnen gebeuren – ik wacht weinig anders <lb n="27" xml:id="l-27"/>en zal al content zijn indien ’t leven me <lb n="28" xml:id="l-28"/>houdbaar<c type="kk">/</c> dragelijk blijft.</ab>
<pb f="1v" n="2" xml:id="pb-orig-1v-2" facs="#zone-pb-1v-2"/><lb n="29" xml:id="l-29"/>
<ab rend="indent">Zulks echter verklaar ik U ik niet zou <lb n="30" xml:id="l-30"/>beschouwen als een lot dat ik verdien<c type="kk">/</c> want <lb n="31" xml:id="l-31"/>ik geloof dat ik après tout niets heb <lb n="32" xml:id="l-32"/>gedaan of doen zal dat maakt ik <lb n="33" xml:id="l-33"/>het regt om mij een mensch onder de menschen <lb n="34" xml:id="l-34"/>te voelen verloren zou hebben of verliezen zal. <lb n="35" xml:id="l-35"/>Voor een aanmerkelijk deel dus <lb n="36" xml:id="l-36"/>zouden ook anderen daar in fout kunnen <lb n="37" xml:id="l-37"/>zijn. Nu<c type="kk">/</c> ik tracht mij zelf te beschouwen <lb n="38" xml:id="l-38"/>als of ik iemand anders was<c type="kk">/</c> objectief dus<c type="kk">/</c> n.l. dat <lb n="39" xml:id="l-39"/>ik mijn eigen fouten ook tracht te zien <lb n="40" xml:id="l-40"/>zoowel als wat misschien daar tegen over <lb n="41" xml:id="l-41"/>staat<c type="kp">_</c> En ik ken verscheiden geschiedenissen <lb n="42" xml:id="l-42"/>van mannen die betrekkelijk <hi rend="ital">zeer</hi> geisoleerd <lb n="43" xml:id="l-43"/>leven moesten – juist ook omdat noch <lb n="44" xml:id="l-44"/>de eene noch de andere <hi rend="ital">partij</hi> hen precies vond <lb n="45" xml:id="l-45"/>zóó als ze ze begeerden.</ab><lb n="46" xml:id="l-46"/>
<ab rend="indent">Nu zijn er <lb n="47" xml:id="l-47"/>twee soorten van lui die tusschen de partijen <lb n="48" xml:id="l-48"/>inhangen<c type="kk">/</c> n.l. zoodanigen die geen persoonlijk <lb n="49" xml:id="l-49"/>karakter hebben en tweedens zulken wier <lb n="50" xml:id="l-50"/>karakter wel degelijk een karakter is doch <lb n="51" xml:id="l-51"/>zoo als gezegd toch niet is wat de een of <lb n="52" xml:id="l-52"/>de andere partij die een der boventoonen heeft<c type="kk">/</c> <lb n="53" xml:id="l-53"/>wil. Isolatie is beroerd genoeg en <lb n="54" xml:id="l-54"/>een soort van gevangenis. In hoeverre <lb n="55" xml:id="l-55"/>ik daarin verder zal komen is echter misschien nog <lb n="56" xml:id="l-56"/>niet precies beslist te zeggen. ’t Geen ge trouwens <lb n="57" xml:id="l-57"/>ook niet doet.–</ab>
<pb f="1v" n="3" xml:id="pb-orig-1v-3" facs="#zone-pb-1v-3"/><lb n="58" xml:id="l-58"/>
<ab rend="indent">Ik voor mij vind het dikwijls pleizieriger onder de <lb n="59" xml:id="l-59"/>menschen die het woord in kwestie <hi rend="ital">niet eens kennen</hi><c type="kk">/</c> <lb n="60" xml:id="l-60"/>b.v. de boeren<c type="kk">/</c> de wevers &amp;c<c type="kp">_</c><c type="kk">/</c> <lb n="61" xml:id="l-61"/>dan in de beschaafdere wereld. Dat is voor mij <lb n="62" xml:id="l-62"/>wel gelukkig.</ab><lb n="63" xml:id="l-63"/>
<ab rend="indent">Zoo bij voorbeeld heb ik nu terwijl ik hier ben <lb n="64" xml:id="l-64"/>mij verdiept in de wevers.</ab><lb n="65" xml:id="l-65"/>
<ab rend="indent">Kent gij veel teekeningen van wevers? <lb n="66" xml:id="l-66"/>Ik maar zeer enkelen.</ab><lb n="67" xml:id="l-67"/>
<ab rend="indent">Voorloopig heb ik 3 aquarellen er van gemaakt.<anchor n="1" xml:id="note-o-1"/> <lb n="68" xml:id="l-68"/>Deze lui zijn lastig te teekenen omdat men <lb n="69" xml:id="l-69"/>in de kleine vertrekken zijn afstand niet kan nemen om <lb n="70" xml:id="l-70"/>’t getouw te teekenen<c type="kk">/</c> dat is geloof ik de reden <lb n="71" xml:id="l-71"/>waarom het dikwijls mislukken moet ze te maken<c type="kp">_</c> <lb n="72" xml:id="l-72"/>Ik heb hier echter een vertrek gevonden waar <lb n="73" xml:id="l-73"/>twee getouwen staan &amp; waar het te doen is. <lb n="74" xml:id="l-74"/>Rappard heeft in Drenthe er een studie van geschilderd, <lb n="75" xml:id="l-75"/>die ik mooi vond.<anchor n="2" xml:id="note-o-2"/> Zeer somber – want het is <lb n="76" xml:id="l-76"/>een zeer armzalig volkje die wevers.</ab><lb n="77" xml:id="l-77"/>
<ab rend="indent">Ik heb ook een teekening <lb n="78" xml:id="l-78"/>gemaakt, ofschoon slechts een impressie, van <lb n="79" xml:id="l-79"/>een houtverkooping.<anchor n="3" xml:id="note-o-3"/></ab><lb n="80" xml:id="l-80"/>
<ab rend="indent">Ik wenschte gij wel verstondt en begreept <lb n="81" xml:id="l-81"/>dat<c type="kk">/</c> indien ja<anchor n="a" xml:id="note-o-a"/> ik wel wensch bij tijden <lb n="82" xml:id="l-82"/>dat gij over zekere kwesties andere gedachten <lb n="83" xml:id="l-83"/>kondt hebben dan Uw tegenwoordigen, ik <lb n="84" xml:id="l-84"/>dit niet laten kan omdat ik geloof gij <lb n="85" xml:id="l-85"/>er beter bij varen zoudt. <lb n="85a" xml:id="l-85a"/>En het is niet omdat ik een proseliet zou begeeren te maken voor MIJN OPINIES<c type="kp">_</c> <hi rend="ital">Mijn</hi> <hi rend="ital">opinies</hi> <lb n="86" xml:id="l-86"/>geloof ik niet beter te zijn dan anderer <lb n="87" xml:id="l-87"/>menschen opinie<c type="kp">_</c>– Doch meer &amp; meer <lb n="88" xml:id="l-88"/>begin ik te gelooven dat er iets is waar <hi rend="ital">alle</hi> <lb n="89" xml:id="l-89"/>opinies<c type="kk">/</c> ook de mijne dus<c type="kk">/</c> als niets bij worden.</ab>
<pb f="1r" n="4" xml:id="pb-orig-1r-4" facs="#zone-pb-1r-4"/><lb n="90" xml:id="l-90"/>
<ab rend="indent">Zekere waarheden en daadzaken waar onze <lb n="91" xml:id="l-91"/>opinies weinig of niets aan toe of af doen en waarmede ik noch <lb n="91a" xml:id="l-91a"/>mijn noch anderer opvattingen hoop te verwarren<c type="kk">/</c> ’t geen een erreur de point <lb n="91b" xml:id="l-91b"/>de vue zou wezen.</ab><lb n="92" xml:id="l-92"/>
<ab rend="indent">Evenmin als de windwijzers iets af of toe doen <lb n="93" xml:id="l-93"/>aan de rigting van den wind<c type="kk">/</c> doen opinies af of toe aan <lb n="93a" xml:id="l-93a"/>zekere standaard waarheden.</ab><lb n="94" xml:id="l-94"/>
<ab rend="indent">De windwijzers maken den wind niet oost of noord<c type="kk">/</c> evenmin <lb n="95" xml:id="l-95"/>welke opinies dan ook de waarheid waar.</ab><lb n="96" xml:id="l-96"/>
<ab rend="indent">Ik weet niet of gij mij begrijpen zult maar het <lb n="97" xml:id="l-97"/>was mij te doen U duidelijk te maken ik<c type="kk">/</c> denkende <lb n="98" xml:id="l-98"/>zoo als ik denk<c type="kk">/</c> moeielijk boos zou kunnen <lb n="99" xml:id="l-99"/>worden op wie dan ook ter wille van <lb n="100" xml:id="l-100"/>slechts een <hi rend="ital">opinie</hi><c type="kp">_</c>– Ik mijn eigen <hi rend="ital">opinies</hi> <lb n="101" xml:id="l-101"/>niet veel tellende. Maar het is iets heel anders als <lb n="102" xml:id="l-102"/>ik het niet goed vind als ik veel personen, <lb n="103" xml:id="l-103"/>mijns inziens wel wat roekeloos, te veel buiten wat <lb n="104" xml:id="l-104"/><hi rend="ital">voor iedereen</hi> waar is om zie leven. Dus indien <lb n="105" xml:id="l-105"/>ik boos word zoo kon ’t wel eens zijn om iets<anchor n="4" xml:id="note-o-4"/> <lb n="106" xml:id="l-106"/>waar een hoogen dunk van <lb n="106a" xml:id="l-106a"/>mij zelf hebben zeer buiten ’t spel was.</ab><lb n="107" xml:id="l-107"/>
<ab rend="indent">Er zijn dingen die zoo oud zijn als de menschheid <lb n="108" xml:id="l-108"/>zelf en die ook wel niet vooreerst zullen ophouden.<anchor n="5" xml:id="note-o-5"/> <lb n="110" xml:id="l-110"/>Ik ken een oude legende van ik weet niet <lb n="111" xml:id="l-111"/>eens welk volk<c type="kk">/</c> die ik mooi vind<c type="kk">/</c> die natuurlijk <lb n="112" xml:id="l-112"/>zeker niet <hi rend="ital">letterlijk</hi> gebeurd is maar een symbool <lb n="113" xml:id="l-113"/>is toch van veel.<anchor n="6" xml:id="note-o-6"/> In dat verhaal wordt beweerd <lb n="114" xml:id="l-114"/>dat het menschelijk geslagt afstamt van twee broers. <lb n="115" xml:id="l-115"/>Die lui mogten kiezen wat zij hebben wilden uit <lb n="116" xml:id="l-116"/>alle dingen. De eene koos het goud en de <lb n="117" xml:id="l-117"/>andere koos het boek.</ab><lb n="118" xml:id="l-118"/>
<ab rend="indent">Den eersten die ’t goud gekozen had ging alles <lb n="119" xml:id="l-119"/>goed maar den tweeden ging het slecht. <lb n="120" xml:id="l-120"/>De legende – zonder precies te verklaren <lb n="121" xml:id="l-121"/>waarom – verhaalt hoe die man met het boek 
<pb f="2r" n="5" xml:id="pb-orig-2r-5" facs="#zone-pb-2r-5"/><lb n="122" xml:id="l-122"/>werd verbannen naar een koud en <lb n="123" xml:id="l-123"/>miserabel land en <hi rend="ital">geïsoleerd</hi><c type="kp">_</c></ab><lb n="124" xml:id="l-124"/>
<ab rend="indent">Hij begon echter in zijn misere dat boek <lb n="125" xml:id="l-125"/>te lezen en hij leerde er dingen uit<c type="kp">_</c>–</ab><lb n="126" xml:id="l-126"/>
<ab rend="indent">Zoo dat hij er toe kwam zich het leven <lb n="127" xml:id="l-127"/>dragelijker te maken en verschillende dingen <lb n="128" xml:id="l-128"/>uitvond om zich te redden uit zijn moeielijkheden. <lb n="129" xml:id="l-129"/>Zoo dat ten laatste hij een zekere magt <lb n="130" xml:id="l-130"/>verkreeg<c type="kk">/</c> ofschoon altijd door werken <lb n="131" xml:id="l-131"/>en als door een strijd.</ab><lb n="132" xml:id="l-132"/>
<ab rend="indent">Toen later, juist toen hij met het boek <lb n="133" xml:id="l-133"/>sterker werd, verzwakte de eerste en dus die <lb n="134" xml:id="l-134"/>leefde lang genoeg om te gevoelen dat het <lb n="135" xml:id="l-135"/>goud niet de <hi rend="ital">as</hi> is waar <hi rend="ital">alles</hi> om draait. <lb n="136" xml:id="l-136"/>Dit is maar een legende doch <lb n="137" xml:id="l-137"/>voor mij zit er iets dieps in dat ik waar <lb n="138" xml:id="l-138"/>vind<c type="kp">_</c></ab><lb n="139" xml:id="l-139"/>
<ab rend="indent">“<hi rend="ital">Het boek</hi>”<c type="kk">/</c> dat is niet alleen <hi rend="ital">alle</hi> boeken of de litteratuur<c type="kk">/</c> <lb n="140" xml:id="l-140"/>het is tevens <lb n="141" xml:id="l-141"/>geweten<c type="kk">/</c> rede – en het is kunst<c type="kp">_</c></ab><lb n="142" xml:id="l-142"/>
<ab rend="indent">“Het goud”<c type="kk">/</c> dat is niet alleen geld maar het is <lb n="143" xml:id="l-143"/>een beeld van een boel andere dingen tevens.</ab><lb n="144" xml:id="l-144"/>
<ab rend="indent">Meen echter niet ik in dit opzigt iets forceeren <lb n="145" xml:id="l-145"/>zou willen – deze dingen moeten zich zelf <lb n="146" xml:id="l-146"/>uitwijzen. Iets anders is het evenwel dan <lb n="147" xml:id="l-147"/>forceeren er een woord over te zeggen <lb n="148" xml:id="l-148"/>– op zekere momenten is zwijgen er over <lb n="149" xml:id="l-149"/>haast ’t zelfde als veinzerij. Dat wilde <lb n="150" xml:id="l-150"/>ik nu eenmaal ook niet.</ab>
<pb f="2v" n="6" xml:id="pb-orig-2v-6" facs="#zone-pb-2v-6"/><lb n="151" xml:id="l-151"/>
<ab rend="indent">En overigens<c type="kk">/</c> hoe het ook loope met al dan <lb n="152" xml:id="l-152"/>niet geïsoleerd worden<c type="kk">/</c> ik zal trachten het zoo <lb n="153" xml:id="l-153"/>te sturen dat ik doorwerken kan – en wat <lb n="154" xml:id="l-154"/>mijn opinies mogt betreffen – ik denk wel <lb n="155" xml:id="l-155"/>eens aan wat Taine zei<c type="kk">/</c> il me semble <lb n="156" xml:id="l-156"/>que pour ce qui est du travailleur personellement<c type="kk">/</c> <lb n="157" xml:id="l-157"/>on peut garder ça pour soi<c type="kp">_</c><anchor n="7" xml:id="note-o-7"/> ’t was dan <lb n="158" xml:id="l-158"/>ook waarschijnlijk een fout van mij betrekkelijk <lb n="159" xml:id="l-159"/>ik het niet voor mezelf hield. Enfin.</ab><lb n="160" xml:id="l-160"/>
<ab rend="indent">En weet het wel dat ik er op tegen zou zijn <lb n="161" xml:id="l-161"/>gij het helpen van mij zoudt beschouwen <lb n="162" xml:id="l-162"/>als iets ’t welk gij U <hi rend="ital">verpligt</hi> zoudt rekenen <lb n="163" xml:id="l-163"/>te doen want zulks waart gij niet verpligt <lb n="164" xml:id="l-164"/>vroeger noch zijt het nu – het is iets vrijwilligs <lb n="165" xml:id="l-165"/>van U geweest waarvoor <hi rend="ital">ik</hi> van mijn kant <lb n="166" xml:id="l-166"/>wel degelijk <hi rend="ital">verpligting</hi> heb <hi rend="ital">aan U</hi> en zooals <lb n="167" xml:id="l-167"/>ik reeds zeide<c type="kk">/</c> wel degelijk zal blijven gevoelen.</ab><lb n="168" xml:id="l-168"/>
<ab rend="indent">U voorspoed met Uw zaken toewenschende,</ab>
<vg:whiteline/><lb n="169" xml:id="l-169"/>
<ab>b. à t.</ab><lb n="170" xml:id="l-170"/>
<ab>Vincent</ab>
<vg:whiteline/>
<pb f="3r" n="7" xml:id="pb-orig-3r-7" facs="#zone-pb-3r-7"/><lb n="171" xml:id="l-171"/>
<ab>Een aardig woord las ik eens ergens betreffende <lb n="172" xml:id="l-172"/>dat men op later leeftijd wel degelijk nog verandert.</ab><lb n="173" xml:id="l-173"/>
<ab rend="indent">In een levensbeschrijving van Corot vind ik het volgende over den <lb n="174" xml:id="l-174"/>invloed door hem uitgeoefend op Français<c type="kp">_</c></ab><lb n="175" xml:id="l-175"/>
<ab rend="indent">Daar staat “<hi rend="ital">à trente ans Français ignorait ce que c’est</hi> <lb n="176" xml:id="l-176"/><hi rend="ital">qu’un ton neutre</hi>”<c type="kp">_</c><anchor n="8" xml:id="note-o-8"/></ab><lb n="177" xml:id="l-177"/>
<ab rend="indent">Ik bedoel<c type="kk">/</c> tot laat toe en in het artistieke en <lb n="178" xml:id="l-178"/>zeer zeker niet minder “als mensch”<c type="kk">/</c> tot laat toe <lb n="179" xml:id="l-179"/>kan men zekere stijve<c type="kk">/</c> rigide<c type="kk">/</c> laat ik nu maar zeggen <lb n="180" xml:id="l-180"/>ijzerachtige manieren van doen<c type="kk">/</c> zoowel als van kijken<c type="kk">/</c> <lb n="181" xml:id="l-181"/>zoowel als van werken hebben<c type="kk">/</c> en evenwel op later <lb n="182" xml:id="l-182"/>leeftijd tot zachter<c type="kk">/</c> tot intelligenter<c type="kk">/</c> tot redelijker<c type="kk">/</c> tot <lb n="183" xml:id="l-183"/>humaner inzigten komen<c type="kp">_</c>–</ab><lb n="184" xml:id="l-184"/>
<ab rend="indent">Wil er op komen dat het heel best kan gij en <lb n="185" xml:id="l-185"/>als mensch en als werkman tot meer natuur<c type="kk">/</c> tot <lb n="186" xml:id="l-186"/>meer rust<c type="kk">/</c> tot meer “uw eigen” komt.</ab><lb n="187" xml:id="l-187"/>
<ab rend="indent">Wil er op komen dat ik U zooals gij nu soms zijt <lb n="188" xml:id="l-188"/>niet natuurlijk vind<c type="kk">/</c> b.v. niet verl. zomer te s’Hage. <lb n="189" xml:id="l-189"/>Dat is voorloopig niets – en word door mij beschouwd <lb n="190" xml:id="l-190"/>geenszins als Uw vast en onherroepelijk karakter of <lb n="191" xml:id="l-191"/>stemming maar als een curieus verschijnsel. <lb n="192" xml:id="l-192"/>Dat ik gadesla met belangstelling en nadenken<c type="kk">/</c> <lb n="193" xml:id="l-193"/>juist omdat ik zelf ook kende oogenblikken van <lb n="194" xml:id="l-194"/>die stemming<c type="kk">/</c> juist in een tijd ik vlak bij een <lb n="195" xml:id="l-195"/>ommekeer in eigen gemoed was<c type="kp">_</c>– Enfin<c type="kp">_</c>–</ab><lb n="196" xml:id="l-196"/>
<ab rend="indent">Iets is er nog wat ik U moet mededeelen betreffende <lb n="197" xml:id="l-197"/>mijn gesprek met Pa. Ik heb er Pa op gewezen dat <lb n="198" xml:id="l-198"/>in mijn tegenwoordige stemming en positie ik er wel <lb n="199" xml:id="l-199"/>eens over denk om weder terug te gaan tot de vrouw <lb n="200" xml:id="l-200"/>met wie ik geleefd heb – ja dat ik er toe zou kunnen komen <lb n="201" xml:id="l-201"/>om haar te trouwen<c type="kp">_</c>– Weet gij echter – maar <lb n="202" xml:id="l-202"/>dat hoeft Pa niet te weten – dat ik tot heden <lb n="203" xml:id="l-203"/>er zoo over denk als ik besloot dat dit niet gaan zou <lb n="204" xml:id="l-204"/>en van op nieuw zamenleven niet komen kan<c type="kp">_</c>–</ab><lb n="205" xml:id="l-205"/>
<ab rend="indent">Ik sprak er met Pa over om eens terug te komen op de <lb n="206" xml:id="l-206"/>kwestie van het “vaderlijk regt”<anchor n="9" xml:id="note-o-9"/> om iets van dien aard te verhinderen<c type="kk">/</c> <lb n="207" xml:id="l-207"/>kwestie door Pa aangeroerd. Ik zeide dienaangaande <lb n="208" xml:id="l-208"/>dat primo een zich stellen van Pa tegenover mij ooit in een <lb n="209" xml:id="l-209"/>regtszaak in mijn oog een hoogst onverstandig ding zou wezen<c type="kp">_</c></ab>
<pb f="3v" n="8" xml:id="pb-orig-3v-8" facs="#zone-pb-3v-8"/><lb n="210" xml:id="l-210"/>
<ab rend="indent">Dat bovendien in zoo’n zaak zou geknoeid en valsch <lb n="211" xml:id="l-211"/>getuigd moeten worden om een schijn van regt te geven <lb n="212" xml:id="l-212"/>aan een belemmering mij bij een eventueel voorgenomen <lb n="213" xml:id="l-213"/>huwelijk in den weg gelegd.</ab><lb n="214" xml:id="l-214"/>
<ab rend="indent">Dat ik voor mij in een geval men ooit in <lb n="215" xml:id="l-215"/>zoo’n geval me in den weg zou staan<c type="kk">/</c> heel kalm en bedaard <lb n="216" xml:id="l-216"/>mij zou verdedigen en op mijn regt staan en niet <lb n="217" xml:id="l-217"/>toegeven.</ab><lb n="218" xml:id="l-218"/>
<ab rend="indent">Ziende ik er in dat het een geval zou worden in hetwelk de regter <lb n="219" xml:id="l-219"/>zelf op de noodzakelijkheid eener minnelijke schikking <lb n="220" xml:id="l-220"/>zou aandringen<c type="kp">_</c>–</ab><lb n="221" xml:id="l-221"/>
<ab rend="indent">Zoo sprak ik met pa over de kwestie van trouwen<c type="kk">/</c> nemende <lb n="222" xml:id="l-222"/>de vrouw met wie ik geleefd heb als voorbeeld hoe het zou <lb n="223" xml:id="l-223"/>kunnen gaan<c type="kp">_</c>– Doch weet gij dat op dit punt ik <lb n="224" xml:id="l-224"/>geen redenen inzie om terug te komen op het besluit <lb n="225" xml:id="l-225"/>met haar niet weer zamen te leven. Besluit haar <lb n="226" xml:id="l-226"/>zelf ook bekend.</ab><lb n="227" xml:id="l-227"/>
<ab rend="indent">Voor en aleer ik tot andere gedachten daaromtrent <lb n="228" xml:id="l-228"/>kwam zouden er een heele boel dingen moeten <lb n="229" xml:id="l-229"/>gebeuren waar nu geen sprake van is.</ab><lb n="230" xml:id="l-230"/>
<ab rend="indent">Weet gij voor U zelf dus daaromtrent het Uwe doch <lb n="231" xml:id="l-231"/>tot Pa heb ik er over gesproken in den geest dat <lb n="232" xml:id="l-232"/>indien ik dit ooit zou willen<c type="kk">/</c> Pa het niet zou kunnen <lb n="233" xml:id="l-233"/>verhinderen<c type="kk">/</c> daar<c type="kk">/</c> wat er ook zij van het <lb n="234" xml:id="l-234"/>vaderlijk regt<c type="kk">/</c> geen termen in de wet ik zien kan <lb n="235" xml:id="l-235"/>die op mij zouden toepasselijk zijn om mij te belemmeren<c type="kp">_</c> <lb n="236" xml:id="l-236"/>Pa heeft al zoo dikwijls daarop gezinspeeld<c type="kk">/</c> heel vaag maar <lb n="237" xml:id="l-237"/>toch heel voelbaar<c type="kk">/</c> dat ik voor mij het hem maar eens <lb n="238" xml:id="l-238"/>vierkant heb gezegd hoe absurd en grof ik zoo’n opvatting zou vinden. <lb n="239" xml:id="l-239"/>Ik denk wel degelijk soms er over dat trouwen <lb n="240" xml:id="l-240"/>voor mij een hoogst wenschelijke zaak zou zijn doch <lb n="241" xml:id="l-241"/>bepaalde plannen dienaangaande heb ik daarom <lb n="242" xml:id="l-242"/>niet en zeker niet voor zoover de vrouw met wie ik <lb n="243" xml:id="l-243"/>geleefd heb aangaat<c type="kp">_</c>–</ab>
<vg:whiteline/>
<div type="textualNotes">
<note target="l-85" n="85">a <hi rend="ital">Mijn</hi> &lt; <hi rend="ital">Emphasis added by us.</hi></note>
<note target="l-105" n="105">zijn om &lt; om</note></div></div>
<div type="translation">
<pb f="1r" n="1" xml:id="pb-trans-1r-1" facs="#zone-pb-1r-1"/>
<ab>My dear Theo,</ab>
<ab>I still have to thank you for your letter of 1 Jan. and the enclosure. As to being brotherly, it seems to me that this depends very much on whether or not people look at things with the same eyes — and I pointed this out — since it appears to me that our views will probably diverge considerably — if this isn’t already the case. If I had already <hi rend="ital">seen</hi> a difference — (not just <hi rend="ital">supposed</hi>) — I do so, I tell you again, because I won’t behave towards you other than as I am, and precisely because I don’t want to quarrel. In the long run, I would rather do without the support that I get through you, however great it may be, than continue with it on the condition that I work against what I believe in.</ab>
<ab rend="indent">All the more so because in later years, if we live to see them, you may perhaps not really carry on believing in what you now take to be certain. But that’s not the issue now.</ab>
<ab rend="indent">Regarding what you say, that I could become totally isolated — I don’t say that this couldn’t happen — I expect little else, and will be content enough if life remains tolerable, bearable for me. 
<pb f="1v" n="2" xml:id="pb-trans-1v-2" facs="#zone-pb-1v-2"/></ab>
<ab rend="indent">I tell you, though, that I wouldn’t consider that as a fate that I deserve, for I believe, after all, that I haven’t done nor will do anything that means that I have forfeited or will forfeit my right to feel myself a human being among human beings. To a considerable extent, then, others could also be at fault here. Well, I try to look at myself as if I were somebody else, objectively in other words, so that I also try to see my own faults as well as what perhaps offsets them. And I know various stories of men who had to live in relatively <hi rend="ital">great</hi> isolation — also just because neither one <hi rend="ital">party</hi> nor the other found them precisely as they wanted them to be.</ab>
<ab rend="indent">Now there are two sorts of folk who get between the parties, namely those who don’t have a personal character, and secondly such whose character really is a character but, as I said, is nevertheless not what the one party or the other who have the say wants. Isolation is wretched enough, and a sort of prison. It is, however, perhaps not yet possible to say for certain to what extent I’ll go further into it. Which you don’t do anyway. 
<pb f="1v" n="3" xml:id="pb-trans-1v-3" facs="#zone-pb-1v-3"/></ab>
<ab rend="indent">For myself, I usually find it more pleasant among the people who <hi rend="ital">don’t even know</hi> the word in question, for example the peasants, the weavers &amp;c., than in the more civilized world. That’s fortunate for me.</ab>
<ab rend="indent">So, for instance, I’ve been studying the weavers while I’ve been here.</ab>
<ab rend="indent">Do you know many drawings of weavers? I only very few.</ab>
<ab rend="indent">So far I’ve made 3 watercolours of them.<anchor n="1" xml:id="note-t-1"/> These folk are difficult to draw because in the small rooms one can’t get far enough away to draw the loom. I think this is why attempts to do it usually fail. However, I’ve found a room here where there are two looms and where it can be done. <rs type="pers" key="1306">Rappard</rs> painted a study of it in Drenthe, which I found beautiful.<anchor n="2" xml:id="note-t-2"/> Very gloomy — for these weavers are very poor people.</ab>
<ab rend="indent">I’ve also made a drawing, although only an impression, of a timber sale.<anchor n="3" xml:id="note-t-3"/></ab>
<ab rend="indent">I wish you appreciated and understood that if I do indeed wish at times that you might have other ideas about certain questions than your present ones, I can’t let it go, because I believe you would be the better for it. And it isn’t because I want to make a proselyte for MY OPINIONS. I don’t believe that <hi rend="ital">my</hi> <hi rend="ital">opinions</hi> are any better than other people’s opinions. Yet I’m starting to believe more and more that there’s something compared to which <hi rend="ital">all</hi> opinions, thus including mine, are as nothing. 
<pb f="1r" n="4" xml:id="pb-trans-1r-4" facs="#zone-pb-1r-4"/></ab>
<ab rend="indent">Certain truths and facts, on which our opinions have little or no effect, and which I hope I don’t confuse with mine or others’ opinions, which would be a mistaken point of view.</ab>
<ab rend="indent">Just as weathercocks have no effect on the direction of the wind, so opinions have no effect on certain standard truths.</ab>
<ab rend="indent">The weathercocks don’t make the wind east or north, any more than any opinions whatsoever make the truth true.</ab>
<ab rend="indent">I don’t know whether you’ll understand me, but I was concerned to make it clear to you that, thinking as I think, I could hardly be angry with anyone merely for the sake of an <hi rend="ital">opinion</hi>. Not counting my own <hi rend="ital">opinions</hi> for much. But it’s a very different matter if I don’t like it when I see many people, rather recklessly in my view, living too far removed from what is true <hi rend="ital">for everyone</hi>. In other words if I get angry,<anchor n="4" xml:id="note-t-4"/> it might well be about something where having a high opinion of myself had absolutely nothing to do with it.</ab>
<ab rend="indent">There are things that are as old as mankind itself, and that won’t cease for the present.<anchor n="5" xml:id="note-t-5"/> I know an old legend of, I don’t even know which people, which I like, which obviously certainly didn’t happen <hi rend="ital">literally</hi>, but is nonetheless a symbol of a great deal.<anchor n="6" xml:id="note-t-6"/> The story goes that humankind is descended from two brothers. These folk were allowed to choose what, of all things, they wanted to have. One chose the gold and the other chose the book.</ab>
<ab rend="indent">Everything went well for the first one, who had chosen the gold, but things went badly with the second. The legend — without exactly explaining why — relates how the man with the book 
<pb f="2r" n="5" xml:id="pb-trans-2r-5" facs="#zone-pb-2r-5"/> was banished to a cold and miserable land and <hi rend="ital">isolated</hi>.</ab>
<ab rend="indent">But then in his misery he began to read that book, and he learned things from it.</ab>
<ab rend="indent">So that he was able to make life more bearable for himself, and invented different things to rescue himself from his difficulties. So that at last he acquired a certain control, although always by working and as if through a struggle.</ab>
<ab rend="indent">Then later, just as the one with the book became stronger, the first one weakened, and so he lived long enough to feel that gold isn’t the <hi rend="ital">axis</hi> around which <hi rend="ital">everything</hi> revolves. It’s only a legend, but all the same to me there’s something deep in it that I find true.</ab>
<ab rend="indent">‘<hi rend="ital">The book</hi>’, that isn’t only <hi rend="ital">all</hi> books, or literature, it’s also conscience, reason — and it is art.</ab>
<ab rend="indent">‘Gold’, that isn’t only money, but it’s an image of a lot of other things as well.</ab>
<ab rend="indent">Don’t think, though, that I want to force anything in this respect — these things have to reveal themselves. However, having a word about things isn’t the same as forcing them — there are times when keeping silent is almost the same as hypocrisy. I simply didn’t want that either. 
<pb f="2v" n="6" xml:id="pb-trans-2v-6" facs="#zone-pb-2v-6"/></ab>
<ab rend="indent">And for the rest, however becoming isolated or not may turn out, I’ll try to steer it in such a way that I can go on working — and as far as my opinions are concerned — I sometimes think of what <rs type="pers" key="833">Taine</rs> said, ‘it seems to me that as far as it is personal to the worker, he may keep it to himself’.<anchor n="7" xml:id="note-t-7"/> So it was probably something of a mistake on my part that I didn’t keep it to myself. Well.</ab>
<ab rend="indent">And you should know that I don’t want you to regard helping me as something that you reckon you’re <hi rend="ital">obliged</hi> to do, for you weren’t so obliged in the past nor are you now — it has been something voluntary on your part, for which <hi rend="ital">I</hi> for my part really do have an <hi rend="ital">obligation</hi> <hi rend="ital">to you</hi> and, as I already said, really will continue to feel.</ab>
<ab rend="indent">Wishing you success with your affairs,</ab>
<vg:whiteline/>
<ab>Yours truly,</ab>
<ab>Vincent</ab>
<vg:whiteline/>
<ab>
<pb f="3r" n="7" xml:id="pb-trans-3r-7" facs="#zone-pb-3r-7"/></ab>
<ab>I once read an interesting remark somewhere that people really do go on changing as they get older.</ab>
<ab rend="indent">In a biography of <rs type="pers" key="971">Corot</rs> I find the following about the influence he had on <rs type="pers" key="1033">Français</rs>.</ab>
    <ab rend="indent">It says, ‘<hi rend="ital">at the age of thirty, Français did not know what a neutral tone was</hi>’.<anchor n="8" xml:id="note-t-8"/></ab>
<ab rend="indent">I mean, until late in life both in art and very certainly no less ‘as a human being’, until late in life one may have certain stiff, rigid, let’s say steely ways of doing things, both of observing and of working, and may yet come later in life to milder, to more intelligent, to more reasonable, to more humane views.</ab>
<ab rend="indent">Just want to point out that it’s perfectly possible that, both as a human being and as a workman, you could come to more nature, to more rest, to more ‘your own self’.</ab>
    <ab rend="indent">Just want to point out that I don’t find you natural, the way you sometimes are nowadays, for example last summer in The Hague. This means nothing for the time being — and is in no way regarded by me as your fixed and irrevocable character or state of mind, but as a curious phenomenon. Which I observe with interest and reflection, precisely because I myself have also known moments of that state of mind, precisely at a time when I was close to a reversal in my own mind. Well.</ab>
<ab rend="indent">There’s something else I have to tell you about my talk with <rs type="pers" key="526">Pa</rs>. I told Pa that in my present state of mind and position I sometimes think about going back to the <rs type="pers" key="463">woman</rs> I lived with — yes, that I could go so far as to marry her. You should know, though — but Pa doesn’t need to know this — that up to now I still think as I did when I decided that it wouldn’t work and that nothing can come of living together again.</ab>
<ab rend="indent">I mentioned it to <rs type="pers" key="526">Pa</rs> in order to return to the question of the ‘paternal right’<anchor n="9" xml:id="note-t-9"/> to prevent something of that nature, a question raised by Pa. I said in that regard that, firstly, should Pa ever oppose me in legal proceedings this would, in my view, be a very unwise thing.
<pb f="3v" n="8" xml:id="pb-trans-3v-8" facs="#zone-pb-3v-8"/></ab>
<ab rend="indent">That, moreover, it would be necessary to use tricks and false testimony in such proceedings in order to give a semblance of justice to an impediment placed in the way of any marriage I might be contemplating.</ab>
<ab rend="indent">That should people ever stand in my way in such a case, I, for my part, would defend myself very calmly and collectedly, and would stand up for my rights and not give in.</ab>
<ab rend="indent"> Realizing as I did that it would be a case in which the judge himself would urge the necessity of an amicable settlement.</ab>
<ab rend="indent">This is how I talked to <rs type="pers" key="526">Pa</rs> about the question of marriage, taking the <rs type="pers" key="463">woman</rs> with whom I lived as an example of how it might turn out. However, you should know that on this point I see no reason to go back on the decision not to live with her again. Decision she herself knows too.</ab>
<ab rend="indent">A whole lot of things would have to happen before I changed my mind in that regard, and they’re out of the question now.</ab>
<ab rend="indent">So know what you have to know about this, but I spoke to <rs type="pers" key="526">Pa</rs> about it to make it plain that if I should ever want to do this, Pa wouldn’t be able to prevent it, since, whatever paternal rights there may be, I can see no provisions in the law that could apply to me to prevent me. Pa has already hinted at this so often, very vaguely but nonetheless very palpably, that for my part I simply came straight out and told him how absurd and crass I would find such an idea. I really do think sometimes that marriage would be a highly desirable thing for me, but nevertheless I don’t have specific plans in this respect, and certainly not as far as the <rs type="pers" key="463">woman</rs> I lived with is concerned.</ab></div>
<div type="notes">
<note n="1" xml:id="n-1" target="#note-t-1">
<ab>It is difficult to identify exactly which three watercolours of weavers are referred to here. Several from this period have survived, among them <hi rend="ital">Weaver </hi>(<rs type="otherart" key="934">F 1107 / JH 445</rs>), <hi rend="ital">Weaver</hi> (<rs type="otherart" key="935">F 1125 / JH 448</rs>) and <hi rend="ital">Weaver, with a baby in a highchair </hi>(<rs type="otherart" key="936">F 1119 / JH 449</rs>).</ab></note>
<note n="2" xml:id="n-2" target="#note-t-2">
<ab><rs type="pers" key="1306">Van Rappard</rs>’s study of a weaver in Drenthe is not known; there is a surviving drawing of the subject, but it is uncertain whether this was done in Drenthe or in Brabant. See exhib. cat. Amsterdam 1974, p. 83.</ab></note>
<note n="3" xml:id="n-3" target="#note-t-3">
<ab>This ‘impression’ is not known; it seems unlikely that Van Gogh is referring to the large watercolour <hi rend="ital">Timber sale</hi> (<rs type="ill" key="2450">F 1113 / JH 438</rs>), since this is too detailed and finished to be an ‘impression’. The drawing, which has not survived, probably served as a model for the watercolour. There had been a timber auction on 31 December 1883. See cat. Amsterdam 1997, pp. 45-48, cat. no. 77. From <ref target="let421.xml">letter 421</ref> it appears that Van Gogh made several works of a timber sale.</ab></note>
<note n="a" xml:id="n-a" target="#note-o-a">
<ab>Read: ‘Inderdaad, wel degelijk’ (indeed; really); amplifying ‘wensch’ (wish).</ab></note>
<note n="4" xml:id="n-4" target="#note-t-4">
<ab>After ‘something’ Van Gogh crossed out: ‘that would thus be more than just an opinion perhaps’ (‘dat dus meer dan slechts een opinie wou zijn welligt’).</ab></note>
<note n="5" xml:id="n-5" target="#note-t-5">
<ab>After ‘cease’ Van Gogh crossed out: ‘Who’s right and what’s true – who shall say –’ (‘Wie heeft gelijk en wat is waar – wie zal het zeggen –’).</ab></note>
<note n="6" xml:id="n-6" target="#note-t-6">
<ab>The origin of this legend has not been traced.</ab></note>
<note n="7" xml:id="n-7" target="#note-t-7">
<ab>The passage refers to what <rs type="pers" key="833">Taine</rs> says about <rs type="pers" key="580">Dickens</rs> in <hi rend="ital"><rs type="lit" key="128">Histoire de la littérature anglaise</rs></hi>. He observes that the author was not very forthcoming about his personal life, which made it difficult to write his biography. Nonetheless he believes that Dickens was fully entitled to this reticence: ‘One may well be famous, one does not for all that become public property; one is not condemned to confidences; one still belongs to oneself, one may withhold of oneself whatever one deems it proper to withhold.’ (On a beau être illustre, on ne devient pas pour cela la propriété du public; on n’est pas condamné aux confidences; on continue à s’appartenir; on peut réserver de soi ce qu’on juge à propos d’en réserver.) See Taine 1874, vol. 5, p. 4 (‘Dickens’, chapter 1). Van Gogh was familiar with this chapter: <ref target="let356.xml#n-6">see letter 356, n. 6.</ref></ab></note>
<note n="8" xml:id="n-8" target="#note-t-8">
<ab>Van Gogh, who makes <rs type="pers" key="1033">Louis-François Français</rs> ten years older in the anecdote, is referring to the following tradition: ‘Français was twenty when he met <rs type="pers" key="971">Corot</rs> through Buttera, after he had made his first study in the Meudon woods, and when he did not yet know what a <hi rend="ital">neutral tone </hi>is.’ (Français avait vingt ans lorsqu’il a connu Corot par l’intermédiaire de Buttera, après qu’il eut fait sa première étude dans les bois de Meudon, et quand il ignorait encore ce que c’est qu’un <hi rend="ital">ton neutre</hi>.) See Dumesnil 1875, p. 59.</ab></note>
<note n="9" xml:id="n-9" target="#note-t-9">
    <ab>See for the earlier discussions about paternal rights and making a person a ward of court: <ref target="let234.xml#n-6">letter 234, nn. 6</ref> and <ref target="let234.xml#n-7">7.</ref></ab></note></div></body></text></TEI>
