<?xml version="1.0" encoding="UTF-8"?>
<!-- Last Changed Date: 2018-07-18 12:32:41 +0200 (Wed, 18 Jul 2018) | SVN Revision: 2206 -->
<!--Licensed under Attribution-NonCommercial-ShareAlike 4.0 International (CC BY-NC-SA 4.0)-->
<?xml-model href="https://xmlschema.huygens.knaw.nl/vgodd.rng" type="application/xml" schematypens="http://relaxng.org/ns/structure/1.0"?>
<TEI xmlns:vg="http://www.vangoghletters.org/ns/" xmlns="http://www.tei-c.org/ns/1.0">
<teiHeader xmlns:xsi="http://www.w3.org/2001/XMLSchema-instance"><fileDesc>
<titleStmt>
<title>To Theo van Gogh. Nuenen, Thursday, 9 April 1885. </title>
<editor>Leo Jansen</editor>
<editor>Hans Luijten</editor>
<editor>Nienke Bakker</editor></titleStmt>
<publicationStmt>
<publisher><name>Huygens Instituut voor Nederlandse Geschiedenis (KNAW)</name><email>info@huygens.knaw.nl</email></publisher>
<publisher>Van Gogh Museum</publisher>
<pubPlace>Amsterdam</pubPlace>
<date type="first" when="2009">2009</date>
<availability status="restricted">
<licence target="http://creativecommons.org/licenses/by-nc-sa/4.0/ https://creativecommons.org/licenses/by-nc-sa/4.0/legalcode">
<p>Attribution-NonCommercial-ShareAlike 4.0 International (CC BY-NC-SA 4.0) </p></licence></availability>
<ptr target="http://vangoghletters.org/orig/let492"/></publicationStmt><sourceDesc><vg:letDesc><vg:letIdentifier>
<idno type="jlb">492</idno>
<idno type="collectedletters">399</idno>
<idno type="brieven1990">495</idno></vg:letIdentifier><vg:letHeading><author>Vincent van Gogh</author><vg:addressee>Theo van Gogh</vg:addressee><vg:placeLet>Nuenen</vg:placeLet><vg:dateLet>Thursday, 9 April 1885</vg:dateLet></vg:letHeading><vg:physDesc><vg:decoration><vg:decoList xml:id="sketches"><vg:decoItem n="A" xml:id="sketch-1"><vg:decoDesc>
<p>
      <hi rend="ital">The potato eaters</hi> (<rs type="sketch" key="146">F - / JH 735</rs>), letter sketch</p></vg:decoDesc></vg:decoItem><vg:decoItem n="B" xml:id="sketch-2"><vg:decoDesc>
<p>
      <hi rend="ital">Man and a woman planting potatoes</hi> (<rs type="sketch" key="147">F 1225 / JH 729</rs>), enclosed sketch</p></vg:decoDesc></vg:decoItem><vg:decoItem n="C" xml:id="sketch-3"><vg:decoDesc>
<p>
      <hi rend="ital">Two women working in the fields</hi> (<rs type="sketch" key="145">F 1228 / JH 730</rs>), enclosed sketch</p></vg:decoDesc></vg:decoItem></vg:decoList></vg:decoration></vg:physDesc><vg:letContents>
<p>To Theo van Gogh. Nuenen, Thursday, 9 April 1885. </p>
<note type="ongoingTopic" n="1">
<p>The death of Mr van Gogh <ref target="let486.xml">(486)</ref></p></note>
<note type="ongoingTopic" n="2">
<p>Preparations for <hi rend="ital">The potato eaters</hi> <ref target="let490.xml">(490)</ref></p></note></vg:letContents>
<note type="sourceStatus" xml:id="sourceStatus">
<p>Original manuscript</p></note>
<note type="location" xml:id="location">
<p>Amsterdam, Van Gogh Museum, inv. nos. b437 V/1962, d281 V/1971 and d282 V/1971</p></note>
<note type="date" xml:id="date">
<p>Van Gogh says he is working on a new painting of ‘peasants around a dish of potatoes’ <ref target="#l-13">(ll. 13-14)</ref>. He must have started it on Thursday, 9 April, since in his next letter he wrote that he had worked on this study for three days and on ‘Saturday evening’ had been able to go no further because the paint was not yet dry. Working back from that Saturday, 11 April, the present letter must have been written on Thursday, 9 April 1885. Since it was ‘already late’ when he wrote it, <ref target="#l-7">(l. 7)</ref> this letter must have been written after <ref target="let491.xml">letter 491</ref>, which was posted in the morning of the same day.</p></note></vg:letDesc></sourceDesc></fileDesc></teiHeader>
<facsimile xmlns:xsi="http://www.w3.org/2001/XMLSchema-instance">
<surface n="b 0437" xml:id="surf-pb-1r"><graphic mimeType="image/tiff" url="VGM001000583_01.TIF" rend="norend"/><graphic mimeType="image/tiff" url="VGM001000583_01_n.tif" rend="norend"/><graphic mimeType="image/jpeg" url="VGM001000583_01_nt.jpg" height="50px" rend="thumbnail"/><zone xml:id="zone-pb-1r-1">
<graphic mimeType="image/tiff" url="VGM001000583_01_nR.tif" rend="norend"/><graphic mimeType="image/jpeg" url="VGM001000583_01_nRt.jpg" height="50px" rend="thumbnail"/><graphic mimeType="image/png" url="VGM001000583_01_nRf.png" width="380px" rend="facstab"/></zone>
<zone xml:id="zone-pb-1r-4">
<graphic mimeType="image/tiff" url="VGM001000583_01_nL.tif" rend="norend"/><graphic mimeType="image/jpeg" url="VGM001000583_01_nLt.jpg" height="50px" rend="thumbnail"/><graphic mimeType="image/png" url="VGM001000583_01_nLf.png" width="380px" rend="facstab"/></zone>
</surface>
<surface n="b 0437" xml:id="surf-pb-1v"><graphic mimeType="image/tiff" url="VGM001000583_02.TIF" rend="norend"/><graphic mimeType="image/tiff" url="VGM001000583_02_n.tif" rend="norend"/><graphic mimeType="image/jpeg" url="VGM001000583_02_nt.jpg" height="50px" rend="thumbnail"/><zone xml:id="zone-pb-1v-2">
<graphic mimeType="image/tiff" url="VGM001000583_02_nL.tif" rend="norend"/><graphic mimeType="image/jpeg" url="VGM001000583_02_nLt.jpg" height="50px" rend="thumbnail"/><graphic mimeType="image/png" url="VGM001000583_02_nLf.png" width="380px" rend="facstab"/></zone>
<zone xml:id="zone-pb-1v-3">
<graphic mimeType="image/tiff" url="VGM001000583_02_nR.tif" rend="norend"/><graphic mimeType="image/jpeg" url="VGM001000583_02_nRt.jpg" height="50px" rend="thumbnail"/><graphic mimeType="image/png" url="VGM001000583_02_nRf.png" width="380px" rend="facstab"/></zone>
</surface>
<surface n="d 0281" xml:id="surf-pb-2r"><graphic mimeType="image/tiff" url="VGM001001659_01.TIF" rend="norend"/><zone xml:id="zone-pb-2r-5">
<graphic mimeType="image/tiff" url="VGM001001659_01_n.tif" rend="norend"/><graphic mimeType="image/jpeg" url="VGM001001659_01_nt.jpg" height="50px" rend="thumbnail"/><graphic mimeType="image/png" url="VGM001001659_01_nf.png" width="380px" rend="facstab"/></zone>
</surface>
<surface n="d 0281" xml:id="surf-pb-2v"><graphic mimeType="image/tiff" url="VGM001001659_02.TIF" rend="norend"/><zone xml:id="extra-1">
<graphic mimeType="image/tiff" url="VGM001001659_02_n.tif" rend="norend"/><graphic mimeType="image/jpeg" url="VGM001001659_02_nt.jpg" height="50px" rend="thumbnail"/><graphic mimeType="image/png" url="VGM001001659_02_nf.png" width="380px" rend="facstab"/></zone>
</surface>
    <surface n="d 0282" xml:id="surf-pb-3r"><graphic mimeType="image/tiff" url="VGM001001660_01.TIF" rend="norend"/><zone xml:id="zone-pb-3r-6">
<graphic mimeType="image/tiff" url="VGM001001660_01_n.tif" rend="norend"/><graphic mimeType="image/jpeg" url="VGM001001660_01_nt.jpg" height="50px" rend="thumbnail"/><graphic mimeType="image/png" url="VGM001001660_01_nf.png" width="380px" rend="facstab"/></zone>
    </surface>
    <surface n="d 0282" xml:id="surf-pb-3v"><graphic mimeType="image/tiff" url="VGM001001660_02.TIF" rend="norend"/><zone xml:id="zone-extra-3">
<graphic mimeType="image/tiff" url="VGM001001660_02_n.tif" rend="norend"/><graphic mimeType="image/jpeg" url="VGM001001660_02_nt.jpg" height="50px" rend="thumbnail"/><graphic mimeType="image/png" url="VGM001001660_02_nf.png" width="380px" rend="facstab"/></zone>
</surface></facsimile><text xmlns:xsi="http://www.w3.org/2001/XMLSchema-instance"><body>
<div type="original">
<pb f="1r" n="1" xml:id="pb-orig-1r-1" facs="#zone-pb-1r-1"/><lb n="1" xml:id="l-1"/>
<ab>Waarde Theo,</ab><lb n="2" xml:id="l-2"/>
<ab>Het heeft mij eenigzins verwonderd nog <lb n="3" xml:id="l-3"/>niet eens een woordje van U ontvangen te hebben. <lb n="4" xml:id="l-4"/>Ge zult zeggen<c type="kk">/</c> ge hadt het nu te druk daaraan <lb n="5" xml:id="l-5"/>te denken – en dat kan ik dan ook wel <lb n="6" xml:id="l-6"/>begrijpen<c type="kp">_</c>–</ab><lb n="7" xml:id="l-7"/>
<ab rend="indent">Het is reeds laat – maar ik wilde U nog eens zeggen <lb n="8" xml:id="l-8"/>dat ik regt hartelijk hoop dat voortaan de <lb n="9" xml:id="l-9"/>correspondentie weer wat levendiger zal worden <lb n="10" xml:id="l-10"/>dan ze den laatsten tijd wel was<c type="kp">_</c>–</ab><lb n="11" xml:id="l-11"/>
<ab rend="indent">Hierbij gaan twee krabbels naar een <lb n="12" xml:id="l-12"/>paar studies die ik maakte<c type="kk">/</c><anchor n="1" xml:id="note-o-1"/> terwijl ik tevens <lb n="13" xml:id="l-13"/>bezig ben op nieuw aan die boeren om <lb n="14" xml:id="l-14"/>een schotel aardappels.</ab><lb n="15" xml:id="l-15"/>
<ab rend="indent">Ik kom er daarnet van thuis – en heb bij het <lb n="16" xml:id="l-16"/>lamplicht nog gewerkt er aan – ofschoon <lb n="17" xml:id="l-17"/>ik het bij dag ditmaal heb aangezet.</ab>
<vg:whiteline/><figure facs="zone-sketch-1" n="A"/>
<vg:whiteline/><lb n="18" xml:id="l-18"/>
<ab>Ziehier hoe de compositie nu geworden is<c type="kp">_</c> <lb n="19" xml:id="l-19"/>Ik heb het op een vrij groot doek geschilderd <lb n="20" xml:id="l-20"/>en zooals de schets nu is<c type="kk">/</c> zit geloof ik er wel <lb n="21" xml:id="l-21"/>leven in<c type="kp">_</c>–<anchor n="2" xml:id="note-o-2"/></ab>
<pb f="1v" n="2" xml:id="pb-orig-1v-2" facs="#zone-pb-1v-2"/><lb n="22" xml:id="l-22"/>
<ab rend="indent">Maar ik weet toch zeker dat b.v. C.M<c type="kp">_</c> spreken <lb n="23" xml:id="l-23"/>zou van – misteekend &amp;c<c type="kp">_</c>–</ab><lb n="24" xml:id="l-24"/>
<ab rend="indent">Weet ge wat daartegen bepaald gezegd kan worden<c type="kp">_</c>– <lb n="25" xml:id="l-25"/>dat de mooie lichteffekten in de natuur <lb n="26" xml:id="l-26"/>eischen men zeer snel werke<c type="kp">_</c> <lb n="27" xml:id="l-27"/>Nu weet ik wel dat de groote meesters vooral in de <lb n="28" xml:id="l-28"/>periode van hun rijpe ervaring én wisten af te maken <lb n="29" xml:id="l-29"/>én het leven wisten te behouden.</ab><lb n="30" xml:id="l-30"/>
<ab rend="indent">Maar dat is iets wat ik vooreerst zeker niet <lb n="31" xml:id="l-31"/>zoo zal kunnen<c type="kp">_</c>–</ab><lb n="32" xml:id="l-32"/>
<ab rend="indent">Op het punt waar ik nu sta echter<c type="kk">/</c> zie ik <lb n="33" xml:id="l-33"/>kans om een gevoelde impressie te geven <lb n="34" xml:id="l-34"/>van wat ik zie.</ab><lb n="35" xml:id="l-35"/>
<ab rend="indent">Niet altijd letterlijk precies – veeleer nooit <lb n="36" xml:id="l-36"/>precies – want men ziet de natuur <lb n="37" xml:id="l-37"/>door zijn eigen temperament<c type="kp">_</c><anchor n="3" xml:id="note-o-3"/></ab><lb n="38" xml:id="l-38"/>
<ab rend="indent">Wat ik U nu zou willen aanraden is ’t volgende<c type="kk">/</c> <lb n="39" xml:id="l-39"/>laat de tijd niet voorbijgaan – laat mij zooveel <lb n="40" xml:id="l-40"/>werken als maar eenigzins mogelijk is – <lb n="41" xml:id="l-41"/>en bewaar de studies van nu af aan allen bij U<c type="kp">_</c> <lb n="42" xml:id="l-42"/>Ik wil er echter liever nog geen een van teekenen <lb n="43" xml:id="l-43"/>want ik zou ze niet graag als schilderijen in <lb n="44" xml:id="l-44"/>de wandeling<anchor n="a" xml:id="note-o-a"/> hebben<c type="kk">/</c> die men later als men wat <lb n="45" xml:id="l-45"/>naam mogt maken terug dient te koopen.</ab><lb n="46" xml:id="l-46"/>
<ab rend="indent">Maar het is goed dat gij ze laat kijken want <lb n="47" xml:id="l-47"/>ge zult zien dat we den een of den anderen dag <lb n="48" xml:id="l-48"/>iemand vinden die hetzelfde wil doen wat ik U <lb n="49" xml:id="l-49"/>voorstel<c type="kk">/</c> n.l. een verzameling studies maken<c type="kp">_</c></ab>
<pb f="1v" n="3" xml:id="pb-orig-1v-3" facs="#zone-pb-1v-3"/><lb n="50" xml:id="l-50"/>
<ab rend="indent">Ik ben voornemens om geregeld s’morgens uit <lb n="51" xml:id="l-51"/>te gaan en ’t eerste ’t beste dat ik de lui op ’t veld <lb n="52" xml:id="l-52"/>of in huis zie doen maar aan te pakken<c type="kp">_</c> <lb n="53" xml:id="l-53"/>Zooals ik trouwens nu ook doe<c type="kp">_</c></ab><lb n="54" xml:id="l-54"/>
<ab rend="indent">Gij zoekt nieuwe idees voor den kunsthandel<c type="kk">/</c> <lb n="55" xml:id="l-55"/>het idee <hi rend="ital">goed</hi> te zijn voor de liefhebbers <lb n="56" xml:id="l-56"/>is niet nieuw doch het is er een dat <hi rend="ital">nooit</hi> <lb n="57" xml:id="l-57"/><hi rend="ital">oud wordt</hi>. Zoo ook securiteit geven – bij een koop. <lb n="58" xml:id="l-58"/>En ik vraag U<c type="kk">/</c> is een liefhebber er niet beter aan <lb n="59" xml:id="l-59"/>toe wanneer hij van een schilder b.v. 20 zeer <lb n="60" xml:id="l-60"/>uiteenloopende schetsen heeft <lb n="61" xml:id="l-61"/>voor den zelfden prijs die hij <lb n="62" xml:id="l-62"/>billijkerwijs zou moeten betalen voor één schilderij <lb n="63" xml:id="l-63"/>dat af was<c type="kk">/</c> zoo dat <lb n="64" xml:id="l-64"/>het als handelsartikel in de wandeling kon komen<c type="kp">_</c> <lb n="65" xml:id="l-65"/>Als ik in uw positie was<c type="kk">/</c> ik zou<c type="kk">/</c> <lb n="66" xml:id="l-66"/>wegens gij toch veel jonge schilders die nog <lb n="67" xml:id="l-67"/>geen naam hebben kent<c type="kk">/</c> ook eens beproeven <lb n="68" xml:id="l-68"/><hi rend="ital">geschilderde studies</hi> in <lb n="69" xml:id="l-69"/>den eigentlijken handel te brengen – niet als schilderijen doch opgezet <lb n="70" xml:id="l-70"/>op de een of andere manier<c type="kk">/</c> op verguld Bristol b.v. <lb n="71" xml:id="l-71"/>of zwart of donker rood<c type="kp">_</c></ab><lb n="72" xml:id="l-72"/>
<ab rend="indent">Maar ik sprak daar van <hi rend="ital">securiteit</hi> geven<c type="kp">_</c></ab><lb n="73" xml:id="l-73"/>
<ab rend="indent">Niet <hi rend="ital">alle</hi> schilders maken veel studies – maar velen <lb n="74" xml:id="l-74"/>toch<c type="kk">/</c> en vooral de jongeren moeten het zoo veel <lb n="75" xml:id="l-75"/>mogelijk doen niet waar. Wie de studies van een schilder <lb n="76" xml:id="l-76"/>heeft kan wel zoo goed als zeker zijn (dat komt mij <lb n="77" xml:id="l-77"/>althans zoo voor) dat er een band is tusschen den schilder <lb n="78" xml:id="l-78"/>en hem die niet makkelijk zoo maar uit een gril <lb n="79" xml:id="l-79"/>kan worden gebroken<c type="kp">_</c>–</ab>
<pb f="1r" n="4" xml:id="pb-orig-1r-4" facs="#zone-pb-1r-4"/><lb n="80" xml:id="l-80"/>
<ab rend="indent">Er zijn menschen niet waar<c type="kk">/</c> die schilders in den tijd dat zij nog <lb n="81" xml:id="l-81"/>niet verdienen protegeeren – goed<c type="kp">_</c>–</ab><lb n="82" xml:id="l-82"/>
<ab rend="indent">Maar hoe dikwijls gebeurt het niet dat zulks beroerd eindigt – voor <lb n="83" xml:id="l-83"/>beide partijen onaangenaam. Eenerzijds omdat de protecteur <lb n="84" xml:id="l-84"/>onvoldaan is over geld dat gansch in ’t water is of althans <lb n="85" xml:id="l-85"/>schijnt. Andererzijds omdat de schilder meer vertrouwen<c type="kk">/</c> <lb n="86" xml:id="l-86"/>meer geduld en belangstelling meent te mogen vergen dan men geven wil. <lb n="87" xml:id="l-87"/>Maar in de meeste gevallen is het door nonchalance <lb n="88" xml:id="l-88"/>van beide zijden dat de misverstanden ontstaan<c type="kp">_</c> <lb n="89" xml:id="l-89"/>Ik hoop dat dit tusschen ons niet het geval zal wezen<c type="kp">_</c>– <lb n="90" xml:id="l-90"/>En ik hoop dat langzamerhand mijn studies U wat nieuwen <lb n="91" xml:id="l-91"/>moed zullen geven. Noch gij noch ik zijn tijdgenooten <lb n="92" xml:id="l-92"/>van dat geslacht dat Gigoux in dat boek dat ik van U las teregt <lb n="93" xml:id="l-93"/>“les vaillants” noemt<c type="kp">_</c><anchor n="4" xml:id="note-o-4"/></ab><lb n="94" xml:id="l-94"/>
<ab rend="indent">Maar in <hi rend="ital">dezen</hi> tijd het enthousiasme van <hi rend="ital">toen</hi> te houden <lb n="95" xml:id="l-95"/>is niet te min geraden naar ’t mij voorkomt<c type="kk">/</c> want dat <lb n="96" xml:id="l-96"/>het geluk de dapperen begunstigt<anchor n="5" xml:id="note-o-5"/> is toch wel dikwijls <lb n="97" xml:id="l-97"/>waar en wat daar ook van zij – van het geluk of “la joie? de vivre”<anchor n="6" xml:id="note-o-6"/> namelijk – <lb n="98" xml:id="l-98"/>men moet werken en durven<c type="kk">/</c> wil men wezentlijk leven<c type="kp">_</c><lb n="99" xml:id="l-99"/> En ik zeg<c type="kk">/</c> laat ons veel schilderen en <lb n="100" xml:id="l-100"/>productief zijn en <hi rend="sc">ons zelf zijn met</hi> <lb n="101" xml:id="l-101"/><hi rend="sc">gebreken en kwaliteiten</hi> – ik zeg ons – omdat <lb n="102" xml:id="l-102"/>het geld van U dat ik weet U moeite genoeg <lb n="103" xml:id="l-103"/>kost me te verschaffen<c type="kk">/</c> U regt geeft om als er <lb n="104" xml:id="l-104"/>iets goeds in mijn werk komt het voor de <lb n="105" xml:id="l-105"/>helft als uw eigen creatie te beschouwen<c type="kp">_</c></ab><lb n="106" xml:id="l-106"/>
<ab rend="indent">Tracht eens iemand van le chat noir<anchor n="7" xml:id="note-o-7"/> te spreken <lb n="107" xml:id="l-107"/>en te vragen of zij een krabbel van <lb n="108" xml:id="l-108"/>die aardappeleters willen<c type="kk">/</c> en indien ja<c type="kk">/</c> op <lb n="109" xml:id="l-109"/>welke grootte want dat is me onverschillig.</ab><lb n="110" xml:id="l-110"/>
<ab rend="indent">Gegroet, met een handdruk<c type="kp">_</c></ab>
<vg:whiteline/><lb n="111" xml:id="l-111"/>
<ab>b<c type="kp">_</c> à t<c type="kp">_</c></ab><lb n="112" xml:id="l-112"/>
<ab>Vincent</ab>
<pb f="2r" n="5" xml:id="pb-orig-2r-5" facs="#zone-pb-2r-5"/><figure facs="zone-sketch-2" n="B"/>
<pb f="3r" n="6" xml:id="pb-orig-3r-6" facs="#zone-pb-3r-6"/><figure facs="zone-sketch-3" n="C"/>
<vg:whiteline/>
<div type="textualNotes">
<note target="l-28" targetEnd="l-29" n="28-29">én <supplied><hi rend="ital">...</hi></supplied> én &lt; <hi rend="ital">Accents added.</hi></note>
<note target="l-97" n="97">– van &lt; van</note></div></div>
<div type="translation">
<pb f="1r" n="1" xml:id="pb-trans-1r-1" facs="#zone-pb-1r-1"/>
<ab>My dear Theo,</ab>
<ab>It has surprised me a little not to have received even a single word from you. You’ll say you’ve been too busy to think about it — and I can very well understand that.</ab>
<ab rend="indent">It’s already late — but I wanted to tell you once more that I whole-heartedly hope that from now on the correspondence will again become livelier than it has been recently. </ab>
<ab rend="indent">Herewith two scratches after a couple of studies that I made,<anchor n="1" xml:id="note-t-1"/> while at the same time I’m working on those peasants around a dish of potatoes again.</ab>
<ab rend="indent">I’ve just come home from there — and have worked on it further by lamplight — although this time I started it in daylight.</ab>
<vg:whiteline/>
<ab><figure facs="zone-sketch-1" n="A"/></ab>
<vg:whiteline/>
<ab>See, this is what the composition has now become. I’ve painted it on a fairly large canvas, and as the sketch is now, I believe there’s life in it.<anchor n="2" xml:id="note-t-2"/>
<pb f="1v" n="2" xml:id="pb-trans-1v-2" facs="#zone-pb-1v-2"/></ab>
<ab rend="indent">But I know for certain that <rs type="pers" key="422">C.M.</rs>, for instance, would speak of — badly drawn &amp;c.</ab>
<ab rend="indent">Do you know what can definitely be said to counter that? That the beautiful effects of the light in nature require one to work very fast. Now I know very well that the great masters were able both to finish <hi rend="ital">and</hi> to maintain the vitality, particularly in the period of their mature experience.</ab>
<ab rend="indent"> But that’s something I certainly won’t be able to do like that for the time being.</ab>
<ab rend="indent">At the point where I now am, though, I see a chance of giving a felt impression of what I see.</ab>
<ab rend="indent">Not always literally exactly — rather never exactly — for one sees nature through one’s own temperament.<anchor n="3" xml:id="note-t-3"/></ab>
<ab rend="indent">What I’d like to advise now is the following: don’t let the time slip by — let me work as much as is in any way possible — and keep all the studies from now on yourself. I’d rather not sign any of them yet, though, because I wouldn’t like to have them circulating like paintings, so that one would have to buy them back later should one make something of a name.</ab>
<ab rend="indent">But it’s good that you’re showing them, because you’ll see that some day we’ll find someone who wants to do what I’m suggesting to you, that is, make a collection of studies.
<pb f="1v" n="3" xml:id="pb-trans-1v-3" facs="#zone-pb-1v-3"/></ab>
<ab rend="indent">I mean to go out regularly in the mornings and just tackle whatever I see the people doing in the fields or at home. As I do now anyway.</ab>
<ab rend="indent">You’re looking for new ideas for the art trade; the idea of being <hi rend="ital">fair</hi> to the art lovers isn’t new, but it’s one that<hi rend="ital"> never grows old</hi>. So, too, giving security — on a purchase. And I ask you, isn’t an art lover better off when he has, say, 20 very diverse sketches by a painter for the same price that he would reasonably have to pay for one painting that was finished so that it could be put into circulation as a saleable commodity? If I were in your position, because after all you know a lot of young painters who haven’t yet made a name, I’d just try once to put <hi rend="ital">painted studies</hi> on the market proper — not as paintings, but mounted somehow or other, on gilt Bristol, say, or black or dark red.</ab>
<ab rend="indent">But I spoke there about giving <hi rend="ital">security</hi>.</ab>
<ab rend="indent">Not <hi rend="ital">all</hi> painters make a lot of studies — but many do, and the young ones in particular have to do it as much as possible, don’t they? Anyone who owns a painter’s studies can be as good as certain (at least so it seems to me) that there’s a bond between the painter and him that can’t easily be broken just on a whim.
<pb f="1r" n="4" xml:id="pb-trans-1r-4" facs="#zone-pb-1r-4"/></ab>
<ab rend="indent">There are people, aren’t there, who support painters during the time when they aren’t yet earning — very well.</ab>
<ab rend="indent">But how often does it happen that such a thing ends badly — unpleasantly for both parties? On the one hand because the patron is dissatisfied about money that’s wholly wasted, or at least seems to be. On the other hand because the painter feels entitled to ask for more trust, more patience and interest than people are prepared to give. But in most cases it’s carelessness on both sides that gives rise to the misunderstandings. I hope that this won’t be the case between us. And I hope that gradually my studies will give you some new courage. Neither you nor I are contemporaries of that generation that <rs type="pers" key="613">Gigoux</rs> rightly calls ‘the valiant ones’ in that book of yours that I read.<anchor n="4" xml:id="note-t-4"/></ab>
<ab rend="indent">But maintaining the enthusiasm of <hi rend="ital">those days</hi> at <hi rend="ital">this</hi> time is nonetheless advisable, it seems to me, because it’s often true that fortune favours the bold,<anchor n="5" xml:id="note-t-5"/> and be this as it may — about fortune or ‘la joie (?) de vivre’,<anchor n="6" xml:id="note-t-6"/> that is — one must work and be bold if one really wants to live. And I say, let’s paint a lot and be productive, and <hi rend="sc">be ourselves with faults and qualities</hi> — I say us — because the money from you that I know causes you trouble enough to provide for me, gives you the right, if anything good happens in my work, to consider half of it as your own creation.</ab>
<ab rend="indent">Try to talk to someone at Le Chat Noir<anchor n="7" xml:id="note-t-7"/> and ask them whether they want a scratch of those potato eaters and, if so, what size, because it makes no difference to me.</ab>
<ab rend="indent">Regards, with a handshake.</ab>
<vg:whiteline/>
<ab>Yours truly,</ab>
<ab>Vincent</ab>
<vg:whiteline/>
<ab>
<pb f="2r" n="5" xml:id="pb-trans-2r-5" facs="#zone-pb-2r-5"/></ab>
<ab><figure facs="zone-sketch-2" n="B"/></ab>
<vg:whiteline/>
<ab>
<pb f="3r" n="6" xml:id="pb-trans-3r-6" facs="#zone-pb-3r-6"/></ab>
<ab><figure facs="zone-sketch-3" n="C"/></ab></div>
<div type="notes">
<note n="1" xml:id="n-1" target="#note-t-1">

      <ab>These were probably the small enclosed sketches <hi rend="ital">Man and a woman planting potatoes</hi> (<rs type="sketch" key="147">F 1225 / JH 729</rs>) and<hi rend="ital"> Two women working in the fields </hi>(<rs type="sketch" key="145">F 1228 / JH 730</rs>). The first sketch is after <hi rend="ital">Man and a woman planting potatoes</hi> (<rs type="ill" key="2503">F 129a / JH 727</rs>) on which Van Gogh worked on 9 April; the study after which the second sketch was made is not known.</ab></note>

<note n="2" xml:id="n-2" target="#note-t-2">
<ab>The letter sketch <hi rend="ital">The potato eaters</hi> (<rs type="sketch" key="146">F - / JH 735</rs>) is based on the painting <hi rend="ital">The potato eaters</hi> (<rs type="ill" key="2506">F 78 / JH 734</rs>). The ‘fairly large canvas’ measures 72 x 93 cm.</ab></note>
<note n="3" xml:id="n-3" target="#note-t-3">
<ab>An allusion to ‘Un coin de la nature vu à travers d’un temperament’ in <rs type="pers" key="836">Zola</rs>’s <hi rend="ital"><rs type="lit" key="311">Mes haines</rs></hi>. <ref target="let361.xml#n-9">See letter 361, n. 9.</ref></ab></note>
<note n="a" xml:id="n-a" target="#note-o-a">
<ab>Means: ‘in omloop’ (in circulation).</ab></note>
<note n="4" xml:id="n-4" target="#note-t-4">
<ab><rs type="pers" key="613">Gigoux</rs> uses the term ‘hommes vaillaints’ to describe the generation of <rs type="pers" key="982">Delacroix</rs>, seeking recognition, in <hi rend="ital"><rs type="lit" key="407">Causeries sur les artistes de mon temps</rs></hi> (Gigoux 1885, p. 68). Van Gogh refers to this again in <ref target="let515.xml">letter 515</ref>.</ab></note>
<note n="5" xml:id="n-5" target="#note-t-5">
<ab>See for this saying <ref target="let406.xml#n-10">letter 406, n. 10.</ref></ab></note>
<note n="6" xml:id="n-6" target="#note-t-6">
<ab>Van Gogh added ‘or ... vivre’ (of ... vivre) later. This may be an allusion to <rs type="pers" key="836">Zola</rs>’s novel <hi rend="ital"><rs type="lit" key="408">La joie de vivre</rs></hi>, which he read at about this time. Sund regards the question mark as ‘in keeping with the cynical manner in which Zola applied this standard expression of ebullient hedonism to a disparaging account of human existence as a series of thwarted ambitions and unfulfilled desires.’ See Sund 1992, p. 112.</ab></note>
<note n="7" xml:id="n-7" target="#note-t-7">
<ab>The satirical weekly magazine <hi rend="ital">Le Chat Noir</hi> was published from 1882 to 1895 and featured modern arts and literature; it was associated with the cabaret of the same name in Paris’s rue Laval. Each issue was four pages; one or more drawings or prints were reproduced on page three. Van Gogh probably hoped to be considered for this.</ab></note></div></body></text></TEI>
