<?xml version="1.0" encoding="UTF-8"?>
<!-- Last Changed Date: 2018-07-18 12:32:41 +0200 (Wed, 18 Jul 2018) | SVN Revision: 2206 -->
<!--Licensed under Attribution-NonCommercial-ShareAlike 4.0 International (CC BY-NC-SA 4.0)-->
<?xml-model href="https://xmlschema.huygens.knaw.nl/vgodd.rng" type="application/xml" schematypens="http://relaxng.org/ns/structure/1.0"?>
<TEI xmlns:vg="http://www.vangoghletters.org/ns/" xmlns="http://www.tei-c.org/ns/1.0">
<teiHeader xmlns:xsi="http://www.w3.org/2001/XMLSchema-instance"><fileDesc>
<titleStmt>
<title>To Theo van Gogh. Nuenen, on or about Saturday, 2 May 1885. </title>
<editor>Leo Jansen</editor>
<editor>Hans Luijten</editor>
<editor>Nienke Bakker</editor></titleStmt>
<publicationStmt>
<publisher><name>Huygens Instituut voor Nederlandse Geschiedenis (KNAW)</name><email>info@huygens.knaw.nl</email></publisher>
<publisher>Van Gogh Museum</publisher>
<pubPlace>Amsterdam</pubPlace>
<date type="first" when="2009">2009</date>
<availability status="restricted">
<licence target="http://creativecommons.org/licenses/by-nc-sa/4.0/ https://creativecommons.org/licenses/by-nc-sa/4.0/legalcode">
<p>Attribution-NonCommercial-ShareAlike 4.0 International (CC BY-NC-SA 4.0) </p></licence></availability>
<ptr target="http://vangoghletters.org/orig/let499"/></publicationStmt><sourceDesc><vg:letDesc><vg:letIdentifier>
<idno type="jlb">499</idno>
<idno type="collectedletters">405</idno>
<idno type="brieven1990">502</idno></vg:letIdentifier><vg:letHeading><author>Vincent van Gogh</author><vg:addressee>Theo van Gogh</vg:addressee><vg:placeLet>Nuenen</vg:placeLet><vg:dateLet>on or about Saturday, 2 May 1885</vg:dateLet></vg:letHeading><vg:physDesc><vg:decoration><vg:decoList xml:id="sketches"><vg:decoItem n="A" xml:id="sketch-1"><vg:decoDesc>
<p>
      <hi rend="ital">Three people sharing a meal</hi> (<rs type="sketch" key="149">F - / JH 776</rs>), letter sketch</p></vg:decoDesc></vg:decoItem></vg:decoList></vg:decoration></vg:physDesc><vg:letContents>
<p>To Theo van Gogh. Nuenen, on or about Saturday, 2 May 1885. </p>
<note type="ongoingTopic" n="1">
<p>Portier’s opinion of <hi rend="ital">The potato eaters</hi> <ref target="let494.xml">(494)</ref></p></note>
</vg:letContents>
<note type="sourceStatus" xml:id="sourceStatus">
<p>Original manuscript</p></note>
<note type="location" xml:id="location">
<p>Amsterdam, Van Gogh Museum, inv. no. b443 V/1962</p></note>
<note type="date" xml:id="date">
<p>Vincent replied to a letter from Theo as soon as he received it. He discusses <hi rend="ital">The potato eaters</hi> at length. Evidently the Salon has meanwhile opened – this happened on 1 May – since Vincent says he is longing to hear about it. As the letter that precedes this was written on 30 April <ref target="let497.xml">(497)</ref> and the one that follows it (in which Van Gogh says he is going to send <hi rend="ital">The potato eaters</hi>) on 4 and 5 May, we have dated the present letter on or about Saturday, 2 May 1885.</p></note></vg:letDesc></sourceDesc></fileDesc></teiHeader>
<facsimile xmlns:xsi="http://www.w3.org/2001/XMLSchema-instance">
<surface n="b 0443" xml:id="surf-pb-1r"><graphic mimeType="image/tiff" url="VGM001000591_01.TIF" rend="norend"/><graphic mimeType="image/tiff" url="VGM001000591_01_n.tif" rend="norend"/><graphic mimeType="image/jpeg" url="VGM001000591_01_nt.jpg" height="50px" rend="thumbnail"/><zone xml:id="zone-pb-1r-1">
<graphic mimeType="image/tiff" url="VGM001000591_01_nR.tif" rend="norend"/><graphic mimeType="image/jpeg" url="VGM001000591_01_nRt.jpg" height="50px" rend="thumbnail"/><graphic mimeType="image/png" url="VGM001000591_01_nRf.png" width="380px" rend="facstab"/></zone>
<zone xml:id="zone-pb-1r-4">
<graphic mimeType="image/tiff" url="VGM001000591_01_nL.tif" rend="norend"/><graphic mimeType="image/jpeg" url="VGM001000591_01_nLt.jpg" height="50px" rend="thumbnail"/><graphic mimeType="image/png" url="VGM001000591_01_nLf.png" width="380px" rend="facstab"/></zone>
</surface>
<surface n="b 0443" xml:id="surf-pb-1v"><graphic mimeType="image/tiff" url="VGM001000591_02.TIF" rend="norend"/><graphic mimeType="image/tiff" url="VGM001000591_02_n.tif" rend="norend"/><graphic mimeType="image/jpeg" url="VGM001000591_02_nt.jpg" height="50px" rend="thumbnail"/><zone xml:id="zone-pb-1v-2">
<graphic mimeType="image/tiff" url="VGM001000591_02_nL.tif" rend="norend"/><graphic mimeType="image/jpeg" url="VGM001000591_02_nLt.jpg" height="50px" rend="thumbnail"/><graphic mimeType="image/png" url="VGM001000591_02_nLf.png" width="380px" rend="facstab"/></zone>
<zone xml:id="zone-pb-1v-3">
<graphic mimeType="image/tiff" url="VGM001000591_02_nR.tif" rend="norend"/><graphic mimeType="image/jpeg" url="VGM001000591_02_nRt.jpg" height="50px" rend="thumbnail"/><graphic mimeType="image/png" url="VGM001000591_02_nRf.png" width="380px" rend="facstab"/></zone>
</surface></facsimile><text xmlns:xsi="http://www.w3.org/2001/XMLSchema-instance"><body>
<div type="original">
<pb f="1r" n="1" xml:id="pb-orig-1r-1" facs="#zone-pb-1r-1"/><lb n="1" xml:id="l-1"/>
<ab>Waarde Theo,</ab><lb n="1*" xml:id="l-1s"/>
<ab>Heden middag ontving ik Uw <lb n="2" xml:id="l-2"/>schrijven en wilde er dadelijk op antwoorden<c type="kp">_</c> <lb n="3" xml:id="l-3"/>Verlangend ben ik een idee te krijgen van den <lb n="4" xml:id="l-4"/>Salon<c type="kk">/</c> vooral ook naar ’t sch<hi rend="ss">ij</hi> van Roll<c type="kp">_</c><anchor n="1" xml:id="note-o-1"/></ab><lb n="5" xml:id="l-5"/>
<ab rend="indent">Het verwondert mij niet dat b.v. Durand Ruell <lb n="6" xml:id="l-6"/>nog geen notitie nam van de teekeningen<c type="kp">_</c> <lb n="7" xml:id="l-7"/>En zelfs heb ik liever Portier niet overdrijve <lb n="8" xml:id="l-8"/>met deze mooi te vinden (ten minste ik voel dat ik ’t beter <lb n="8a" xml:id="l-8a"/>kan) <lb n="9" xml:id="l-9"/>omdat ik juist weer aan het veranderen ben <lb n="10" xml:id="l-10"/>en wel zoo dat ik geaarzeld vind dat van <lb n="11" xml:id="l-11"/>vroeger<c type="kp">_</c>–</ab><lb n="12" xml:id="l-12"/>
<ab rend="indent">Ik denk dat ge zien zult wat ik bedoel aan <lb n="13" xml:id="l-13"/>het sch<hi rend="ss">ij</hi> van de aardappeleters.<anchor n="2" xml:id="note-o-2"/></ab><lb n="14" xml:id="l-14"/>
<ab rend="indent">Ik denk dat Portier het begrijpen zal<c type="kp">_</c> <lb n="15" xml:id="l-15"/>Het is zeer donker echter en in het wit <lb n="16" xml:id="l-16"/>b.v. is haast niet eens wit gebruikt doch <lb n="17" xml:id="l-17"/>eenvoudig de neutrale kleur die ontstaat <lb n="18" xml:id="l-18"/>als men rood<c type="kk">/</c> blaauw<c type="kk">/</c> geel dooreen mengt<c type="kk">/</c> <lb n="19" xml:id="l-19"/>b.v. vermilloen<c type="kk">/</c> Parijsch blaauw en Napels geel<c type="kp">_</c>– <lb n="20" xml:id="l-20"/>Die kleur is dus op zich zelf een vrij <lb n="21" xml:id="l-21"/>donker grijs maar doet wit in ’t sch<hi rend="ss">ij</hi><c type="kp">_</c> <lb n="22" xml:id="l-22"/>Ik zal U zeggen waarom ik dat doe. <lb n="23" xml:id="l-23"/>Hier is ’t motief een grijs interieur<c type="kk">/</c> verlicht <lb n="24" xml:id="l-24"/>door een lampje.</ab><lb n="25" xml:id="l-25"/>
<ab rend="indent">’t Graauw linnen tafelkleed<c type="kk">/</c> de berookte <lb n="26" xml:id="l-26"/>muur<c type="kk">/</c> de stoffige mutsen waar de vrouwen <lb n="27" xml:id="l-27"/>mee op ’t land gewerkt hebben – dat <lb n="28" xml:id="l-28"/>alles<c type="kk">/</c> <hi rend="ital">wanneer men door de haren van</hi> <lb n="29" xml:id="l-29"/><hi rend="ital">de oogen ziet</hi><c type="kk">/</c> blijkt bij ’t licht der <lb n="30" xml:id="l-30"/>lamp <hi rend="ital">zeer donker</hi> graauw te zijn<c type="kk">/</c> <lb n="31" xml:id="l-31"/>en de lamp<c type="kk">/</c> ofschoon geelros schijnsel <lb n="32" xml:id="l-32"/>zijnde<c type="kk">/</c> lichter nog – en heel <lb n="33" xml:id="l-33"/>wat – dan ’t wit in kwestie.</ab>
<pb f="1v" n="2" xml:id="pb-orig-1v-2" facs="#zone-pb-1v-2"/><lb n="37" xml:id="l-37"/>
<ab rend="indent">Nu de vleeschkleuren – <lb n="38" xml:id="l-38"/>ik weet wel dat die bij <hi rend="ital">oppervlakkige</hi> <lb n="39" xml:id="l-39"/>beschouwing<c type="kk">/</c> n.l. als men niet er bij <lb n="40" xml:id="l-40"/>doordenkt<c type="kk">/</c> het lijkenen wat men <lb n="41" xml:id="l-41"/><hi rend="ital">noemt</hi> vleeschkleur<c type="kp">_</c></ab><lb n="42" xml:id="l-42"/>
<ab rend="indent">Doch ik heb ze bij ’t begin van ’t sch<hi rend="ss">ij</hi> <lb n="43" xml:id="l-43"/>zoo eens geschilderd – wat geel oker<c type="kk">/</c> <lb n="44" xml:id="l-44"/>rood oker en wit b.v.</ab><lb n="45" xml:id="l-45"/>
<ab rend="indent">Maar dat was <hi rend="ital">veel te licht</hi> en <lb n="46" xml:id="l-46"/>deugde bepaald niet<c type="kp">_</c>–</ab><lb n="47" xml:id="l-47"/>
<ab rend="indent">Wat toen gedaan<c type="kp">_</c>– al de koppen had <lb n="48" xml:id="l-48"/>ik af en nog al met veel zorg afgemaakt <lb n="49" xml:id="l-49"/>– maar ik heb ze grif overgeschilderd <lb n="50" xml:id="l-50"/>zonder genade en de kleur waar ze <lb n="51" xml:id="l-51"/>nu mee geschilderd zijn <hi rend="ital">is zoowat de</hi> <lb n="52" xml:id="l-52"/><hi rend="ital">kleur van een goed stoffigen aardappel</hi><c type="kk">/</c> <lb n="53" xml:id="l-53"/><hi rend="ital">ongeschild natuurlijk</hi><c type="kp">_</c></ab><lb n="54" xml:id="l-54"/>
<ab rend="indent">Terwijl ik dat deed dacht ik er <lb n="55" xml:id="l-55"/>nog aan dat het zoo juist gezegd <lb n="56" xml:id="l-56"/>is van de boeren van Millet – <lb n="57" xml:id="l-57"/>“<hi rend="ital">Ses paysans semblent peints</hi> <lb n="58" xml:id="l-58"/><hi rend="ital">avec la terre qu’ils ensemencent</hi><c type="kp">_</c>”<anchor n="3" xml:id="note-o-3"/> <lb n="59" xml:id="l-59"/>Een woord waar ik telkens onwillekeurig <lb n="60" xml:id="l-60"/>aan denken moet als ik ze aan ’t werk <lb n="61" xml:id="l-61"/>zie<c type="kk">/</c> buiten zoowel als binnen. <lb n="62" xml:id="l-62"/>Ik houd het dan ook voor zeker dat <lb n="63" xml:id="l-63"/>als men Millet<c type="kk">/</c> Daubigny<c type="kk">/</c> Corot zou <lb n="64" xml:id="l-64"/>vragen een sneeuwlandschap te schilderen <lb n="65" xml:id="l-65"/>zonder wit te gebruiken – zij het <lb n="66" xml:id="l-66"/>doen zouden en <hi rend="ital">de sneeuw zou</hi> <lb n="67" xml:id="l-67"/><hi rend="ital">wit lijkenen in hun schilderij</hi>. 
<pb f="1v" n="3" xml:id="pb-orig-1v-3" facs="#zone-pb-1v-3"/></ab><lb n="68" xml:id="l-68"/>
<ab rend="indent">Hetgeen gij zegt van de lith.<c type="kk">/</c><anchor n="4" xml:id="note-o-4"/> dat het effekt <lb n="69" xml:id="l-69"/>wollig is<c type="kk">/</c> vind ik zelf ook en is in zooverre <lb n="70" xml:id="l-70"/>mijn eigen schuld niet<c type="kk">/</c> daar de lithograaf <lb n="71" xml:id="l-71"/>beweerde dat<c type="kk">/</c> omdat ik haast nergens wit op den <lb n="72" xml:id="l-72"/>steen had gelaten<c type="kk">/</c> het niet goed drukken zou<c type="kp">_</c> <lb n="73" xml:id="l-73"/>Ik heb toen op zijn aanraden lichte plekken <lb n="74" xml:id="l-74"/>uitgebeten<c type="kp">_</c> als ik ’t eenvoudig gedrukt had <lb n="75" xml:id="l-75"/>zoo als de teekening was zou het algemeen <lb n="76" xml:id="l-76"/>donkerder geweest zijn maar niet gerammeld hebben. <lb n="77" xml:id="l-77"/>en er zou atmosfeer tusschen de plans zijn <lb n="78" xml:id="l-78"/>gebleven<c type="kp">_</c>–</ab><lb n="79" xml:id="l-79"/>
<ab rend="indent">Doch wat moet ik doen met het sch<hi rend="ss">ij</hi><c type="kp">_</c> het is zoo <lb n="80" xml:id="l-80"/>groot als die spinster van verl. jaar<c type="kp">_</c>–<anchor n="5" xml:id="note-o-5"/> <lb n="81" xml:id="l-81"/>Ik heb het nu weer in de hut om er <lb n="82" xml:id="l-82"/>naar de natuur nog dingen aan te doen<c type="kp">_</c> <lb n="83" xml:id="l-83"/>Ik geloof echter ik het af zal krijgen<c type="kp">_</c> <lb n="84" xml:id="l-84"/>dit bij wijze van spreken – want mijn <lb n="85" xml:id="l-85"/>eigen werk zal ik eigentlijk nooit af of klaar <lb n="86" xml:id="l-86"/>vinden zelf.</ab><lb n="87" xml:id="l-87"/>
<ab rend="indent">Ik kan er een kleiner van maken of <lb n="88" xml:id="l-88"/>een teekening echter<c type="kk">/</c> als ge die liever <lb n="89" xml:id="l-89"/>hebt<c type="kk">/</c> want ik voel het ding zoo dat <lb n="90" xml:id="l-90"/>ik ’t letterlijk droomen kan.</ab>
<vg:whiteline/><figure facs="zone-sketch-1" n="A"/>
<vg:whiteline/><lb n="91" xml:id="l-91"/>
<ab>Kunt ge U niet <lb n="92" xml:id="l-92"/>begrijpen ’t geval <lb n="93" xml:id="l-93"/>dat ik hier neerkrabbel <lb n="94" xml:id="l-94"/>prachtig was<c type="kp">_</c>– <lb n="95" xml:id="l-95"/>Toen ik vanavond <lb n="96" xml:id="l-96"/>naar de hut ging <lb n="97" xml:id="l-97"/>vond ik de luidjes <lb n="98" xml:id="l-98"/>aan het schoften <lb n="99" xml:id="l-99"/>bij ’t licht van <lb n="100" xml:id="l-100"/>’t raampje in <lb n="101" xml:id="l-101"/>plaats van <lb n="102" xml:id="l-102"/>onder de lamp<c type="kp">_</c><anchor n="6" xml:id="note-o-6"/></ab><lb n="103" xml:id="l-103"/>
<ab rend="indent">O het was verbazend mooi. de kleur was <lb n="104" xml:id="l-104"/>ook eigenaardig – ge herinnert U die koppen <lb n="105" xml:id="l-105"/>tegen ’t raam uit geschilderd<anchor n="7" xml:id="note-o-7"/> – op die manier was het <lb n="106" xml:id="l-106"/>effekt<c type="kk">/</c> doch nog donkerder<c type="kp">_</c>–</ab>
<pb f="1r" n="4" xml:id="pb-orig-1r-4" facs="#zone-pb-1r-4"/><lb n="107" xml:id="l-107"/>
<ab rend="indent">Zoodat de twee vrouwen en ’t interieur zoo wat net <lb n="108" xml:id="l-108"/>precies de kleur van donkere groene zeep hadden<c type="kp">_</c> <lb n="109" xml:id="l-109"/>Doch het mannenfiguur links werd even verlicht door een <lb n="110" xml:id="l-110"/>invallend licht van een deur verderop<c type="kp">_</c>– Zoodoende <lb n="111" xml:id="l-111"/>werd kop en handen de kleur van b.v. een 10 centime <lb n="112" xml:id="l-112"/>stuk<c type="kk">/</c> enfin dof koper<c type="kp">_</c>– En zijn kiel het fijnst mogelijk <lb n="113" xml:id="l-113"/>verschoten blaauw<c type="kk">/</c> waar ’t licht raakte.</ab><lb n="114" xml:id="l-114"/>
<ab rend="indent">Als ge weer schrijft<c type="kk">/</c> antwoord dan s.v.p. eens hoe ge <lb n="115" xml:id="l-115"/>wilt dat ik met het sch<hi rend="ss">ij</hi> zal doen. Natuurlijk moeten we <lb n="116" xml:id="l-116"/>zorgen Portier iets nieuws krijge<c type="kp">_</c>– Doch ik kan <lb n="117" xml:id="l-117"/>net zoo goed het overschilderen op halve grootte b.v. voor hem <lb n="118" xml:id="l-118"/>en dit grootere b.v. eens n. Antwerpen sturen<c type="kp">_</c></ab><lb n="119" xml:id="l-119"/>
<ab rend="indent">Wat de <hi rend="ital">heldere</hi> schilderijen van tegenwoordig betreft<c type="kk">/</c> <lb n="120" xml:id="l-120"/>ik heb in de laatste jaren er zoo weinig van gezien<c type="kp">_</c><anchor n="8" xml:id="note-o-8"/> <lb n="121" xml:id="l-121"/>Maar over de kwestie heb ik toch nog al <lb n="122" xml:id="l-122"/>gedacht. Corot<c type="kk">/</c> Millet<c type="kk">/</c> Daubigny<c type="kk">/</c> Israels<c type="kk">/</c> Dupré<c type="kk">/</c> <lb n="123" xml:id="l-123"/>anderen – <hi rend="ital">schilderen ook heldere schilderijen</hi> – n.l. men <lb n="124" xml:id="l-124"/>kan in alle hoeken en diepten door kijken enz<c type="kp">_</c> – al zij <lb n="124a" xml:id="l-124a"/>de gamma nog zoo diep<c type="kp">_</c></ab><lb n="125" xml:id="l-125"/>
<ab rend="indent">Maar ze zijn – bovengenoemden – geen van <lb n="126" xml:id="l-126"/>allen lui die letterlijk den lokalen toon schilderen<c type="kk">/</c> <lb n="127" xml:id="l-127"/>ze volgen de gamma waar ze mee beginnen – <lb n="128" xml:id="l-128"/>voeren hun eigen gedachte door – in kleur &amp; toon &amp; <lb n="129" xml:id="l-129"/>teekening. En dat <hi rend="ital">hunne lichten meestal vrij</hi> <lb n="130" xml:id="l-130"/><hi rend="ital">donkere grijzen zijn</hi> – op zich zelf – die in ’t schij <lb n="131" xml:id="l-131"/>licht <hi rend="ital">doen</hi> door tegenstelling – dat is een waarheid <lb n="132" xml:id="l-132"/>die ge dagelijks wel in de gelegenheid zijt op te merken<c type="kp">_</c></ab><lb n="133" xml:id="l-133"/>
<ab rend="indent">Nu gegroet. Ge begrijpt<c type="kk">/</c> ik zeg <hi rend="ital">niet</hi> dat Millet <lb n="134" xml:id="l-134"/>geen wit gebruikt als hij sneeuw schildert doch <lb n="135" xml:id="l-135"/>beweer dat hij en de an<supplied>dere</supplied> toonisten <lb n="136" xml:id="l-136"/>als zij wilden en ’t er eens om doen zouden<c type="kk">/</c> <lb n="137" xml:id="l-137"/>dat leveren zouden op de zelfde wijs <lb n="138" xml:id="l-138"/>als Delacroix zegt van Paul Véronèse – <lb n="139" xml:id="l-139"/>dat hij blanke<c type="kk">/</c> blonde<c type="kk">/</c> naakte vrouwen <lb n="140" xml:id="l-140"/>schildert met een kleur die op zich zelf <lb n="141" xml:id="l-141"/>veel heeft van straatslijk<c type="kp">_</c>–<anchor n="9" xml:id="note-o-9"/></ab><lb n="142" xml:id="l-142"/>
<ab rend="indent">Met een handdruk<c type="kp">_</c></ab>
<vg:whiteline/><lb n="142*" xml:id="l-142s"/>
<ab>b<c type="kp">_</c> à t<c type="kp">_</c></ab><lb n="143" xml:id="l-143"/>
<ab>Vincent</ab>
<vg:whiteline/><lb n="144" xml:id="l-144"/>
<ab>Ik denk dat gij in ’t schij wel zien zult dat ik een eigen manier van kijken heb maar dat het toch zich <lb n="145" xml:id="l-145"/>aansluit bij anderen – b.v. zekere belgen<c type="kp">_</c>–<anchor n="10" xml:id="note-o-10"/></ab>
<vg:whiteline/><lb n="34" xml:id="l-34"/>
<ab>Schandalig dat ze ’t schij van Josephson geweigerd hebben.<anchor n="11" xml:id="note-o-11"/> <lb n="35" xml:id="l-35"/>Maar waarom vereenigen zich de geweigerden niet om zelf wat te doen.–<anchor n="12" xml:id="note-o-12"/> <lb n="36" xml:id="l-36"/>eendragt maakt magt<c type="kp">_</c>–</ab>
<vg:whiteline/>
<div type="textualNotes">
<note target="l-8" targetEnd="l-8" n="8-8">a (ten minste <supplied><hi rend="ital">...</hi></supplied> kan) &lt; <hi rend="ital">Added later; parentheses added by us..</hi></note>
<note target="l-116" n="116">Portier &lt; Potier</note>
<note target="l-135" n="135">an<supplied>dere</supplied> &lt; <hi rend="ital">Text lost due to ink corrosion.</hi></note></div></div>
<div type="translation">
<pb f="1r" n="1" xml:id="pb-trans-1r-1" facs="#zone-pb-1r-1"/>
<ab>My dear Theo,</ab>
<ab>I received your letter this afternoon, and wanted to reply to it straightaway. I’m longing to get an idea of the Salon, particularly of the painting by <rs type="pers" key="1329">Roll</rs>.<anchor n="1" xml:id="note-t-1"/></ab>
<ab rend="indent">It doesn’t surprise me that <rs type="pers" key="359">Durand-Ruel</rs>, say, haven’t yet taken notice of the drawings. And I would even prefer that <rs type="pers" key="601">Portier</rs> didn’t exaggerate in finding them good (at least, I feel I can do it better), because I’m just changing again, and in such a way that I find the earlier things hesitant.</ab>
<ab rend="indent">I think you’ll see what I mean from the painting of the potato eaters.<anchor n="2" xml:id="note-t-2"/></ab>
<ab rend="indent">I think that <rs type="pers" key="601">Portier</rs> will understand it. It’s very dark, though, and in the white, for instance, white has hardly been used at all but simply the neutral colour that occurs if one mixes red, blue, yellow together — say vermilion, Paris blue and Naples yellow. So this colour in itself is a fairly dark grey, but it looks white in the painting. I’ll tell you why I do this. The subject here is a grey interior, lit by a small lamp.</ab>
<ab rend="indent"> The drab linen tablecloth, the smoke-stained wall, the dusty caps in which the women have worked on the land — all these, <hi rend="ital">when you look at them through your eyelashes</hi>, prove to be <hi rend="ital">very dark</hi> grey in the light of the lamp, and the lamp, although being a red gold glow, is even lighter — and by a long way — than that white.
<pb f="1v" n="2" xml:id="pb-trans-1v-2" facs="#zone-pb-1v-2"/></ab>
<ab rend="indent"> Now the flesh tones — I know that on a <hi rend="ital">superficial </hi>examination, that is if you don’t think it through, they look like what people <hi rend="ital">call</hi> flesh colour.</ab>
<ab rend="indent"> I did paint them that way at the beginning of the painting — some yellow ochre, red ochre and white, for example.</ab>
<ab rend="indent"> But that was <hi rend="ital">much too light</hi> and certainly didn’t do.</ab>
<ab rend="indent"> What was to be done? — I had finished all the heads and even finished them with great care — but I quickly repainted them without mercy, and the colour they’re painted now <hi rend="ital">is something like the colour of a really dusty potato</hi>, <hi rend="ital">unpeeled of course</hi>.</ab>
<ab rend="indent"> While I was doing it I thought again about what has so rightly been said of <rs type="pers" key="1226">Millet</rs>’s peasants — ‘<hi rend="ital">His peasants seem to have been painted with the soil they sow</hi>’.<anchor n="3" xml:id="note-t-3"/> A phrase I can’t help thinking of whenever I see them at work, outside as well as indoors. I’m certain that if you were to ask Millet, <rs type="pers" key="976">Daubigny</rs>, <rs type="pers" key="971">Corot</rs> to paint a snowy landscape without using white — they would do it and <hi rend="ital">the snow would appear white in their paintings</hi>.
<pb f="1v" n="3" xml:id="pb-trans-1v-3" facs="#zone-pb-1v-3"/></ab>
<ab rend="indent">What you say about the lithograph,<anchor n="4" xml:id="note-t-4"/> that the effect is woolly, I think so too, and it isn’t my own fault, in so far as the lithographer insisted that it wouldn’t print properly because I’d left virtually no white on the stone. On his advice I then bit out light areas. If I had just printed it as the drawing was, it would have been generally darker but wouldn’t have lacked cohesion. And there would still have been atmosphere between the planes.</ab>
<ab rend="indent">Still, what should I do with the painting? It’s as big as last year’s woman spinning.<anchor n="5" xml:id="note-t-5"/> I’ve got it in the cottage again to do more things to it from life. I believe I’ll finish it though — in a manner of speaking — for I myself will actually never think my own work finished or ready.</ab>
<ab rend="indent">I can make a smaller version of it or a drawing, though, if you would rather have that, for I feel the thing in such a way that I can literally dream it.</ab>
<vg:whiteline/>
<ab><figure facs="zone-sketch-1" n="A"/></ab>
<vg:whiteline/>
      <ab>Can you not understand that the thing I scribble down here was superb? When I went to the cottage this evening I found the folk eating their meal by the light of the little window instead of under the lamp.<anchor n="6" xml:id="note-t-6"/></ab><ab rend="indent"> Oh, it was astonishingly beautiful. The colour was also singular — you remember those heads painted against the window<anchor n="7" xml:id="note-t-7"/> — the effect was like that, only darker still.
<pb f="1r" n="4" xml:id="pb-trans-1r-4" facs="#zone-pb-1r-4"/></ab>
<ab rend="indent">So that the two women and the interior were almost exactly the same colour as dark green soap. But the figure of the man on the left was just lit by light coming in from a door further along. Thus head and hands became the colour of, say, a 10-centime piece, that is, dull copper. And his smock the most delicate faded blue possible, where the light caught it.</ab>
<ab rend="indent">When you write again, please tell me what you want me to do with the painting. Obviously we must make sure <rs type="pers" key="601">Portier</rs> gets something new. But I could just as well paint it again half size, say, for him, and send this larger one to Antwerp, say.</ab>
<ab rend="indent">As regards the <hi rend="ital">light</hi> paintings of the present day, I’ve seen so few of them in recent years.<anchor n="8" xml:id="note-t-8"/> But I’ve thought a great deal about the question. <rs type="pers" key="971">Corot</rs>, <rs type="pers" key="1226">Millet</rs>, <rs type="pers" key="976">Daubigny</rs>, <rs type="pers" key="1107">Israëls</rs>, <rs type="pers" key="986">Dupré</rs>, others — <hi rend="ital">also paint light paintings</hi> — that is, one can see into all the corners and depths etc. — however deep the spectrum may be.</ab>
<ab rend="indent">But not one of them — the above-mentioned — are people who literally paint the local tone; they follow the spectrum they start with — carry through their own idea — in colour and tone and drawing. And that <hi rend="ital">their lights are generally fairly dark greys</hi> — in themselves — which <hi rend="ital">look</hi> light in the painting by contrast — that’s a truth that you have the opportunity to observe every day.</ab>
<ab rend="indent">Well, regards. You understand, I do <hi rend="ital">not</hi> say that <rs type="pers" key="1226">Millet</rs> doesn’t use any white when he paints snow, but maintain that, if they’d ever wanted to, and deliberately, he and the other tonists could have done that in the same way as <rs type="pers" key="982">Delacroix</rs> says of Paul Veronese — that he painted white, blonde, nude women with a colour that in itself is very like dirt from the street.<anchor n="9" xml:id="note-t-9"/></ab>
<ab rend="indent">With a handshake.</ab>
<vg:whiteline/>
<ab>Yours truly,</ab>
<ab>Vincent</ab>
<vg:whiteline/>
<ab>I think that you’ll certainly see in the painting that I have my own way of looking, but that it nonetheless links up with others — certain Belgians, for instance.<anchor n="10" xml:id="note-t-10"/></ab>
<vg:whiteline/>
<ab>Scandalous that they rejected Josephson’s painting.<anchor n="11" xml:id="note-t-11"/> But why don’t the rejected ones band together to do something themselves?<anchor n="12" xml:id="note-t-12"/> Unity is strength.</ab></div>
<div type="notes">
<note n="1" xml:id="n-1" target="#note-t-1">
      <ab><rs type="pers" key="1329">Alfred Philippe Roll</rs>, <hi rend="ital">Le travail, chantier de Suresnes (Seine)</hi> (Labour, building site at Suresnes (Seine), 1885 (Cognac, Musée Municipal). The print after this painting, <hi rend="ital">Le travail, chantier de Suresnes (Seine)</hi> was published in the Salon issue of <hi rend="ital">L’Illustration</hi> 85 (25 April 1885), p. 292. <rs type="ill" key="2139">Ill. 2139</rs>. See <ref target="let500.xml#n-4">letter 500, n. 4</ref>.</ab></note>
<note n="2" xml:id="n-2" target="#note-t-2">
<ab>
      <hi rend="ital">The potato eaters</hi> (<rs type="ill" key="2510">F 82 / JH 764</rs>).</ab></note>
<note n="3" xml:id="n-3" target="#note-t-3">
      <ab>Van Gogh took this from <rs type="pers" key="737">Sensier</rs>, <hi rend="ital"><rs type="lit" key="238">La vie et l’oeuvre de J.F. Millet</rs></hi>: <ref target="let495.xml#n-9">see letter 495, n. 9.</ref></ab></note>
<note n="4" xml:id="n-4" target="#note-t-4">
<ab>
      <hi rend="ital">The potato eaters </hi>(<rs type="ill" key="2135">F 1661 / JH 737</rs>).</ab></note>
<note n="5" xml:id="n-5" target="#note-t-5">
<ab>See for this large painting of a woman spinning, which is only known from a photograph on a ‘carte de visite’: <ref target="let463.xml">letter 463</ref>, and cf. <ref target="let449.xml">letters 449</ref> and <ref target="let450.xml">450</ref>.</ab></note>
<note n="6" xml:id="n-6" target="#note-t-6">
<ab>We do not know whether Van Gogh made a work of the scene in the letter sketch <hi rend="ital">Three people sharing a meal</hi> (<rs type="sketch" key="149">F - / JH 776</rs>). There is a sketchy drawing of virtually the same scene: <hi rend="ital">Three people sharing a meal</hi> (<rs type="otherart" key="565">F 1229v / JH 775</rs>).</ab>
<ab rend="indent">The ‘cottage’ he refers to, at number 4 Gerwenseweg (in the continuation of De Berg, where the parsonage was), was home to members of the <rs type="pers" key="431 432">De Groot</rs> and Van Rooij family. It is not clear whether this family really was portrayed, but there is no doubt that one of the sitters was <rs type="pers" key="403">Gordina de Groot</rs>. See cat. Amsterdam 1999, pp. 136-145, cat. no. 26.</ab></note>
<note n="7" xml:id="n-7" target="#note-t-7">
<ab>In March Van Gogh painted various heads silhouetted against a window, among them <hi rend="ital">Head of a woman</hi> (<rs type="otherart" key="566">F 70 / JH 715</rs>) and <hi rend="ital">Head of a woman</hi> (<rs type="otherart" key="567">F 70a / JH 716</rs>), which Theo had seen in Nuenen at the end of March; cf. <ref target="let485.xml">letter 485</ref>.</ab></note>
<note n="8" xml:id="n-8" target="#note-t-8">
<ab>Theo must have written to Vincent about painters who used a light palette. He discusses this again at length in his next letter.</ab></note>
<note n="9" xml:id="n-9" target="#note-t-9">
<ab>Taken from <rs type="pers" key="546">Charles Blanc</rs>, <hi rend="ital"><rs type="lit" key="403">Les artistes de mon temps</rs></hi> (see Blanc 1876, pp. 23-24). This observation is also in the passage that Van Gogh quoted in <ref target="let449.xml">letter 449</ref>. In Blanc’s <hi rend="ital"><rs type="lit" key="48">Grammaire des arts du dessin</rs></hi> there is a reference to a flesh tone based on ‘la boue des rues’ (the mud of the streets) (see Blanc 1870, p. 609).</ab></note>
<note n="10" xml:id="n-10" target="#note-t-10">
<ab>Van Gogh would have been thinking here of <rs type="pers" key="1063">Charles Degroux</rs>, whom he had talked about in <ref target="let493.xml">letters 493</ref> and <ref target="let497.xml">497</ref> – <rs type="pers" key="1176">Henri Leys</rs>, who is mentioned not long after this, did not paint peasants.</ab></note>
<note n="11" xml:id="n-11" target="#note-t-11">
<ab>In 1885 <rs type="pers" key="1125">Ernst Josephson</rs>’s <hi rend="ital">Strömkarlen</hi> (Stockholm, Prins Eugens Waldemarsudde) – a new version of <hi rend="ital">The water sprite</hi> of 1884 (<ref target="let477.xml#n-4">see letter 477, n. 4</ref>) – was rejected by the Salon judges. <rs type="ill" key="1004">Ill. 1004</rs>.</ab></note>
<note n="12" xml:id="n-12" target="#note-t-12">
<ab>From the way this is put, we can infer that Van Gogh did not know about the Salon des Indépendants, staged for the first time in 1884. He must have been thinking of the Salon des Refusés (1863). Ironically, the painting was eventually shown at the exhibition of the so-called Opponents, ‘Vom Strand der Seine’, in Stockholm in the spring of 1885, and then in the autumn of the same year at the Opponents’ second exhibition, likewise in Stockholm. See exhib. cat. Hamburg 1984, p. 132, and exhib. cat. Portland 1964, pp. 21-23.</ab></note></div></body></text></TEI>
