<?xml version="1.0" encoding="UTF-8"?>
<!-- Last Changed Date: 2018-07-18 12:32:41 +0200 (Wed, 18 Jul 2018) | SVN Revision: 2206 -->
<!--Licensed under Attribution-NonCommercial-ShareAlike 4.0 International (CC BY-NC-SA 4.0)-->
<?xml-model href="https://xmlschema.huygens.knaw.nl/vgodd.rng" type="application/xml" schematypens="http://relaxng.org/ns/structure/1.0"?>
<TEI xmlns:vg="http://www.vangoghletters.org/ns/" xmlns="http://www.tei-c.org/ns/1.0">
<teiHeader xmlns:xsi="http://www.w3.org/2001/XMLSchema-instance"><fileDesc>
<titleStmt>
<title>To Theo van Gogh. Nuenen, on or about Friday, 28 December 1883.</title>
<editor>Leo Jansen</editor>
<editor>Hans Luijten</editor>
<editor>Nienke Bakker</editor></titleStmt>
<publicationStmt>
<publisher><name>Huygens Instituut voor Nederlandse Geschiedenis (KNAW)</name><email>info@huygens.knaw.nl</email></publisher>
<publisher>Van Gogh Museum</publisher>
<pubPlace>Amsterdam</pubPlace>
<date type="first" when="2009">2009</date>
<availability status="restricted">
<licence target="http://creativecommons.org/licenses/by-nc-sa/4.0/ https://creativecommons.org/licenses/by-nc-sa/4.0/legalcode">
<p>Attribution-NonCommercial-ShareAlike 4.0 International (CC BY-NC-SA 4.0) </p></licence></availability>
<ptr target="http://vangoghletters.org/orig/let418"/></publicationStmt><sourceDesc><vg:letDesc><vg:letIdentifier>
<idno type="jlb">418</idno>
<idno type="collectedletters">350a</idno>
<idno type="brieven1990">420</idno></vg:letIdentifier><vg:letHeading><author>Vincent van Gogh</author><vg:addressee>Theo van Gogh</vg:addressee><vg:placeLet>Nuenen</vg:placeLet><vg:dateLet>on or about Friday, 28 December 1883</vg:dateLet></vg:letHeading><vg:letContents>
<p>To Theo van Gogh. Nuenen, on or about Friday, 28 December 1883.</p>
<note type="ongoingTopic" n="1">
<p>Theo’s visit to The Hague in August <ref target="let374.xml">(374)</ref></p></note>
 <note type="ongoingTopic" n="2">
 <p>Van Gogh looks back at the time he was with Sien <ref target="let385.xml">(385)</ref></p></note></vg:letContents>
<note type="sourceStatus" xml:id="sourceStatus">
<p>Original manuscript</p></note>
<note type="location" xml:id="location">
<p>Amsterdam, Van Gogh Museum, inv. nos. b380 V/1962 (sheet 1) and b215 a-b V/1962 (sheets 2, 3)</p></note>
<note type="date" xml:id="date">
<p>The letter must have been written after <ref target="let417.xml">letter 417</ref>, which dates from about Wednesday, 26 December, because it elaborates on and explains the point of view expressed in the previous letter: the remark about being ‘cruel’ at the beginning of this letter ties in with the end of the previous one. This also increases the likelihood that it was written soon afterwards. The letter in any event dates from before the end of the year (<ref target="let419.xml">letter 419</ref>). Vincent moreover repeats his views about Theo’s attitude to Sien, and says he means what he wrote about this before (<ref target="let417.xml">letter 417</ref>). Since he also remarks ‘It’s a sad letter at the end of this year’ <ref target="#l-82">(l. 82)</ref> and he has meanwhile received another letter from Sien <ref target="#l-89">(ll. 89-91)</ref>, we have dated the letter on or about. Friday, 28 December 1883.</p></note>
<note type="arrangement" xml:id="arrangement">
<p>The order of the last two pages of the first sheet has been reversed in respect of that in <hi rend="ital">De brieven</hi> 1990. We retain Van Gogh’s usual order of writing on folded sheets; this is borne out by the content of the letter and the duct of the hand.</p>
<p rend="indent">The last part of the letter (<ref target="#l-132">ll. 132</ref> ff.) was previously printed as a separate, incomplete letter (<ref target="let421.xml">421</ref> [193a]). We regard it as a continuation of the present letter because of the absence of a salutation. It means that there are two signatures in the letter, but this is far from exceptional in Van Gogh’s correspondence.</p></note></vg:letDesc></sourceDesc></fileDesc></teiHeader>
<facsimile xmlns:xsi="http://www.w3.org/2001/XMLSchema-instance">
<surface n="b 0380" xml:id="surf-pb-1r"><graphic mimeType="image/tiff" url="VGM001000495_01.TIF" rend="norend"/><graphic mimeType="image/tiff" url="VGM001000495_01_n.tif" rend="norend"/><graphic mimeType="image/jpeg" url="VGM001000495_01_nt.jpg" height="50px" rend="thumbnail"/><zone xml:id="zone-pb-1r-1">
<graphic mimeType="image/tiff" url="VGM001000495_01_nR.tif" rend="norend"/><graphic mimeType="image/jpeg" url="VGM001000495_01_nRt.jpg" height="50px" rend="thumbnail"/><graphic mimeType="image/png" url="VGM001000495_01_nRf.png" width="380px" rend="facstab"/></zone>
<zone xml:id="zone-pb-1r-4">
<graphic mimeType="image/tiff" url="VGM001000495_01_nL.tif" rend="norend"/><graphic mimeType="image/jpeg" url="VGM001000495_01_nLt.jpg" height="50px" rend="thumbnail"/><graphic mimeType="image/png" url="VGM001000495_01_nLf.png" width="380px" rend="facstab"/></zone>
</surface>
<surface n="b 0380" xml:id="surf-pb-1v"><graphic mimeType="image/tiff" url="VGM001000495_02.TIF" rend="norend"/><graphic mimeType="image/tiff" url="VGM001000495_02_n.tif" rend="norend"/><graphic mimeType="image/jpeg" url="VGM001000495_02_nt.jpg" height="50px" rend="thumbnail"/><zone xml:id="zone-pb-1v-2">
<graphic mimeType="image/tiff" url="VGM001000495_02_nL.tif" rend="norend"/><graphic mimeType="image/jpeg" url="VGM001000495_02_nLt.jpg" height="50px" rend="thumbnail"/><graphic mimeType="image/png" url="VGM001000495_02_nLf.png" width="380px" rend="facstab"/></zone>
<zone xml:id="zone-pb-1v-3">
<graphic mimeType="image/tiff" url="VGM001000495_02_nR.tif" rend="norend"/><graphic mimeType="image/jpeg" url="VGM001000495_02_nRt.jpg" height="50px" rend="thumbnail"/><graphic mimeType="image/png" url="VGM001000495_02_nRf.png" width="380px" rend="facstab"/></zone>
</surface>
<surface n="b 0215 a" xml:id="surf-pb-2r"><graphic mimeType="image/tiff" url="VGM001000250_01.TIF" rend="norend"/><zone xml:id="zone-pb-2r-5">
<graphic mimeType="image/tiff" url="VGM001000250_01_n.tif" rend="norend"/><graphic mimeType="image/jpeg" url="VGM001000250_01_nt.jpg" height="50px" rend="thumbnail"/><graphic mimeType="image/png" url="VGM001000250_01_nf.png" width="380px" rend="facstab"/></zone>
</surface>
<surface n="b 0215 a" xml:id="surf-pb-2v"><graphic mimeType="image/tiff" url="VGM001000250_02.TIF" rend="norend"/><zone xml:id="zone-pb-2v-6">
<graphic mimeType="image/tiff" url="VGM001000250_02_n.tif" rend="norend"/><graphic mimeType="image/jpeg" url="VGM001000250_02_nt.jpg" height="50px" rend="thumbnail"/><graphic mimeType="image/png" url="VGM001000250_02_nf.png" width="380px" rend="facstab"/></zone>
</surface>
<surface n="b 0215 b" xml:id="surf-pb-3r"><graphic mimeType="image/tiff" url="VGM001000251_01.TIF" rend="norend"/><zone xml:id="zone-pb-3r-7">
<graphic mimeType="image/tiff" url="VGM001000251_01_n.tif" rend="norend"/><graphic mimeType="image/jpeg" url="VGM001000251_01_nt.jpg" height="50px" rend="thumbnail"/><graphic mimeType="image/png" url="VGM001000251_01_nf.png" width="380px" rend="facstab"/></zone>
</surface>
<surface n="b 0215 b" xml:id="surf-pb-3v"><graphic mimeType="image/tiff" url="VGM001000251_02.TIF" rend="norend"/><zone xml:id="zone-pb-3v-8">
<graphic mimeType="image/tiff" url="VGM001000251_02_n.tif" rend="norend"/><graphic mimeType="image/jpeg" url="VGM001000251_02_nt.jpg" height="50px" rend="thumbnail"/><graphic mimeType="image/png" url="VGM001000251_02_nf.png" width="380px" rend="facstab"/></zone>
</surface></facsimile><text xmlns:xsi="http://www.w3.org/2001/XMLSchema-instance"><body>
<div type="original">
<pb f="1r" n="1" xml:id="pb-orig-1r-1" facs="#zone-pb-1r-1"/><lb n="1" xml:id="l-1"/>
<ab>Waarde Theo,</ab><lb n="1*" xml:id="l-1s"/>
<ab>Weet het goed dat ik het meen wat ik <lb n="2" xml:id="l-2"/>tot U zeg met betrekking tot de vrouw<c type="kp">_</c>– Weet het goed dat <lb n="3" xml:id="l-3"/>al wat Uw bezoek van dezen zomer voor teleurstelling meebragt <lb n="4" xml:id="l-4"/>voor mij – meer dan gij weet – voor zoo ver ’t me <lb n="5" xml:id="l-5"/>persoonlijk raakte is dat niet iets wat ik zwaar <lb n="6" xml:id="l-6"/>zal tillen – maar het andere – dat n.l. ik nu haar <lb n="7" xml:id="l-7"/>terugvond zóó dat het hart mij er week van wordt – <lb n="8" xml:id="l-8"/>dat – het zal blijven – een onoverkomelijk iets <lb n="9" xml:id="l-9"/>tusschen U en mij – <hi rend="ital">tenzij ze nog gered wordt</hi><c type="kp">_</c></ab><lb n="10" xml:id="l-10"/>
<ab rend="indent">Gij waart toen ligtzinnig met Uw woorden – <lb n="11" xml:id="l-11"/>gij dacht niet na bij wat gij zeidet en spraakt blijkbaar <lb n="12" xml:id="l-12"/>zonder voldoende gronden – en hoe ik daar over <lb n="13" xml:id="l-13"/>denk<c type="kk">/</c> ik zeg het U zonder omwegen – dat ge <lb n="14" xml:id="l-14"/>met Pa<c type="kk">/</c> die ook dikwijls zóó doet<c type="kk">/</c> gemeen hebt ge <lb n="15" xml:id="l-15"/><hi rend="ital">wreed</hi> zijt met Uw wereldwijsheid<c type="kp">_</c>–</ab><lb n="16" xml:id="l-16"/>
<ab rend="indent">Wreed<c type="kk">/</c> herzeg ik<c type="kk">/</c> want wat is wreeder <lb n="17" xml:id="l-17"/>dan eene zóó ongelukkige<c type="kk">/</c> verwelkte vrouw <lb n="18" xml:id="l-18"/>en haar kindje een steun te ontnemen<c type="kp">_</c> <lb n="19" xml:id="l-19"/>Denk niet dat gij ’t u zelf wijs zult kunnen <lb n="20" xml:id="l-20"/>maken het niets was of maar verbeelding van mij<c type="kk">/</c> <lb n="21" xml:id="l-21"/>denk niet dat het U zal helpen te redeneeren <lb n="22" xml:id="l-22"/>dat het slechts eene verlepte hoer en hoerenkinderen <lb n="23" xml:id="l-23"/>hier geldt<c type="kp">_</c>– Reden te meer tot innige <lb n="24" xml:id="l-24"/>compassie<c type="kk">/</c> in <hi rend="ital">mijn</hi> oog<c type="kp">_</c>– Wat ik trouwens <lb n="25" xml:id="l-25"/>getoond heb ook.</ab><lb n="26" xml:id="l-26"/>
<ab rend="indent">Ik heb <hi rend="ital">nu</hi> opgemerkt GIJ in al dien tijd <lb n="27" xml:id="l-27"/><hi rend="ital">geen woord</hi> ooit schreeft betreffende haar en <hi rend="ital">niet antwoordet</hi> <lb n="28" xml:id="l-28"/>toen ik U zeide ik van haar gehoord had.</ab><lb n="29" xml:id="l-29"/>
<ab rend="indent">En meer andere dingen merk ik <hi rend="sc">nu</hi> op en <hi rend="ital">omdat</hi> <lb n="30" xml:id="l-30"/><hi rend="ital">ik ze nu opmerk</hi> spreek ik tot U niet meer op denzelfden <lb n="31" xml:id="l-31"/>toon van vroeger<c type="kp">_</c>–</ab>
<pb f="1v" n="2" xml:id="pb-orig-1v-2" facs="#zone-pb-1v-2"/><lb n="32" xml:id="l-32"/>
<ab rend="indent">Ik weet wel dat betrekkelijk gij het met eene <lb n="33" xml:id="l-33"/>goede bedoeling deedt – ik weet wel hoe gij tracht <lb n="34" xml:id="l-34"/>vrede te houden met iedereen (wat ik geloof niet te doen is) – <lb n="35" xml:id="l-35"/>ik weet wel dat gij zelfs in dit geval U waarschijnlijk <lb n="36" xml:id="l-36"/>niet eens bewust zijt iets gedaan te hebben wat niet <lb n="37" xml:id="l-37"/>regt was – doch – broer – het <hi rend="ital">kan</hi> niet zamengaan <lb n="38" xml:id="l-38"/>met de wereld goede vriendjes te blijven en <lb n="39" xml:id="l-39"/>ons geweten te volgen<c type="kp">_</c>– Uw <hi rend="ital">geweten</hi> geeft ge niet het zijne<c type="kp">_</c> <lb n="40" xml:id="l-40"/>Ik weet ook dat niet iedereen in mijn geval en <lb n="41" xml:id="l-41"/>omstandigheden ’t ondernemen zou U <lb n="42" xml:id="l-42"/>tegen te spreken doch al zou niet iedereen <lb n="43" xml:id="l-43"/>dat doen<c type="kk">/</c> ik ten minste wil het U zeggen <lb n="44" xml:id="l-44"/>dat ik in dezen iets tegen U heb en in het <lb n="45" xml:id="l-45"/>algemeen U waarschuw tegen Uwe politiek. <lb n="46" xml:id="l-46"/>Die <hi rend="ital">ik</hi> TE politiek vind<c type="kp">_</c>–</ab><lb n="47" xml:id="l-47"/>
<ab rend="indent">Want ik voorzie gij later (misschien veel later) <lb n="48" xml:id="l-48"/>spijt zult hebben van veel wat gij nu voor regt <lb n="49" xml:id="l-49"/>houdt<c type="kp">_</c>– Waarom ik dat denk <lb n="50" xml:id="l-50"/>hoef ik U nu geen reden van te geven voorloopig<c type="kk">/</c> <lb n="51" xml:id="l-51"/>want gij zoudt me niet gelooven.</ab><lb n="52" xml:id="l-52"/>
<ab rend="indent">Dien tijd dat ik van haar gescheiden ben geweest <lb n="53" xml:id="l-53"/>heeft weer bedorven grootendeels wat gewonnen was <lb n="54" xml:id="l-54"/>voor haar behoud<c type="kk">/</c> en dat maakt het nu al moeielijker <lb n="55" xml:id="l-55"/>en moeielijker. Is er nu nog iets aan te <lb n="56" xml:id="l-56"/>doen – maar op welke manier?</ab><lb n="57" xml:id="l-57"/>
<ab rend="indent">Het is hier voorwaar geen kwestie van geld <hi rend="ital">alleen</hi> <lb n="58" xml:id="l-58"/>want de arme vrouw mist mij zelf ook zoo als ik <lb n="59" xml:id="l-59"/>was voor haar en voor haar kinderen<c type="kk">/</c> namelijk <lb n="60" xml:id="l-60"/>dat ik hield van hen en nog evenveel<c type="kk">/</c> zoo niet <lb n="61" xml:id="l-61"/>meer hart voor hen heb nu<c type="kp">_</c>–</ab>
<pb f="1v" n="3" xml:id="pb-orig-1v-3" facs="#zone-pb-1v-3"/><lb n="62" xml:id="l-62"/>
<ab rend="indent">Wat gij schrijft betreffende “dat ik haar <lb n="63" xml:id="l-63"/>en mij zelf een slechten dienst zou bewijzen” <lb n="64" xml:id="l-64"/>in een zekeren brief<c type="kk">/</c> wees zoo goed dat terug te nemen<c type="kk">/</c> <lb n="65" xml:id="l-65"/>gedachtig zijnde aan den dienst door U <lb n="66" xml:id="l-66"/>dezen zomer bewezen aan haar en haar kinderen en mij<c type="kk">/</c> <lb n="67" xml:id="l-67"/>werkelijk<c type="kk">/</c> zwijg dat maar liefst!</ab><lb n="68" xml:id="l-68"/>
<ab rend="indent">Gij <hi rend="ital">presumeert</hi> bovendien in den brief in kwestie<c type="kk">/</c> <lb n="69" xml:id="l-69"/>waarin die éénige uitdrukking voorkomt betreffende <lb n="70" xml:id="l-70"/>haar die ge sedert dezen zomer geschreven hebt – <lb n="71" xml:id="l-71"/>ge <hi rend="ital">presumeert</hi> dat ik “die persoon” zoo als ge haar <lb n="72" xml:id="l-72"/>noemt mee naar Drenthe zou willen nemen<c type="kp">_</c>–</ab><lb n="73" xml:id="l-73"/>
<ab rend="indent">Ik zou dat niet kunnen <hi rend="ital">zelfs indien ik het wilde</hi><c type="kk">/</c> <lb n="74" xml:id="l-74"/>wegens ik er het geld niet voor heb<c type="kp">_</c>–</ab><lb n="75" xml:id="l-75"/>
<ab rend="indent">Wat het geld betreft – broer – ge begrijpt <lb n="76" xml:id="l-76"/>ik er <lb n="77" xml:id="l-77"/>geen pleizier meer in heb niet waar<c type="kk">/</c> <lb n="78" xml:id="l-78"/>dat begrijpt ge wel goed niet waar<c type="kp">_</c></ab><lb n="79" xml:id="l-79"/>
<ab rend="indent">ik had er pleizier in wegens het niet alleen tot mijn <lb n="80" xml:id="l-80"/>maar ook tot het behoud van die arme schepsels <lb n="81" xml:id="l-81"/>diende<c type="kp">_</c>–</ab><lb n="82" xml:id="l-82"/>
<ab rend="indent">Het is een triesten brief aan ’t eind van dit <lb n="83" xml:id="l-83"/>jaar – voor mij triest om te schrijven<c type="kk">/</c> voor U <lb n="84" xml:id="l-84"/>triest om te ontvangen (ofschoon ’t U vrijstaat <lb n="85" xml:id="l-85"/>het van U af te schuiven<c type="kk">/</c> weet gij <hi rend="ital">dat</hi> voor U zelf) maar erger <lb n="86" xml:id="l-86"/>is het voor de arme vrouw. Gegroet.</ab>
<vg:whiteline/><lb n="87" xml:id="l-87"/>
<ab>b. à t.</ab><lb n="88" xml:id="l-88"/>
<ab>Vincent</ab>
<vg:whiteline/><lb n="89" xml:id="l-89"/>
<ab>Ik heb berigt van haar op nieuw<c type="kk">/</c> daar <lb n="90" xml:id="l-90"/>ik haar naar een dokter stuurde en <lb n="91" xml:id="l-91"/>een &amp; ander daaromtrent vernam.</ab>
<vg:whiteline/>
<pb f="1r" n="4" xml:id="pb-orig-1r-4" facs="#zone-pb-1r-4"/><lb n="92" xml:id="l-92"/>
<ab>Verder – broer – mijn antwoord op de tijding dat een calamiteit <lb n="93" xml:id="l-93"/>die U dreigde was afgewend<c type="kk">/</c> weet gij dat koel was<c type="kk">/</c> <lb n="94" xml:id="l-94"/>ik heb dienaangaande geen ander antwoord dan: “<hi rend="ital">tant</hi> PIS <lb n="95" xml:id="l-95"/>pour vous – mon ami.” Misschien zult ge later begrijpen <lb n="96" xml:id="l-96"/>waarom<c type="kp">_</c>– Ik zeg niet dat het geen calamiteit zou zijn geweest <lb n="97" xml:id="l-97"/>maar............................... <lb n="98" xml:id="l-98"/>Er zijn van die momenten in ’t leven waarop ’t beter is de <lb n="99" xml:id="l-99"/>slag valle<c type="kk">/</c> al zij die hard<c type="kk">/</c> dan dat men in de termen <lb n="100" xml:id="l-100"/>valle door de wereld <hi rend="ital">gespaard</hi> te worden m.i.– <lb n="101" xml:id="l-101"/>Mij aangaande<c type="kk">/</c> ik ben vast aan het ongeluk en mislukking<c type="kk">/</c> <lb n="102" xml:id="l-102"/>het is verdomd hard soms maar enfin<c type="kk">/</c> nogthans <lb n="103" xml:id="l-103"/>de zoogenaamd gelukkigen en eeuwig slagenden <lb n="104" xml:id="l-104"/>benijd ik niet daar ik te veel er achter heen zie<c type="kp">_</c> <lb n="105" xml:id="l-105"/>Neem de <hi rend="ital">Prisonnier</hi> van Gerome – de man <lb n="106" xml:id="l-106"/>die geboeid ligt is voorzeker er leelijk aan toe <lb n="107" xml:id="l-107"/>maar het is beter te zijn m.i. hem zelf dan <lb n="108" xml:id="l-108"/>dien anderen kerel die het heertje is en hem <lb n="109" xml:id="l-109"/>treitert.<anchor n="1" xml:id="note-o-1"/> Ik zeg dit<c type="kk">/</c> U wijzende op de <lb n="110" xml:id="l-110"/>extrêmes van toestanden<c type="kp">_</c> geenszins verwar ik <lb n="111" xml:id="l-111"/>b.v. mijn eigen lot met hooger opgevoerde misère <lb n="112" xml:id="l-112"/>zoo als van den prisonnier<c type="kp">_</c> Evenwel een je ne sais <lb n="113" xml:id="l-113"/>quoi van waar ik op wijs ziet men ook in onze <lb n="114" xml:id="l-114"/>maatschappij<c type="kp">_</c>–</ab><lb n="115" xml:id="l-115"/>
<ab rend="indent">En ik voor mij <hi rend="ital">feliciteer</hi> U <hi rend="ital">niet</hi> met dat het te voorzien <lb n="116" xml:id="l-116"/>is gij het houden kunt met zekere authoriteiten<c type="kp">_</c> <lb n="117" xml:id="l-117"/>Het kwam mij voor het niet overbodig was <lb n="118" xml:id="l-118"/>mij eens te verklaren tegenover U<c type="kp">_</c>– Gij kunt <lb n="119" xml:id="l-119"/>het opvatten net precies zoo als ge wilt<c type="kp">_</c></ab><lb n="120" xml:id="l-120"/>
<ab rend="indent">Ik vergeet ook niet dat in het begin gij deernis <lb n="121" xml:id="l-121"/>hebt gehad met de vrouw in kwestie. <lb n="122" xml:id="l-122"/>Maar juist omdat ikzelf <lb n="123" xml:id="l-123"/>ook niet blind was noch ben voor haar fouten doch <lb n="124" xml:id="l-124"/><hi rend="ital">ondanks dat</hi> haar behoud zocht en zoek<c type="kk">/</c> zoo had <lb n="125" xml:id="l-125"/>dit gevoelen van mij door U geloof ik meer kunnen <lb n="126" xml:id="l-126"/>gerespecteerd worden en beter begrepen – alsdan <lb n="127" xml:id="l-127"/>zoudt gij ook vaster mijn partij hebben kunnen opnemen <lb n="128" xml:id="l-128"/>tegenover wie er minder van wisten dan gij en het ware voor <lb n="129" xml:id="l-129"/>mij zoo hoog niet geloopen dat ik het wel <hi rend="ital">moest</hi> opgeven<c type="kp">_</c>–</ab><lb n="130" xml:id="l-130"/>
<ab rend="indent">Ik waarschuw nu U nog omdat het <hi rend="ital">misschien</hi> nog niet te laat is<c type="kk">/</c> <lb n="131" xml:id="l-131"/>wordt het erger zoo is het de tijd van waarschuwen niet meer<c type="kp">_</c>–</ab>
<vg:whiteline/>
<pb f="2r" n="5" xml:id="pb-orig-2r-5" facs="#zone-pb-2r-5"/><lb n="132" xml:id="l-132"/>
<ab>Hebt ge noodig ik nog duidelijker U alles verklare<c type="kk">/</c> <lb n="133" xml:id="l-133"/>ziehier<c type="kp">_</c>– Ge zegt het zelf dat gij wenscht ik de <lb n="134" xml:id="l-134"/>vrouw verlate<c type="kk">/</c> ja absoluut verlate<c type="kp">_</c></ab><lb n="135" xml:id="l-135"/>
<ab rend="indent">Goed, maar dat wil of kan ik niet doen<c type="kk">/</c> <lb n="136" xml:id="l-136"/>verstaat ge, vriend, en het ware valsch indien <lb n="137" xml:id="l-137"/>ik zulks deed – ik denk aan een oud Bijbelwoord<c type="kk">/</c> <lb n="138" xml:id="l-138"/>“<hi rend="sc">verberg uw aangezigt niet voor uwen naaste</hi>”<c type="kp">_</c><anchor n="2" xml:id="note-o-2"/> <lb n="139" xml:id="l-139"/>Vierkantweg zeg ik U <hi rend="ital">nu</hi><c type="kk">/</c> <hi rend="sc">neen</hi> Theo <lb n="140" xml:id="l-140"/>(wilt gij nu presumeeren ik dit of dat wil doen<c type="kk">/</c> denk <lb n="141" xml:id="l-141"/>gij er van precies wat ge wilt<c type="kk">/</c> ik zal doen zoo als ik <lb n="142" xml:id="l-142"/>doen zal D.v.)<c type="kp">_</c><anchor n="3" xml:id="note-o-3"/></ab><lb n="143" xml:id="l-143"/>
<ab rend="indent">Ik weet nu zeer wel dit een teer punt is dat <lb n="144" xml:id="l-144"/>zamenhangt met het finantieele. Niet in den <lb n="145" xml:id="l-145"/>zin waarop gij in Uw brief doelt alleen<c type="kk">/</c> maar in de eerste plaats <lb n="146" xml:id="l-146"/>nog in een anderen. Indien ik geld van <lb n="147" xml:id="l-147"/>U accepteer en doe iets waar gij U lijnregt <lb n="148" xml:id="l-148"/>tegen verklaart<c type="kk">/</c> zou dit scheef zijn<c type="kp">_</c> ik heb altijd <lb n="149" xml:id="l-149"/>met U gesproken openhartig over alles en <lb n="150" xml:id="l-150"/>juist mij getoond zoo als ik was<c type="kk">/</c> getracht <lb n="151" xml:id="l-151"/>naar opregtheid maar ik heb niet gehandeld zonder er U in te kennen. Goed<c type="kk">/</c> waar dit zou ophouden en wij nu in ons <lb n="152" xml:id="l-152"/>privé leven elkaar niet meer zouden kennen<c type="kk">/</c> <lb n="153" xml:id="l-153"/>zou onze positie iets scheefs krijgen. En daar <lb n="154" xml:id="l-154"/>bedank ik voor.</ab><lb n="155" xml:id="l-155"/>
<ab rend="indent">Ik heb me uitgesproken over Pa<c type="kk">/</c> ik heb <lb n="156" xml:id="l-156"/>me uitgesproken over U wat dezen zomer <lb n="157" xml:id="l-157"/>aangaat<c type="kp">_</c> waarom? om U over te halen <lb n="158" xml:id="l-158"/>tot <hi rend="ital">mijn</hi> zienswijs?– Neen<c type="kk">/</c> maar omdat <lb n="159" xml:id="l-159"/>ik het valsch van mij zou vinden ik <lb n="160" xml:id="l-160"/>zulke dingen in mij op sloot. Een verrader <lb n="161" xml:id="l-161"/>ben ik nu eenmaal niet en indien ik tegen <lb n="162" xml:id="l-162"/>iemand iets heb zoo zeg ik het en voor de gevolgen <lb n="163" xml:id="l-163"/>vrees ik niet<c type="kk">/</c> al kunnen die serieus genoeg <lb n="164" xml:id="l-164"/>zijn.</ab>
<pb f="2v" n="6" xml:id="pb-orig-2v-6" facs="#zone-pb-2v-6"/><lb n="165" xml:id="l-165"/>
<ab rend="indent">Ik ben nu eenmaal zoo – Ik zelf helder de <lb n="166" xml:id="l-166"/>positie op en zeg<c type="kk">/</c> stop eens<c type="kk">/</c> want dit en dat <lb n="167" xml:id="l-167"/>denk ik heel anders over dan gij en ik kan niet <lb n="168" xml:id="l-168"/>meer met de oude hartelijkheid met U omgaan <lb n="169" xml:id="l-169"/>(’k zeg niet dat ik <hi rend="ital">in ’t geheel niet</hi> meer wil omgaan <lb n="170" xml:id="l-170"/>met Pa of U – ik ben zoo’n drijver niet)<c type="kp">_</c></ab><lb n="171" xml:id="l-171"/>
<ab rend="indent">Maar ik voel het als er iets gebroken is<c type="kp">_</c>– En ik zeg<c type="kk">/</c> wat <lb n="172" xml:id="l-172"/>gebroken is is gebroken.</ab><lb n="173" xml:id="l-173"/>
<ab rend="indent">Als ik dat doe zoo vind ik ten minste mijn <lb n="174" xml:id="l-174"/>sereniteit terug<c type="kk">/</c> ik zou mijn sereniteit verliezen <lb n="175" xml:id="l-175"/>als ik niet oprecht genoeg was.</ab><lb n="176" xml:id="l-176"/>
<ab rend="indent">Ik durf de toekomst onder de oogen zien mits – <lb n="177" xml:id="l-177"/>ik maar niet treed in dingen welke ik zou <lb n="178" xml:id="l-178"/>voelen valsch te zijn.</ab><lb n="179" xml:id="l-179"/>
<ab rend="indent">En wilt ge nog een reden te meer<c type="kk">/</c> ziehier <lb n="180" xml:id="l-180"/>dan: Ter wille van de vrouw er boven op te houden <lb n="181" xml:id="l-181"/>zou ik zelfs mijn eigen trots op dit of dat principe <lb n="182" xml:id="l-182"/>willen opofferen wat betreft het aannemen van geld, en deed dit meer dan eens om harentwil en voor de <lb n="182a" xml:id="l-182a"/>kinderen<c type="kk">/</c> <lb n="183" xml:id="l-183"/>maar als de vrouw er <hi rend="ital">niet</hi> is dan ben ik nog <lb n="184" xml:id="l-184"/>trotscher als anders<c type="kp">_</c>– (Dat zei ik u reeds te s’Hage ten antwoord <lb n="185" xml:id="l-185"/>op iets betreffende goede vrienden zijn met H.G.T.<c type="kk">/</c> toen gij zeidet “ja dat dacht ik wel”<c type="kp">_</c>) <lb n="186" xml:id="l-186"/>En nu is de toestand in mijn oog zóó dat in de <lb n="187" xml:id="l-187"/>gegevenen ik<c type="kk">/</c> als ik geen steun heb van b.v. U<c type="kk">/</c> <hi rend="ital">niets</hi> <lb n="188" xml:id="l-188"/>doen kan voor de vrouw<c type="kk">/</c> gevolgelijk ik denk bij mij <lb n="189" xml:id="l-189"/>zelf dat het <hi rend="ital">niet</hi> in <hi rend="ital">mijn</hi> eigen magt is haar te helpen – <lb n="190" xml:id="l-190"/>ten minste niet dadelijk. Gij hebt dus magt over <lb n="191" xml:id="l-191"/>mij – gij vooral in combinatie met veel anderen<c type="kk">/</c> die geen <lb n="192" xml:id="l-192"/>van allen het eens zijn kunt met mij. <hi rend="ital">En toch zult gij mij</hi> <lb n="193" xml:id="l-193"/><hi rend="ital">niet krijgen tot een afstand doen van haar</hi> – met al <lb n="194" xml:id="l-194"/>Uw finantieele magt<c type="kp">_</c> En omdat ik op dat punt <lb n="195" xml:id="l-195"/>van de vrouw dus niet zal toegeven en dat <lb n="196" xml:id="l-196"/>duidelijk wil zeggen<c type="kk">/</c> verstaanbaar voor de <lb n="197" xml:id="l-197"/>hardst hoorende ooren zelfs<c type="kk">/</c> zoo verklaar ik vooruit <lb n="198" xml:id="l-198"/>dat ik besloten heb met haar te deelen <lb n="199" xml:id="l-199"/>het geen mijn eigendom is en ik van U <lb n="200" xml:id="l-200"/>geen geld wensch te accepteeren dan hetgeen <lb n="201" xml:id="l-201"/>ik zonder arrière pensée als eigendom kan <lb n="202" xml:id="l-202"/>beschouwen.–</ab>
<vg:whiteline/><lb n="202*" xml:id="l-202s"/>
<ab>Vincent</ab>
    <pb f="3r" n="7" xml:id="pb-orig-3r-7" facs="#zone-pb-3r-7"/>
    <lb n="203" xml:id="l-203"/>
<ab>Weet kortom dat ik geloof ik alles <lb n="204" xml:id="l-204"/>doen <hi rend="ital">mag</hi> waar ik een ander niet door <lb n="205" xml:id="l-205"/>benadeel en die vrijheid<c type="kk">/</c> waarop niet <lb n="206" xml:id="l-206"/>alleen ik doch m.i. elk mensch ’t volle<c type="kk">/</c> <lb n="207" xml:id="l-207"/>van zelf sprekende regt heeft – die vrijheid<c type="kk">/</c> <lb n="208" xml:id="l-208"/>zeg ik<c type="kk">/</c> heb ik den pligt op te houden <lb n="209" xml:id="l-209"/>als zijnde dat <hi rend="ital">den eenigen stand</hi> welke <lb n="210" xml:id="l-210"/>men op te houden heeft. Ik vraag wel degelijk<c type="kk">/</c> <lb n="211" xml:id="l-211"/>benadeel ik iemand met dit of dat voor en aleer <lb n="212" xml:id="l-212"/>ik tot een daad overga<c type="kp">_</c>– Maar tenzij men <lb n="213" xml:id="l-213"/>mij degelijk bewijze ik iemand benadeel met <lb n="214" xml:id="l-214"/>iets dat ik doe<c type="kk">/</c> zal ik ’t niet behoeven te laten.</ab>
<pb f="3v" n="8" xml:id="pb-orig-3v-8" facs="#zone-pb-3v-8"/><lb n="215" xml:id="l-215"/>
<ab>Zoo ik die niet dwing<c type="kk">/</c> wil ook niet <lb n="216" xml:id="l-216"/>gedwongen zijn – ik die anderer vrijheid respecteer<c type="kk">/</c> <lb n="217" xml:id="l-217"/>sta ook op de mijne<c type="kp">_</c>–</ab><lb n="218" xml:id="l-218"/>
<ab rend="indent">En betreffende de vrouw en de kinderen<c type="kk">/</c> zij is aan mij gehecht <lb n="219" xml:id="l-219"/>en dat <hi rend="ital">zelfs na de scheiding</hi><c type="kk">/</c> en ik aan haar<c type="kp">_</c> <lb n="220" xml:id="l-220"/>En nu zou ik in eenig opzigt mij stilzwijgend of <lb n="221" xml:id="l-221"/>niet stilzwijgend verbinden tot haar te verlaten<c type="kp">_</c> <lb n="222" xml:id="l-222"/>Neen<c type="kk">/</c> daar zal ik mij nu eens geenszins toe <lb n="223" xml:id="l-223"/>verbinden. Ik vraag U niet verantwoordelijk te zijn <lb n="224" xml:id="l-224"/>voor welke kosten dan ook<c type="kk">/</c> integendeel<c type="kk">/</c> ik zeg U<c type="kk">/</c> <lb n="225" xml:id="l-225"/>ge kunt ’t geld verminderen<c type="kk">/</c> geheel doen ophouden<c type="kk">/</c> <lb n="226" xml:id="l-226"/>maar van wat ik heb zal zij haar deel hebben.</ab><lb n="227" xml:id="l-227"/>
<ab rend="indent">Het ware lafheid van mij broer<c type="kk">/</c> in dezen dubbelzinnig te zijn<c type="kp">_</c> <lb n="228" xml:id="l-228"/>Indien ’t er op uit moest loopen ik zelf niets had<c type="kk">/</c> <lb n="229" xml:id="l-229"/>goed – dat ware dan ook ’t ergst en er zouden <lb n="230" xml:id="l-230"/>misschien nog anderen zijn dan gij die mij het leven <lb n="231" xml:id="l-231"/>eenigzins mogelijk zouden maken. En indien niet – <lb n="232" xml:id="l-232"/>nu dan niet.–</ab>
<vg:whiteline/>
<div type="textualNotes">
<note target="l-29" targetEnd="l-30" n="29-30"><hi rend="ital">omdat [...] opmerk</hi> &lt; <hi rend="ital">Emphasis of the words </hi>‘ze’<hi rend="ital"> and </hi>‘opmerk’ <hi rend="ital">by us.</hi></note>
<note target="l-34" n="34">is) – &lt; is)</note>
<note target="l-158" n="158">zienswijs?– &lt; zienswijs–</note>
<note target="l-187" n="187"><hi rend="ital">niets</hi> &lt; ik <hi rend="ital">niets</hi></note></div></div>
<div type="translation">
<pb f="1r" n="1" xml:id="pb-trans-1r-1" facs="#zone-pb-1r-1"/>
<ab>My dear Theo,</ab>
    <ab>You must know that I mean what I say to you regarding the <rs type="pers" key="463">woman</rs>. You must know that all the disappointment that your visit this summer caused me — more than you know — in so far as it touched me personally, it isn’t something that I’ll attach much importance to — but the other thing — namely that I found her again in such a state that my heart melted in me — that — it will remain — something insurmountable between you and me — <hi rend="ital">unless she is yet saved</hi>.</ab>
<ab rend="indent">You were careless with your words then — you didn’t consider what you were saying and evidently spoke without sufficient grounds — and I’ll tell you straight out what I think about that — that in common with <rs type="pers" key="526">Pa</rs>, who often acts thus, you are <hi rend="ital">cruel</hi> in your worldly wisdom.</ab>
<ab rend="indent">Cruel, I repeat, because what is crueller than to deprive such an unfortunate, withered <rs type="pers" key="463">woman</rs> and her little <rs type="pers" key="466">child</rs> of support? Don’t think that you can fool yourself that it was nothing, or just my imagination; don’t think that it will help you to argue that this is just about one faded whore and her bastards. All the more reason for profound compassion, in <hi rend="ital">my</hi> view. Which I indeed displayed.</ab>
<ab rend="indent">I have <hi rend="ital">now</hi> realized that in all that time YOU never wrote<hi rend="ital"> a single word</hi> about <rs type="pers" key="463">her</rs>, and <hi rend="ital">didn’t reply</hi> when I told you I’d heard from her.</ab>
<ab rend="indent">And I <hi rend="sc">now</hi> realize several other things, and <hi rend="ital">because I realize them now</hi> I no longer speak to you in the same tone as before. 
<pb f="1v" n="2" xml:id="pb-trans-1v-2" facs="#zone-pb-1v-2"/></ab>
<ab rend="indent">I do know that you did it with good intentions under the circumstances — I do know how you try to keep the peace with everyone (which I believe can’t be done) — I do know that even in this case you’re probably not actually aware of having done something that wasn’t right — yet — brother — remaining good friends with the world and following our conscience <hi rend="ital">cannot</hi> go together. You don’t give your <hi rend="ital">conscience</hi> its due. I also know that not everyone in my case and circumstances would undertake to contradict you, but although not everyone would do that, I at least want to tell you that I do hold something against you in this matter, and that in general I warn you against your policy. Which <hi rend="ital">I</hi> find TOO politic.</ab>
<ab rend="indent">For I foresee that later (perhaps much later) you’ll regret much of what you now take to be right. For the time being I don’t have to give you any reason why I think that, because you wouldn’t believe me.</ab>
<ab rend="indent">The time that I was parted from <rs type="pers" key="463">her</rs> has largely spoiled again what had been gained for her well-being, and this is making it more and more difficult now. Is there anything still to be done? — but in what way?</ab>
<ab rend="indent">This is truly not a question of money <hi rend="ital">alone</hi>, for the poor <rs type="pers" key="463">woman</rs> also misses me as I was for her and her <rs type="pers" key="466 467">children</rs>, namely that I loved them, and still feel as much if not more for them now. 
<pb f="1v" n="3" xml:id="pb-trans-1v-3" facs="#zone-pb-1v-3"/></ab>
<ab rend="indent">Be so good as to take back what you write in a certain letter ‘that I would do <rs type="pers" key="463">her</rs> and myself a disservice’; mindful of the service you did her and her children and me this summer, you’d best keep quiet about that!</ab>
<ab rend="indent">You <hi rend="ital">presume</hi> moreover, in the letter in question, which contains the <hi rend="ital">only</hi> reference to her that you’ve written since this summer — you <hi rend="ital">presume</hi> that I would want to take ‘that person’, as you call <rs type="pers" key="463">her</rs>, to Drenthe with me.</ab>
<ab rend="indent">I couldn’t do that <hi rend="ital">even if I wanted to</hi>, because I don’t have the money for it.</ab>
<ab rend="indent">As to the money — brother — you understand that I don’t take any pleasure in it any more, don’t you? You do understand that, don’t you?</ab>
<ab rend="indent">I did take pleasure in it because it meant not only my survival, but also that of those poor creatures.</ab>
<ab rend="indent">It’s a sad letter at the end of this year — sad for me to write, sad for you to receive (although you’re at liberty to dismiss it, decide <hi rend="ital">that</hi> for yourself), but it’s worse for the poor <rs type="pers" key="463">woman</rs>. Regards.</ab>
<vg:whiteline/>
<ab>Yours truly,</ab>
<ab>Vincent</ab>
<vg:whiteline/>
<ab>I’ve had news from <rs type="pers" key="463">her</rs> again, since I sent her to a doctor and have heard various details about it.</ab>
<vg:whiteline/>
<ab>
<pb f="1r" n="4" xml:id="pb-trans-1r-4" facs="#zone-pb-1r-4"/></ab>
<ab>Further — brother — you know that my response was cool to the tidings that a calamity that threatened you has been averted, I have no other response in that regard than ‘<hi rend="ital">too</hi> BAD for you — my friend’. Perhaps you’ll understand why one day. I don’t say that it wouldn’t have been a calamity, but ............................... It seems to me that there are those moments in life when it’s better that the blow should fall, albeit it hard, than that one should be liable to be <hi rend="ital">spared</hi> by the world. As to me, I’m bound to misfortune and failure, it’s damned hard sometimes, but there it is. I still don’t envy the so-called fortunate and eternally successful ones, since I see too much behind it. Take the <hi rend="ital">Prisonnier</hi> by <rs type="pers" key="1044">Gérôme</rs> — the man lying shackled is in a bad way to be sure, but in my view it’s better to be him than that other fellow who’s lording it over him and tormenting him.<anchor n="1" xml:id="note-t-1"/> I say this to point out to you the extremes of circumstances. In no way do I, for example, confuse my own fate with more aggravated misery like that of the prisoner. Nevertheless, in our society one also sees a <hi rend="ital">je ne sais quoi</hi> of what I refer to.</ab>
<ab rend="indent">And for myself I do <hi rend="ital">not congratulate</hi> you that it may be expected that you’ll be able to keep in with certain authorities. It occurred to me that it wouldn’t be superfluous to declare myself to you. You can take it just exactly as you like.</ab>
<ab rend="indent">I don’t forget, either, that at the beginning you had compassion for the <rs type="pers" key="463">woman</rs> in question. But precisely because I myself was not and am not blind to her faults, but sought and seek her preservation <hi rend="ital">despite them</hi>, I believe that you could have respected and better understood this feeling of mine — then you would also have been able to take my part more resolutely against anyone who knew less about it than you, and it wouldn’t have got to such a high pitch that I <hi rend="ital">had to</hi> give it up.</ab>
<ab rend="indent">I’m warning you now, because <hi rend="ital">perhaps</hi> it’s still not too late; if it gets any worse the time for warnings will be past.</ab>
<vg:whiteline/>
<ab>
<pb f="2r" n="5" xml:id="pb-trans-2r-5" facs="#zone-pb-2r-5"/></ab>
<ab>If you need me to explain everything to you even more plainly, here you are. You say yourself that you wish I would leave the <rs type="pers" key="463">woman</rs>, yes, leave her completely.</ab>
<ab rend="indent">Very well, but I won’t or can’t do it, do you understand, my friend, and it would be treachery if I were to do such a thing — I’m thinking of old words from the Bible, ‘<hi rend="sc">hide not thy face from thy neighbour</hi>’<hi rend="ital">.</hi><anchor n="2" xml:id="note-t-2"/> <hi rend="ital">Now</hi> I tell you outright, <hi rend="sc">no</hi> Theo (if you choose to presume that I want to do this or that, think exactly what you like, I shall do what I shall do, D.V.).<anchor n="3" xml:id="note-t-3"/></ab>
<ab rend="indent">I know very well that this is a sore point that relates to the financial aspect. Not only in the sense you refer to in your letter, but in the first place in another. If I accept money from you and do something you declare yourself to be directly opposed to, that would be wrong. I’ve always talked openly to you about everything, and revealed myself just as I was, tried to be honest, but I haven’t acted without consulting you. Very well, should this stop and should we not know each other in our private lives any more, there would be something false about our position. And that I decline.</ab>
<ab rend="indent">I’ve spoken my mind about <rs type="pers" key="526">Pa</rs>, I’ve spoken my mind about you as far as this summer is concerned. Why? To convert you to <hi rend="ital">my</hi> way of thinking? No, just because I would consider it treacherous of me if I were to keep such things to myself. I am simply not a traitor, and if I have something against someone, then I say so and I don’t fear the consequences, although they can be serious enough. 
<pb f="2v" n="6" xml:id="pb-trans-2v-6" facs="#zone-pb-2v-6"/></ab>
<ab rend="indent">That’s simply the way I am — I clarify the position myself and say: hold on, because I think very differently from you about this and that, and I can’t associate with you with the old cordiality any more (I’m not saying that I don’t want to associate with <rs type="pers" key="526">Pa</rs> or you <hi rend="ital">at all</hi> any more — I’m not such a zealot).</ab>
<ab rend="indent">But I feel it when something has been broken. And I say, what’s broken is broken.</ab>
<ab rend="indent">If I do this, at least I’ll regain my serenity, I would lose my serenity if I wasn’t frank enough.</ab>
<ab rend="indent">I dare to face the future provided — I don’t enter into things that I’d feel were dishonest.</ab>
<ab rend="indent">And if you want yet another reason, well here you are then. For the sake of putting the <rs type="pers" key="463">woman</rs> back on her feet, I would even sacrifice my own pride over this principle or that as far as taking money is concerned, and did this more than once for her sake and for the children, but if the woman were <hi rend="ital">not</hi> there then I would be even prouder than ever. (I already told you that in The Hague in response to something about being good friends with <rs type="pers" key="787">H.G.T.</rs>, when you said then, ‘yes, I thought as much’.) And now, in my view, the situation is such that I can do <hi rend="ital">nothing</hi> for the woman in the circumstances if I have no support, from you for instance, and that consequently I think myself that it is <hi rend="ital">not</hi> in <hi rend="ital">my</hi> power to help her — at least not right away. So you have power over me — you, above all, in conjunction with many others, none of whom are able to agree with me. <hi rend="ital">And yet you will not get me to renounce her</hi> — with all your financial power. And because I won’t give in on the issue of the woman and want to say that clearly, make it audible to even the deafest of ears, I declare in advance that I’ve decided to share with her that which is my property, and I don’t wish to accept any money from you except what I can regard as my property without second thoughts.</ab>

    <vg:whiteline/>
    <ab>Vincent</ab>
    <ab><pb f="3r" n="7" xml:id="pb-trans-3r-7" facs="#zone-pb-3r-7"/></ab>
    <ab>Know, in short, that I believe I’m <hi rend="ital">allowed</hi> to do anything that doesn’t harm anyone else, and that freedom, to which not just I but, in my view, every human being has the full, self-evident right — that freedom, I say, I have a duty to uphold as being <hi rend="ital">the only position</hi> that I have to uphold. I really do ask: will I harm someone with this or that before I act? But unless people really prove to me that I would harm someone with something that I do, I don’t have to refrain from doing it. 
        <pb f="3v" n="8" xml:id="pb-trans-3v-8" facs="#zone-pb-3v-8"/> So, I who don’t coerce also don’t want to be coerced — I who respect others’ freedoms also insist on my own.</ab>
<ab rend="indent">And as for the <rs type="pers" key="463">woman</rs> and the <rs type="pers" key="466 467">children</rs>, she’s attached to me, and that <hi rend="ital">even after the parting</hi>, and I to her. And now I should in some way undertake, tacitly or not tacitly, to abandon her? No, I won’t undertake any such thing. I’m not asking you to be responsible for any costs whatsoever; on the contrary, I tell you, you can reduce the money, stop it altogether, but she’ll have her share of what I have.</ab>
<ab rend="indent">True cowardice on my part, brother, would be to be ambiguous about this. If it had to come to it that I myself had nothing, very well — that would be the worst, and there would still perhaps be others besides you who would make my life possible, to some extent. And if not — well, then not.</ab></div>
<div type="notes">
<note n="1" xml:id="n-1" target="#note-t-1">
<ab>There are two versions of <rs type="pers" key="1044">Jean Léon Gérôme</rs>’s <hi rend="ital">The</hi> <hi rend="ital">prisoner</hi>: one dating from 1861 (Nantes, Musée des Beaux-Arts) and one from 1863 (private collection). See Ackerman 1986, pp. 210-211, cat. nos. 134-135. Goupil had included a photograph in the series <hi rend="ital">L’Oeuvre de J.-L. Gérôme</hi>, Goupil s.a. (no. 567), while the engraving <hi rend="ital">The prisoner</hi> appeared in <hi rend="ital">The Illustrated London News</hi> 56 (14 December 1872), between pp. 558-559. <rs type="ill" key="132">Ill. 132</rs>. It is not possible to say for certain which version Van Gogh knew.</ab></note>
<note n="2" xml:id="n-2" target="#note-t-2">
<ab>An allusion to <bibleref xmlns="http://www.vangoghletters.org/ns/" book="Ps" chap="69" v="18">Ps. 69:18</bibleref> (in <hi rend="ital">KJ</hi> <bibleref xmlns="http://www.vangoghletters.org/ns/" book="Ps" chap="69" v="17">Ps. 69:17</bibleref>), where the word is ‘servant’ (‘knecht’) not ‘neighbour’ (‘naaste’). Van Gogh probably changed the wording here deliberately, to make it more specifically relevant to their situation.</ab></note>
<note n="3" xml:id="n-3" target="#note-t-3">
<ab>Deo volente (God willing).</ab></note></div></body></text></TEI>
