<?xml version="1.0" encoding="UTF-8"?>
<!-- Last Changed Date: 2018-07-18 12:32:41 +0200 (Wed, 18 Jul 2018) | SVN Revision: 2206 -->
<!--Licensed under Attribution-NonCommercial-ShareAlike 4.0 International (CC BY-NC-SA 4.0)-->
<?xml-model href="https://xmlschema.huygens.knaw.nl/vgodd.rng" type="application/xml" schematypens="http://relaxng.org/ns/structure/1.0"?>
<TEI xmlns:vg="http://www.vangoghletters.org/ns/" xmlns="http://www.tei-c.org/ns/1.0">
<teiHeader xmlns:xsi="http://www.w3.org/2001/XMLSchema-instance"><fileDesc>
<titleStmt>
<title>To Anthon van Rappard. Nuenen, on or about Tuesday, 18 March 1884.</title>
<editor>Leo Jansen</editor>
<editor>Hans Luijten</editor>
<editor>Nienke Bakker</editor></titleStmt>
<publicationStmt>
<publisher><name>Huygens Instituut voor Nederlandse Geschiedenis (KNAW)</name><email>info@huygens.knaw.nl</email></publisher>
<publisher>Van Gogh Museum</publisher>
<pubPlace>Amsterdam</pubPlace>
<date type="first" when="2009">2009</date>
<availability status="restricted">
<licence target="http://creativecommons.org/licenses/by-nc-sa/4.0/ https://creativecommons.org/licenses/by-nc-sa/4.0/legalcode">
<p>Attribution-NonCommercial-ShareAlike 4.0 International (CC BY-NC-SA 4.0) </p></licence></availability>
<ptr target="http://vangoghletters.org/orig/let439"/></publicationStmt><sourceDesc><vg:letDesc><vg:letIdentifier>
<idno type="jlb">439</idno>
<idno type="collectedletters">R43</idno>
<idno type="brieven1990">440</idno></vg:letIdentifier><vg:letHeading><author>Vincent van Gogh</author><vg:addressee>Anthon van Rappard</vg:addressee><vg:placeLet>Nuenen</vg:placeLet><vg:dateLet>on or about Tuesday, 18 March 1884</vg:dateLet></vg:letHeading><vg:letContents>
<p>To Anthon van Rappard. Nuenen, on or about Tuesday, 18 March 1884.</p></vg:letContents>
<note type="sourceStatus" xml:id="sourceStatus">
<p>Original manuscript</p></note>
<note type="location" xml:id="location">
<p>Amsterdam, Van Gogh Museum, inv. nos. b8375 a-b V/2006</p></note>
<note type="date" xml:id="date">
<p>Van Gogh did indeed send the drawings that he promised to send in <ref target="let437.xml">letter 437</ref>, and he thanks Van Rappard here for the appreciative response that he has meanwhile received <ref target="#l-2">(ll. 2-3)</ref>. See further <ref target="let435.xml">letter 435</ref>, <hi rend="ital">Date</hi>.</p></note>
<note type="arrangement" xml:id="arrangement">
<p>In <hi rend="ital">De brieven </hi>1990 a sheet was included as part of this letter that we have placed, on grounds of content, with <ref target="let332.xml">letter 332</ref>. It contains a false reference to an earlier part of the letter, and the duct of the handwriting and type of paper differ from that of the present letter. See also <ref target="let332.xml">letter 332</ref>, <hi rend="ital">Arrangement</hi>.</p></note>
<note type="additionalDetail" xml:id="additionalDetail">
<p>The letter has no conclusion or signature, so in all likelihood it is incomplete.</p></note></vg:letDesc></sourceDesc></fileDesc></teiHeader>
<facsimile xmlns:xsi="http://www.w3.org/2001/XMLSchema-instance">
<surface n="b 8375 a" xml:id="surf-pb-1r"><graphic mimeType="image/tiff" url="VGM001001633_01.TIF" rend="norend"/><graphic mimeType="image/tiff" url="VGM001001633_01_n.tif" rend="norend"/><graphic mimeType="image/jpeg" url="VGM001001633_01_nt.jpg" height="50px" rend="thumbnail"/><zone xml:id="zone-pb-1r-1">
<graphic mimeType="image/tiff" url="VGM001001633_01_nR.tif" rend="norend"/><graphic mimeType="image/jpeg" url="VGM001001633_01_nRt.jpg" height="50px" rend="thumbnail"/><graphic mimeType="image/png" url="VGM001001633_01_nRf.png" width="380px" rend="facstab"/></zone>
<zone xml:id="zone-pb-1r-4">
<graphic mimeType="image/tiff" url="VGM001001633_01_nL.tif" rend="norend"/><graphic mimeType="image/jpeg" url="VGM001001633_01_nLt.jpg" height="50px" rend="thumbnail"/><graphic mimeType="image/png" url="VGM001001633_01_nLf.png" width="380px" rend="facstab"/></zone>
</surface>
<surface n="b 8375 a" xml:id="surf-pb-1v"><graphic mimeType="image/tiff" url="VGM001001633_02.TIF" rend="norend"/><graphic mimeType="image/tiff" url="VGM001001633_02_n.tif" rend="norend"/><graphic mimeType="image/jpeg" url="VGM001001633_02_nt.jpg" height="50px" rend="thumbnail"/><zone xml:id="zone-pb-1v-2">
<graphic mimeType="image/tiff" url="VGM001001633_02_nL.tif" rend="norend"/><graphic mimeType="image/jpeg" url="VGM001001633_02_nLt.jpg" height="50px" rend="thumbnail"/><graphic mimeType="image/png" url="VGM001001633_02_nLf.png" width="380px" rend="facstab"/></zone>
<zone xml:id="zone-pb-1v-3">
<graphic mimeType="image/tiff" url="VGM001001633_02_nR.tif" rend="norend"/><graphic mimeType="image/jpeg" url="VGM001001633_02_nRt.jpg" height="50px" rend="thumbnail"/><graphic mimeType="image/png" url="VGM001001633_02_nRf.png" width="380px" rend="facstab"/></zone>
</surface>
<surface n="b 8375 b" xml:id="surf-pb-2r"><graphic mimeType="image/tiff" url="VGM001001634_01.TIF" rend="norend"/><graphic mimeType="image/tiff" url="VGM001001634_01_n.tif" rend="norend"/><graphic mimeType="image/jpeg" url="VGM001001634_01_nt.jpg" height="50px" rend="thumbnail"/><zone xml:id="zone-pb-2r-5">
<graphic mimeType="image/tiff" url="VGM001001634_01_nR.tif" rend="norend"/><graphic mimeType="image/jpeg" url="VGM001001634_01_nRt.jpg" height="50px" rend="thumbnail"/><graphic mimeType="image/png" url="VGM001001634_01_nRf.png" width="380px" rend="facstab"/></zone>
<zone xml:id="zone-pb-2r-8">
<graphic mimeType="image/tiff" url="VGM001001634_01_nL.tif" rend="norend"/><graphic mimeType="image/jpeg" url="VGM001001634_01_nLt.jpg" height="50px" rend="thumbnail"/><graphic mimeType="image/png" url="VGM001001634_01_nLf.png" width="380px" rend="facstab"/></zone>
</surface>
<surface n="b 8375 b" xml:id="surf-pb-2v"><graphic mimeType="image/tiff" url="VGM001001634_02.TIF" rend="norend"/><graphic mimeType="image/tiff" url="VGM001001634_02_n.tif" rend="norend"/><graphic mimeType="image/jpeg" url="VGM001001634_02_nt.jpg" height="50px" rend="thumbnail"/><zone xml:id="zone-pb-2v-6">
<graphic mimeType="image/tiff" url="VGM001001634_02_nL.tif" rend="norend"/><graphic mimeType="image/jpeg" url="VGM001001634_02_nLt.jpg" height="50px" rend="thumbnail"/><graphic mimeType="image/png" url="VGM001001634_02_nLf.png" width="380px" rend="facstab"/></zone>
<zone xml:id="zone-pb-2v-7">
<graphic mimeType="image/tiff" url="VGM001001634_02_nR.tif" rend="norend"/><graphic mimeType="image/jpeg" url="VGM001001634_02_nRt.jpg" height="50px" rend="thumbnail"/><graphic mimeType="image/png" url="VGM001001634_02_nRf.png" width="380px" rend="facstab"/></zone>
</surface></facsimile><text xmlns:xsi="http://www.w3.org/2001/XMLSchema-instance"><body>
<div type="original">
<pb f="1r" n="1" xml:id="pb-orig-1r-1" facs="#zone-pb-1r-1"/><lb n="1" xml:id="l-1"/>
<ab>Amice Rappard –</ab><lb n="1*" xml:id="l-1s"/>
<ab>Dank voor Uw brief – waar <lb n="2" xml:id="l-2"/>ik blijde mee was<c type="kp">_</c>– Het deed me pleizier dat ge <lb n="3" xml:id="l-3"/>in mijn teekeningen iets vondt<c type="kp">_</c>–<anchor n="1" xml:id="note-o-1"/></ab><lb n="4" xml:id="l-4"/>
<ab rend="indent">Algemeenheden over techniek treed ik niet in <lb n="5" xml:id="l-5"/>maar wel voorzie ik dat<c type="kk">/</c> juist dan wanneer ik <lb n="6" xml:id="l-6"/>in wat ik zal noemen <hi rend="ital">zeggingskracht</hi> sterker <lb n="7" xml:id="l-7"/>word dan ik op dit moment ben<c type="kk">/</c> de lui niet <lb n="8" xml:id="l-8"/><hi rend="ital">minder</hi> maar wel <hi rend="ital">meer nog</hi> dan nu zullen <lb n="9" xml:id="l-9"/>zeggen dat ik <hi rend="ital">geen</hi> techniek heb<c type="kp">_</c>– <lb n="10" xml:id="l-10"/>Gevolgelijk – wel ben ik ’t volkomen met <lb n="11" xml:id="l-11"/>U eens dat ’t geen ik zeg in mijn werk <lb n="12" xml:id="l-12"/>van nu ik nog <hi rend="ital">krachtiger</hi> moet zeggen – <lb n="13" xml:id="l-13"/>en ik sjouw er op in dat opzicht me te sterken – <lb n="14" xml:id="l-14"/>maar – dat <hi rend="ital">dan</hi> het algemeen publiek <lb n="15" xml:id="l-15"/>beter begreep – neen<c type="kp">_</c>–</ab><lb n="16" xml:id="l-16"/>
<ab rend="indent">Dat neemt niet weg – mijns inziens – toch <lb n="17" xml:id="l-17"/>de redenatie van den braven man die van <lb n="18" xml:id="l-18"/>Uw werk vroeg “schildert-i-om geld”<c type="kk">/</c> eene <lb n="19" xml:id="l-19"/>redenatie is van neukepietje<anchor n="a" xml:id="note-o-a"/> – waar dit <lb n="20" xml:id="l-20"/>intelligent creatuur onder de axiomas <lb n="21" xml:id="l-21"/>rangschikt dat oorspronkelijkheid geld verdienen <lb n="22" xml:id="l-22"/>met zijn werk zou verhinderen<c type="kp">_</c>–</ab><lb n="23" xml:id="l-23"/>
<ab rend="indent">Dit als <hi rend="sc">axioma</hi> te willen laten doorgaan<c type="kk">/</c> <hi rend="ital">omdat</hi> <lb n="24" xml:id="l-24"/>als <hi rend="ital">stelling</hi> ’t gedecideerd <hi rend="ital">niet</hi> te bewijzen is<c type="kk">/</c> <lb n="25" xml:id="l-25"/>is zoo als gezegd – ’t gewone maniertje dier <lb n="26" xml:id="l-26"/>neukepietjes – en <hi rend="ital">luie</hi> jesuitjes<c type="kp">_</c>–</ab>
<pb f="1v" n="2" xml:id="pb-orig-1v-2" facs="#zone-pb-1v-2"/><lb n="27" xml:id="l-27"/>
<ab rend="indent">Denkt gij dat ik om techniek niet geef of <lb n="28" xml:id="l-28"/>er niet naar zoek? jawel – maar slechts <lb n="29" xml:id="l-29"/>in zoover dat – ’t geen ik te zeggen heb <lb n="30" xml:id="l-30"/>ik zeggen wil – <lb n="30a" xml:id="l-30a"/>en waar ik dat nog niet of niet voldoende kan<c type="kk">/</c> ik er op werk me te verbeteren<c type="kp">_</c> <lb n="30"/>maar of mijn taal <lb n="31" xml:id="l-31"/>in den haak is met die der redenaars heb ik maling aan – <lb n="32" xml:id="l-32"/>(ge weet gij maaktet de vergelijking – indien iemand <lb n="33" xml:id="l-33"/>iets nuttig’s, waar’s – noodigs te zeggen had en <lb n="34" xml:id="l-34"/>het zeide in termen die moeielijk te begrijpen waren<c type="kk">/</c> <lb n="35" xml:id="l-35"/>zou dan ’t zij spreker ’t zij hoorders er veel aan <lb n="36" xml:id="l-36"/>hebben<c type="kp">_</c>)</ab><lb n="37" xml:id="l-37"/>
<ab rend="indent">Ik wil dit punt eens vast houden – juist omdat <lb n="38" xml:id="l-38"/>ik dikwijls een tamelijk curieus verschijnsel in <lb n="39" xml:id="l-39"/>de geschiedenis heb terug gevonden<c type="kp">_</c></ab><lb n="40" xml:id="l-40"/>
<ab rend="indent">Versta me wel: dat men spreken moet in de moeder<c type="shy">-</c><lb n="41" xml:id="l-41"/>taal van het gehoor als dat gehoor maar één taal <lb n="42" xml:id="l-42"/>kent – dat spreekt van zelf en absurd zou ’t zijn <lb n="43" xml:id="l-43"/>dat niet van zelf aan te nemen<c type="kp">_</c>–</ab><lb n="44" xml:id="l-44"/>
<ab rend="indent">Maar nu het tweede deel der kwestie<c type="kk">/</c> <lb n="45" xml:id="l-45"/>gegeven een man die iets te zeggen heeft en <lb n="46" xml:id="l-46"/>spreekt in de taal die<anchor n="b" xml:id="note-o-b"/> zijn gehoor ook van <lb n="47" xml:id="l-47"/>nature benul van heeft.</ab><lb n="48" xml:id="l-48"/>
<ab rend="indent">Dan – zal ’t verschijnsel zich telkens openbaren <lb n="49" xml:id="l-49"/>de <hi rend="ital">waarheidspreker</hi> weinig <hi rend="ital">oratorische chic</hi> <lb n="50" xml:id="l-50"/>heeft – en <hi rend="ital">niet</hi> in den smaak valt van <lb n="51" xml:id="l-51"/>het <hi rend="ital">meerendeel</hi> van zijn gehoor – ja uitgemaakt <lb n="52" xml:id="l-52"/>wordt voor een man “zwaar ter tale”<anchor n="2" xml:id="note-o-2"/> <lb n="53" xml:id="l-53"/>en als zoodanig <hi rend="ital">veracht</hi><c type="kp">_</c></ab><lb n="54" xml:id="l-54"/>
<ab rend="indent">Van geluk mag hij spreken indien er één is<c type="kk">/</c> <lb n="55" xml:id="l-55"/>of heel enkelen op zijn hoogst<c type="kk">/</c> die gesticht zijn door <lb n="56" xml:id="l-56"/>hem wegens het deze hoorders te doen was niet <lb n="57" xml:id="l-57"/>om de oratorische tirades doch juist effektief <lb n="58" xml:id="l-58"/>om – het ware<c type="kk">/</c> nuttige<c type="kk">/</c> noodige der woorden<c type="kk">/</c> <lb n="59" xml:id="l-59"/>hetwelk hun verlichtte<c type="kk">/</c> verruimde<c type="kk">/</c> vrijer of intelligenter <lb n="60" xml:id="l-60"/>maakte<c type="kp">_</c>–</ab>
<pb f="1v" n="3" xml:id="pb-orig-1v-3" facs="#zone-pb-1v-3"/><lb n="61" xml:id="l-61"/>
<ab rend="indent">En nu de schilders – is het doel en non plus ultra der kunst <lb n="62" xml:id="l-62"/>die eigenaardige <hi rend="ital">vlekken</hi> kleur – die <lb n="63" xml:id="l-63"/>grilligheid der teekening<c type="kk">/</c> die wat men noemt <lb n="64" xml:id="l-64"/>distinctie der techniek<c type="kp">_</c>– Voorzeker niet<c type="kp">_</c>– <lb n="65" xml:id="l-65"/>Neemt men een Corot<c type="kk">/</c> een Daubigny<c type="kk">/</c> een Dupré<c type="kk">/</c> een <lb n="66" xml:id="l-66"/>Millet of een Israels – lui die voorzeker <lb n="67" xml:id="l-67"/>de groote voorgangers zijn – zoo is hun werk <lb n="68" xml:id="l-68"/><hi rend="sc">buiten de verf</hi><c type="kk">/</c><anchor n="3" xml:id="note-o-3"/> het onderscheidt zich <lb n="69" xml:id="l-69"/>van de lui van chic<c type="kk">/</c> even als een <lb n="70" xml:id="l-70"/>oratorische tirade (b.v. van een Numa Roumestan)<anchor n="4" xml:id="note-o-4"/> iets heel anders is als een gebed <lb n="71" xml:id="l-71"/>of – een goed vers<c type="kp">_</c>–</ab><lb n="72" xml:id="l-72"/>
<ab rend="indent"><hi rend="ital">Werken</hi> op techniek dus – <hi rend="sc">moet</hi> <hi rend="ital">men</hi> <lb n="73" xml:id="l-73"/>in zooverre men beter<c type="kk">/</c> juister<c type="kk">/</c> inniger moet zeggen wat <lb n="74" xml:id="l-74"/>men voelt doch – met hoe minder omhaal van <lb n="75" xml:id="l-75"/>woorden hoe beter. Doch de rest – hoeft men zich niet mee te occupeeren<c type="kp">_</c></ab><lb n="76" xml:id="l-76"/>
<ab rend="indent">Waarom ik dit zeg is omdat ik meen opgemerkt te <lb n="77" xml:id="l-77"/>hebben dat gij soms in Uw eigen werk <lb n="78" xml:id="l-78"/>dingen niet goed vind die wel goed zijn m.i<c type="kp">_</c> <lb n="79" xml:id="l-79"/>In mijn oog is <hi rend="ital">Uw</hi> techniek beter dan b.v. die <lb n="80" xml:id="l-80"/>van Haverman – omdat Uw penseelstreek reeds <lb n="81" xml:id="l-81"/>dikwijls iets eigenaardigs<c type="kk">/</c> kennelijks<c type="kk">/</c> gemotiveerds en <lb n="82" xml:id="l-82"/>gewilds heeft wat bij Haverman eeuwig conventie <lb n="83" xml:id="l-83"/>is<c type="kk">/</c> altijd aan ’t <hi rend="ital">atelier</hi> herinnert<c type="kk">/</c> <lb n="84" xml:id="l-84"/>niet aan de natuur<c type="kp">_</c>–</ab><lb n="85" xml:id="l-85"/>
<ab rend="indent">Voor de schetsen van U b.v. die ik zag<c type="kk">/</c> het wevertje<anchor n="5" xml:id="note-o-5"/> <lb n="86" xml:id="l-86"/>en de Terschellingsche wijven<c type="kk">/</c><anchor n="6" xml:id="note-o-6"/> voel ik iets – het is een <lb n="87" xml:id="l-87"/>greep in ’t hart der dingen<c type="kp">_</c>– Voor Haverman voel <lb n="88" xml:id="l-88"/>ik al heel weinig anders dan malaise en <lb n="89" xml:id="l-89"/>verveling<c type="kp">_</c>–</ab><lb n="90" xml:id="l-90"/>
<ab rend="indent">Ik vrees dat gij – en ik <hi rend="ital">feliciteer</hi> <lb n="91" xml:id="l-91"/>U er mee – ook in ’t vervolg nog dezelfde <lb n="92" xml:id="l-92"/>aanmerkingen OOK over techniek zult hooren<c type="kk">/</c> <lb n="93" xml:id="l-93"/>behalve over sujet en..... alles<c type="kk">/</c> enfin <lb n="94" xml:id="l-94"/>ook dan wanneer die penseelstreek van U <lb n="95" xml:id="l-95"/>die reeds zoo veel karakter heeft<c type="kk">/</c> dat nog meer <lb n="96" xml:id="l-96"/>krijgt.</ab>
<pb f="1r" n="4" xml:id="pb-orig-1r-4" facs="#zone-pb-1r-4"/><lb n="97" xml:id="l-97"/>
<ab rend="indent"><hi rend="ital">Er zijn echter</hi> liefhebbers die après tout juist voor het geen <lb n="98" xml:id="l-98"/>met emotie is geschilderd hart hebben<c type="kp">_</c></ab><lb n="99" xml:id="l-99"/>
<ab rend="indent">Al zijn we niet meer in den tijd van <hi rend="ital">Thoré</hi> <lb n="100" xml:id="l-100"/>en van Theophile Gautier – helaas<c type="kp">_</c>– <lb n="101" xml:id="l-101"/>Denk er eens over na of men wel wijs doet<c type="kk">/</c> in <lb n="102" xml:id="l-102"/>den tegenwoordigen tijd bepaaldelijk<c type="kk">/</c> veel over techniek <lb n="103" xml:id="l-103"/>zich uit te laten – ge zult zeggen ik doe dat bij dezen <lb n="104" xml:id="l-104"/>zelf – ik heb er ook eigentlijk spijt van<c type="kp">_</c>–</ab><lb n="105" xml:id="l-105"/>
<ab rend="indent">Maar ik voor mij neem me voor – ook dan als <lb n="106" xml:id="l-106"/>ik mijn penseel veel meer meester zal zijn dan nu – <lb n="107" xml:id="l-107"/>tot de lui systematisch te zeggen <hi rend="ital">dat ik niet</hi> <lb n="108" xml:id="l-108"/><hi rend="ital">schilderen kan</hi>. Verstaat ge – <hi rend="ital">ook juist dan</hi> als <lb n="109" xml:id="l-109"/>ik wel degelijk een eigen manier van doen zal <lb n="110" xml:id="l-110"/>hebben<c type="kk">/</c> compleeter en nog beknopter dan nu<c type="kp">_</c></ab><lb n="111" xml:id="l-111"/>
<ab rend="indent">Mooi vond ik wat Herkomer zeide toen hij een eigen <lb n="112" xml:id="l-112"/>art-school opende – voor een aantal lui <hi rend="ital">die reeds schilderen</hi> <lb n="113" xml:id="l-113"/><hi rend="ital">kenden</hi> – hij verzocht zijn leerlingen vriendelijk of ze als <lb n="114" xml:id="l-114"/>je blieft <hi rend="ital">niet</hi> wilden schilderen zoo als hij – maar volgens <lb n="115" xml:id="l-115"/>hun eigen ik – ’t is me te doen, zegt hij, om oorspronkelijkheden <lb n="116" xml:id="l-116"/>vrij te doen worden – niet om discipelen te winnen voor <hi rend="ital">de</hi> <lb n="117" xml:id="l-117"/><hi rend="ital">leer</hi> van Herkomer<c type="kp">_</c>–<anchor n="7" xml:id="note-o-7"/></ab><lb n="118" xml:id="l-118"/>
<ab rend="indent"><hi rend="ital">Entre lions on ne se singe pas</hi><c type="kp">_</c><anchor n="8" xml:id="note-o-8"/></ab><lb n="119" xml:id="l-119"/>
<ab rend="indent">Nu<c type="kk">/</c> ik heb nog al geschilderd deze laatste dagen<c type="kk">/</c> <lb n="120" xml:id="l-120"/>een meisje dat spoelen zit te winden voor de wevers<anchor n="9" xml:id="note-o-9"/> <lb n="121" xml:id="l-121"/>en ’t figuur van den wever apart<c type="kp">_</c><anchor n="10" xml:id="note-o-10"/></ab><lb n="122" xml:id="l-122"/>
<ab rend="indent">Ik ben er wel verlangend naar dat gij mijn geschilderde <lb n="123" xml:id="l-123"/>studies eens zien zult – niet omdat ik er zelf over tevreden <lb n="124" xml:id="l-124"/>ben maar omdat ik geloof dat gij er door overtuigd zult <lb n="125" xml:id="l-125"/>worden dat ik wel degelijk mijn hand oefen en<c type="kk">/</c> <lb n="126" xml:id="l-126"/>waar ik zeg<c type="kk">/</c> ik geef betrekkelijk weinig om techniek<c type="kk">/</c> dit niet doe om <lb n="127" xml:id="l-127"/>dat ik me zelf moeite spaar of moeielijkheden zoek te ontwijken<c type="kp">_</c>– Want <lb n="128" xml:id="l-128"/>dat is mijn systeem niet<c type="kp">_</c>–</ab><lb n="129" xml:id="l-129"/>
<ab rend="indent">Verder verlang ik er naar gij dezen hoek van Brabant – m.i. <lb n="130" xml:id="l-130"/>veel mooier dan den kant van Breda – nog eens zult leeren kennen<c type="kp">_</c> <lb n="131" xml:id="l-131"/>Het is dezer dagen hier verrukkelijk.</ab><lb n="132" xml:id="l-132"/>
<ab rend="indent">Er is hier een dorp <hi rend="ital">Zon en Breugel</hi><c type="kk">/</c><anchor n="11" xml:id="note-o-11"/> dat verbazend op <lb n="133" xml:id="l-133"/>Courrières lijkt<c type="kk">/</c> waar de Bretons wonen – toch de figuren zijn <lb n="134" xml:id="l-134"/>ginder nog wel zoo mooi. Als men den <hi rend="ital">vorm</hi> meer gaat liefkrijgen <lb n="135" xml:id="l-135"/>krijgt men wel eens het land aan – “de Hollandsche kleederdragten” <lb n="136" xml:id="l-136"/>zooals op de photographie albums staat die men de vreemdelingen <lb n="137" xml:id="l-137"/>verkoopt<c type="kp">_</c>–<anchor n="12" xml:id="note-o-12"/></ab>
<pb f="2r" n="5" xml:id="pb-orig-2r-5" facs="#zone-pb-2r-5"/><lb n="138" xml:id="l-138"/>
<ab rend="indent">Ik stuur U bij dezen een klein boekje betreffende <lb n="139" xml:id="l-139"/>Corot – dat ge als ge ’t niet kent – denk ik met <lb n="140" xml:id="l-140"/>pleizier lezen zult – er staan met juistheid eenige <lb n="141" xml:id="l-141"/>levensbijzonderheden in<c type="kp">_</c>– Die tentoonstelling waarvan <lb n="142" xml:id="l-142"/>dit de catalogus is zag ik in der tijd nog.</ab><lb n="143" xml:id="l-143"/>
<ab rend="indent">Merkwaardig vind ik er in dat die man zoo <lb n="144" xml:id="l-144"/>lang bezonken en gerijpt heeft<c type="kp">_</c>–<anchor n="13" xml:id="note-o-13"/> Let er <lb n="145" xml:id="l-145"/>eens op wat hij deed op dezen en die leeftijd<c type="kp">_</c>– <lb n="146" xml:id="l-146"/>Van zijn eerste <hi rend="sc">eigentlijke</hi> werk heb ik dingen <lb n="147" xml:id="l-147"/>gezien – resultaat van jaren studie reeds – <lb n="148" xml:id="l-148"/>eerlijk als goud<c type="kk">/</c> door en <lb n="149" xml:id="l-149"/>door solide – maar wat zullen de lui <lb n="150" xml:id="l-150"/>het veracht hebben! Voor mij zijn de <hi rend="ital">studies</hi> <lb n="151" xml:id="l-151"/>van Corot een les geweest toen ik ze zag <lb n="152" xml:id="l-152"/>en in dien tijd reeds gefrappeerd werd door <lb n="153" xml:id="l-153"/>het verschil met studies van veel andere <lb n="154" xml:id="l-154"/>landschapschilders<c type="kp">_</c>–</ab><lb n="155" xml:id="l-155"/>
<ab rend="indent">Het boerenkerkhofje van <hi rend="ital">U</hi><c type="kk">/</c><anchor n="14" xml:id="note-o-14"/> als <lb n="156" xml:id="l-156"/>ik er niet <hi rend="ital">meer techniek</hi> in zag als in de <lb n="157" xml:id="l-157"/>studies van Corot – zou ik er bij vergelijken<c type="kp">_</c> <lb n="158" xml:id="l-158"/>Van sentiment is het identiek – een streven <lb n="159" xml:id="l-159"/>om het intieme en het essentieele <lb n="160" xml:id="l-160"/>alleen te geven<c type="kp">_</c></ab><lb n="161" xml:id="l-161"/>
<ab rend="indent">Wat ik in dezen brief zeg komt hierop neer – <lb n="162" xml:id="l-162"/>Laat ons trachten zóó achter de geheimen <lb n="163" xml:id="l-163"/>der techniek te zijn dat de lui <lb n="164" xml:id="l-164"/>er in loopen en zweeren bij hoog <lb n="165" xml:id="l-165"/>en laag we geen techniek hebben<c type="kp">_</c></ab>
<pb f="2v" n="6" xml:id="pb-orig-2v-6" facs="#zone-pb-2v-6"/><lb n="166" xml:id="l-166"/>
<ab rend="indent">Laat het werk zoo savant zijn <lb n="167" xml:id="l-167"/>dat het naif <hi rend="ital">lijkt</hi> en niet naar <lb n="168" xml:id="l-168"/>onze knapheid stinkt.</ab><lb n="169" xml:id="l-169"/>
<ab rend="indent">Dat <hi rend="ital">ik</hi> dit punt ’t welk ik zou begeeren <lb n="170" xml:id="l-170"/>nog <hi rend="ital">niet</hi> bereikt heb geloof ik<c type="kk">/</c> <lb n="171" xml:id="l-171"/>want ik geloof niet eens dat <hi rend="ital">gij</hi> die <lb n="172" xml:id="l-172"/>verder zijt dan ik ’t reeds hebt<c type="kp">_</c>–</ab><lb n="173" xml:id="l-173"/>
<ab rend="indent">Ik geloof dat in dit schrijven ge iets anders <lb n="174" xml:id="l-174"/>zien zult dan woordenfitterij<c type="kp">_</c></ab><lb n="175" xml:id="l-175"/>
<ab rend="indent">Ik geloof dat hoe meer men omgaat <lb n="176" xml:id="l-176"/>met de natuur zelf – hoe dieper men er <lb n="177" xml:id="l-177"/>in doordringt – hoe minder aantrekkelijkheid <lb n="178" xml:id="l-178"/>men vinden gaat in al die trucs d’atelier<c type="kk">/</c> <lb n="179" xml:id="l-179"/>en toch<c type="kk">/</c> ik wil die in hun waarde <lb n="180" xml:id="l-180"/>laten en <hi rend="ital">zien</hi> schilderen<c type="kp">_</c> veel op ateliers <lb n="181" xml:id="l-181"/>komen is iets waar ik zelf wel naar <lb n="182" xml:id="l-182"/>verlang<c type="kp">_</c>–</ab>
<vg:whiteline/><lb n="183" xml:id="l-183"/>
<ab>Niet in de boeken heb ik het gevonden</ab><lb n="184" xml:id="l-184"/>
<ab>En van “geleerden” – och, weinig geleerd</ab>
<vg:whiteline/><lb n="185" xml:id="l-185"/>
<ab>staat in de Genestet zoo als ge wel weet<c type="kp">_</c><anchor n="15" xml:id="note-o-15"/> 
<pb f="2v" n="7" xml:id="pb-orig-2v-7" facs="#zone-pb-2v-7"/><lb n="186" xml:id="l-186"/>Men zou als variatie hierop kunnen <lb n="187" xml:id="l-187"/>zeggen<c type="kk">/</c></ab>
<vg:whiteline/><lb n="188" xml:id="l-188"/>
<ab>niet in ’t atelier heb ik het gevonden</ab> <lb n="189" xml:id="l-189"/>
      <ab rend="html" html="439_01_ol.html">En van de schilders } och<c type="kk">/</c> weinig geleerd<c type="kp">_</c></ab><lb n="190" xml:id="l-190"/>
      <ab rend="html" html="439_01_ol.html">             de kenners }</ab>
<vg:whiteline/><lb n="191" xml:id="l-191"/>
<ab>Misschien schokt het U ik om het even <lb n="192" xml:id="l-192"/>schilders of kenners zou inlasschen<c type="kp">_</c></ab><lb n="193" xml:id="l-193"/>
<ab rend="indent">Maar over iets anders – het is weergaasch moeielijk om <lb n="194" xml:id="l-194"/>niets te voelen<c type="kk">/</c> geen invloed te ondervinden <lb n="195" xml:id="l-195"/>van wat zulke neukepietjes als “schildert-i <lb n="196" xml:id="l-196"/>om geld” – zeggen. Dat gezanik hoort men <lb n="197" xml:id="l-197"/>dag in dag uit en later wordt men kwaad <lb n="198" xml:id="l-198"/>op zich zelf dat men er zich iets van heeft <lb n="199" xml:id="l-199"/>aangetrokken. zoo gaat het mij – en ik <lb n="200" xml:id="l-200"/>denk dat het U ook wel eens zoo gaat<c type="kp">_</c>– <lb n="201" xml:id="l-201"/>Men heeft er wel maling aan doch <lb n="202" xml:id="l-202"/>het maakt zenuwachtig – net als wanneer <lb n="203" xml:id="l-203"/>men valsch hoort zingen of <hi rend="ital">door een op U verbitterd draaiorgel</hi> <lb n="204" xml:id="l-204"/><hi rend="ital">vervolgd wordt</hi>. Vindt gij dat niet waar <lb n="205" xml:id="l-205"/>van het draaiorgel en dan dat hetzelve ’t speciaal <lb n="206" xml:id="l-206"/>op U zou hebben begrepen<c type="kp">_</c>–</ab><lb n="207" xml:id="l-207"/>
<ab rend="indent">Want waar men ook komt<c type="kk">/</c> overal is ’t hetzelfde <lb n="208" xml:id="l-208"/>deuntje<c type="kp">_</c></ab>
<pb f="2r" n="8" xml:id="pb-orig-2r-8" facs="#zone-pb-2r-8"/><lb n="209" xml:id="l-209"/>
<ab rend="indent">o ik voor mij – ik ga doen wat ik <lb n="210" xml:id="l-210"/>U zeg – als de lui tegen mij zeggen <lb n="211" xml:id="l-211"/>dit en dat – ga ik zelf vóór zij uitgesproken <lb n="212" xml:id="l-212"/>zijn de zinnen aanvullen – op de wijs dat <lb n="213" xml:id="l-213"/>wanneer ik van iemand weet hij de gewoonte heeft <lb n="214" xml:id="l-214"/>mij een vinger te geven in plaats van een hand <lb n="215" xml:id="l-215"/>(ik lapte het gisteren een eerwaardig collega van mijn <lb n="216" xml:id="l-216"/>vader) ik van mijn kant ook één vinger <lb n="217" xml:id="l-217"/>klaar houd en zonder mijn gezigt te <lb n="218" xml:id="l-218"/>vertrekken voorzigtig den zijnen daarmee <lb n="219" xml:id="l-219"/>ontmoet bij het een hand geven – op een manier dat de man <lb n="220" xml:id="l-220"/>er niets van <hi rend="ital">kan</hi> zeggen maar <lb n="221" xml:id="l-221"/>gevoelt ik hem terugverneuk.</ab><lb n="222" xml:id="l-222"/>
<ab rend="indent">Nu<c type="kk">/</c> ik heb pas iemand zeer <lb n="223" xml:id="l-223"/>kwaadaardig gemaakt met iets <lb n="224" xml:id="l-224"/>dergelijks – verliest men daar iets <lb n="225" xml:id="l-225"/>aan – neen want waarachtig<c type="kk">/</c> die lui hinderen <lb n="226" xml:id="l-226"/>en dat ik U schrijf betreffende sommige expressies <lb n="227" xml:id="l-227"/>van U is om U te <lb n="228" xml:id="l-228"/>vragen<c type="kk">/</c> weet gij zeker dat zij die de techniek <lb n="229" xml:id="l-229"/>zoo ophemelen de bonne foi zijn<c type="kp">_</c>–<lb n="230" xml:id="l-230"/> Juist omdat <hi rend="ital">ik weet dat uw streven is om atelier</hi> <lb n="231" xml:id="l-231"/><hi rend="ital">chic te vermijden</hi> vraag ik het eens<c type="kp">_</c>–</ab>
<vg:whiteline/>
<div type="textualNotes">
<note target="l-8" n="8"><hi rend="ital">meer</hi> &lt; <hi rend="ital">meer:</hi></note>
<note target="l-31" n="31">is &lt; zijn</note>
<note target="l-70" n="70">(b.v. <supplied><hi rend="ital">...</hi></supplied> Roumestan) &lt; <hi rend="ital">Added later; parentheses added by us.</hi></note>
<note target="l-130" n="130">Breda – &lt; Breda</note>
<note target="l-171" n="171">“iets anders” &lt; <hi rend="ital">Quotation marks added by us..</hi></note>
<note target="l-193" n="193">weergaasch &lt; weergasch</note>
<note target="l-196" n="196">geld” &lt; geld</note></div></div>
<div type="translation">
<pb f="1r" n="1" xml:id="pb-trans-1r-1" facs="#zone-pb-1r-1"/>
<ab>My dear friend <rs type="pers" key="1306">Rappard</rs>,</ab>
<ab>Thank you for your letter — which made me happy. I was pleased that you saw something in my drawings.<anchor n="1" xml:id="note-t-1"/></ab>
<ab rend="indent">I won’t go into generalities about technique, but I do foresee that, precisely when I become stronger in what I’ll call <hi rend="ital">power of expression</hi> than I am at this moment, people will say, not <hi rend="ital">less</hi> but in fact <hi rend="ital">even more</hi> than now, that I have <hi rend="ital">no</hi> technique. Consequently — I’m in complete agreement with you that I must say even <hi rend="ital">more forcibly</hi> what I’m saying in my present work — and I’m toiling away to strengthen myself in this respect — but — that the general public will understand it better <hi rend="ital">then</hi> — no.</ab>
<ab rend="indent">All the same, in my view that doesn’t alter the fact that the reasoning of the good man who asked about your work, ‘does he paint for money?’, is the reasoning of a moaner — since this intelligent creature counts it among the axioms that originality prevents one from earning money with one’s work.</ab>
<ab rend="indent">Passing this off as an <hi rend="sc">axiom</hi>, <hi rend="ital">because</hi> it can decidedly <hi rend="ital">not</hi> be proved as a <hi rend="ital">proposition</hi> is, as I said — the usual trick of moaners — and <hi rend="ital">lazy</hi> little Jesuits. 
<pb f="1v" n="2" xml:id="pb-trans-1v-2" facs="#zone-pb-1v-2"/></ab>
<ab rend="indent">Do you think that I don’t care about technique or am not searching for it? I do — but only to the extent that — I want to say what I have to say — and where I can’t do it yet, or not well enough, I work on it to improve myself. But I don’t give a damn whether my language squares with that of these orators — (you know you made the comparison — if someone had something useful, true — necessary to say, and said it in terms that were difficult to understand, what good would it be to either speaker or audience?).</ab>
<ab rend="indent">I want to stay with this point for a moment — precisely because I’ve often come across a rather curious historical phenomenon.</ab>
<ab rend="indent">Let it be clearly understood: that one must speak in the audience’s mother tongue if that audience only speaks one language — that goes without saying, and it would be absurd not to take it as read.</ab>
<ab rend="indent">But now the second part of the question. Given a man who has something to say and speaks in the language that his audience is also naturally familiar with.</ab>
<ab rend="indent">Then — the phenomenon that the <hi rend="ital">speaker of truth</hi> has little <hi rend="ital">oratorical chic</hi> will manifest itself time and time again — and does <hi rend="ital">not</hi> appeal to the <hi rend="ital">majority</hi> of his audience — indeed is branded a man ‘slow of speech’<anchor n="2" xml:id="note-t-2"/> and <hi rend="ital">despised</hi> as such.</ab>
<ab rend="indent">He may consider himself lucky if there is one, or a very few at most, who are edified by him, because these listeners weren’t concerned with oratorical tirades but precisely, effectively with — the truth, usefulness, necessity of the words, which enlightened, broadened them, made them freer or more intelligent. 
<pb f="1v" n="3" xml:id="pb-trans-1v-3" facs="#zone-pb-1v-3"/></ab>
<ab rend="indent">And now the painters — is the purpose and <hi rend="ital">non plus ultra</hi> of art those singular <hi rend="ital">spots</hi> of colour — that waywardness in the drawing, that which is called distinction of technique? Certainly not. If one takes a <rs type="pers" key="971">Corot</rs>, a <rs type="pers" key="976">Daubigny</rs>, a <rs type="pers" key="986">Dupré</rs>, a <rs type="pers" key="1226">Millet</rs> or an <rs type="pers" key="1107">Israëls</rs> — fellows who are certainly the great forerunners — their work is <hi rend="sc">beyond the paint</hi>,<anchor n="3" xml:id="note-t-3"/> it stands apart from the chic fellows, just as an oratorical tirade (by, say, a Numa Roumestan)<anchor n="4" xml:id="note-t-4"/> is something very different from a prayer or — a good poem.</ab>
<ab rend="indent"><hi rend="ital">One</hi> <hi rend="sc">must</hi> therefore <hi rend="ital">work</hi> on technique in so far as one must say what one feels better, more accurately, more profoundly, but — with the less verbiage the better. But the rest — one needn’t occupy oneself with it.</ab>
<ab rend="indent">Why I say this is because I believe I’ve observed that you sometimes think things in your own work aren’t good, which to my mind are good. In my view, <hi rend="ital">your</hi> technique is better than, say, <rs type="pers" key="1072">Haverman</rs>’s — because already your brushstroke often has something singular, distinctive, reasoned and deliberate about it, which in Haverman is endless convention, always redolent of the <hi rend="ital">studio</hi>, not of nature.</ab>
<ab rend="indent"> Those sketches of yours that I saw, for instance, the little weaver<anchor n="5" xml:id="note-t-5"/> and the old women of Terschelling,<anchor n="6" xml:id="note-t-6"/> appeal to me — they get to the heart of things. I get little but malaise and boredom from <rs type="pers" key="1072">Haverman</rs>.</ab>
      <ab rend="indent">I’m afraid that in the future, too — and I <hi rend="ital">congratulate</hi> you on it — you will ALSO hear the same comments about technique, as well as about subject and..... everything, in fact, even when that brushstroke of yours, which already has so much character, gets even more. 
<pb f="1r" n="4" xml:id="pb-trans-1r-4" facs="#zone-pb-1r-4"/></ab>
<ab rend="indent"><hi rend="ital">There are however </hi>art lovers who do, after all, appreciate precisely those things that have been painted with emotion.</ab>
<ab rend="indent">Although we’re no longer in the days of <hi rend="ital"><rs type="pers" key="554">Thoré</rs></hi> and of <rs type="pers" key="607">Théophile Gautier</rs> — alas. Just think about whether it’s wise, particularly nowadays, to talk a lot about technique — you’ll say I’m doing that here myself — actually I do regret it.</ab>
<ab rend="indent">But for my part, I intend to tell people consistently <hi rend="ital">that I can’t paint</hi>, even when I’ve mastered my brush much better than now. You understand? — <hi rend="ital">especially then</hi>, when I really will have an individual manner, more finished and even more concise than now.</ab>
<ab rend="indent">I liked what <rs type="pers" key="1080">Herkomer</rs> said when he opened his own art school — for a number of people <hi rend="ital">who could already paint</hi> — he kindly asked his students if they would be so good as to <hi rend="ital">not</hi> want to paint like him — but according to their own nature — I am concerned, he says, with setting originality free — not with winning disciples for Herkomer’s <hi rend="ital">doctrine</hi>.<anchor n="7" xml:id="note-t-7"/></ab>
<ab rend="indent"><hi rend="ital">Lions do not ape one another.</hi><anchor n="8" xml:id="note-t-8"/></ab>
<ab rend="indent">Well, I’ve painted quite a lot these last few days, a seated girl winding shuttles for the weavers,<anchor n="9" xml:id="note-t-9"/> and the figure of the weaver separately.<anchor n="10" xml:id="note-t-10"/></ab>
<ab rend="indent">I’m longing for you to see my painted studies sometime — not because I’m satisfied with them myself, but because I believe that you’ll be convinced by them that I really am exercising my hand and, when I say I care relatively little for technique, it’s not because I’m saving myself trouble or trying to avoid difficulties. Because that’s not my system.</ab>
<ab rend="indent">I’m also longing for you to get to know this corner of Brabant sometime — much more beautiful than the Breda side in my view. It’s delightful here at the moment.</ab>
<ab rend="indent"> There’s a village here — <hi rend="ital">Son en Breugel</hi>,<anchor n="11" xml:id="note-t-11"/> which is amazingly like Courrières, where the <rs type="pers" key="899 900">Breton</rs>s live — yet the figures over there are at least as beautiful. As one starts to appreciate the <hi rend="ital">form</hi> more, one sometimes takes a dislike to — ‘the Dutch traditional costumes’, as they’re called on the photograph albums that they sell to foreigners.<anchor n="12" xml:id="note-t-12"/> 
<pb f="2r" n="5" xml:id="pb-trans-2r-5" facs="#zone-pb-2r-5"/></ab>
<ab rend="indent">I’m sending you herewith a little booklet about <rs type="pers" key="971">Corot</rs> — which I think you’ll enjoy reading if you don’t know it — there are several accurate biographical details in it. I saw the exhibition at the time, for which this is the catalogue.<anchor n="13" xml:id="note-t-13"/></ab>
<ab rend="indent">What’s remarkable in it is that that man ripened and matured for so long. Just look at what he did at different times in his life. I’ve seen examples of his first <hi rend="sc">actual</hi> work — itself the result of years of study — honest as the day is long, thoroughly sound — but how people must have despised it! <rs type="pers" key="971">Corot</rs>’s <hi rend="ital">studies</hi> were a lesson to me when I saw them, and was already struck at the time by the difference from studies by many other landscape painters.</ab>
<ab rend="indent">If I didn’t see <hi rend="ital">more technique</hi> in <hi rend="ital">your</hi> little peasant cemetery<anchor n="14" xml:id="note-t-14"/> than in <rs type="pers" key="971">Corot</rs>’s studies — I’d liken it to them. In sentiment it’s identical — an endeavour to express only the intimate and the essential.</ab>
<ab rend="indent">What I’m saying in this letter amounts to this — let’s try to get the hang of the secrets of technique so well that people are taken in and swear by all that’s holy that we have no technique. 
<pb f="2v" n="6" xml:id="pb-trans-2v-6" facs="#zone-pb-2v-6"/></ab>
<ab rend="indent">Let the work be so skilful that it <hi rend="ital">seems</hi> naive and doesn’t stink of our cleverness.</ab>
<ab rend="indent">I don’t believe that <hi rend="ital">I</hi> have reached this desirable point<hi rend="ital"> yet</hi>, for I don’t even believe that <hi rend="ital">you</hi>, who are further on than I am, are already there.</ab>
<ab rend="indent">I believe you’ll see more in this letter than nitpicking about words.</ab>
<ab rend="indent">I believe that the more one has to do with nature itself — the deeper one penetrates into it — the less attraction one sees in all these studio tricks, and yet, I do want to take them as they are and <hi rend="ital">see</hi> them painting. I would really like to spend a lot of time in studios.</ab>
<vg:whiteline/>
<ab>Not in the books have I found it</ab>
<ab>And from the ‘learned’ — oh, little learned</ab>
<vg:whiteline/>
<ab>is in <rs type="pers" key="615">De Génestet</rs>, as you know.<anchor n="15" xml:id="note-t-15"/> 
<pb f="2v" n="7" xml:id="pb-trans-2v-7" facs="#zone-pb-2v-7"/> One might say as a variant on this,</ab>
<vg:whiteline/>
<ab>Not in the studio have I found it</ab>
      <ab rend="html" html="439_01_tr.html">And from the painters } oh, little learned</ab>
      <ab rend="html" html="439_01_tr.html">the connoisseurs }</ab>
<vg:whiteline/>
<ab>Perhaps my inserting painters or connoisseurs as equals shocks you.</ab>
<ab rend="indent">But changing the subject — it’s devilishly difficult to feel nothing, not to be affected by what such moaners as ‘does he paint for money’ say. One hears that rot day in and day out, and later one gets angry with oneself for having taken any notice of it. That’s how it is with me — and I think that it must occasionally be the same with you. One doesn’t give a damn about it, but all the same it gets on one’s nerves — like when one hears someone singing off-key or <hi rend="ital">is pursued by a barrel-organ with a grudge against you</hi>. Don’t you think that’s true about the barrel-organ, and also that it seems to pick on you specifically?</ab>
<ab rend="indent">For wherever one goes, it’s the same old tune everywhere. 
<pb f="2r" n="8" xml:id="pb-trans-2r-8" facs="#zone-pb-2r-8"/></ab>
<ab rend="indent">Oh, as to me — I’m going to do what I tell you — when people say this and that to me — I’m going to finish their sentences before they do — in the same way as, when I know someone is in the habit of offering me a finger instead of a hand (I pulled it off yesterday with a venerable colleague of my father’s), I for my part also have one finger ready and, keeping a straight face, carefully touch his with it when shaking hands — in a way that the man <hi rend="ital">can’t</hi> say anything about it but realizes I’m bloody well getting my own back on him.</ab>
<ab rend="indent">Well, I’ve recently made somebody very angry with something of the sort — does one lose anything by it? No, for in truth these people are a hindrance, and the fact that I write to you about some expressions you use is to ask you: are you sure that those who are praising technique to the skies are in good faith? I just ask it precisely because <hi rend="ital">I know that your aim is to avoid studio chic</hi>.</ab></div>
<div type="notes">
<note n="1" xml:id="n-1" target="#note-t-1">
<ab>Van Gogh had promised to send drawings in <ref target="let437.xml">letter 437</ref>, which dates from around the middle of March 1884.</ab></note>
<note n="a" xml:id="n-a" target="#note-o-a">
<ab>Probably means: ‘zeikerd, zaniker’ (bore, moaner) (in <ref target="#l-196">l. 196</ref> the word ‘gezanik’ (moaning) is used synonymously); cf. also the compound ‘zeurpiet’ (nag).</ab></note>
<note n="b" xml:id="n-b" target="#note-o-b">
<ab>Read: ‘Waar’ (which, that).</ab></note>
<note n="2" xml:id="n-2" target="#note-t-2">
<ab>Cf. <bibleref xmlns="http://www.vangoghletters.org/ns/" book="Exod" chap="4" v="10">Exod. 4:10</bibleref>.</ab></note>
<note n="3" xml:id="n-3" target="#note-t-3">
<ab>A common expression among artists at the time. Carel Vosmaer, for instance, wrote in <hi rend="ital"><rs type="lit" key="401">Amazone</rs></hi>. The Hague 1880: ‘There was no doubt, this example is the very finest. Everything that people had admired in the other one was here to an even higher degree. Something of the same can be observed in marble statues as in paintings when the colours in them do not appear as pigments, but the substance of them vanishes and the impression is that of life or reality, in other words when the physical media do not stand between the work of art and the viewer, but the mind of the creating artist speaks <hi rend="ital">directly </hi>to that of the viewer. Then painters say that a painting is ‘beyond the paint’. Something of the kind also occurs with sculptures’ (p. 162).</ab></note>
<note n="4" xml:id="n-4" target="#note-t-4">
<ab><rs type="pers" key="583">Alphonse Daudet</rs>’s novel <hi rend="ital"><rs type="lit" key="402">Numa Roumestan – Moeurs parisiennes</rs></hi> (1881) is about the political figure Numa Roumestan, who attained the ministry thanks in part to his skill in rhetoric. Oratorical tirades are not rendered literally, but they are described (in chapter 20): ‘On the balcony, the orator was working himself up, uttering long outpourings of which all that could be heard were the first words of each sentence, accentuated in the southern manner: “My soul… My blood… Morality… Religion… Country…”, given emphasis by the cheers of that audience, made in his image’. (Sur le balcon, l’orateur s’exaltait, arrivait aux grandes effusions dont on n’entendait que les départs accentués à la méridionale, “Mon âme... Mon sang... Morale... Religion... Patrie...” soulignés par les hurrahs de cet auditoire fait à son image). See Daudet 1986-1994, vol. 3, p. 214.</ab></note>
<note n="5" xml:id="n-5" target="#note-t-5">
<ab>Van Gogh is probably referring to a painting. Cf. with regard to the subject <rs type="pers" key="1306">Van Rappard</rs>’s (undated) drawing <hi rend="ital">Weaver</hi> (private collection). See exhib. cat. Amsterdam 1974, p. 83, cat. no. 99.</ab></note>
<note n="6" xml:id="n-6" target="#note-t-6">
<ab>See for <hi rend="ital"><rs type="ill" key="329">Old women in the West-Terschelling home</rs></hi>: <ref target="let416.xml#n-4">letter 416, n. 4.</ref></ab></note>
<note n="7" xml:id="n-7" target="#note-t-7">
<ab><rs type="pers" key="1080">Hubert von Herkomer</rs> set up his Art School in Bushey in 1883. A week later <hi rend="ital">The Graphic</hi> reported on the 34 students who would be given intensive training, and what Herkomer had in mind with the school: ‘All of these are able to draw or paint fairly well from the life, and for the next nine months their powers will be tested in a somewhat severe and continuous manner’. On Herkomer’s attitude towards their individual development, the piece continued: ‘The style of work, Mr Herkomer said, he wanted his students to form for themselves, and he implored them not to strive to imitate him; they might be eccentric at first if they liked – rather that than to be timid, and amateurish, and niggling, but they must produce artistic work’. [Anonymous], ‘Opening of the Herkomer Art School’, <hi rend="ital">The Graphic </hi>28 (1 December 1883), p. 539.</ab></note>
<note n="8" xml:id="n-8" target="#note-t-8">
<ab>Van Gogh probably derived this saying, which means that great minds do not imitate, from <rs type="pers" key="666">Victor Hugo</rs>, <hi rend="ital">William Shakespeare</hi>. See Hugo 1864, p. 383, and exhib. cat. Vienna 1996, p. 32.</ab></note>
<note n="9" xml:id="n-9" target="#note-t-9">
<ab>This painting of a girl winding thread is not known.</ab></note>
<note n="10" xml:id="n-10" target="#note-t-10">
<ab>Van Gogh made several paintings of individual weavers during this period; it is not possible to say which one he means here.</ab></note>
<note n="11" xml:id="n-11" target="#note-t-11">
<ab>The villages of Son and Breugel, about 5 km to the north-west of Nuenen.</ab></note>
<note n="12" xml:id="n-12" target="#note-t-12">
<ab>There were all sorts of books about national costumes on the market; for example C.P.E. Robidé van der Aa, <hi rend="ital">Nederlandsche kleederdragten. Een geschenk voor knapen en meisjes</hi> (Amsterdam 1839) and <hi rend="ital">Kleederdragten en typen der bewoners van Nederland</hi> (Amsterdam [1865]).</ab></note>
<note n="13" xml:id="n-13" target="#note-t-13">
<ab>
      <hi rend="ital"><rs type="lit" key="558">Exposition de l’oeuvre de Corot</rs></hi> (Exhib. cat. Paris 1875-2). Van Gogh went to see the exhibition in May 1875 (<ref target="let034.xml">see letter 34</ref>). The last remark may well be an echo of what <rs type="pers" key="1694">Burty</rs> wrote: ‘his work was carried out as though imbued with every noble thought that it evoked’ (son oeuvre s’accomplissait comme imprégnée de toutes les nobles pensées qu’il évoquait). See exhib. cat. Paris 1875-2, p. 19.</ab></note>
<note n="14" xml:id="n-14" target="#note-t-14">
<ab>Cf. for a cemetery by <rs type="pers" key="1306">Van Rappard</rs>: <ref target="let344.xml#n-8">letter 344, n. 8.</ref></ab></note>
<note n="15" xml:id="n-15" target="#note-t-15">
<ab>An allusion to the first verse of <rs type="pers" key="615">P.A. de Génestet</rs>’s poem ‘<rs type="lit" key="568">Waar en hoe</rs>’ (Where and how):</ab>
<vg:whiteline/>
<ab rend="indent">No, I found it not in the schools of my youth</ab>
<ab rend="indent">From the learned, alas, precious little I learned</ab>
<ab rend="indent">And what men of wisdom proclaim as the truth</ab>
<ab rend="indent">Will one day by wiser men be overturned</ab>
<vg:whiteline/>
<ab rend="indent">(Niet in de scholen, neen, heb ik gevonden,</ab>
<ab rend="indent">En van geleerden, och, weinig geleerd;</ab>
<ab rend="indent">Wat ons de wijzen als waarheid verkonden,</ab>
<ab rend="indent">Straks komt een wijzer, die ’t wegredeneert.)</ab>
<vg:whiteline/>
<ab>See De Génestet 1869, vol. 1, p. 271. The publisher Tiele also quoted the first two lines in his ‘Levensschets van P.A. de Génestet’, which precedes <hi rend="ital"><rs type="lit" key="569">De dichtwerken</rs></hi> (vol. 1, p. 47). It is possible that they had meanwhile attained the status of a maxim. Van Gogh himself put inverted commas around the word ‘learned’ to produce the desired effect. This enabled him to add extra force to the variation he devised, and to criticise his fellow painters, the dealers, collectors and connoisseurs by comparing them to pseudo-scholars.</ab></note></div></body></text></TEI>
