<?xml version="1.0" encoding="UTF-8"?>
<!-- Last Changed Date: 2018-07-18 12:32:41 +0200 (Wed, 18 Jul 2018) | SVN Revision: 2206 -->
<!--Licensed under Attribution-NonCommercial-ShareAlike 4.0 International (CC BY-NC-SA 4.0)-->
<?xml-model href="https://xmlschema.huygens.knaw.nl/vgodd.rng" type="application/xml" schematypens="http://relaxng.org/ns/structure/1.0"?>
<TEI xmlns:vg="http://www.vangoghletters.org/ns/" xmlns="http://www.tei-c.org/ns/1.0">
<teiHeader xmlns:xsi="http://www.w3.org/2001/XMLSchema-instance"><fileDesc>
<titleStmt>
<title>To Theo van Gogh. Nuenen, Thursday, 17 January 1884.</title>
<editor>Leo Jansen</editor>
<editor>Hans Luijten</editor>
<editor>Nienke Bakker</editor></titleStmt>
<publicationStmt>
<publisher><name>Huygens Instituut voor Nederlandse Geschiedenis (KNAW)</name><email>info@huygens.knaw.nl</email></publisher>
<publisher>Van Gogh Museum</publisher>
<pubPlace>Amsterdam</pubPlace>
<date type="first" when="2009">2009</date>
<availability status="restricted">
<licence target="http://creativecommons.org/licenses/by-nc-sa/4.0/ https://creativecommons.org/licenses/by-nc-sa/4.0/legalcode">
<p>Attribution-NonCommercial-ShareAlike 4.0 International (CC BY-NC-SA 4.0) </p></licence></availability>
<ptr target="http://vangoghletters.org/orig/let423"/></publicationStmt><sourceDesc><vg:letDesc><vg:letIdentifier>
<idno type="jlb">423</idno>
<idno type="collectedletters">352</idno>
<idno type="brieven1990">425</idno></vg:letIdentifier><vg:letHeading><author>Vincent van Gogh</author><vg:addressee>Theo van Gogh</vg:addressee><vg:placeLet>Nuenen</vg:placeLet><vg:dateLet>Thursday, 17 January 1884</vg:dateLet></vg:letHeading><vg:letContents>
<p>To Theo van Gogh. Nuenen, Thursday, 17 January 1884.</p></vg:letContents>
<note type="sourceStatus" xml:id="sourceStatus">
<p>Original manuscript</p></note>
<note type="location" xml:id="location">
<p>Amsterdam, Van Gogh Museum, inv. no. b383 b V/1962</p></note>
<note type="date" xml:id="date">
<p>Postmark: 17 January 1884.</p></note>
<note type="additionalDetail" xml:id="additionalDetail">
<p>Lettercard (one 2½-cent, two 5-cent stamps). Postmarks: ‘NUENEN 8-12 V 17 JANV 84’, ‘ARRAS A P<hi rend="ital">[x]</hi> / 18 JANV 84’ and ‘PARIS 3 (09) 3 / 8E. 18 JANV 84’. The address reads: ‘Monsieur Th van Gogh/ Maison Goupil &amp; Cie/ B Montmartre/ <hi rend="ital">Paris</hi>’.</p>
<p rend="indent">Vincent wrote two letters to Paris, one shortly after the other, on the same day: one to Theo’s work address and one to his home (<ref target="let423.xml">letters 423</ref> and <ref target="let424.xml">424</ref> respectively). We have reversed the order in respect of <hi rend="ital">De brieven</hi> 1990, because in the present letter we read: ‘I’m writing to your rue de Laval address by the same post’, which would seem to indicate that he had not yet done so. In <hi rend="ital">De brieven</hi> 1990 this letter was marked as not having been published before; this is incorrect; it has been known since the 1914 edition, under number 352.</p></note></vg:letDesc></sourceDesc></fileDesc></teiHeader>
    <facsimile xmlns:xsi="http://www.w3.org/2001/XMLSchema-instance">
        <surface n="b 0383 b" xml:id="surf-pb-1r">
            <graphic mimeType="image/tiff" url="VGM001000501_02.TIF" rend="norend"/>
            <zone xml:id="zone-pb-1r-1">
                <graphic mimeType="image/tiff" url="VGM001000501_02_n.tif" rend="norend"/>
                <graphic mimeType="image/jpeg" url="VGM001000501_02_nt.jpg" height="50px" rend="thumbnail"/>
                <graphic mimeType="image/png" url="VGM001000501_02_nf.png" width="380px" rend="facstab"/>
            </zone>
        </surface>
        <surface n="b 0383b V/1962" xml:id="surf-pb-1v">
            <graphic mimeType="image/tiff" url="VGM001000501_01.TIF" rend="norend"/>
            <zone xml:id="zone-pb-1v-2">
                <graphic mimeType="image/tiff" url="VGM001000501_01_n.tif" rend="norend"/>
                <graphic mimeType="image/jpeg" url="VGM001000501_01_nt.jpg" height="50px" rend="thumbnail"/>
                <graphic mimeType="image/png" url="VGM001000501_01_nf.png" width="380px" rend="facstab"/>
            </zone>
        </surface>
    </facsimile><text xmlns:xsi="http://www.w3.org/2001/XMLSchema-instance"><body>
<div type="original">
<ab><pb f="1r" n="1" xml:id="pb-orig-1r-1" facs="#zone-pb-1r-1"/></ab><lb n="1" xml:id="l-1"/>
<ab>Beste broer,</ab><lb n="2" xml:id="l-2"/>
<ab>Er is iets gebeurd met Moe – <lb n="3" xml:id="l-3"/>Moe heeft bij ’t uitstappen van den <lb n="4" xml:id="l-4"/>trein haar been bezeerd<c type="kp">_</c></ab><lb n="5" xml:id="l-5"/>
<ab rend="indent">Pa zegt de dokter<anchor n="1" xml:id="note-o-1"/> zeide het een bepaalde <lb n="6" xml:id="l-6"/>breuk was<c type="kp">_</c>–</ab><lb n="7" xml:id="l-7"/>
<ab rend="indent">En wel digt bij ’t bekken<c type="kk">/</c> aan den <lb n="8" xml:id="l-8"/>grooten draaijer.<anchor n="a" xml:id="note-o-a"/></ab><lb n="9" xml:id="l-9"/>
<ab rend="indent">Ik was bij ’t zetten<c type="kk">/</c> wat betrekkelijk medeviel<c type="kk">/</c> <lb n="9a" xml:id="l-9a"/>zoo dat ik haast zou denken ’t meer een ontwrichting is.</ab><lb n="10" xml:id="l-10"/>
<ab rend="indent">De dokter verzekert er geen bepaald gevaar <lb n="11" xml:id="l-11"/>is doch dat het gegeven Moe’s leeftijd<anchor n="2" xml:id="note-o-2"/> <lb n="12" xml:id="l-12"/>lang duren zal<c type="kp">_</c>–</ab><lb n="13" xml:id="l-13"/>
<ab rend="indent">Ik wou ’t U liever in eens zeggen zoo als ’t was<c type="kk">/</c> <lb n="14" xml:id="l-14"/>meenende gij dit het liefst hebt<c type="kp">_</c></ab><lb n="15" xml:id="l-15"/>
<ab rend="indent">Maar ik geef U mijn woord er op ’t niet erger is <lb n="16" xml:id="l-16"/>dan ik U schrijf. Ik zal U iederen dag <lb n="17" xml:id="l-17"/>voorloopig berigt zenden. Ik schrijf met <lb n="18" xml:id="l-18"/>zelfden post naar Uw adres Rue de Laval <lb n="19" xml:id="l-19"/>opdat gij het zoudt weten zoo dra mogelijk<c type="kk">/</c> <lb n="20" xml:id="l-20"/>’t zij ge ’t huis<c type="kk">/</c> ’t zij ge in de zaak zijt.</ab><lb n="21" xml:id="l-21"/>
<ab rend="indent">Morgen als de dokter er zal zijn geweest schrijf <lb n="22" xml:id="l-22"/>ik op nieuw<c type="kp">_</c>– ’t Is wel een ramp<c type="kp">_</c></ab><lb n="23" xml:id="l-23"/>
<ab rend="indent">Ik was bij een boer aan ’t schilderen en werd gehaald<c type="kp">_</c> <lb n="24" xml:id="l-24"/>Moe ligt nu rustig. adieu kerel<c type="kk">/</c> <lb n="25" xml:id="l-25"/>met een handdruk<c type="kp">_</c></ab>
<vg:whiteline/><lb n="26" xml:id="l-26"/>
<ab>b. à. t<c type="kp">_</c></ab><lb n="27" xml:id="l-27"/>
<ab>Vincent</ab>
    <ab><pb f="1v" n="1" xml:id="pb-orig-1v-2" facs="#zone-pb-1v-2"/></ab>
    <vg:whiteline/></div>
<div type="translation">
<ab><pb f="1r" n="1" xml:id="pb-trans-1r-1" facs="#zone-pb-1r-1"/></ab> 
<ab>My dear brother,</ab>
<ab>Something has happened to <rs type="pers" key="524">Ma</rs>. Ma hurt her leg getting out of the train.</ab>
<ab rend="indent"><rs type="pers" key="526">Pa</rs> says the <rs type="pers" key="495">doctor</rs><anchor n="1" xml:id="note-t-1"/> said it was definitely a fracture.</ab>
<ab rend="indent">And close to the pelvis, in the head of the femur.</ab>
<ab rend="indent">I was there when it was set, which went relatively well, so that I almost dare think that it’s more probably a dislocation.</ab>
<ab rend="indent">The <rs type="pers" key="495">doctor</rs> assures us that there’s no particular danger, but that given <rs type="pers" key="524">Ma</rs>’s age<anchor n="2" xml:id="note-t-2"/> it will take a long time.</ab>
<ab rend="indent">I wanted to tell you right away how it was, believing that you would prefer it.</ab>
<ab rend="indent">But I give you my word that it’s no worse than I say. For the time being I’ll write to you every day. I’m writing to your rue de Laval address by the same post so that you’ll know as soon as possible, whether you’re at home or you’re in the office.</ab>
<ab rend="indent">I’ll write again tomorrow once the <rs type="pers" key="495">doctor</rs> has been. It’s a real disaster.</ab>
<ab rend="indent">I was painting at a peasant’s, and was sent for. <rs type="pers" key="524">Ma</rs> is resting quietly now. Adieu, old chap, with a handshake.</ab>
<vg:whiteline/>
<ab>Yours truly,</ab>
<ab>Vincent</ab>
    <ab><pb f="1v" n="1" xml:id="pb-trans-1v-2" facs="#zone-pb-1v-2"/></ab>
</div>
<div type="notes">
<note n="1" xml:id="n-1" target="#note-t-1">
<ab>This was the Eindhoven doctor <rs type="pers" key="495">A.L.K.H. van de Loo</rs> (FR b2266).</ab></note>
<note n="a" xml:id="n-a" target="#note-o-a">
<ab>The head of the femur is the name for that part of the thighbone that rotates in the hip socket.</ab></note>
<note n="2" xml:id="n-2" target="#note-t-2">
<ab><rs type="pers" key="524">Mrs van Gogh</rs> had turned 64 in September.</ab></note></div></body></text></TEI>
