<?xml version="1.0" encoding="UTF-8"?>
<!-- Last Changed Date: 2018-07-18 12:32:41 +0200 (Wed, 18 Jul 2018) | SVN Revision: 2206 -->
<!--Licensed under Attribution-NonCommercial-ShareAlike 4.0 International (CC BY-NC-SA 4.0)-->
<?xml-model href="https://xmlschema.huygens.knaw.nl/vgodd.rng" type="application/xml" schematypens="http://relaxng.org/ns/structure/1.0"?>
<TEI xmlns:vg="http://www.vangoghletters.org/ns/" xmlns="http://www.tei-c.org/ns/1.0">
<teiHeader xmlns:xsi="http://www.w3.org/2001/XMLSchema-instance"><fileDesc>
<titleStmt>
<title>To Theo van Gogh. Nuenen, Thursday, 17 January 1884.</title>
<editor>Leo Jansen</editor>
<editor>Hans Luijten</editor>
<editor>Nienke Bakker</editor></titleStmt>
<publicationStmt>
<publisher><name>Huygens Instituut voor Nederlandse Geschiedenis (KNAW)</name><email>info@huygens.knaw.nl</email></publisher>
<publisher>Van Gogh Museum</publisher>
<pubPlace>Amsterdam</pubPlace>
<date type="first" when="2009">2009</date>
<availability status="restricted">
<licence target="http://creativecommons.org/licenses/by-nc-sa/4.0/ https://creativecommons.org/licenses/by-nc-sa/4.0/legalcode">
<p>Attribution-NonCommercial-ShareAlike 4.0 International (CC BY-NC-SA 4.0) </p></licence></availability>
<ptr target="http://vangoghletters.org/orig/let424"/></publicationStmt><sourceDesc><vg:letDesc><vg:letIdentifier>
<idno type="jlb">424</idno>
<idno type="collectedletters">-</idno>
<idno type="brieven1990">424</idno></vg:letIdentifier><vg:letHeading><author>Vincent van Gogh</author><vg:addressee>Theo van Gogh</vg:addressee><vg:placeLet>Nuenen</vg:placeLet><vg:dateLet>Thursday, 17 January 1884</vg:dateLet></vg:letHeading><vg:letContents>
<p>To Theo van Gogh. Nuenen, Thursday, 17 January 1884.</p></vg:letContents>
<note type="sourceStatus" xml:id="sourceStatus">
<p>Original manuscript</p></note>
<note type="location" xml:id="location">
<p>Amsterdam, Van Gogh Museum, inv. no. b383 a V/1962</p></note>
<note type="date" xml:id="date">
<p>Date of postmark: Thursday, 17 January 1884.</p></note>
<note type="additionalDetail" xml:id="additionalDetail">
<p>Lettercard (one 2½-cent, two 5-cent stamps). Postmarks: ‘NUENEN 8-12 V 17 JANV 84’, ‘ARRAS A P<hi rend="ital">[x]</hi> / 18 JANV 84’ and ‘PARIS 3 (09) 3 / 8E. 18 JANV 84’. The address reads: ‘Monsieur Th van Gogh/ 25 Rue de Laval / <hi rend="ital">Paris</hi>’. For the order relative to <ref target="let423.xml">letter 423</ref>, see there under <hi rend="ital">Additional details</hi>.</p></note></vg:letDesc></sourceDesc></fileDesc></teiHeader>
    <facsimile xmlns:xsi="http://www.w3.org/2001/XMLSchema-instance">
        <surface n="b 0383 a" xml:id="surf-pb-1r">
            <graphic mimeType="image/tiff" url="VGM001000500_02.TIF" rend="norend"/>
            <zone xml:id="zone-pb-1r-1">
                <graphic mimeType="image/tiff" url="VGM001000500_02_n.tif" rend="norend"/>
                <graphic mimeType="image/jpeg" url="VGM001000500_02_nt.jpg" height="50px" rend="thumbnail"/>
                <graphic mimeType="image/png" url="VGM001000500_02_nf.png" width="380px" rend="facstab"/>
            </zone>
        </surface>
        <surface n="b 0383a V/1962" xml:id="surf-pb-1v">
            <graphic mimeType="image/tiff" url="VGM001000500_01.TIF" rend="norend"/>
            <zone xml:id="zone-pb-1v-2">
                <graphic mimeType="image/tiff" url="VGM001000500_01_n.tif" rend="norend"/>
                <graphic mimeType="image/jpeg" url="VGM001000500_01_nt.jpg" height="50px" rend="thumbnail"/>
                <graphic mimeType="image/png" url="VGM001000500_01_nf.png" width="380px" rend="facstab"/>
            </zone>
        </surface>
    </facsimile><text xmlns:xsi="http://www.w3.org/2001/XMLSchema-instance"><body>
<div type="original">
<ab><pb f="1r" n="1" xml:id="pb-orig-1r-1" facs="#zone-pb-1r-1"/></ab><lb n="1" xml:id="l-1"/>
<ab>Beste broer,</ab><lb n="2" xml:id="l-2"/>
<ab>Met een enkel woord moet ik U <lb n="3" xml:id="l-3"/>iets mededeelen<c type="kp">_</c>–</ab><lb n="4" xml:id="l-4"/>
<ab rend="indent">Moe heeft bij ’t uitstappen van den <lb n="5" xml:id="l-5"/>trein – te Helmond<anchor n="1" xml:id="note-o-1"/> haar been <lb n="6" xml:id="l-6"/>bezeerd – hoog <lb n="7" xml:id="l-7"/>bij ’t bekken – aan <lb n="8" xml:id="l-8"/>wat men noemt den grooten draaijer<c type="kp">_</c>– <lb n="9" xml:id="l-9"/>Ik weet niet of ’t decisief een breuk is <lb n="10" xml:id="l-10"/>of slechts een uit ’t lid schieten van <lb n="11" xml:id="l-11"/>den grooten draaijer.</ab><lb n="12" xml:id="l-12"/>
<ab rend="indent">De dokter<anchor n="2" xml:id="note-o-2"/> is er direkt bij geweest<c type="kk">/</c> heeft <lb n="13" xml:id="l-13"/>het gezet en heeft verzekerd er <lb n="14" xml:id="l-14"/><hi rend="ital">geen direkt</hi> gevaar is doch dat het lang <lb n="15" xml:id="l-15"/>duren zal. Ik zelf heb niet gesproken met <lb n="16" xml:id="l-16"/>den dokter zoo dat ik niet precies weet wat <lb n="17" xml:id="l-17"/>het is. Ik was bij het zetten maar dat ging <lb n="18" xml:id="l-18"/>betrekkelijk zeer gemakkelijk<c type="kp">_</c></ab><lb n="19" xml:id="l-19"/>
<ab rend="indent">Ik geef U mijn woord er op dat het niet <lb n="20" xml:id="l-20"/>erger is met Moe dan ik U schrijf en dat <lb n="21" xml:id="l-21"/>wij in geval van dat de dokter onraad <lb n="22" xml:id="l-22"/>voorspelt U telegrafeeren zullen. <lb n="23" xml:id="l-23"/>En iederen dag zal ik U berigt zenden. <lb n="24" xml:id="l-24"/>Pa zegt dat het decisief een breuk is <lb n="25" xml:id="l-25"/>toen ik er naar vroeg wat <lb n="26" xml:id="l-26"/>de dokter zeide. Gij weet het in eens<c type="kk">/</c> <lb n="27" xml:id="l-27"/>dat vond ik beter dan uit te stellen <lb n="28" xml:id="l-28"/>U te schrijven. Morgen zal ik U <lb n="29" xml:id="l-29"/>berigten op nieuw als de dokter er <lb n="30" xml:id="l-30"/>zal geweest zijn. Met een hartelijken <lb n="31" xml:id="l-31"/>handdruk<c type="kp">_</c></ab>
<vg:whiteline/><lb n="31*" xml:id="l-31s"/>
<ab>t. à t<c type="kp">_</c></ab><lb n="32" xml:id="l-32"/>
<ab>Vincent</ab>
    <ab><pb f="1v" n="1" xml:id="pb-orig-1v-2" facs="#zone-pb-1v-2"/></ab>
<vg:whiteline/></div>
<div type="translation">
<ab><pb f="1r" n="1" xml:id="pb-trans-1r-1" facs="#zone-pb-1r-1"/></ab>
<ab>My dear brother,</ab>
<ab>There’s something I have to tell you in a word or two.</ab>
<ab rend="indent"><rs type="pers" key="524">Ma</rs> hurt her leg getting out of the train — at Helmond<anchor n="1" xml:id="note-t-1"/> — high up near the pelvis — in what’s called the head of the femur. I don’t know whether it’s definitely a fracture or just a dislocation of the head of the femur.</ab>
<ab rend="indent">The <rs type="pers" key="495">doctor</rs><anchor n="2" xml:id="note-t-2"/> came immediately, has set it, and has assured us that there’s <hi rend="ital">no immediate</hi> danger, but that it will take a long time. I didn’t speak to the doctor myself, so I don’t know exactly what it is. I was there when it was set, but it went very easily, relatively speaking.</ab>
<ab rend="indent">I give you my word that things are no worse with <rs type="pers" key="524">Ma</rs> than I’m telling you, and that we’ll telegraph you should the <rs type="pers" key="495">doctor</rs> predict any danger. And I’ll send you word every day. When I asked what the doctor said, <rs type="pers" key="526">Pa</rs> said it’s definitely a fracture. So you know about it right away; I thought that better than to delay writing to you. I’ll write to you again tomorrow once the doctor has been. With a hearty handshake.</ab>
<vg:whiteline/>
<ab>Ever yours,</ab>
<ab>Vincent</ab>
    <ab><pb f="1v" n="1" xml:id="pb-trans-1v-2" facs="#zone-pb-1v-2"/></ab>
</div>
<div type="notes">
<note n="1" xml:id="n-1" target="#note-t-1">
<ab>The town of Helmond is about 8 km to the east of Nuenen.</ab></note>
<note n="2" xml:id="n-2" target="#note-t-2">
<ab>This doctor was <rs type="pers" key="495">A.L.K.H. van de Loo</rs>.</ab></note></div></body></text></TEI>
