<?xml version="1.0" encoding="UTF-8"?>
<!-- Last Changed Date: 2018-07-18 12:32:41 +0200 (Wed, 18 Jul 2018) | SVN Revision: 2206 -->
<!--Licensed under Attribution-NonCommercial-ShareAlike 4.0 International (CC BY-NC-SA 4.0)-->
<?xml-model href="https://xmlschema.huygens.knaw.nl/vgodd.rng" type="application/xml" schematypens="http://relaxng.org/ns/structure/1.0"?>
<TEI xmlns:vg="http://www.vangoghletters.org/ns/" xmlns="http://www.tei-c.org/ns/1.0">
<teiHeader xmlns:xsi="http://www.w3.org/2001/XMLSchema-instance"><fileDesc>
<titleStmt>
<title>To Theo van Gogh. Nuenen, Wednesday, 30 April 1884.</title>
<editor>Leo Jansen</editor>
<editor>Hans Luijten</editor>
<editor>Nienke Bakker</editor></titleStmt>
<publicationStmt>
<publisher><name>Huygens Instituut voor Nederlandse Geschiedenis (KNAW)</name><email>info@huygens.knaw.nl</email></publisher>
<publisher>Van Gogh Museum</publisher>
<pubPlace>Amsterdam</pubPlace>
<date type="first" when="2009">2009</date>
<availability status="restricted">
<licence target="http://creativecommons.org/licenses/by-nc-sa/4.0/ https://creativecommons.org/licenses/by-nc-sa/4.0/legalcode">
<p>Attribution-NonCommercial-ShareAlike 4.0 International (CC BY-NC-SA 4.0) </p></licence></availability>
<ptr target="http://vangoghletters.org/orig/let445"/></publicationStmt><sourceDesc><vg:letDesc><vg:letIdentifier>
<idno type="jlb">445</idno>
<idno type="collectedletters">367</idno>
<idno type="brieven1990">448</idno></vg:letIdentifier><vg:letHeading><author>Vincent van Gogh</author><vg:addressee>Theo van Gogh</vg:addressee><vg:placeLet>Nuenen</vg:placeLet><vg:dateLet>Wednesday, 30 April 1884</vg:dateLet></vg:letHeading><vg:physDesc><vg:decoration><vg:decoList xml:id="sketches"><vg:decoItem n="A" xml:id="sketch-1"><vg:decoDesc>
<p>
      <hi rend="ital">Oil lamp</hi> (<rs type="sketch" key="135">F - / JH -</rs>), letter sketch</p></vg:decoDesc></vg:decoItem></vg:decoList></vg:decoration></vg:physDesc><vg:letContents>
<p>To Theo van Gogh. Nuenen, Wednesday, 30 April 1884.</p>
<note type="ongoingTopic" n="1">
<p>Invitation to Van Rappard to come to Nuenen <ref target="let441.xml">(441)</ref></p></note></vg:letContents>
<note type="sourceStatus" xml:id="sourceStatus">
<p>Original manuscript</p></note>
<note type="location" xml:id="location">
<p>Amsterdam, Van Gogh Museum, inv. no. b401 V/1962</p></note>
<note type="date" xml:id="date">
<p>Vincent wishes Theo a happy birthday (<ref target="#l-1*">ll. 1*-2</ref>). On the assumption that the letter was supposed to arrive in Paris on 1 May, we have dated it Wednesday, 30 April 1884.</p></note></vg:letDesc></sourceDesc></fileDesc></teiHeader>
<facsimile xmlns:xsi="http://www.w3.org/2001/XMLSchema-instance">
<surface n="b 0401" xml:id="surf-pb-1r"><graphic mimeType="image/tiff" url="VGM001000529_01.TIF" rend="norend"/><graphic mimeType="image/tiff" url="VGM001000529_01_n.tif" rend="norend"/><graphic mimeType="image/jpeg" url="VGM001000529_01_nt.jpg" height="50px" rend="thumbnail"/><zone xml:id="zone-pb-1r-1">
<graphic mimeType="image/tiff" url="VGM001000529_01_nR.tif" rend="norend"/><graphic mimeType="image/jpeg" url="VGM001000529_01_nRt.jpg" height="50px" rend="thumbnail"/><graphic mimeType="image/png" url="VGM001000529_01_nRf.png" width="380px" rend="facstab"/></zone>
</surface>
<surface n="b 0401" xml:id="surf-pb-1v"><graphic mimeType="image/tiff" url="VGM001000529_02.TIF" rend="norend"/><graphic mimeType="image/tiff" url="VGM001000529_02_n.tif" rend="norend"/><graphic mimeType="image/jpeg" url="VGM001000529_02_nt.jpg" height="50px" rend="thumbnail"/><zone xml:id="zone-pb-1v-2">
<graphic mimeType="image/tiff" url="VGM001000529_02_nL.tif" rend="norend"/><graphic mimeType="image/jpeg" url="VGM001000529_02_nLt.jpg" height="50px" rend="thumbnail"/><graphic mimeType="image/png" url="VGM001000529_02_nLf.png" width="380px" rend="facstab"/></zone>
<zone xml:id="zone-pb-1v-3">
<graphic mimeType="image/tiff" url="VGM001000529_02_nR.tif" rend="norend"/><graphic mimeType="image/jpeg" url="VGM001000529_02_nRt.jpg" height="50px" rend="thumbnail"/><graphic mimeType="image/png" url="VGM001000529_02_nRf.png" width="380px" rend="facstab"/></zone>
</surface></facsimile><text xmlns:xsi="http://www.w3.org/2001/XMLSchema-instance"><body>
<div type="original">
<pb f="1r" n="1" xml:id="pb-orig-1r-1" facs="#zone-pb-1r-1"/><lb n="1" xml:id="l-1"/>
<ab>Waarde Theo,</ab><lb n="1*" xml:id="l-1s"/>
<ab>Hartelijk gefeliciteerd <lb n="2" xml:id="l-2"/>met Uw verjaardag<c type="kp">_</c>–<anchor n="1" xml:id="note-o-1"/></ab><lb n="3" xml:id="l-3"/>
<ab rend="indent">Het was wel belangrijk nieuws in Uw <lb n="4" xml:id="l-4"/>laatste schrijven – en ik denk dat <lb n="5" xml:id="l-5"/>ge blij zult zijn den toestand althans <lb n="6" xml:id="l-6"/>zich meer verklaard heeft<c type="kp">_</c>–<anchor n="2" xml:id="note-o-2"/></ab><lb n="7" xml:id="l-7"/>
<ab rend="indent">Ben wel verlangend naar Uw <lb n="8" xml:id="l-8"/>volgend schrijven<c type="kp">_</c>–</ab><lb n="9" xml:id="l-9"/>
<ab rend="indent">Wat het werk betreft<c type="kk">/</c> ik heb een <lb n="10" xml:id="l-10"/>nog al groot sch<hi rend="ss">ij</hi> van een wever <lb n="11" xml:id="l-11"/>onder handen – ’t getouw vlak <lb n="12" xml:id="l-12"/>van voren – ’t figuurtje een <lb n="13" xml:id="l-13"/>donker silhouetje tegen den witten <lb n="14" xml:id="l-14"/>muur.<anchor n="3" xml:id="note-o-3"/> En tegelijk ook weer dat <lb n="15" xml:id="l-15"/>wat ik van den winter ben begonnen<c type="kk">/</c> <lb n="16" xml:id="l-16"/>een getouw waarop een rood stuk <lb n="17" xml:id="l-17"/>goed wordt geweven – daar is ’t getouw <lb n="18" xml:id="l-18"/>op zij gezien.<anchor n="4" xml:id="note-o-4"/> Ik heb ook nog <lb n="19" xml:id="l-19"/>twee anderen aangezet van effekten op <lb n="20" xml:id="l-20"/>de hei<c type="kp">_</c><anchor n="5" xml:id="note-o-5"/></ab>
<pb f="1v" n="2" xml:id="pb-orig-1v-2" facs="#zone-pb-1v-2"/><lb n="21" xml:id="l-21"/>
<ab rend="indent">En een geval met Knotberken<c type="kp">_</c><anchor n="6" xml:id="note-o-6"/></ab><lb n="22" xml:id="l-22"/>
<ab rend="indent">Die weefgetouwen zal ik nog veel <lb n="23" xml:id="l-23"/>sjouwerij aan hebben – maar de dingen <lb n="24" xml:id="l-24"/>zijn in de natuur zoo almagtig mooie <lb n="25" xml:id="l-25"/>gevallen – al dat oude eikenhout <lb n="26" xml:id="l-26"/>tegen een grijsachtigen muur – dat ik <lb n="27" xml:id="l-27"/>zeker geloof het goed is ze eens geschilderd <lb n="28" xml:id="l-28"/>worden<c type="kp">_</c>– We moeten echter zien ze zoo <lb n="29" xml:id="l-29"/>te krijgen dat ze bij andere hollandsche <lb n="30" xml:id="l-30"/>schilderijen qua kleur en toon goed <lb n="31" xml:id="l-31"/>bijkomen. Binnen kort hoop ik <lb n="32" xml:id="l-32"/>nog twee anderen van wevers op te zetten <lb n="33" xml:id="l-33"/>waar het figuur heel anders in komt<c type="kk">/</c> <lb n="34" xml:id="l-34"/>waar namelijk de wever niet er achter <lb n="35" xml:id="l-35"/>zit doch de draden van het stuk in <lb n="36" xml:id="l-36"/>orde brengt<c type="kp">_</c>–<anchor n="7" xml:id="note-o-7"/> Ik heb ze s’avonds <lb n="37" xml:id="l-37"/>bij lamplicht zien weven<c type="kk">/</c> <lb n="38" xml:id="l-38"/>dat zeer Rembrandtieke effekten geeft<c type="kp">_</c> <lb n="39" xml:id="l-39"/>Tegenwoordig hebben zij een soort <lb n="40" xml:id="l-40"/>hanglampen – maar ik heb 
<pb f="1v" n="3" xml:id="pb-orig-1v-3" facs="#zone-pb-1v-3"/><lb n="41" xml:id="l-41"/>nog van een wever gekregen een <lb n="42" xml:id="l-42"/>lampje</ab>
<vg:whiteline/><figure facs="zone-sketch-1" n="A"/>
<vg:whiteline/><lb n="42"/>
<ab>zoo als <lb n="43" xml:id="l-43"/>b.v. er een staat op <lb n="44" xml:id="l-44"/><hi rend="ital">la Veillée van Millet</hi><c type="kp">_</c><anchor n="8" xml:id="note-o-8"/> Daar <lb n="45" xml:id="l-45"/>werkten ze vroeger bij<c type="kp">_</c></ab><lb n="46" xml:id="l-46"/>
<ab rend="indent">Ik zag laatst ook bij avond <lb n="47" xml:id="l-47"/>gekleurde stukken weven – waar ik <lb n="48" xml:id="l-48"/>U eens naar mee zal nemen als ge ooit <lb n="49" xml:id="l-49"/>hier komt. Toen ik het zag stonden <lb n="50" xml:id="l-50"/>zij juist ook de draden in orde te maken<c type="kk">/</c> <lb n="51" xml:id="l-51"/>dus donkere voorovergebogen figuren tegen <lb n="52" xml:id="l-52"/>het licht in<c type="kk">/</c> die uitkwamen tegen de <lb n="53" xml:id="l-53"/>kleur van het stuk<c type="kp">_</c> Groote slagschaduwen <lb n="54" xml:id="l-54"/>van de latten &amp; balken van het getouw <lb n="55" xml:id="l-55"/>op de witte muren<c type="kp">_</c></ab><lb n="56" xml:id="l-56"/>
<ab rend="indent">Gegroet – schrijf eens spoedig als <lb n="57" xml:id="l-57"/>gij kunt.</ab>
<vg:whiteline/><lb n="57*" xml:id="l-57s"/>
<ab>b. à t<c type="kp">_</c></ab><lb n="58" xml:id="l-58"/>
<ab>Vincent</ab>
<vg:whiteline/>
<div type="textualNotes">
<note target="l-47" n="47">waar &lt; wat</note></div></div>
<div type="translation">
<pb f="1r" n="1" xml:id="pb-trans-1r-1" facs="#zone-pb-1r-1"/>
<ab>My dear Theo,</ab>
<ab>Many happy returns of the day.<anchor n="1" xml:id="note-t-1"/></ab>
<ab rend="indent">It really was important news in your last letter — and I think you’ll be glad that the situation has at least become clearer.<anchor n="2" xml:id="note-t-2"/></ab>
<ab rend="indent">Am really looking forward to your next letter.</ab>
<ab rend="indent">As regards the work, I’m doing a fairly large painting of a weaver — the loom straight on from the front — the little figure a dark little silhouette against the white wall.<anchor n="3" xml:id="note-t-3"/> And at the same time also the one I started in the winter, a loom on which a piece of red cloth is being woven — there the loom is seen from the side.<anchor n="4" xml:id="note-t-4"/> I’ve also started on two others of effects on the heath.<anchor n="5" xml:id="note-t-5"/> 
<pb f="1v" n="2" xml:id="pb-trans-1v-2" facs="#zone-pb-1v-2"/></ab>
<ab rend="indent">And a thing with Pollard birches.<anchor n="6" xml:id="note-t-6"/></ab>
<ab rend="indent">I’ll have a lot more hard graft on those looms — but in reality the things are such almighty beautiful affairs — all that old oak against a greyish wall — that I certainly believe it’s right that they should be painted. We must make sure that we get them so that the colour and tone match with other Dutch paintings, though. I hope to start on two more of weavers soon, where the figure will appear very differently, that’s to say where the weaver isn’t sitting behind it but is arranging the threads for the cloth.<anchor n="7" xml:id="note-t-7"/> I’ve seen them weaving by lamplight in the evening, which creates very <rs type="pers" key="1295">Rembrandt</rs>esque effects. Nowadays they have a sort of hanging lamp — but I’ve 
<pb f="1v" n="3" xml:id="pb-trans-1v-3" facs="#zone-pb-1v-3"/> just got a little lamp from a weaver</ab>
<vg:whiteline/>
<ab><figure facs="zone-sketch-1" n="A"/></ab>
<vg:whiteline/>
<ab>like the one in <hi rend="ital">The evening</hi> <hi rend="ital">by <rs type="pers" key="1226">Millet</rs></hi>,<anchor n="8" xml:id="note-t-8"/> for instance. This is what they used to work by.</ab>
<ab rend="indent">I recently also saw coloured pieces woven in the evening — where I’ll take you sometime should you come here. When I saw it, they were also just arranging the threads, so dark, bowed figures against the light, which stood out against the colour of the piece. Great shadows cast on the white walls by the laths and beams of the loom.</ab>
<ab rend="indent">Regards — do write soon if you can.</ab>
<vg:whiteline/>
<ab>Yours truly,</ab>
<ab>Vincent</ab></div>
<div type="notes">
<note n="1" xml:id="n-1" target="#note-t-1">
<ab>Theo was 27 on 1 May 1884.</ab></note>
<note n="2" xml:id="n-2" target="#note-t-2">
<ab>This remark must refer to the payment of Theo’s share in the profits for 1883 at <rs type="pers" key="797">Boussod, Valadon &amp; Cie</rs>. From the ‘Compte de Monsieur Van Gogh’ (<rs type="pers" key="526">Mr van Gogh</rs>’s account) it emerges that he was paid the sum of 8226.80 francs on 21 April 1884 (FR b2124). Normally Theo received advances plus extra ‘remittances’ over and above them; cf. in this connection for the year 1889: <hi rend="ital">Account book </hi>2002, p. 41. See also <ref target="let479.xml#n-2">letter 479, n. 2.</ref></ab></note>
<note n="3" xml:id="n-3" target="#note-t-3">
<ab>Most probably <hi rend="ital">Weaver</hi> (<rs type="ill" key="2467">F 30 / JH 479</rs>), which is indeed ‘fairly large’: it measures 70 x 85 cm. Later Van Gogh had it photographed: <ref target="let463.xml">see letters 463</ref> and <ref target="let465.xml">465</ref>.</ab></note>
<note n="4" xml:id="n-4" target="#note-t-4">
<ab>
      <hi rend="ital">Weaver and a spinning wheel</hi> (<rs type="ill" key="2462">F 29 / JH 471</rs>), discussed in <ref target="let440.xml">letter 440</ref>.</ab></note>
<note n="5" xml:id="n-5" target="#note-t-5">
<ab>We do not know which two paintings of ‘effects on the heath’ he is referring to here.</ab></note>
<note n="6" xml:id="n-6" target="#note-t-6">
<ab>
      <hi rend="ital">Landscape with pollard birches</hi> (<rs type="ill" key="2466">F 31 / JH 477</rs>).</ab></note>
<note n="7" xml:id="n-7" target="#note-t-7">
<ab>This plan probably resulted in the paintings <hi rend="ital">Weaver arranging threads</hi> (<rs type="otherart" key="554">F 35 / JH 478</rs>) and <hi rend="ital">Weaver arranging threads</hi> (<rs type="otherart" key="555">F 32 / JH 480</rs>).</ab></note>
<note n="8" xml:id="n-8" target="#note-t-8">
      <ab>See for the engraving after <rs type="pers" key="1226">Jean-François Millet</rs>, <hi rend="ital"><rs type="ill" key="1682">La veillée</rs></hi> (Evening) from the series <hi rend="ital">The four times of the day</hi>, which Van Gogh owned: <ref target="let037.xml#n-16">letter 37, n. 16</ref>. The painting was at the Sale <rs type="pers" key="1790">Gavet</rs> at Hôtel Drouot which Van Gogh had been to in 1875: <ref target="let036.xml#n-5">see letter 36, n. 5.</ref> The lamp casting light on the family in this scene bears some resemblance to the sketched model.</ab></note></div></body></text></TEI>
