<?xml version="1.0" encoding="UTF-8"?>
<!-- Last Changed Date: 2018-07-18 12:32:41 +0200 (Wed, 18 Jul 2018) | SVN Revision: 2206 -->
<!--Licensed under Attribution-NonCommercial-ShareAlike 4.0 International (CC BY-NC-SA 4.0)-->
<?xml-model href="https://xmlschema.huygens.knaw.nl/vgodd.rng" type="application/xml" schematypens="http://relaxng.org/ns/structure/1.0"?>
<TEI xmlns:vg="http://www.vangoghletters.org/ns/" xmlns="http://www.tei-c.org/ns/1.0">
<teiHeader xmlns:xsi="http://www.w3.org/2001/XMLSchema-instance"><fileDesc>
<titleStmt>
<title>To Theo van Gogh. Nuenen, on or about Thursday, 6 December 1883.</title>
<editor>Leo Jansen</editor>
<editor>Hans Luijten</editor>
<editor>Nienke Bakker</editor></titleStmt>
<publicationStmt>
<publisher><name>Huygens Instituut voor Nederlandse Geschiedenis (KNAW)</name><email>info@huygens.knaw.nl</email></publisher>
<publisher>Van Gogh Museum</publisher>
<pubPlace>Amsterdam</pubPlace>
<date type="first" when="2009">2009</date>
<availability status="restricted">
<licence target="http://creativecommons.org/licenses/by-nc-sa/4.0/ https://creativecommons.org/licenses/by-nc-sa/4.0/legalcode">
<p>Attribution-NonCommercial-ShareAlike 4.0 International (CC BY-NC-SA 4.0) </p></licence></availability>
<ptr target="http://vangoghletters.org/orig/let409"/></publicationStmt><sourceDesc><vg:letDesc><vg:letIdentifier>
<idno type="jlb">409</idno>
<idno type="collectedletters">344</idno>
<idno type="brieven1990">411</idno></vg:letIdentifier><vg:letHeading><author>Vincent van Gogh</author><vg:addressee>Theo van Gogh</vg:addressee><vg:placeLet>Nuenen</vg:placeLet><vg:dateLet>on or about Thursday, 6 December 1883</vg:dateLet></vg:letHeading><vg:letContents>
<p>To Theo van Gogh. Nuenen, on or about Thursday, 6 December 1883.</p></vg:letContents>
<note type="sourceStatus" xml:id="sourceStatus">
<p>Original manuscript</p></note>
<note type="location" xml:id="location">
<p>Amsterdam, Van Gogh Museum, inv. nos. b369 a-b V/1962</p></note>
<note type="date" xml:id="date">
<p>Van Gogh’s journey from Drenthe to Nuenen began with a walk across the heath ‘on a stormy afternoon with rain, with snow’ <ref target="#l-17">(l. 17)</ref>. On the basis of the weather reports, this day can be identified as Tuesday, 4 December (<hi rend="ital">KNMI</hi>). He could not have caught the train to Nuenen after his six-hour walk from Nieuw-Amsterdam to Hoogeveen since there were only two possibilities, at 8.15 or 11.39, whereas he writes of ‘my long trudge across the heath on that stormy evening’ <ref target="#l-199">(ll. 199-201)</ref>. If he left by the early train on 5 December, he had a choice of two connections: one, via Utrecht, would have got him to Nuenen at 17.10; the other, via Nijmegen, at 15.50. (See Dijk and Van der Sluis 2001, pp. 183-184 and Tjeu Hermans and Jack van Hoek, ‘Wanneer arriveerde Vincent van Gogh in Nuenen? Een reis van Veenoord naar Nuenen in December 1883’, <hi rend="ital">De Drijehornickels. Heemkundekring Nuenen</hi> 7-1 (1998), pp. 69.) Vincent writes that he had ‘just’ <ref target="#l-5">(l. 5)</ref> received Theo’s letter of 1 December in Nuenen. This letter from Paris, via Drenthe, could not reasonably have arrived before 5 or 6 December. We have consequently dated the letter on or about Thursday, 6 December 1883.</p></note></vg:letDesc></sourceDesc></fileDesc></teiHeader>
<facsimile xmlns:xsi="http://www.w3.org/2001/XMLSchema-instance">
<surface n="b 0369 a" xml:id="surf-pb-1r"><graphic mimeType="image/tiff" url="VGM001000480_01.TIF" rend="norend"/><graphic mimeType="image/tiff" url="VGM001000480_01_n.tif" rend="norend"/><graphic mimeType="image/jpeg" url="VGM001000480_01_nt.jpg" height="50px" rend="thumbnail"/><zone xml:id="zone-pb-1r-1">
<graphic mimeType="image/tiff" url="VGM001000480_01_nR.tif" rend="norend"/><graphic mimeType="image/jpeg" url="VGM001000480_01_nRt.jpg" height="50px" rend="thumbnail"/><graphic mimeType="image/png" url="VGM001000480_01_nRf.png" width="380px" rend="facstab"/></zone>
<zone xml:id="zone-pb-1r-4">
<graphic mimeType="image/tiff" url="VGM001000480_01_nL.tif" rend="norend"/><graphic mimeType="image/jpeg" url="VGM001000480_01_nLt.jpg" height="50px" rend="thumbnail"/><graphic mimeType="image/png" url="VGM001000480_01_nLf.png" width="380px" rend="facstab"/></zone>
</surface>
<surface n="b 0369 a" xml:id="surf-pb-1v"><graphic mimeType="image/tiff" url="VGM001000480_02.TIF" rend="norend"/><graphic mimeType="image/tiff" url="VGM001000480_02_n.tif" rend="norend"/><graphic mimeType="image/jpeg" url="VGM001000480_02_nt.jpg" height="50px" rend="thumbnail"/><zone xml:id="zone-pb-1v-2">
<graphic mimeType="image/tiff" url="VGM001000480_02_nL.tif" rend="norend"/><graphic mimeType="image/jpeg" url="VGM001000480_02_nLt.jpg" height="50px" rend="thumbnail"/><graphic mimeType="image/png" url="VGM001000480_02_nLf.png" width="380px" rend="facstab"/></zone>
<zone xml:id="zone-pb-1v-3">
<graphic mimeType="image/tiff" url="VGM001000480_02_nR.tif" rend="norend"/><graphic mimeType="image/jpeg" url="VGM001000480_02_nRt.jpg" height="50px" rend="thumbnail"/><graphic mimeType="image/png" url="VGM001000480_02_nRf.png" width="380px" rend="facstab"/></zone>
</surface>
<surface n="b 0369 b" xml:id="surf-pb-2r"><graphic mimeType="image/tiff" url="VGM001000481_01.TIF" rend="norend"/><graphic mimeType="image/tiff" url="VGM001000481_01_n.tif" rend="norend"/><graphic mimeType="image/jpeg" url="VGM001000481_01_nt.jpg" height="50px" rend="thumbnail"/><zone xml:id="zone-pb-2r-5">
<graphic mimeType="image/tiff" url="VGM001000481_01_nR.tif" rend="norend"/><graphic mimeType="image/jpeg" url="VGM001000481_01_nRt.jpg" height="50px" rend="thumbnail"/><graphic mimeType="image/png" url="VGM001000481_01_nRf.png" width="380px" rend="facstab"/></zone>
<zone xml:id="zone-pb-2r-8">
<graphic mimeType="image/tiff" url="VGM001000481_01_nL.tif" rend="norend"/><graphic mimeType="image/jpeg" url="VGM001000481_01_nLt.jpg" height="50px" rend="thumbnail"/><graphic mimeType="image/png" url="VGM001000481_01_nLf.png" width="380px" rend="facstab"/></zone>
</surface>
<surface n="b 0369 b" xml:id="surf-pb-2v"><graphic mimeType="image/tiff" url="VGM001000481_02.TIF" rend="norend"/><graphic mimeType="image/tiff" url="VGM001000481_02_n.tif" rend="norend"/><graphic mimeType="image/jpeg" url="VGM001000481_02_nt.jpg" height="50px" rend="thumbnail"/><zone xml:id="zone-pb-2v-6">
<graphic mimeType="image/tiff" url="VGM001000481_02_nL.tif" rend="norend"/><graphic mimeType="image/jpeg" url="VGM001000481_02_nLt.jpg" height="50px" rend="thumbnail"/><graphic mimeType="image/png" url="VGM001000481_02_nLf.png" width="380px" rend="facstab"/></zone>
<zone xml:id="zone-pb-2v-7">
<graphic mimeType="image/tiff" url="VGM001000481_02_nR.tif" rend="norend"/><graphic mimeType="image/jpeg" url="VGM001000481_02_nRt.jpg" height="50px" rend="thumbnail"/><graphic mimeType="image/png" url="VGM001000481_02_nRf.png" width="380px" rend="facstab"/></zone>
</surface></facsimile><text xmlns:xsi="http://www.w3.org/2001/XMLSchema-instance"><body>
<div type="original">
<pb f="1r" n="1" xml:id="pb-orig-1r-1" facs="#zone-pb-1r-1"/><lb n="1" xml:id="l-1"/>
<ab>Waarde Theo,</ab><lb n="1*" xml:id="l-1s"/>
<ab>Gij zult er U wel ietwat over verwonderd <lb n="2" xml:id="l-2"/>hebben dat ik U met een woord schreef ik eens naar huis <lb n="3" xml:id="l-3"/>zou gaan en nu van hieruit U schrijf.<anchor n="1" xml:id="note-o-1"/></ab><lb n="4" xml:id="l-4"/>
<ab rend="indent">Doch eerst moet ik U bedanken voor Uw brief van 1 December<c type="kk">/</c> <lb n="5" xml:id="l-5"/>die ik zooeven hier te Nunen ontving<c type="kp">_</c></ab><lb n="6" xml:id="l-6"/>
<ab rend="indent">De laatste 3 weken al was ik eigentlijk maar half in orde – <lb n="7" xml:id="l-7"/>had last van verschillende dingen die voortkwamen uit <lb n="8" xml:id="l-8"/>kou gevat hebben en ook wel zenuwachtigheid<c type="kp">_</c>–</ab><lb n="9" xml:id="l-9"/>
<ab rend="indent">Zooiets moet men zoeken te breken en ik voelde <lb n="10" xml:id="l-10"/>dat het erger zou worden als ik niet een afleiding <lb n="11" xml:id="l-11"/>zocht.</ab><lb n="12" xml:id="l-12"/>
<ab rend="indent">Nu<c type="kk">/</c> ik kwam om onderscheidene redenen er toe om <lb n="13" xml:id="l-13"/>eens naar huis te gaan<c type="kp">_</c>– Iets waar ik overigens <lb n="14" xml:id="l-14"/>enorm tegen op zag.<anchor n="2" xml:id="note-o-2"/></ab><lb n="15" xml:id="l-15"/>
<ab rend="indent">Mijn reis begon met een wandeling van ruim 6 uur – <lb n="16" xml:id="l-16"/>door de heide meestal – n. Hoogeveen<c type="kp">_</c>– Op <lb n="17" xml:id="l-17"/>een stormachtigen namiddag met regen<c type="kk">/</c> met sneeuw<c type="kp">_</c>–<anchor n="3" xml:id="note-o-3"/> <lb n="18" xml:id="l-18"/>Deze wandeling heeft mij veel opgemonterd<c type="kk">/</c> of <lb n="19" xml:id="l-19"/>liever<c type="kk">/</c> mijn gevoel was zóó in sympathie met die <lb n="20" xml:id="l-20"/>natuur dat het mij meer calmeerde dan iets anders<c type="kp">_</c>–</ab><lb n="21" xml:id="l-21"/>
<ab rend="indent">Ik dacht dat het weerzien van t’huis misschien <lb n="22" xml:id="l-22"/>mij juister inzigt kon geven in kwestie <lb n="23" xml:id="l-23"/>van wat ik doen moet<c type="kp">_</c>–</ab><lb n="24" xml:id="l-24"/>
<ab rend="indent">Drenthe is superbe<c type="kk">/</c> maar het er uit houden hangt <lb n="25" xml:id="l-25"/>van veel dingen af – hangt af van of men er <lb n="26" xml:id="l-26"/>geld voor heeft<c type="kk">/</c> hangt af van of men bestand is tegen <lb n="27" xml:id="l-27"/>de eenzaamheid<c type="kp">_</c>– Die kwestie zou Pa beslist <lb n="28" xml:id="l-28"/>rekenen<c type="kk">/</c> geloof ik<c type="kk">/</c> met een conclusie waartoe men <lb n="29" xml:id="l-29"/>in een gesprek zou komen<c type="kk">/</c> doch ik wil voor mij <lb n="30" xml:id="l-30"/>er niet mee haasten er in te beslissen en bij voorbeeld <lb n="31" xml:id="l-31"/>ik moet eens kijken hoe ik er over denk als ik <lb n="32" xml:id="l-32"/>weer eens hier een dag of 8 geweest ben<c type="kp">_</c></ab><lb n="33" xml:id="l-33"/>
<ab rend="indent">Evenwel voorloopig is het mij duister wat ik <lb n="34" xml:id="l-34"/>doen moet dienaangaande<c type="kp">_</c>–</ab>
<pb f="1v" n="2" xml:id="pb-orig-1v-2" facs="#zone-pb-1v-2"/><lb n="35" xml:id="l-35"/>
<ab rend="indent">Als men over een zaak denkt of spreekt <lb n="36" xml:id="l-36"/>komt men geenszins tot eene afdoende conclusie<c type="kk">/</c> <lb n="37" xml:id="l-37"/>merk ik al meer &amp; meer<c type="kp">_</c> Op ’t eene oogenblik <lb n="38" xml:id="l-38"/>schijnt het meer mogelijk dan op het andere<c type="kp">_</c> <lb n="39" xml:id="l-39"/>En ik voor mij laat de dingen niet in eens los <lb n="40" xml:id="l-40"/>maar blijf er over denken<c type="kk">/</c> soms lang nadat anderen het <lb n="41" xml:id="l-41"/>al uitgemaakt rekenen.</ab><lb n="42" xml:id="l-42"/>
<ab rend="indent">Maar kerel het is voor mij zoo moeielijk want <lb n="43" xml:id="l-43"/>het wordt bij mij zoozeer een gewetenszaak dat <lb n="44" xml:id="l-44"/>ik U teveel tot last zou zijn – misbruik <lb n="45" xml:id="l-45"/>maak misschien van Uw vriendschap als ik <lb n="46" xml:id="l-46"/>geld accepteer voor eene onderneming die <lb n="47" xml:id="l-47"/>welligt niet rendeeren zal<c type="kp">_</c>–</ab><lb n="48" xml:id="l-48"/>
<ab rend="indent">Gij schrijft weer over Moniteur Universel<c type="kp">_</c>–<anchor n="4" xml:id="note-o-4"/> <lb n="49" xml:id="l-49"/>Vind gij het te melankoliek van mij gezien wanneer <lb n="50" xml:id="l-50"/>ik U verklaar dat ik het <hi rend="ital">mogelijk</hi> acht over een <lb n="51" xml:id="l-51"/>betrekkelijk klein getal jaren een aantal groote <lb n="52" xml:id="l-52"/>kunstzaken – b.v. Moniteur universel – enfin ook anderen die <lb n="53" xml:id="l-53"/>een hoog opgevoerde uitgebreidheid <lb n="54" xml:id="l-54"/>hebben – verminderen – in decadence raken <lb n="55" xml:id="l-55"/>even snel als zij gekomen zijn<c type="kp">_</c></ab><lb n="56" xml:id="l-56"/>
<ab rend="indent">In betrekkelijk korte jaren ontwikkelde zich <lb n="57" xml:id="l-57"/>al wat kunsthandel is in rapport met de kunst <lb n="58" xml:id="l-58"/>zelf<c type="kp">_</c>– Maar het werd maar al te zeer een <lb n="59" xml:id="l-59"/>soort bankiersspeculatie en is het nu ook – ik zeg <lb n="60" xml:id="l-60"/><hi rend="ital">niet</hi> geheel en al – ik zeg eenvoudig <hi rend="ital">veel</hi> <hi rend="ital">te</hi> <hi rend="ital">veel</hi><c type="kp">_</c> <lb n="61" xml:id="l-61"/>waarom<c type="kk">/</c> voor zoover ’t windhandel is<c type="kk">/</c> zal <lb n="62" xml:id="l-62"/>’t er niet mee gaan als b.v. met den tulpenhandel<c type="kp">_</c><anchor n="5" xml:id="note-o-5"/> <lb n="63" xml:id="l-63"/>Gij zult mij observeeren<anchor n="a" xml:id="note-o-a"/> dat een schilderij <lb n="64" xml:id="l-64"/>geen tulp is<c type="kp">_</c>– Natuurlijk is er het <lb n="65" xml:id="l-65"/>allerhemelstbreedste onderscheid en natuurlijk <lb n="66" xml:id="l-66"/>zie <hi rend="ital">ik</hi><c type="kk">/</c> die schilderijen lief heb en tulpen geenszins<c type="kk">/</c> dit <lb n="67" xml:id="l-67"/>zeer wel in<c type="kp">_</c>–</ab>
<pb f="1v" n="3" xml:id="pb-orig-1v-3" facs="#zone-pb-1v-3"/><lb n="68" xml:id="l-68"/>
<ab rend="indent">Maar ik beweer dat veel rijke lui die <lb n="69" xml:id="l-69"/>om een of andere reden de dure schilderijen <lb n="70" xml:id="l-70"/>koopen het niet om de kunstwaarde doen <lb n="71" xml:id="l-71"/>die ze er in zien – voor <hi rend="ital">hun</hi> is ’t onderscheid <lb n="72" xml:id="l-72"/>dat gij en ik zien tusschen tulp en schilderij niet <lb n="73" xml:id="l-73"/>zigtbaar – <hi rend="ital">zij</hi><c type="kk">/</c> de speculateurs en <lb n="74" xml:id="l-74"/>pochards blasés en een boel anderen<c type="kk">/</c> zouden <lb n="75" xml:id="l-75"/>ook nu tulpen koopen<c type="kk">/</c> net als vroeger<c type="kk">/</c> als <lb n="76" xml:id="l-76"/>er maar een zekere chic in was.–</ab><lb n="77" xml:id="l-77"/>
<ab rend="indent">Er zijn echte<c type="kk">/</c> degelijke liefhebbers nu ja. maar <lb n="78" xml:id="l-78"/>het is misschien slechts 1/10 van het totaal der zaken die <lb n="79" xml:id="l-79"/>gedaan worden<c type="kk">/</c> misschien is ’t nog een <lb n="80" xml:id="l-80"/>veel kleener<anchor n="b" xml:id="note-o-b"/> deel – waarin gezegd kan worden<c type="kk">/</c> <lb n="81" xml:id="l-81"/>dit of dat was eene transactie waarachtig uit <lb n="82" xml:id="l-82"/>geloof in de kunst.</ab><lb n="83" xml:id="l-83"/>
<ab rend="indent">Ik zou hier natuurlijkerwijs tot in ’t oneindige <lb n="84" xml:id="l-84"/>over kunnen uitweiden maar zonder er verder <lb n="85" xml:id="l-85"/>op door te gaan geloof ik gij het met me eens zijt <lb n="86" xml:id="l-86"/>er in den kunsthandel veel is wat wel eens <lb n="87" xml:id="l-87"/>wind kon blijken in de toekomst. Dingen <lb n="88" xml:id="l-88"/>nu hoog opgevoerd in prijs<c type="kk">/</c> kunnen zakken<c type="kp">_</c>– <lb n="89" xml:id="l-89"/>Vraagt ge mij<c type="kk">/</c> kan Millet en Corot zakken<c type="kp">_</c> <lb n="90" xml:id="l-90"/>zeg <hi rend="ital">ik</hi><c type="kk">/</c> <hi rend="ital">ja</hi> IN PRIJS<c type="kp">_</c></ab><lb n="91" xml:id="l-91"/>
<ab rend="indent">Overigens van uit een artistiek oogpunt is Millet <lb n="92" xml:id="l-92"/>Millet<c type="kk">/</c> Corot Corot<c type="kk">/</c> vast – als de zon zelf<c type="kk">/</c> <lb n="93" xml:id="l-93"/>in mijn oog<c type="kp">_</c>–</ab><lb n="94" xml:id="l-94"/>
<ab rend="indent">Vijf jaar geleden dacht ik daar anders over<c type="kk">/</c> in <lb n="95" xml:id="l-95"/>zoover dat ik dacht Millet b.v. vast zou blijven<c type="kk">/</c> <lb n="96" xml:id="l-96"/>ZELFS in prijs<c type="kk">/</c> maar sedert – juist omdat ik zie <lb n="97" xml:id="l-97"/>Millet even zeer meestal glad verkeerd begrepen wordt nu hij <lb n="98" xml:id="l-98"/>minder verborgen is en meer onder de oogen komt in reproductie <lb n="99" xml:id="l-99"/>b.v. als toen hij versmaad werd – vrees ik hij iets buiten ’t publiek <lb n="100" xml:id="l-100"/>om zal blijven en – het is niet zeker zij die hem <lb n="101" xml:id="l-101"/>’t best begrijpen later er zooveel geld voor zullen hoeven te geven als nu<c type="kp">_</c>– <lb n="102" xml:id="l-102"/>Rembrandt daalde ook – <hi rend="ital">in prijs</hi> – in den pruikentijd<c type="kp">_</c>–<anchor n="6" xml:id="note-o-6"/></ab>
<pb f="1r" n="4" xml:id="pb-orig-1r-4" facs="#zone-pb-1r-4"/><lb n="103" xml:id="l-103"/>
<ab rend="indent">Ik wou U wel eens ronduit vragen<c type="kk">/</c> <lb n="104" xml:id="l-104"/>gelooft gij dat de <lb n="105" xml:id="l-105"/>prijzen die tegenwoordig nog besteed worden<c type="kk">/</c> <lb n="106" xml:id="l-106"/>zullen blijven? Ik zeg U ronduit<c type="kk">/</c> ik geloof <lb n="107" xml:id="l-107"/>het <hi rend="ital">niet</hi><c type="kp">_</c></ab><lb n="108" xml:id="l-108"/>
<ab rend="indent">Doch tevens<c type="kk">/</c> voor mij is Millet Millet<c type="kk">/</c> Rembrandt <lb n="109" xml:id="l-109"/>Rembrandt<c type="kk">/</c> Israels Israels &amp;c<c type="kp">_</c><c type="kk">/</c> ’tzij het een <lb n="110" xml:id="l-110"/>dubbeltje ’tzij het honderdduizend kost een sch<hi rend="ss">ij</hi> <lb n="111" xml:id="l-111"/>van hem te kunnen koopen.</ab><lb n="112" xml:id="l-112"/>
<ab rend="indent">Gevolgelijk ik denk over den kunsthandel niet <lb n="113" xml:id="l-113"/>veel.</ab><lb n="114" xml:id="l-114"/>
<ab rend="indent">Dan alleen wanneer mijn gedachten komen op U <lb n="115" xml:id="l-115"/>en ik er toe kom te vragen of gij er pleizier <lb n="116" xml:id="l-116"/>in <hi rend="ital">kunt</hi> hebben<c type="kk">/</c> of gij vooral later niet <lb n="117" xml:id="l-117"/>al te veel ziet dat U tegen de borst stuit om het er <lb n="118" xml:id="l-118"/>in uit te houden.</ab><lb n="119" xml:id="l-119"/>
<ab rend="indent">Ge zult zeggen<c type="kk">/</c> men kan aan alles wennen<c type="kk">/</c> of liever <lb n="120" xml:id="l-120"/>ge zult zeggen<c type="kk">/</c> men moet doorleven tot dat het <lb n="121" xml:id="l-121"/>harte breekt in ons<c type="kp">_</c><anchor n="7" xml:id="note-o-7"/> Het zij zoo<c type="kk">/</c> ik zeg <hi rend="ital">dat</hi> <lb n="122" xml:id="l-122"/>wel met U – <lb n="122a" xml:id="l-122a"/>maar als het hart toch in ons breekt dan zijn wij wel vrij nog ’t een of ’t ander te doen<c type="kp">_</c> <lb n="122"/>En betreffende U of mij zelf<c type="kk">/</c> <lb n="123" xml:id="l-123"/>wij zijn wat wij zijn en wegens er <lb n="124" xml:id="l-124"/>enthousiasme voor de kunst in ons is zoo zouden <lb n="125" xml:id="l-125"/>wij ieder op onze manier ook dezelfde blijven <lb n="126" xml:id="l-126"/>in onze opinie omtrent Millet b.v.<c type="kk">/</c> al gebeurden <lb n="127" xml:id="l-127"/>er ook de meest absurde dingen.</ab><lb n="128" xml:id="l-128"/>
<ab rend="indent">Maar ik vraag: in een geval van gaandeweg bekoelen <lb n="129" xml:id="l-129"/>van het besteden van ontzettende sommen voor schilderijen<c type="kk">/</c> <lb n="130" xml:id="l-130"/>hoe moeten dan de enorme zaken het goed maken <lb n="131" xml:id="l-131"/>die jaarlijks kolossale sommen aan <lb n="132" xml:id="l-132"/>verschotten<anchor n="c" xml:id="note-o-c"/> enz<c type="kp">_</c> hebben<c type="kk">/</c> wat van hun winst af <lb n="133" xml:id="l-133"/>moet<c type="kp">_</c>– Zij vallen gaauw in enorme tekorten<c type="kp">_</c> Zulke boomen vallen niet bij den eersten <lb n="134" xml:id="l-134"/>slag maar zij kunnen inwendig vermolmen <lb n="135" xml:id="l-135"/>en eindelijk vallen<c type="kk">/</c> al kwam de bijl er niet <lb n="136" xml:id="l-136"/>eens bij<c type="kk">/</c> door den wind alleen<c type="kp">_</c>– Wanneer? <lb n="137" xml:id="l-137"/>Ik weet den preciesen datum volstrekt <hi rend="ital">niet</hi><c type="kp">_</c></ab>
<pb f="2r" n="5" xml:id="pb-orig-2r-5" facs="#zone-pb-2r-5"/><lb n="138" xml:id="l-138"/>
<ab rend="indent">Als gij wilt<c type="kk">/</c> schrijf mij eens over die kwestie <lb n="139" xml:id="l-139"/>in ’t algemeen<c type="kk">/</c> wat gij b.v. denkt van de bestaanbaarheid <lb n="140" xml:id="l-140"/>– op den duur – van een inrigting als gij zegt <lb n="141" xml:id="l-141"/>Moniteur Universel is – of Petit<anchor n="8" xml:id="note-o-8"/> – of <lb n="142" xml:id="l-142"/>Arnold &amp; Tripp<c type="kp">_</c>– Ik zie niet in<c type="kk">/</c> zeg ik U ronduit<c type="kk">/</c> <lb n="143" xml:id="l-143"/>dat het op den duur te houden is<c type="kp">_</c>– Ik geloof zooiets <lb n="144" xml:id="l-144"/>moet instorten.</ab><lb n="145" xml:id="l-145"/>
<ab rend="indent">Daar bij te zijn is in mijn oog niet heel gezellig – <lb n="146" xml:id="l-146"/>ik zit liever bij een turfvuur te schilderen<c type="kp">_</c>– <lb n="147" xml:id="l-147"/>Kunsthandel<c type="kk">/</c> men heeft er dan een zeker “qu’est ce <lb n="148" xml:id="l-148"/>que ça me fait” voor<c type="kk">/</c> behalve – behalve – behalve – <lb n="149" xml:id="l-149"/>dat ik voor mij het zeer onpleizierig vind <lb n="150" xml:id="l-150"/>als ik te zeer in geldgebrek zit<c type="kp">_</c>–</ab><lb n="151" xml:id="l-151"/>
<ab rend="indent">Gij zijt te Parijs steeds leuk<anchor n="d" xml:id="note-o-d"/> gebleven<c type="kk">/</c> heel eenvoudig <lb n="152" xml:id="l-152"/>en zeker koeler dan b.v. een man als Tripp<c type="kp">_</c></ab><lb n="153" xml:id="l-153"/>
<ab rend="indent">Het is U te doen om de dingen te zien zoo als ze <lb n="154" xml:id="l-154"/>zijn<c type="kk">/</c> gij – evenals ik – <hi rend="ital">kunt</hi> niet laten te <lb n="155" xml:id="l-155"/>analyseeren<c type="kp">_</c>– En toch<c type="kk">/</c> <hi rend="ital">zelfs</hi> U brengt <hi rend="ital">wat</hi><anchor n="e"/><lb n="156" xml:id="l-156"/><hi rend="ital">gij weet</hi> van een toestand niet in de eerste plaats er toe om van <lb n="157" xml:id="l-157"/>dien toestand te profiteeren quand même.</ab><lb n="158" xml:id="l-158"/>
<ab rend="indent">Ik bedoel<c type="kk">/</c> in troebel water visschen <lb n="159" xml:id="l-159"/>is Uw karakter niet<c type="kp">_</c>–</ab><lb n="160" xml:id="l-160"/>
<ab rend="indent">Maar ik vraag het U ronduit<c type="kk">/</c> hoe zit het hem? <lb n="161" xml:id="l-161"/>gelooft gij dan waarachtig in moniteur universel <lb n="162" xml:id="l-162"/>als zullende men daar van employés <lb n="163" xml:id="l-163"/>iets anders vragen dan G&amp;C<hi rend="ss">ie</hi> vraagt.</ab><lb n="164" xml:id="l-164"/>
<ab rend="indent">Moniteur<c type="kk">/</c> G&amp;C<hi rend="ss">ie</hi><c type="kk">/</c> Tripp<c type="kk">/</c> Petit<c type="kk">/</c> voor mij zijn <lb n="165" xml:id="l-165"/>’t allen soortgelijke zaken<c type="kp">_</c>– Ik geloof van mij <lb n="166" xml:id="l-166"/>zelf dat<c type="kk">/</c> uit een uitgestooten zijnde<c type="kk">/</c><anchor n="9" xml:id="note-o-9"/> ik door allen <lb n="167" xml:id="l-167"/>uitgestooten zou worden. Als de oude Goupil<anchor n="10" xml:id="note-o-10"/> <lb n="168" xml:id="l-168"/>zegt<c type="kk">/</c> gij deugt niet voor ons<c type="kk">/</c> geloof ik andere chefs <lb n="169" xml:id="l-169"/>er ook ± zoo over zouden denken<c type="kp">_</c>–</ab><lb n="170" xml:id="l-170"/>
<ab rend="indent">Nu<c type="kk">/</c> U aangaande geloof ik dat zoo als ’t U bij G&amp;C<hi rend="ss">ie</hi> <lb n="171" xml:id="l-171"/>gaat<c type="kk">/</c> het U zou gaan in een ander huis<c type="kp">_</c>–</ab>
<pb f="2v" n="6" xml:id="pb-orig-2v-6" facs="#zone-pb-2v-6"/><lb n="173" xml:id="l-173"/>
<ab rend="indent">Voor zich zelf beginnen in een tijd dat <lb n="174" xml:id="l-174"/>een verkoeling en daling te voorzien zou zijn<c type="kk">/</c> <lb n="175" xml:id="l-175"/>is iets wat men m.i<c type="kp">_</c> niet van harte kan <lb n="176" xml:id="l-176"/>doen<c type="kp">_</c>–</ab><lb n="177" xml:id="l-177"/>
<ab rend="indent">Gelooft gij dan in dezen tijd<c type="kk">/</c> gelooft gij in <lb n="178" xml:id="l-178"/>het op deze hoogte blijven van den handel<c type="kp">_</c>– <lb n="179" xml:id="l-179"/>Indien gij het gelooft zoo zou ik Uw opinie <lb n="180" xml:id="l-180"/>respecteeren en mij stil houden<c type="kk">/</c> doch <hi rend="ital">ik weet</hi> <lb n="181" xml:id="l-181"/><hi rend="ital">niet of gij weet dat ik niet precies geloof</hi> <lb n="182" xml:id="l-182"/><hi rend="ital">dat de heele groote zaken houdbaar zijn</hi>. <lb n="183" xml:id="l-183"/>Schrijf me hier eens over<c type="kk">/</c> het zal mij dan <lb n="184" xml:id="l-184"/>zooveel makkelijker zijn om er over te spreken<c type="kp">_</c> <lb n="185" xml:id="l-185"/>Ik voel mij ietwat gegeneerd tegenover U <lb n="186" xml:id="l-186"/>op dit moment en ik wil dat gij <lb n="187" xml:id="l-187"/>mijn misschien zenuwachtige beschouwing <lb n="188" xml:id="l-188"/>weten zult<c type="kk">/</c> dat ik vooreerst niet geloof de <lb n="189" xml:id="l-189"/>zoo ontzettend opgeschroefde zaken houdbaar <lb n="190" xml:id="l-190"/>zijn<c type="kk">/</c> en tweedens<c type="kk">/</c> indien ze ook al houdbaar <lb n="191" xml:id="l-191"/>blijken mogten<c type="kk">/</c> er niet met <hi rend="ital">pleizier</hi> in <lb n="192" xml:id="l-192"/>zou mij begeven<c type="kk">/</c> direkt of indirekt<c type="kp">_</c></ab><lb n="193" xml:id="l-193"/>
<ab rend="indent">Iets anders is<c type="kk">/</c> als ik in mijn eigen onderhoud <lb n="194" xml:id="l-194"/>kan voorzien door dit of dat hier of daar te <lb n="195" xml:id="l-195"/>doen<c type="kk">/</c> zal ik een zoo gegeven paard niet in <lb n="196" xml:id="l-196"/>den bek zien<c type="kp">_</c>– Als het mijn pligt blijkt te zijn <lb n="197" xml:id="l-197"/>dit of dat te doen<c type="kk">/</c> best<c type="kk">/</c> ik weiger het werk <lb n="198" xml:id="l-198"/>niet<c type="kk">/</c> zelfs onaangenaam werk niet<c type="kp">_</c>–</ab><lb n="199" xml:id="l-199"/>
<ab rend="indent">Ik dacht aan U broer<c type="kk">/</c> op mijn langen <lb n="200" xml:id="l-200"/>togt door de heide s’avonds met den <lb n="201" xml:id="l-201"/>storm<c type="kp">_</c>– Ik dacht aan een <lb n="202" xml:id="l-202"/>passage<c type="kk">/</c> ik weet niet uit welk boek<c type="kk">/</c> 
<pb f="2v" n="7" xml:id="pb-orig-2v-7" facs="#zone-pb-2v-7"/><lb n="203" xml:id="l-203"/>deux yeux éclaircies par de vraies larmes <lb n="204" xml:id="l-204"/>veillaient<anchor n="11" xml:id="note-o-11"/> – ik dacht<c type="kk">/</c> <hi rend="ital">ik</hi> <hi rend="ital">ben</hi> <hi rend="ital">gedesillusioneerd</hi><c type="kk">/</c> <lb n="205" xml:id="l-205"/>namelijk – ik dacht – <hi rend="ital">ik</hi> heb geloofd in veel <lb n="206" xml:id="l-206"/>dingen die ik nu weet triest in elkaar zitten au <lb n="207" xml:id="l-207"/>fond – ik dacht<c type="kk">/</c> mijn oogen van mij<c type="kk">/</c> <lb n="208" xml:id="l-208"/>hier op dezen somberen avond<c type="kk">/</c> hier wakker <lb n="209" xml:id="l-209"/>in de eenzaamheid<c type="kk">/</c> als er bij wijlen tranen <lb n="210" xml:id="l-210"/>in geweest zijn<c type="kk">/</c> waarom zouden die niet door <lb n="211" xml:id="l-211"/>zoodanige smart mij ontwrongen zijn als<anchor n="f"/><lb n="212" xml:id="l-212"/>desenchanteert – ja – en illusies doet <lb n="213" xml:id="l-213"/>verliezen – tevens echter – <hi rend="ital">wakker</hi> maakt. <lb n="214" xml:id="l-214"/>Ik dacht<c type="kk">/</c> <hi rend="ital">is</hi> <hi rend="ital">het</hi> MOGELIJK dat Theo gerust is <lb n="215" xml:id="l-215"/>over veel dingen waar ik ongerust over ben<c type="kp">_</c>–</ab><lb n="216" xml:id="l-216"/>
<ab rend="indent">Is het mogelijk het bij mij maar een melancolie <lb n="217" xml:id="l-217"/>is dat ik geen pleizier kan hebben als vroeger in <lb n="218" xml:id="l-218"/>dit of in dat<c type="kp">_</c>–</ab><lb n="219" xml:id="l-219"/>
<ab rend="indent">Enfin ik dacht<c type="kk">/</c> kan ik goud aanzien voor <lb n="220" xml:id="l-220"/>verguldsel? ben ik bezig iets dat <lb n="221" xml:id="l-221"/>in volle wording is voor verwelkend aan <lb n="222" xml:id="l-222"/>te zien? Antwoord wist ik mezelf niet te <lb n="223" xml:id="l-223"/>geven<c type="kp">_</c>– Kunt gij het?– Weet gij zeker <lb n="224" xml:id="l-224"/>er geen reeds een eind gevorderde<c type="kk">/</c> onverbiddelijke <lb n="225" xml:id="l-225"/>decadence is allerwege?</ab><lb n="226" xml:id="l-226"/>
<ab rend="indent">Geef mij moed als gij zelf moed hebt – <lb n="227" xml:id="l-227"/>doch ik zeg U op mijn beurt “vlei me niet”<c type="kp">_</c>–<anchor n="12" xml:id="note-o-12"/> <lb n="228" xml:id="l-228"/>Ik verklaar U dat ik betreffende mij zelf geloof dat<c type="kk">/</c> <hi rend="ital">zelfs</hi> <lb n="229" xml:id="l-229"/><hi rend="ital">al word ik knap</hi> (wat ik nu nog niet noemenswaard ben)<c type="kk">/</c> <lb n="230" xml:id="l-230"/>geloof – vast geloof – dat ik steeds zeer arm zal <lb n="231" xml:id="l-231"/>zijn – ’t me mee zal vallen als ’t me lukt buiten <lb n="232" xml:id="l-232"/>schuld te blijven<c type="kp">_</c>–</ab><lb n="233" xml:id="l-233"/>
<ab rend="indent">Wie in Holland komen <hi rend="ital">na</hi> dat mastodonte Mesdag<c type="kk">/</c> Israels<c type="kk">/</c> Mauve<c type="kk">/</c> Blommers<c type="kk">/</c> Maris &amp;c. <lb n="234" xml:id="l-234"/>zullen in geen geval meer kunnen verdienen wat er toen <lb n="235" xml:id="l-235"/>in der tijd<c type="kk">/</c> n.l. de laatste 20 jaar<c type="kk">/</c> is verdiend b.v. Ook niet in <lb n="236" xml:id="l-236"/>geval van knapheid vooral<c type="kp">_</c>–</ab>
<pb f="2r" n="8" xml:id="pb-orig-2r-8" facs="#zone-pb-2r-8"/><lb n="237" xml:id="l-237"/>
<ab rend="indent">Dat een tijd waarin de prijzen hoog opgevoerd worden <lb n="238" xml:id="l-238"/>als ’t ware wissels trekt op de toekomst<c type="kk">/</c> <lb n="239" xml:id="l-239"/>waardoor de toekomst donker wordt voor <lb n="240" xml:id="l-240"/>de nakomelingen<c type="kk">/</c> is één van de schaduwzijden <lb n="241" xml:id="l-241"/>van een periode als die welke we te gemoet <lb n="242" xml:id="l-242"/>gaan<c type="kp">_</c>–</ab><lb n="243" xml:id="l-243"/>
<ab rend="indent">Zoo kerel<c type="kk">/</c> Arnold &amp; Tripp hebben U persoonlijk <lb n="244" xml:id="l-244"/>misschien nooit anders dan heel zoetbeleefd of <lb n="245" xml:id="l-245"/>enfin vormelijk behandeld<c type="kp">_</c></ab><lb n="246" xml:id="l-246"/>
<ab rend="indent">Dat neemt niet weg <hi rend="ital">gij</hi><c type="kk">/</c> die even knap zijt als <lb n="247" xml:id="l-247"/>b.v. Oom Cent<c type="kk">/</c> niet zult kunnen doen wat Oom <lb n="248" xml:id="l-248"/>Cent deed<c type="kp">_</c>– waarom niet – omdat er te veel Arnold &amp; Tripps <lb n="249" xml:id="l-249"/>in de wereld zijn. Onverzadigbare geldwolven n.l. <lb n="250" xml:id="l-250"/>bij wie vergeleken gij een schaap zijt<c type="kp">_</c>–</ab><lb n="251" xml:id="l-251"/>
<ab rend="indent">Neem dit s.v.p. niet als een beleediging <lb n="252" xml:id="l-252"/>op broer<c type="kk">/</c> dat ik die vergelijking maak<c type="kp">_</c> <lb n="253" xml:id="l-253"/>beter is het te zijn een schaap dan een wolf<c type="kk">/</c> <lb n="254" xml:id="l-254"/>beter is het te zijn wie doodgeslagen wordt dan <lb n="255" xml:id="l-255"/>wie doodslaat – beter Abel te zijn n.l. dan Cain<c type="kp">_</c><anchor n="13" xml:id="note-o-13"/> <lb n="256" xml:id="l-256"/>En – en – ik zelf ben ook geen wolf hoop ik<c type="kk">/</c> of <lb n="257" xml:id="l-257"/>liever weet ik.</ab><lb n="258" xml:id="l-258"/>
<ab rend="indent">Gesteld en gij en ik zijn niet in onze <lb n="259" xml:id="l-259"/>verbeelding slechts doch waarachtig in de maatschappij <lb n="260" xml:id="l-260"/>“schapen”<c type="kp">_</c>– Goed – gegeven tamelijk hongerige <lb n="261" xml:id="l-261"/>en valsche wolven – zoo zou het niet onder <lb n="262" xml:id="l-262"/>de onmogelijkheden behooren wij eens opgevreten <lb n="263" xml:id="l-263"/>werden<c type="kp">_</c>– Nu – ook dan<c type="kk">/</c> al zij dit niet <lb n="264" xml:id="l-264"/>precies pleizierig<c type="kk">/</c> denk ik<c type="kk">/</c> enfin ’t is <lb n="265" xml:id="l-265"/>toch après tout nog beter te gronde te gaan <lb n="266" xml:id="l-266"/>dan een ander te gronde te rigten. Ik <lb n="267" xml:id="l-267"/>bedoel<c type="kk">/</c> het is geen reden zijn sereniteit te verliezen <lb n="268" xml:id="l-268"/>indien men zou inzien men wel eens een <lb n="269" xml:id="l-269"/>arm leven zou kunnen krijgen waar men de <lb n="270" xml:id="l-270"/>kundigheden<c type="kk">/</c> de handigheden<c type="kk">/</c> de bekwaamheden had waarmede <lb n="271" xml:id="l-271"/>anderen rijk worden<c type="kp">_</c>– Voor geld ben ik niet onverschillig <lb n="272" xml:id="l-272"/>maar ik benijd de wolven niet<c type="kp">_</c><anchor n="14" xml:id="note-o-14"/> Nu<c type="kk">/</c> met een hartelijken handdruk<c type="kp">_</c></ab>
<vg:whiteline/><lb n="272*" xml:id="l-272s"/>
<ab>t. à t.</ab><lb n="273" xml:id="l-273"/>
<ab>Vincent.</ab>
<vg:whiteline/><lb n="172" xml:id="l-172"/>
<ab>Als gij wilt<c type="kk">/</c> antwoord me eens op een &amp; ander terwijl ik hier t’huis ben<c type="kk">/</c> ik ben hier om wat tot rust &amp; beslistheid te komen.</ab>
<vg:whiteline/>
<div type="textualNotes">
<note target="l-26" n="26">hangt af van of &lt; hangt af of</note>
<note target="l-33" n="33">voorloopig &lt; Voorloopig</note>
<note target="l-80" n="80">kleener &lt; <hi rend="ital">It is possible that Van Gogh wrote</hi> ‘kleiner’.</note>
<note target="l-90" n="90">PRIJS<c type="kp">_</c> &lt; <hi rend="ital">Four times underlined.</hi></note>
<note target="l-99" n="99">werd – &lt; werd</note>
<note target="l-101" n="101">geld voor &lt; geld</note>
<note target="l-147" n="147">“qu’est &lt; qu’est</note>
<note target="l-154" n="154">– evenals ik – &lt; <hi rend="ital">Dashes added by us.</hi></note>
<note target="l-212" n="212">doet &lt; doen</note>
<note target="l-256" n="256">En – &lt; En</note></div></div>
<div type="translation">
<pb f="1r" n="1" xml:id="pb-trans-1r-1" facs="#zone-pb-1r-1"/>
<ab>My dear Theo,</ab>
<ab>You’ll have been rather surprised that I dropped you a line that I would go home sometime, and am now writing to you from here.<anchor n="1" xml:id="note-t-1"/> </ab>
<ab rend="indent">But first I must thank you for your letter of 1 December, which I’ve just received here in Nuenen.</ab>
<ab rend="indent">The last 3 weeks I was actually rather unwell — was troubled by various things that arose out of having caught a cold, and nerves as well.</ab>
<ab rend="indent">One must try to break something like that, and I felt that I would get worse if I didn’t have a change.</ab>
<ab rend="indent"> Well, I decided to go home for various reasons — something I was actually very loath to do.<anchor n="2" xml:id="note-t-2"/></ab>
<ab rend="indent">My journey began with a walk of more than 6 hours — mostly across the heath — to Hoogeveen. On a stormy afternoon with rain, with snow.<anchor n="3" xml:id="note-t-3"/> This walk cheered me up no end, or rather my feelings were so in sympathy with nature that it calmed me down more than anything else.</ab>
<ab rend="indent">I thought that being at home again might give me a more accurate insight into the question of what I should do.</ab>
<ab rend="indent">Drenthe is superb, but staying there depends on many things — depends on whether one has the money for it, depends on whether one can endure the loneliness. <rs type="pers" key="526">Pa</rs> would consider that question settled, I believe, with a conclusion that one would reach in a conversation, but for my part I’m in no hurry to make a decision about it, and I’ll have to see what I think about it, for instance, when I’ve been here for a week or so.</ab>
<ab rend="indent">However, for the time being I’m in the dark as to what I should do in this respect. 
<pb f="1v" n="2" xml:id="pb-trans-1v-2" facs="#zone-pb-1v-2"/></ab>
<ab rend="indent">I see more and more that when one thinks or speaks about something, one by no means arrives at a satisfactory conclusion. At one moment it seems more possible than at another. And for my part I don’t let these things go at once but keep thinking about them, sometimes long after other people consider that they’re already decided.</ab>
<ab rend="indent">But, old chap, it’s so difficult for me, because for me it becomes so much a matter of conscience that I would be too much of a burden to you — perhaps abuse your friendship if I accept money for an enterprise that may not pay.</ab>
<ab rend="indent">You write again about Moniteur Universel.<anchor n="4" xml:id="note-t-4"/> Do you think it too gloomy of me when I tell you that I regard it as <hi rend="ital">possible </hi>that in a relatively few years’ time a number of large art businesses — for example Moniteur Universel — in a word others that have also expanded enormously — will decline — fall into decline as quickly as they came up?</ab>
<ab rend="indent">In a relatively short space of time, everything that is the art trade developed in rapport with art itself. But it became all too much a sort of bankers’ speculation and it still is — I do <hi rend="ital">not</hi> say entirely — — I simply say <hi rend="ital">much too much</hi>. Why, in so far as it’s a bubble company, shouldn’t it go the same way as, for instance, the tulip trade?<anchor n="5" xml:id="note-t-5"/> You’ll point out to me that a painting isn’t a tulip. Of course there’s a universe of difference, and naturally <hi rend="ital">I, </hi>who love paintings and tulips not at all, am very well aware of this. 
<pb f="1v" n="3" xml:id="pb-trans-1v-3" facs="#zone-pb-1v-3"/></ab>
<ab rend="indent">But I contend that many rich people who buy the expensive paintings for one reason or another don’t do it for the artistic value that they see in them — the difference between tulip and painting that you and I see isn’t visible to <hi rend="ital">them</hi> — <hi rend="ital">they</hi>, the speculators and blasé sots and a lot of others, would buy tulips now too, just as in the past, provided there was a certain cachet to it.</ab>
<ab rend="indent">True, there are real, sterling art lovers. But it’s perhaps only 1/10th of the total of the business that’s done, perhaps it’s even a much smaller proportion — of which it can be said: this or that transaction was genuinely out of belief in art.</ab>
<ab rend="indent">I could expand on this forever of course, but without going on about it any more I believe that you agree with me that there’s a great deal in the art trade that could prove to be hot air in the future. Things that are very highly priced now can go down. If you ask me, can <rs type="pers" key="1226">Millet</rs> and <rs type="pers" key="971">Corot</rs> go down, <hi rend="ital">I</hi> say, <hi rend="ital">yes</hi>, IN PRICE.</ab>
<ab rend="indent">Anyway, from an artistic point of view, <rs type="pers" key="1226">Millet</rs> is Millet, <rs type="pers" key="971">Corot</rs> Corot, fixed — as the sun itself, in my view.</ab>
<ab rend="indent">Five years ago I thought differently about it, in so far as I thought that <rs type="pers" key="1226">Millet</rs>, say, would remain fixed, EVEN in price, but since then — precisely because I see Millet is usually just as much utterly misunderstood now that he’s less concealed and is more in evidence in reproductions, for instance, as when he was despised — I fear he’ll remain somewhat outside public taste and — it isn’t certain that those who understand him best will have to pay as much money for him later as they do now. <rs type="pers" key="1295">Rembrandt</rs> fell too — <hi rend="ital">in price</hi> — in the periwig age.<anchor n="6" xml:id="note-t-6"/> 
<pb f="1r" n="4" xml:id="pb-trans-1r-4" facs="#zone-pb-1r-4"/></ab>
<ab rend="indent">I just want to ask you frankly, do you believe that the prices that are still being paid now will stay? I tell you frankly, I do <hi rend="ital">not</hi> believe it.</ab>
<ab rend="indent">Yet at the same time, to me <rs type="pers" key="1226">Millet</rs> is Millet, <rs type="pers" key="1295">Rembrandt</rs> Rembrandt, <rs type="pers" key="1107">Israëls</rs> Israëls &amp;c., whether it costs ten cents or a hundred thousand to buy one of his paintings.</ab>
<ab rend="indent">Consequently I don’t think about the art trade much.</ab>
<ab rend="indent">Only when my thoughts turn to you and I come to ask you whether you <hi rend="ital">can</hi> take pleasure in it, or whether, especially later, you won’t see all too much that goes against the grain with you to stay in it.</ab>
<ab rend="indent">You’ll say, one can get used to anything, or rather you’ll say, one must endure until the heart breaks in us.<anchor n="7" xml:id="note-t-7"/> So be it, I agree with you in <hi rend="ital">that</hi> — but if the heart <hi rend="ital">does</hi> break in us, we’re still free to act in one way or another. And as regards you or me, we are what we are, and because we’re enthusiastic about art, we would each in our own way also remain constant in our opinion about <rs type="pers" key="1226">Millet</rs>, say, even if the most absurd things were to happen.</ab>
<ab rend="indent">But I ask: in the event of a gradual cooling off in the expenditure of tremendous sums for paintings, how are the huge firms which have colossal sums in outgoings etc. every year, which cut into their profits, going to succeed? They’ll soon find themselves with enormous deficits. Trees like this don’t fall at the first blow, but they can rot away inside and ultimately fall because of the wind alone, without a single blow from an axe. When? I have absolutely <hi rend="ital">no</hi> idea of the exact date. 
<pb f="2r" n="5" xml:id="pb-trans-2r-5" facs="#zone-pb-2r-5"/></ab>
    <ab rend="indent">If you will, just write to me about this question in general, for example what you think of the staying power — in the long run — of an establishment such as you say Moniteur Universel is — or <rs type="pers" key="552">Petit</rs><anchor n="8" xml:id="note-t-8"/> — or <rs type="pers" key="255">Arnold</rs> &amp; <rs type="pers" key="256">Tripp</rs>. I tell you frankly, I don’t see that it can keep going in the long run. I believe something like this has to collapse.</ab>
<ab rend="indent">In my view, it can’t be very pleasant to be on hand for this — I’d rather sit by a peat fire, painting. The art trade, one feels a sort of ‘what do I care’ about it, except — except — except — that I personally find it very unpleasant if I’m really very short of money.</ab>
<ab rend="indent">You’ve always remained calm in Paris, very simple and certainly cooler than a man like <rs type="pers" key="256">Tripp</rs>, say.</ab>
<ab rend="indent">You’re out to see things as they are, you — like me — <hi rend="ital">can’t</hi> help analyzing. And yet, <hi rend="ital">even</hi> you don’t in the first place bring <hi rend="ital">what you know</hi> of a situation to bear in order to profit from that situation all the same.</ab>
<ab rend="indent">I mean, it isn’t in your nature to fish in troubled waters.</ab>
<ab rend="indent">But I ask you frankly, what’s the position? Do you really believe that the people at Moniteur Universel will ask something different of employees from what G&amp;Cie asks?</ab>
<ab rend="indent">Moniteur, G&amp;Cie, <rs type="pers" key="256">Tripp</rs>, <rs type="pers" key="552">Petit</rs>, to me they’re all similar firms. I believe in my own case that, having been thrown out by one,<anchor n="9" xml:id="note-t-9"/> I would be thrown out by them all. If old <rs type="pers" key="436">Goupil</rs> says,<anchor n="10" xml:id="note-t-10"/> you’re no good to us, I believe other bosses would also think more or less the same.</ab>
<ab rend="indent">Well, as to you, I believe that it would be the same for you with another house as it is with G&amp;Cie. 
<pb f="2v" n="6" xml:id="pb-trans-2v-6" facs="#zone-pb-2v-6"/></ab>
<ab rend="indent">In my opinion, setting up for oneself at a time when a cooling off and decline could be foreseen is something that one cannot do with any enthusiasm.</ab>
<ab rend="indent">So do you believe in these times, do you believe that the trade will stay at this level? If you believed this, I would respect your opinion and keep quiet, but <hi rend="ital">I don’t know whether you know that I don’t really believe that the very large firms can keep going</hi>. Do write to me about it, then it will be so much easier for me to talk about it. I feel rather embarrassed with you at the moment, and I want you to know my perhaps nervous opinion that firstly I don’t believe that these highly inflated firms can keep going and, secondly, even should they prove to keep going, I wouldn’t <hi rend="ital">enjoy</hi> being involved in them, directly or indirectly.</ab>
<ab rend="indent">Another thing is, if I can provide for myself by doing this or that here or there, I won’t look such a gift horse in the mouth. If it proves to be my duty to do this or that, very well, I won’t refuse the work, not even unpleasant work.</ab>
<ab rend="indent">I thought of you brother, on my long trudge across the heath on that stormy evening. I thought of a passage, I don’t know which book it’s from, 
<pb f="2v" n="7" xml:id="pb-trans-2v-7" facs="#zone-pb-2v-7"/> two eyes awake, brightened by genuine tears<anchor n="11" xml:id="note-t-11"/> — I thought, <hi rend="ital">I am disillusioned</hi>, that is — I thought — <hi rend="ital">I </hi>have believed in many things that I now know are in a sorry state at bottom — I thought, these eyes of mine, here on this gloomy evening, awake here in the solitude, if there have been tears in them from time to time, why should they not have been wrung from me by such sorrow that it disenchants — yes — and banishes illusions — but at the same time — <hi rend="ital">awakens</hi> one? I thought, <hi rend="ital">is it </hi>POSSIBLE that Theo is easy about many things that I’m uneasy about. </ab>
<ab rend="indent">Could it be just melancholy, that I can’t take the old pleasure in this or in that?</ab>
<ab rend="indent">In short, I thought, can I be mistaking gold for gilding? Am I mistaking something that’s in full growth for something withering? I couldn’t come up with an answer for myself. Can you? Do you know for sure that there isn’t already far-advanced, unrelenting decline on all sides?</ab>
<ab rend="indent">Give me courage if you yourself have courage — but I say to you in my turn ‘don’t flatter me’.<anchor n="12" xml:id="note-t-12"/> I tell you that, as far as I’m concerned, <hi rend="ital">even if I become clever</hi> (which I am not noticeably as yet), I believe — firmly believe — that I’ll always be very poor — it will exceed my expectations if I manage to keep out of debt.</ab>
<ab rend="indent">The coming men in Holland <hi rend="ital">after</hi> those mastodons <rs type="pers" key="1218">Mesdag</rs>, <rs type="pers" key="1107">Israëls</rs>, <rs type="pers" key="323">Mauve</rs>, <rs type="pers" key="872">Blommers</rs>, <rs type="pers" key="1201 1202 1203">Maris</rs> &amp;c. will, under no circumstances, still be able to earn what was earned in those days, that is the last 20 years, say. And especially not if they’re clever. 
<pb f="2r" n="8" xml:id="pb-trans-2r-8" facs="#zone-pb-2r-8"/></ab>
<ab rend="indent">One of the drawbacks of a period like the one we’re entering is that a time when prices are inflated so high is, as it were, taking a lien on the future, which makes the future dark for posterity.</ab>
    <ab rend="indent">So, old chap, perhaps <rs type="pers" key="255">Arnold</rs> &amp; <rs type="pers" key="256">Tripp</rs> have never treated you personally anything other than very courteously or, in short, with due form.</ab>
    <ab rend="indent">That doesn’t alter the fact that <hi rend="ital">you</hi>, who are just as clever as <rs type="pers" key="423">Uncle Cent</rs>, for instance, won’t be able to do what Uncle Cent did. Why not? Because there are too many <rs type="pers" key="255">Arnold</rs> &amp; <rs type="pers" key="256">Tripp</rs>s in the world. Insatiable money-grubbers, that’s to say, compared with whom you are a sheep.</ab>
<ab rend="indent">Please don’t take this as an insult, brother, that I make this comparison. It’s better to be a sheep than a wolf, it’s better to be the one who is killed than the one who kills — namely better to be Abel than Cain.<anchor n="13" xml:id="note-t-13"/> And — and — I myself am not a wolf either, I hope, or rather I know.</ab>
<ab rend="indent">Suppose that both you and I are ‘sheep’ in society, not in our imaginations but in truth. Very well — given fairly hungry and vicious wolves — it wouldn’t be beyond the bounds of possibility that we’d be gobbled up. Well, even then, although I don’t think this would be exactly pleasant, in short it’s surely still better after all to be ruined than to ruin someone else. I mean, it’s no reason to lose one’s serenity if one should realize that one might have to lead a life of poverty while one had the skills, the talents, the aptitude with which others grow rich. I’m not indifferent to money, but I don’t envy the wolves.<anchor n="14" xml:id="note-t-14"/> Now, with a hearty handshake.</ab>
<vg:whiteline/>
<ab>Ever yours,</ab>
<ab>Vincent.</ab>
<vg:whiteline/>
<ab>If you will, answer me some of these things while I’m here at home; I’m here to get some rest and resolution. </ab></div>
<div type="notes">
<note n="1" xml:id="n-1" target="#note-t-1">
<ab>In his last letter from Drenthe Van Gogh had written: ‘I’ll be able to write to you more calmly from home’ (<ref target="let408.xml#l-194">letter 408, l. 194</ref>).</ab></note>
<note n="2" xml:id="n-2" target="#note-t-2">
<ab>Van Gogh had not been home since Christmas 1881; his <rs type="pers" key="524 526">parents</rs> moved to Nuenen in August 1882, so this was the first time he had seen their house.</ab></note>
<note n="3" xml:id="n-3" target="#note-t-3">
<ab>This walk must have taken place on Tuesday, 4 December (see <hi rend="ital">Date</hi>).</ab></note>
<note n="4" xml:id="n-4" target="#note-t-4">
<ab>Van Gogh had considered a job with one of the illustrated magazines. For the publishing house Moniteur Universel, <ref target="let406.xml#n-3">see letter 406, n. 3.</ref></ab></note>
<note n="5" xml:id="n-5" target="#note-t-5">
<ab>In the seventeenth century the trade in tulip bulbs had taken off; speculation was so extreme, particularly in 1636-1637, that it became pure gambling, in other words the tulips were sold on immediately to get the profit on the price difference. See Simon Schama, <hi rend="ital">The embarrassment of riches. An interpretation of Dutch culture in the Golden Age</hi>. London 1987, pp. 350-365.</ab></note>
<note n="a" xml:id="n-a" target="#note-o-a">
<ab>Means: ‘mij er opmerkzaam op maken’ (draw my attention to it).</ab></note>
<note n="b" xml:id="n-b" target="#note-o-b">
<ab>Variant form of ‘kleiner’ (smaller); it is possible that Van Gogh wrote ‘kleiner’.</ab></note>
<note n="6" xml:id="n-6" target="#note-t-6">
<ab>Van Gogh most probably gleaned this information from <hi rend="ital"><rs type="lit" key="14">Musées de la Hollande</rs></hi> by <rs type="pers" key="554">E.J.T. Thoré</rs> (writing under the pseudonym W. Bürger): ‘If <rs type="pers" key="1295">Rembrandt</rs>s have left Holland, it is decidedly the fault of the debased taste of the Dutch amateurs of the eighteenth century. At public sales then, Rembrandts sold for 20 florins! but Van der Werffs and Lairesses fetched as much as 3 or 4,000 florins!’ (Si les Rembrandt ont quitté la Hollande, c’est bien la faute du goût dégradé des amateurs hollandais au XVIIIe siècle. Les Rembrandt se payaient alors en vente publique ... 20 florins! mais les van der Werff et les Lairesse montaient à 3 ou 4,000 florins!). See Thoré 1858-1860, vol. 2, p. 170, n. 1. The ‘periwig age’ is a reference to the latter part of the eighteenth and the early nineteenth century.</ab>
<ab rend="indent">Huge sums were paid for <rs type="pers" key="1226">Millet</rs>’s work – his <hi rend="ital"><rs type="ill" key="1697">Angelus</rs></hi> had fetched very high prices in 1867 and 1872. <ref target="let017.xml#n-3">See letter 17, n. 3.</ref></ab></note>
<note n="7" xml:id="n-7" target="#note-t-7">
<ab>Cf. ‘them that are of a broken heart’, ‘the brokenhearted’ in <bibleref xmlns="http://www.vangoghletters.org/ns/" book="Ps" chap="34" v="19">Ps. 34:19</bibleref> (in <hi rend="ital">KJ</hi> <bibleref xmlns="http://www.vangoghletters.org/ns/" book="Ps" chap="34" v="18">Ps. 34:18</bibleref>) and <bibleref xmlns="http://www.vangoghletters.org/ns/" book="Isa" chap="61" v="1">Isa. 61:1</bibleref>.</ab></note>
<note n="c" xml:id="n-c" target="#note-o-c">
<ab>Means: ‘uitgaven’ (expenses).</ab></note>
<note n="8" xml:id="n-8" target="#note-t-8">
<ab>The art dealer <rs type="pers" key="552">Georges Petit</rs>; cf. also <ref target="let358.xml#n-1">letter 358, n. 1.</ref></ab></note>
<note n="d" xml:id="n-d" target="#note-o-d">
<ab>Means: ‘kalm, rustig’ (calm, quiet).</ab></note>
<note n="e" xml:id="n-e" target="#note-o-e">
<ab>Read: ‘dat wat’ (that which).</ab></note>
<note n="9" xml:id="n-9" target="#note-t-9">
<ab>Van Gogh was fired by Goupil in April 1876.</ab></note>
<note n="10" xml:id="n-10" target="#note-t-10">
<ab><rs type="pers" key="436">Adolphe Goupil</rs>, founder of the firm of Goupil &amp; Cie.</ab></note>
<note n="11" xml:id="n-11" target="#note-t-11">
<ab>The source of this quotation has not been found.</ab></note>
<note n="f" xml:id="n-f" target="#note-o-f">
<ab>Read: ‘Zodanige... dat het’ (Such... that it).</ab></note>
<note n="12" xml:id="n-12" target="#note-t-12">
<ab>Theo had previously written this to Vincent: <ref target="let401.xml">see letter 401</ref>.</ab></note>
<note n="13" xml:id="n-13" target="#note-t-13">
<ab>Abel, Adam’s younger son and a shepherd, was killed by his brother, the farmer Cain. See <bibleref xmlns="http://www.vangoghletters.org/ns/" book="Gen" chap="4" v="8">Gen. 4:8</bibleref>.</ab></note>
<note n="14" xml:id="n-14" target="#note-t-14">
<ab>Initially Van Gogh wrote: ‘I <hi rend="ital">couldn’t</hi> be a wolf’ (‘ik zou niet een wolf <hi rend="ital">kunnen</hi> zijn’).</ab></note></div></body></text></TEI>
