<?xml version="1.0" encoding="UTF-8"?>
<!-- Last Changed Date: 2018-07-18 12:32:41 +0200 (Wed, 18 Jul 2018) | SVN Revision: 2206 -->
<!--Licensed under Attribution-NonCommercial-ShareAlike 4.0 International (CC BY-NC-SA 4.0)-->
<?xml-model href="https://xmlschema.huygens.knaw.nl/vgodd.rng" type="application/xml" schematypens="http://relaxng.org/ns/structure/1.0"?>
<TEI xmlns:vg="http://www.vangoghletters.org/ns/" xmlns="http://www.tei-c.org/ns/1.0">
<teiHeader xmlns:xsi="http://www.w3.org/2001/XMLSchema-instance"><fileDesc>
<titleStmt>
<title>To Anton Kerssemakers. Nuenen, early May 1885. </title>
<editor>Leo Jansen</editor>
<editor>Hans Luijten</editor>
<editor>Nienke Bakker</editor></titleStmt>
<publicationStmt>
<publisher><name>Huygens Instituut voor Nederlandse Geschiedenis (KNAW)</name><email>info@huygens.knaw.nl</email></publisher>
<publisher>Van Gogh Museum</publisher>
<pubPlace>Amsterdam</pubPlace>
<date type="first" when="2009">2009</date>
<availability status="restricted">
<licence target="http://creativecommons.org/licenses/by-nc-sa/4.0/ https://creativecommons.org/licenses/by-nc-sa/4.0/legalcode">
<p>Attribution-NonCommercial-ShareAlike 4.0 International (CC BY-NC-SA 4.0) </p></licence></availability>
<ptr target="http://vangoghletters.org/orig/let498"/></publicationStmt><sourceDesc><vg:letDesc><vg:letIdentifier>
<idno type="jlb">498</idno>
<idno type="collectedletters">-</idno>
<idno type="brieven1990">498</idno></vg:letIdentifier><vg:letHeading><author>Vincent van Gogh</author><vg:addressee>Anton Kerssemakers</vg:addressee><vg:placeLet>Nuenen</vg:placeLet><vg:dateLet>early May 1885</vg:dateLet></vg:letHeading><vg:letContents>
<p>To Anton Kerssemakers. Nuenen, early May 1885. </p></vg:letContents>
<note type="sourceStatus" xml:id="sourceStatus">
<p>Original manuscript</p></note>
<note type="location" xml:id="location">
<p>Amsterdam, Van Gogh Museum, inv. no. b879 V/1962</p></note>
<note type="date" xml:id="date">
<p>There are few concrete data which help to date the letter precisely. It would, though, seem obvious to conclude that it was written following one of the meetings between Van Gogh and Kerssemakers. The word ‘more’ (<ref target="#l-1*">l. 1*</ref>) suggests a recent contact, but they saw each other regularly during this period. If, however, the reason for Kerssemaker’s trip to Antwerp was the World Exhibition, which was staged there from 2 May to 2 November, the letter must date from May at the earliest. Van Gogh moreover sends a book by Hollidee. Since we assume that this is the same book he sent to Theo in Paris before the end of May – so that Theo had time to pass it on to Andries Bonger before 2 June (cf. <ref target="#n-1">n. 1</ref>) – we have dated the letter early May 1885.</p></note></vg:letDesc></sourceDesc></fileDesc></teiHeader>
<facsimile xmlns:xsi="http://www.w3.org/2001/XMLSchema-instance">
<surface n="b 0879" xml:id="surf-pb-1r"><graphic mimeType="image/tiff" url="VGM001001173_01.TIF" rend="norend"/><zone xml:id="zone-pb-1r-1">
<graphic mimeType="image/tiff" url="VGM001001173_01_n.tif" rend="norend"/><graphic mimeType="image/jpeg" url="VGM001001173_01_nt.jpg" height="50px" rend="thumbnail"/><graphic mimeType="image/png" url="VGM001001173_01_nf.png" width="380px" rend="facstab"/></zone>
</surface><surface n="b 0879 V/1964" xml:id="surf-extra-1v"><graphic mimeType="image/tiff" url="VGM001001173_02.TIF" rend="norend"/><zone xml:id="zone-extra-1">
<graphic mimeType="image/tiff" url="VGM001001173_02_n.tif" rend="norend"/><graphic mimeType="image/jpeg" url="VGM001001173_02_nt.jpg" height="50px" rend="thumbnail"/><graphic mimeType="image/png" url="VGM001001173_02_nf.png" width="380px" rend="facstab"/></zone>
</surface></facsimile><text xmlns:xsi="http://www.w3.org/2001/XMLSchema-instance"><body>
<div type="original">
<pb f="1r" n="1" xml:id="pb-orig-1r-1" facs="#zone-pb-1r-1"/><lb n="1" xml:id="l-1"/>
<ab>Mijnheer,</ab><lb n="1*" xml:id="l-1s"/>
<ab>Ziehier nog eenige boeken<c type="kk">/</c> <lb n="2" xml:id="l-2"/>dat van Rovers met het etsje van Israels<anchor n="1" xml:id="note-o-1"/> zal <lb n="3" xml:id="l-3"/>U zeker bevallen en de teekeningen van <lb n="4" xml:id="l-4"/>Menzel ook.</ab><lb n="5" xml:id="l-5"/>
<ab rend="indent">Ik ben er erg blij om dat U eens in Antwerpen <lb n="6" xml:id="l-6"/>zijt geweest en er eens wat goede schilderijen <lb n="7" xml:id="l-7"/>hebt gezien.</ab><lb n="8" xml:id="l-8"/>
<ab rend="indent">Ik hoop wel dat het er van komen zal wij dezen <lb n="9" xml:id="l-9"/>zomer zamen er nog eens heengaan en <lb n="10" xml:id="l-10"/>dan tevens de moderne schilderijen in Brussel gaan <lb n="11" xml:id="l-11"/>zien<c type="kk">/</c> die <hi rend="ital">superbe</hi> zijn mijns inziens.<anchor n="2" xml:id="note-o-2"/></ab><lb n="12" xml:id="l-12"/>
<ab rend="indent">Ik denk wel in den loop van den zomer in de <lb n="13" xml:id="l-13"/>gelegenheid te zijn om het te doen.</ab><lb n="14" xml:id="l-14"/>
<ab rend="indent">Ik heb voor mij zelf noodig vooral het werk <lb n="15" xml:id="l-15"/>van de Groux<c type="kk">/</c> Meunier en enkele <lb n="16" xml:id="l-16"/>andere Belgen eens weer te zien.</ab><lb n="17" xml:id="l-17"/>
<ab rend="indent">Ik voeg bij de boeken <lb n="18" xml:id="l-18"/>nog houtsneden waarvan ik wel weet dat U ze <lb n="19" xml:id="l-19"/>bij mij reeds heeft gezien doch het kan geen <lb n="20" xml:id="l-20"/>kwaad U ze bij U t’huis nog eens op uw <lb n="21" xml:id="l-21"/>gemak weerziet<c type="kp">_</c></ab><lb n="22" xml:id="l-22"/>
<ab rend="indent">4 heb ik <hi rend="ital">dubbel</hi><c type="kk">/</c> n.l. Renouard<c type="kk">/</c> Menzel<c type="kk">/</c> <lb n="23" xml:id="l-23"/>Heilbuth en Dagnan<c type="kk">/</c> die staan voorin in <lb n="24" xml:id="l-24"/>de portefeuille en kunt U behouden.</ab><lb n="25" xml:id="l-25"/>
<ab rend="indent">Na groete<c type="kk">/</c> achtend</ab>
<vg:whiteline/><lb n="26" xml:id="l-26"/>
<ab>Uw dr</ab><lb n="27" xml:id="l-27"/>
<ab>Vincent</ab>
<vg:whiteline/></div>
<div type="translation">
<pb f="1r" n="1" xml:id="pb-trans-1r-1" facs="#zone-pb-1r-1"/>
<ab>Dear <rs type="pers" key="475">Sir</rs>,</ab>
<ab>Here are a few more books; you’ll certainly like the one by <rs type="pers" key="659">Rovers</rs> with the little etching by <rs type="pers" key="1107">Israëls</rs>,<anchor n="1" xml:id="note-t-1"/> and the drawings by <rs type="pers" key="1214">Menzel</rs> too.</ab>
<ab rend="indent">I’m very glad that you’ve been to Antwerp and have seen some good paintings there.</ab>
<ab rend="indent">I hope that it will work out so that we’ll be able to go there together this summer, and then at the same time go and see the modern paintings in Brussels, which in my view are <hi rend="ital">superb</hi>.<anchor n="2" xml:id="note-t-2"/></ab>
<ab rend="indent">I think I’ll be in a position to do it in the course of the summer.</ab>
<ab rend="indent">For my part, I particularly need to see the work of <rs type="pers" key="1063">Degroux</rs>, <rs type="pers" key="1209">Meunier</rs> and a few other Belgians again.</ab>
<ab rend="indent">I’m enclosing with the books some woodcuts that I know you’ve already seen at my place, but it can do no harm for you to look at them again at leisure in your own home.</ab>
<ab rend="indent">I have <hi rend="ital">duplicates</hi> of 4, namely <rs type="pers" key="1292">Renouard</rs>, <rs type="pers" key="1214">Menzel</rs>, <rs type="pers" key="1087">Heilbuth</rs> and <rs type="pers" key="959">Dagnan</rs>. They’re at the front of the portfolio and you can keep them.</ab>
<ab rend="indent">I respectfully remain,</ab>
<vg:whiteline/>
<ab>Your servant</ab>
<ab>Vincent</ab></div>
<div type="notes">
<note n="1" xml:id="n-1" target="#note-t-1">
<ab>Van Gogh is referring to the reproduction of a farmer facing the title page in the book <rs type="pers" key="659">H. Hollidee</rs>, <hi rend="ital"><rs type="lit" key="412">Etsen naar het leven</rs></hi>. Met een inleidend woord door A.C. Loffelt en een teekening van <rs type="pers" key="1107">Israëls</rs>. Leiden 1881 (Etchings from life. With an introduction by A.C. Loffelt and a drawing by Israëls). <rs type="ill" key="2136">Ill. 2136</rs>. H. Hollidee is the pseudonym of <rs type="pers" key="659">Elard Albert Rovers</rs>. The collection contains seven novellas in which Rovers describes the North Brabant village life of his childhood. This slim volume evidently circulated, since <rs type="pers" key="282">Andries Bonger</rs> wrote to his parents not long afterwards: ‘Have you ever seen a little book: Etsen naar het leven, by H. Hollidee? If not, I can really recommend that you read them; they are very good’ (FR b1815, 2 June 1885).</ab></note>
<note n="2" xml:id="n-2" target="#note-t-2">
<ab>The Musée Moderne was in the Palais Ducal. It had around 180 paintings by modern Belgian artists and by several foreigners. See Baedeker 1885, pp. 31-33. (Van Gogh added the word ‘modern’ (‘moderne’) later).</ab></note></div></body></text></TEI>
