<?xml version="1.0" encoding="UTF-8"?>
<!-- Last Changed Date: 2018-07-18 12:32:41 +0200 (Wed, 18 Jul 2018) | SVN Revision: 2206 -->
<!--Licensed under Attribution-NonCommercial-ShareAlike 4.0 International (CC BY-NC-SA 4.0)-->
<?xml-model href="https://xmlschema.huygens.knaw.nl/vgodd.rng" type="application/xml" schematypens="http://relaxng.org/ns/structure/1.0"?>
<TEI xmlns:vg="http://www.vangoghletters.org/ns/" xmlns="http://www.tei-c.org/ns/1.0">
<teiHeader xmlns:xsi="http://www.w3.org/2001/XMLSchema-instance"><fileDesc>
<titleStmt>
<title>To Theo van Gogh. Nuenen, on or about Friday, 23 January 1885.</title>
<editor>Leo Jansen</editor>
<editor>Hans Luijten</editor>
<editor>Nienke Bakker</editor></titleStmt>
<publicationStmt>
<publisher><name>Huygens Instituut voor Nederlandse Geschiedenis (KNAW)</name><email>info@huygens.knaw.nl</email></publisher>
<publisher>Van Gogh Museum</publisher>
<pubPlace>Amsterdam</pubPlace>
<date type="first" when="2009">2009</date>
<availability status="restricted">
<licence target="http://creativecommons.org/licenses/by-nc-sa/4.0/ https://creativecommons.org/licenses/by-nc-sa/4.0/legalcode">
<p>Attribution-NonCommercial-ShareAlike 4.0 International (CC BY-NC-SA 4.0) </p></licence></availability>
<ptr target="http://vangoghletters.org/orig/let479"/></publicationStmt><sourceDesc><vg:letDesc><vg:letIdentifier>
<idno type="jlb">479</idno>
<idno type="collectedletters">392</idno>
<idno type="brieven1990">482</idno></vg:letIdentifier><vg:letHeading><author>Vincent van Gogh</author><vg:addressee>Theo van Gogh</vg:addressee><vg:placeLet>Nuenen</vg:placeLet><vg:dateLet>on or about Friday, 23 January 1885</vg:dateLet></vg:letHeading><vg:letContents>
<p>To Theo van Gogh. Nuenen, on or about Friday, 23 January 1885.</p></vg:letContents>
<note type="sourceStatus" xml:id="sourceStatus">
<p>Original manuscript</p></note>
<note type="location" xml:id="location">
<p>Amsterdam, Van Gogh Museum, inv. no. b430 V/1962</p></note>
<note type="date" xml:id="date">
<p>Van Gogh writes: ‘I’ve hardly ever begun a year that had a gloomier aspect’ <ref target="#l-32">(ll. 32-33)</ref>. This places the letter in January 1885. Vincent hopes that Theo will send some money soon – ‘possibly your letter will come’ <ref target="#l-76">(ll. 76-77)</ref>, because he has almost nothing left. The money he was looking out for must have been the extra allowance for January. In this letter he appears to be responding to information that Theo told his parents in a letter of 20 January (<ref target="#n-2">see n. 2</ref>). Since Mr van Gogh did not yet know on 21 January whether Theo had had a good year financially (FR 2265), whereas Vincent can now tell his brother: ‘I heard at home that you’d had a good year’ <ref target="#l-2">(l. 2)</ref>, Theo’s letter was probably received on the 22nd. On these grounds, and because the next letter must have been written on or about Monday, 26 January (<ref target="let480.xml">letter 480</ref>), we have dated the present letter on or about Friday, 23 January 1885.</p></note></vg:letDesc></sourceDesc></fileDesc></teiHeader>
<facsimile xmlns:xsi="http://www.w3.org/2001/XMLSchema-instance">
<surface n="b 0430" xml:id="surf-pb-1r"><graphic mimeType="image/tiff" url="VGM001000575_01.TIF" rend="norend"/><graphic mimeType="image/tiff" url="VGM001000575_01_n.tif" rend="norend"/><graphic mimeType="image/jpeg" url="VGM001000575_01_nt.jpg" height="50px" rend="thumbnail"/><zone xml:id="zone-pb-1r-1">
<graphic mimeType="image/tiff" url="VGM001000575_01_nR.tif" rend="norend"/><graphic mimeType="image/jpeg" url="VGM001000575_01_nRt.jpg" height="50px" rend="thumbnail"/><graphic mimeType="image/png" url="VGM001000575_01_nRf.png" width="380px" rend="facstab"/></zone>
</surface>
<surface n="b 0430" xml:id="surf-pb-1v"><graphic mimeType="image/tiff" url="VGM001000575_02.TIF" rend="norend"/><graphic mimeType="image/tiff" url="VGM001000575_02_n.tif" rend="norend"/><graphic mimeType="image/jpeg" url="VGM001000575_02_nt.jpg" height="50px" rend="thumbnail"/><zone xml:id="zone-pb-1v-2">
<graphic mimeType="image/tiff" url="VGM001000575_02_nL.tif" rend="norend"/><graphic mimeType="image/jpeg" url="VGM001000575_02_nLt.jpg" height="50px" rend="thumbnail"/><graphic mimeType="image/png" url="VGM001000575_02_nLf.png" width="380px" rend="facstab"/></zone>
<zone xml:id="zone-pb-1v-3">
<graphic mimeType="image/tiff" url="VGM001000575_02_nR.tif" rend="norend"/><graphic mimeType="image/jpeg" url="VGM001000575_02_nRt.jpg" height="50px" rend="thumbnail"/><graphic mimeType="image/png" url="VGM001000575_02_nRf.png" width="380px" rend="facstab"/></zone>
</surface></facsimile><text xmlns:xsi="http://www.w3.org/2001/XMLSchema-instance"><body>
<div type="original">
<pb f="1r" n="1" xml:id="pb-orig-1r-1" facs="#zone-pb-1r-1"/><lb n="1" xml:id="l-1"/>
<ab>Waarde Theo,</ab><lb n="1*" xml:id="l-1s"/>
<ab>Hierbij nog eenige krabbels van koppenstudies<c type="kp">_</c><anchor n="1" xml:id="note-o-1"/> <lb n="2" xml:id="l-2"/>Van t’huis hoorde ik ge een goed jaar hadt gehad – en <lb n="3" xml:id="l-3"/>een aanbieding van frs 1000 per maand – die ge <lb n="4" xml:id="l-4"/>geweigerd hadt.<anchor n="2" xml:id="note-o-2"/> Ik kan me begrijpen dat bij G&amp;C<hi rend="ss">ie</hi> <lb n="5" xml:id="l-5"/>eenmaal zijnde<c type="kk">/</c> ge er blijft – ’t is een van de eerste groote <lb n="6" xml:id="l-6"/>huizen geweest – welnu – ’t zou ook nog welligt verscheiden <lb n="7" xml:id="l-7"/>concurrenten kunnen overleven<c type="kp">_</c>–</ab><lb n="8" xml:id="l-8"/>
<ab rend="indent">Echter ik blijf ’t er voor houden dat het met ’t jaar <lb n="9" xml:id="l-9"/>moeielijker zal worden de routine die den <lb n="10" xml:id="l-10"/>schilderijhandel tot heden volhoudt<c type="kk">/</c> door te voeren<c type="kk">/</c> <lb n="11" xml:id="l-11"/>en een nieuwe taktiek van zaken doen nu <lb n="12" xml:id="l-12"/>te vinden<c type="kp">_</c> zal ’t gebeuren? misschien wel <lb n="13" xml:id="l-13"/>niet. En toch – tenzij er een <lb n="14" xml:id="l-14"/>nieuwe taktiek komt – dreigt dan niet met den <lb n="15" xml:id="l-15"/>dag meer ’t gevaar dat door den val van ’t een of <lb n="16" xml:id="l-16"/>ander groot huis b.v. sommige dingen dalen en <lb n="17" xml:id="l-17"/>die daling een paniek in alles ten gevolge <lb n="18" xml:id="l-18"/>hebbe<c type="kp">_</c>– Werkelijk<c type="kk">/</c> dat gevaar is geloof ik niet <lb n="19" xml:id="l-19"/>precies maar ingebeeld<c type="kp">_</c>– Betrekkelijk in zeer <lb n="20" xml:id="l-20"/>korten tijd zijn de prijzen tot de tegenwoordige hoogte <lb n="21" xml:id="l-21"/>gestegen – in laat ons zeggen een jaar of 40 hoogstens<c type="kp">_</c> <lb n="22" xml:id="l-22"/>En zou er meer tijd dan dat noodig zijn om den <lb n="23" xml:id="l-23"/>berg weer af te rollen? in den regel gaat het <lb n="24" xml:id="l-24"/>anders makkelijker &amp; sneller berg af dan berg op<c type="kp">_</c>– <lb n="25" xml:id="l-25"/>En toch – er is iets in de kunst dat maakt <lb n="26" xml:id="l-26"/>dat er altijd wel – een kans althans tot <lb n="27" xml:id="l-27"/>uitbreiding van ’t publiek dat koopt<c type="kk">/</c> mogelijk <lb n="28" xml:id="l-28"/>is<c type="kp">_</c>– Alleen nog eens<c type="kk">/</c> zal men dat nieuwe <lb n="29" xml:id="l-29"/>publiek créeeren<c type="kp">_</c>– indien niet dan vrees <lb n="30" xml:id="l-30"/>ik voor mij dat ’t even snel dalen zal als ’t gerezen <lb n="31" xml:id="l-31"/>is<c type="kp">_</c></ab>
<pb f="1v" n="2" xml:id="pb-orig-1v-2" facs="#zone-pb-1v-2"/><lb n="32" xml:id="l-32"/>
<ab rend="indent">Haast geen jaar begon ik dat een somberder <lb n="33" xml:id="l-33"/>aspect had<c type="kk">/</c> in een somberder stemming<c type="kk">/</c> <lb n="34" xml:id="l-34"/>en ik verwacht dan ook geen toekomst van <lb n="35" xml:id="l-35"/>succes doch – een toekomst van strijd<c type="kp">_</c></ab><lb n="36" xml:id="l-36"/>
<ab rend="indent">Het is buiten triest – de velden een marmer <lb n="37" xml:id="l-37"/>van klonten zwarte aard en wat sneeuw<c type="kk">/</c> <lb n="38" xml:id="l-38"/>meestendeels enkele dagen daar tusschen <lb n="39" xml:id="l-39"/>van mist en slijk – de roode zon s’avonds <lb n="40" xml:id="l-40"/>en s’morgens – kraaien<c type="kk">/</c> verdord gras en <lb n="41" xml:id="l-41"/>verlept rottend groen, zwarte boschjes<c type="kk">/</c> en <lb n="42" xml:id="l-42"/>de takken van de populieren en de wilgen nijdig als <lb n="43" xml:id="l-43"/>ijzerdraad tegen de trieste lucht<c type="kp">_</c>–</ab><lb n="44" xml:id="l-44"/>
<ab rend="indent">Dit<c type="kk">/</c> ik zie ’t in ’t voorbij gaan en ’t is alleen in <lb n="45" xml:id="l-45"/>harmonie met de binnenhuizen<c type="kk">/</c> erg somber <lb n="46" xml:id="l-46"/>in deze donkere winterdagen.</ab><lb n="47" xml:id="l-47"/>
<ab rend="indent">Het is ook in harmonie met de physionomies <lb n="48" xml:id="l-48"/>van boeren en wevers<c type="kp">_</c></ab><lb n="49" xml:id="l-49"/>
<ab rend="indent">de laatsten hoor ik niet klagen maar ze hebben <lb n="50" xml:id="l-50"/>’t bar<c type="kp">_</c>– Een wever die hard doorwerkt <lb n="51" xml:id="l-51"/>maakt een stuk van 60 el b.v. in de week<c type="kp">_</c> <lb n="52" xml:id="l-52"/>Terwijl hij weeft moet een vrouw voor hem zitten <lb n="53" xml:id="l-53"/>spoelen<c type="kk">/</c> dat is de klossen garen winden – dus zijn <lb n="53a" xml:id="l-53a"/>er <hi rend="ital">twee</hi> die werken en er van leven moeten.</ab><lb n="54" xml:id="l-54"/>
<ab rend="indent">Op dat stuk wint hij netto b.v. f<c type="kp">_</c> 4.50 in die <lb n="55" xml:id="l-55"/>week<anchor n="3" xml:id="note-o-3"/> – en als hij ’t naar den fabrikant brengt <lb n="56" xml:id="l-56"/>krijgt hij menigmaal tegenwoordig de boodschap <lb n="57" xml:id="l-57"/>dat hij pas over 8 of 14 dagen een nieuw <lb n="58" xml:id="l-58"/>stuk kan mee nemen.</ab>
<pb f="1v" n="3" xml:id="pb-orig-1v-3" facs="#zone-pb-1v-3"/><lb n="59" xml:id="l-59"/>
<ab rend="indent">Dus loon laag niet alleen<c type="kk">/</c> maar werk <lb n="60" xml:id="l-60"/>vrij schaarsch<c type="kp">_</c>–</ab><lb n="61" xml:id="l-61"/>
<ab rend="indent">Er is dan ook dikwijls iets gejaagds en <lb n="62" xml:id="l-62"/>onrustigs in de lui<c type="kp">_</c></ab><lb n="63" xml:id="l-63"/>
<ab rend="indent">’t is een andere stemming dan die van <lb n="64" xml:id="l-64"/>de charbonniers die ik bijwoonde in <lb n="65" xml:id="l-65"/>een jaar van grèves en veel ongelukken<c type="kp">_</c><anchor n="4" xml:id="note-o-4"/> <lb n="66" xml:id="l-66"/>Dat was nog wel erger – maar toch<c type="kk">/</c> het <lb n="67" xml:id="l-67"/>is hier nu ook dikwijls navrant – de lui <lb n="68" xml:id="l-68"/>zijn stil en letterlijk <hi rend="ital">nergens</hi> hoorde ik iets <lb n="69" xml:id="l-69"/>wat naar oproerige redenaties geleek<c type="kp">_</c>–</ab><lb n="70" xml:id="l-70"/>
<ab rend="indent">Maar ze kijken evenmin vrolijk als de <lb n="71" xml:id="l-71"/>vigelante paarden<anchor n="a" xml:id="note-o-a"/> of de schapen die per <lb n="72" xml:id="l-72"/>stoomboot naar Engeland worden getransporteerd<c type="kp">_</c></ab><lb n="73" xml:id="l-73"/>
<ab rend="indent">Gegroet – ik hoop dat ge zult kunnen sturen<c type="kk">/</c> <lb n="74" xml:id="l-74"/>ik heb niet heelemaal een gulden meer en moet <lb n="75" xml:id="l-75"/>vandaag nog eenige uren model hebben<c type="kp">_</c></ab><lb n="76" xml:id="l-76"/>
<ab rend="indent">Dus morgen zit ik weer vast<c type="kk">/</c> doch welligt komt <lb n="77" xml:id="l-77"/>uw brief<c type="kp">_</c>–</ab>
<vg:whiteline/><lb n="78" xml:id="l-78"/>
<ab>b<c type="kp">_</c> à t<c type="kp">_</c></ab><lb n="79" xml:id="l-79"/>
<ab>Vincent</ab>
<vg:whiteline/></div>
<div type="translation">
<pb f="1r" n="1" xml:id="pb-trans-1r-1" facs="#zone-pb-1r-1"/>
<ab>My dear Theo,</ab>
<ab>Herewith a few more scratches of studies of heads.<anchor n="1" xml:id="note-t-1"/> I heard at home that you’d had a good year — and an offer of 1,000 francs a month — which you had refused.<anchor n="2" xml:id="note-t-2"/> I can understand that once with G&amp;Cie, you’ll stay there — it was one of the first large houses — well then — it should still probably be able to outlive various competitors.</ab>
    <ab rend="indent">However, I continue to maintain that it will become more difficult by the year to go on with the routine that the art trade has sustained so far, and to find a new tactic for doing business now. Will it happen? Perhaps not. And yet — unless there’s a new tactic — doesn’t the danger become more threatening by the day that, as a result of the collapse of one or other of the large houses, for instance, some things will drop and this drop will result in a panic all round? I really believe this danger isn’t just imaginary. Prices have risen to their present heights in a very short time, relatively speaking — in, let’s say, 40 years or so at most. And would it need more time than that to roll down the mountain again? As a rule, it’s easier and quicker to go downhill than uphill. And yet — there’s something in art which means that it’s always possible — there’s at least a chance to increase the numbers of the buying public. But again, will people create that new public? If not, I fear for my part that it will fall as quickly as it rose. 
<pb f="1v" n="2" xml:id="pb-trans-1v-2" facs="#zone-pb-1v-2"/></ab>
<ab rend="indent">I’ve hardly ever begun a year that had a gloomier aspect in a gloomier mood, and so I don’t expect a future of success, but — a future of struggle.</ab>
<ab rend="indent">It’s dismal outdoors — the fields a marble of clods of black earth and some snow, usually a few days of fog and mud in between — the red sun in the evening and in the morning — crows, shrivelled grass and withered, rotting vegetation, black bushes, and the branches of the poplars and willows vicious as wire against the dismal sky.</ab>
<ab rend="indent">This, I see it in passing, and it’s quite in harmony with the interiors, very gloomy in these dark winter days.</ab>
<ab rend="indent">It’s also in harmony with the physiognomies of peasants and weavers.</ab>
    <ab rend="indent">I don’t hear the latter complain, but they have a hard time of it. A weaver who works hard makes a piece of 60 ells, say, in a week. While he weaves, a woman has to spool for him; that is winding yarn on to the bobbins — so there are <hi rend="ital">two</hi> who are working and have to live on it.</ab>
<ab rend="indent">On that piece he makes a net profit of, say, 4.50 guilders in that week<anchor n="3" xml:id="note-t-3"/> — and nowadays when he takes it to the manufacturer he’s often told that he can only bring a new piece in a week or a fortnight’s time. 
<pb f="1v" n="3" xml:id="pb-trans-1v-3" facs="#zone-pb-1v-3"/></ab>
<ab rend="indent">So not only wages low, but work fairly scarce.</ab>
<ab rend="indent">There’s consequently often something harried and restless in these people.</ab>
<ab rend="indent">It’s a different mood from that of the miners I lived with in a year of strikes and many accidents.<anchor n="4" xml:id="note-t-4"/> That was even worse — but all the same, it’s often heart-rending here too — the people are quiet, and literally <hi rend="ital">nowhere</hi> have I heard anything resembling inflammatory arguments.</ab>
<ab rend="indent">But they look as little cheerful as the cab-horses or the sheep that are transported by steamer to England.</ab>
<ab rend="indent">Regards — I hope you’ll be able to send; I have less than a guilder left and must have a model for several more hours today.</ab>
<ab rend="indent">So tomorrow I’ll be stuck again, but possibly your letter will come.</ab>
<vg:whiteline/>
<ab>Yours truly,</ab>
<ab>Vincent</ab></div>
<div type="notes">
<note n="1" xml:id="n-1" target="#note-t-1">
<ab>See for the scratches that may have been sent: <ref target="let475.xml#n-1">letter 475, n. 1.</ref></ab></note>
<note n="2" xml:id="n-2" target="#note-t-2">
<ab>One of Theo’s clients must have offered him a job at 1000 francs a month. <rs type="pers" key="526">Mr van Gogh</rs> wrote to Theo about this on 24 January 1885 – in reply to Theo’s letter of 20 January – and warned him to be cautious: ‘You write again about the Gentleman who had made you an offer to go to work for him. But you had turned down that proposal.. but now you return to this, and call him your client? Someone who works in electricity and could become …. one of the richest people. And who still seems to want to take you into his office. You also say that you are involved in spite of yourself but don’t know yet whether he will be successful. I wanted to come back to this again. Although my opinion is biased and I know no more of his plans than your letter reveals, I still want to advise you to be careful. Should you perhaps consult <rs type="pers" key="423">Uncle Cent</rs>? He is a man who has a clear view of <hi rend="ital">business </hi>and also courage enough to <hi rend="ital">take a risk</hi> ... Does the Gentleman also need things for his company that belong to your present firm?’ There is a postscript in the margin: ‘We will not talk to Vincent about this business of yours. Do as you wish about that’ (FR 2266). Theo’s <rs type="pers" key="524 526">parents</rs> had obviously not stuck to this intention.</ab>
<ab rend="indent">The annual profits payment was worked out after the inventory was compiled in January of the following year, and then paid out by the head office. For 1884 Theo was entitled to an annual share of the profits worth 6,943.65 francs; in total he had earned an average of 912 francs a month in 1884 (FR b2123). See also Account book 2002, pp. 15-16.</ab>
<ab rend="indent">We do not know who is meant by ‘Someone who works in electricity’.</ab></note>
<note n="3" xml:id="n-3" target="#note-t-3">
<ab>For a comparison of the size of wages in the second half of the nineteenth century: <hi rend="ital">Introduction</hi>, III.3.</ab></note>
<note n="4" xml:id="n-4" target="#note-t-4">
<ab>Strikes had broken out in April 1879 after a mining accident in the Borinage, <ref target="let151.xml#n-3">see letter 151, n. 3.</ref></ab></note>
<note n="a" xml:id="n-a" target="#note-o-a">
<ab>Paarden die voor een (huur)rijtuig worden ingespannen. (Horses harnessed to a (hackney) carriage.)</ab></note></div></body></text></TEI>
