<?xml version="1.0" encoding="UTF-8"?>
<!-- Last Changed Date: 2018-07-18 12:32:41 +0200 (Wed, 18 Jul 2018) | SVN Revision: 2206 -->
<!--Licensed under Attribution-NonCommercial-ShareAlike 4.0 International (CC BY-NC-SA 4.0)-->
<?xml-model href="https://xmlschema.huygens.knaw.nl/vgodd.rng" type="application/xml" schematypens="http://relaxng.org/ns/structure/1.0"?>
<TEI xmlns:vg="http://www.vangoghletters.org/ns/" xmlns="http://www.tei-c.org/ns/1.0">
<teiHeader xmlns:xsi="http://www.w3.org/2001/XMLSchema-instance"><fileDesc>
<titleStmt>
<title>To Anthon van Rappard. Nuenen, on or about Thursday, 29 May 1884.</title>
<editor>Leo Jansen</editor>
<editor>Hans Luijten</editor>
<editor>Nienke Bakker</editor></titleStmt>
<publicationStmt>
<publisher><name>Huygens Instituut voor Nederlandse Geschiedenis (KNAW)</name><email>info@huygens.knaw.nl</email></publisher>
<publisher>Van Gogh Museum</publisher>
<pubPlace>Amsterdam</pubPlace>
<date type="first" when="2009">2009</date>
<availability status="restricted">
<licence target="http://creativecommons.org/licenses/by-nc-sa/4.0/ https://creativecommons.org/licenses/by-nc-sa/4.0/legalcode">
<p>Attribution-NonCommercial-ShareAlike 4.0 International (CC BY-NC-SA 4.0) </p></licence></availability>
<ptr target="http://vangoghletters.org/orig/let448"/></publicationStmt><sourceDesc><vg:letDesc><vg:letIdentifier>
<idno type="jlb">448</idno>
<idno type="collectedletters">R50</idno>
<idno type="brieven1990">451</idno></vg:letIdentifier><vg:letHeading><author>Vincent van Gogh</author><vg:addressee>Anthon van Rappard</vg:addressee><vg:placeLet>Nuenen</vg:placeLet><vg:dateLet>on or about Thursday, 29 May 1884</vg:dateLet></vg:letHeading><vg:letContents>
<p>To Anthon van Rappard. Nuenen, on or about Thursday, 29 May 1884.</p></vg:letContents>
<note type="sourceStatus" xml:id="sourceStatus">
<p>Original manuscript</p></note>
<note type="location" xml:id="location">
<p>Amsterdam, Van Gogh Museum, inv. no. b8381 V/2006</p></note>
<note type="date" xml:id="date">
<p>The letter was written after Van Rappard’s departure from Nuenen on or about 27 May, and after he had subsequently written to Van Gogh telling him that he had won a medal. The letter moreover dates from a day or two before 1 June (Whitsun), since Vincent writes: ‘<hi rend="ital">Perhaps</hi> my brother Theo will come briefly at Whitsun’ <ref target="#l-36">(ll. 36-37)</ref>. We have therefore dated the letter on or about Thursday, 29 May 1884.</p></note></vg:letDesc></sourceDesc></fileDesc></teiHeader>
<facsimile xmlns:xsi="http://www.w3.org/2001/XMLSchema-instance">
<surface n="b 8381" xml:id="surf-pb-1r"><graphic mimeType="image/tiff" url="VGM001001641_01.TIF" rend="norend"/><graphic mimeType="image/tiff" url="VGM001001641_01_n.tif" rend="norend"/><graphic mimeType="image/jpeg" url="VGM001001641_01_nt.jpg" height="50px" rend="thumbnail"/><zone xml:id="zone-pb-1r-1">
<graphic mimeType="image/tiff" url="VGM001001641_01_nR.tif" rend="norend"/><graphic mimeType="image/jpeg" url="VGM001001641_01_nRt.jpg" height="50px" rend="thumbnail"/><graphic mimeType="image/png" url="VGM001001641_01_nRf.png" width="380px" rend="facstab"/></zone>
</surface>
<surface n="b 8381" xml:id="surf-pb-1v"><graphic mimeType="image/tiff" url="VGM001001641_02.TIF" rend="norend"/><graphic mimeType="image/tiff" url="VGM001001641_02_n.tif" rend="norend"/><graphic mimeType="image/jpeg" url="VGM001001641_02_nt.jpg" height="50px" rend="thumbnail"/><zone xml:id="zone-pb-1v-2">
<graphic mimeType="image/tiff" url="VGM001001641_02_nL.tif" rend="norend"/><graphic mimeType="image/jpeg" url="VGM001001641_02_nLt.jpg" height="50px" rend="thumbnail"/><graphic mimeType="image/png" url="VGM001001641_02_nLf.png" width="380px" rend="facstab"/></zone>
</surface></facsimile><text xmlns:xsi="http://www.w3.org/2001/XMLSchema-instance"><body>
<div type="original">
<pb f="1r" n="1" xml:id="pb-orig-1r-1" facs="#zone-pb-1r-1"/><lb n="1" xml:id="l-1"/>
<ab>Amice Rappard,</ab><lb n="1*" xml:id="l-1s"/>
<ab>Van harte wensch ik U geluk <lb n="2" xml:id="l-2"/>met de zilveren medaille die ge te Londen hebt <lb n="3" xml:id="l-3"/>gekregen.<anchor n="1" xml:id="note-o-1"/> Voor mij is ’t een satisfactie in der <lb n="4" xml:id="l-4"/>tijd van dat schilderij gezegd te hebben wat ik er van <lb n="5" xml:id="l-5"/>gezegd heb. En dat nog eens herhaald te hebben <lb n="6" xml:id="l-6"/>nu onlangs<c type="kk">/</c> juist bij ons gesprek van dien Vrijdag <lb n="7" xml:id="l-7"/>toen ik U nog zeide: “ik vond in de <hi rend="ital">kleur</hi> <lb n="8" xml:id="l-8"/>van dat schilderij de Spinster iets wat mij <hi rend="ital">beter</hi> <lb n="9" xml:id="l-9"/>en <hi rend="ital">solidener</hi> voorkomt dan ’tgeen <lb n="10" xml:id="l-10"/>ik U hier heb zien schilderen”<c type="kp">_</c>–</ab><lb n="11" xml:id="l-11"/>
<ab rend="indent">Toch het wevertje<anchor n="2" xml:id="note-o-2"/> maakt daarop weer een uitzondering<c type="kk">/</c> <lb n="12" xml:id="l-12"/>zooals ik toen ook stipuleerde<c type="kp">_</c></ab><lb n="13" xml:id="l-13"/>
<ab rend="indent">Een sch<hi rend="ss">ij</hi> in een lagen toonladder beginnen <lb n="14" xml:id="l-14"/>en dan van laag af op zoeken te voeren<c type="kk">/</c> <lb n="15" xml:id="l-15"/>dat systeem<c type="kk">/</c> ik vond dat in Uw spinster <lb n="16" xml:id="l-16"/>in der tijd – ofschoon het een zeer oorspronkelijke <lb n="17" xml:id="l-17"/>manier van doen was<c type="kp">_</c>– Ik herinnerde U op <lb n="18" xml:id="l-18"/>dien Vrijdag nog aan Uw eigen woorden uit een <lb n="19" xml:id="l-19"/>uwer brieven over dat sch<hi rend="ss">ij</hi>: “er zitten verbazende <lb n="20" xml:id="l-20"/>krachten in”<c type="kp">_</c> En die miste ik wel eens <lb n="21" xml:id="l-21"/>in Uw later werk.</ab><lb n="22" xml:id="l-22"/>
<ab rend="indent">Met veel pleizier denk ik terug aan Uw bezoek en <lb n="23" xml:id="l-23"/>ik twijfel niet of hoe meer gij hier komt hoe meer <lb n="24" xml:id="l-24"/>de natuur U aantrekken zal.</ab>
<pb f="1v" n="2" xml:id="pb-orig-1v-2" facs="#zone-pb-1v-2"/><lb n="25" xml:id="l-25"/>
<ab rend="indent">Sedert Uw vertrek heb ik gewerkt aan een <lb n="26" xml:id="l-26"/>Watermolen – die waar ik naar vroeg in dat herbergje aan <lb n="27" xml:id="l-27"/>’t station waar we zaten te praten met dien <lb n="28" xml:id="l-28"/>man van wien ik U vertelde dat hij scheen te laboreeren <lb n="29" xml:id="l-29"/>aan een chronisch gebrek aan kleingeld in zijn zak<c type="kp">_</c>– <lb n="30" xml:id="l-30"/>’t Is een dito geval als de twee andere watermolens <lb n="31" xml:id="l-31"/>die we zamen bezochten doch met <hi rend="ital">twee roode</hi> <lb n="32" xml:id="l-32"/>daken en dat men vlak van voren ziet – met <lb n="33" xml:id="l-33"/>populieren er om heen.<anchor n="3" xml:id="note-o-3"/> Zal in den herfst superbe <lb n="34" xml:id="l-34"/>zijn.</ab><lb n="35" xml:id="l-35"/>
<ab rend="indent">Goed ge de boeken hebt afgezonden<c type="kp">_</c>–<anchor n="4" xml:id="note-o-4"/></ab><lb n="36" xml:id="l-36"/>
<ab rend="indent"><hi rend="ital">Misschien</hi> komt mijn broer Theo even <lb n="37" xml:id="l-37"/>over met de Pinksterdagen doch niet voor langer <lb n="38" xml:id="l-38"/>en slechts als hij kans ziet er even uit te breken<anchor n="5" xml:id="note-o-5"/> – <lb n="39" xml:id="l-39"/>’t zal hem ook pleizier doen<c type="kk">/</c> zooals ons allen<c type="kk">/</c> <lb n="40" xml:id="l-40"/>ge bekroond zijt.</ab><lb n="41" xml:id="l-41"/>
<ab rend="indent">à dieu – spoedig meer<c type="kk">/</c> geloof me<c type="kk">/</c> met <lb n="42" xml:id="l-42"/>een handdruk</ab>
<vg:whiteline/><lb n="43" xml:id="l-43"/>
<ab>b. à t<c type="kp">_</c></ab><lb n="44" xml:id="l-44"/>
<ab>Vincent</ab>
<vg:whiteline/>
<div type="textualNotes">
<note target="l-19" n="19">“er &lt; er</note></div></div>
<div type="translation">
<pb f="1r" n="1" xml:id="pb-trans-1r-1" facs="#zone-pb-1r-1"/>
<ab>My dear friend <rs type="pers" key="1306">Rappard</rs>,</ab>
<ab>I heartily congratulate you on the silver medal you got in London.<anchor n="1" xml:id="note-t-1"/> It’s a satisfaction to me that I said what I said about that painting at the time. And to have repeated it yet again recently, specifically in our conversation on that Friday when I said to you, ‘I found something in the <hi rend="ital">colour</hi> of that painting, the Woman spinning, that seems to me <hi rend="ital">better</hi> and <hi rend="ital">more solid</hi> than what I’ve seen you paint here’.</ab>
<ab rend="indent">All the same, the little weaver<anchor n="2" xml:id="note-t-2"/> is an exception to this, as I also stipulated then.</ab>
<ab rend="indent">Starting a painting in a low register and then seeking to raise it from low upward, I found that system in your woman spinning at the time — although it was a very original way of doing things. On that Friday I reminded you of your own words about that painting in one of your letters, ‘there are surprising forces in it’. And I sometimes missed those in your later work.</ab>
<ab rend="indent">I look back on your visit with great pleasure, and I don’t doubt that the more you come here the more the scenery will attract you. 
<pb f="1v" n="2" xml:id="pb-trans-1v-2" facs="#zone-pb-1v-2"/> </ab>
<ab rend="indent">Since you left I’ve been working on a Water mill — the one I asked about in that little inn at the station, where we sat talking with that man whom I told you seemed to suffer from a chronic shortage of small change in his pocket. It’s the same sort of thing as the two other water mills that we visited together, but with <hi rend="ital">two red</hi> roofs, and which one views square on from the front — with poplars around it.<anchor n="3" xml:id="note-t-3"/> Will be magnificent in the autumn.</ab>
<ab rend="indent">Glad you sent off the books.<anchor n="4" xml:id="note-t-4"/></ab>
<ab rend="indent"><hi rend="ital">Perhaps</hi> my brother Theo will come briefly at Whitsun, although not for longer and only if he sees a chance of getting some time off<anchor n="5" xml:id="note-t-5"/> — he’ll be pleased, as we all are, that you’ve received an award.</ab>
<ab rend="indent">Adieu — more soon, believe me, with a handshake</ab>
<vg:whiteline/>
<ab>Yours truly,</ab>
<ab>Vincent</ab></div>
<div type="notes">
<note n="1" xml:id="n-1" target="#note-t-1">
<ab>In May 1884 <rs type="pers" key="1306">Van Rappard</rs> was awarded a silver medal at the International and Universal Exhibition in the Crystal Palace, London, which opened on 23 April, probably for his painting <hi rend="ital"><rs type="ill" key="330">Old woman at the spinning wheel</rs></hi>. See for this painting: <ref target="let344.xml#n-4;">letter 344, n. 4;</ref> and exhib. cat. Amsterdam 1974, pp. 12, 86.</ab></note>
<note n="2" xml:id="n-2" target="#note-t-2">
<ab>For <rs type="pers" key="1306">Van Rappard</rs>’s <hi rend="ital"><rs type="ill" key="335">Weaver</rs></hi>, <ref target="let447.xml#n-5">see letter 447, n. 5.</ref></ab></note>
<note n="3" xml:id="n-3" target="#note-t-3">
<ab>Going by the description this is <hi rend="ital">Water mill</hi> (<rs type="ill" key="2469">F 48a / JH 488</rs>). The Collse Watermill was close to Nuenen/Tongelre Station at Eeneind. By ‘the two other watermills’ Van Gogh must have been referring to the Opwettense and Hooijdonkse mills in Nederwetten. See De Brouwer 1984, p. 106.</ab></note>
<note n="4" xml:id="n-4" target="#note-t-4">
<ab>Among the books <rs type="pers" key="1306">Van Rappard</rs> sent were <rs type="pers" key="546">Charles Blanc</rs>, <hi rend="ital"><rs type="lit" key="403">Les artistes de mon temps</rs></hi> and <rs type="pers" key="1019">Eugène Fromentin</rs>,<hi rend="ital"><rs type="lit" key="404"> Les maîtres d’autrefois: Belgique – Hollande</rs></hi>; <ref target="let459.xml">see letter 459</ref>.</ab></note>
<note n="5" xml:id="n-5" target="#note-t-5">
<ab>In 1884 Whitsun fell on 1 June; we know from <ref target="let449.xml">letter 449</ref> that Theo did indeed go to Nuenen.</ab></note></div></body></text></TEI>
