<?xml version="1.0" encoding="UTF-8"?>
<!-- Last Changed Date: 2018-07-18 12:32:41 +0200 (Wed, 18 Jul 2018) | SVN Revision: 2206 -->
<!--Licensed under Attribution-NonCommercial-ShareAlike 4.0 International (CC BY-NC-SA 4.0)-->
<?xml-model href="https://xmlschema.huygens.knaw.nl/vgodd.rng" type="application/xml" schematypens="http://relaxng.org/ns/structure/1.0"?>
<TEI xmlns:vg="http://www.vangoghletters.org/ns/" xmlns="http://www.tei-c.org/ns/1.0">
<teiHeader xmlns:xsi="http://www.w3.org/2001/XMLSchema-instance"><fileDesc>
<titleStmt>
<title>To Theo van Gogh. Nuenen, Tuesday, 30 December 1884.</title>
<editor>Leo Jansen</editor>
<editor>Hans Luijten</editor>
<editor>Nienke Bakker</editor></titleStmt>
<publicationStmt>
<publisher><name>Huygens Instituut voor Nederlandse Geschiedenis (KNAW)</name><email>info@huygens.knaw.nl</email></publisher>
<publisher>Van Gogh Museum</publisher>
<pubPlace>Amsterdam</pubPlace>
<date type="first" when="2009">2009</date>
<availability status="restricted">
<licence target="http://creativecommons.org/licenses/by-nc-sa/4.0/ https://creativecommons.org/licenses/by-nc-sa/4.0/legalcode">
<p>Attribution-NonCommercial-ShareAlike 4.0 International (CC BY-NC-SA 4.0) </p></licence></availability>
<ptr target="http://vangoghletters.org/orig/let477"/></publicationStmt><sourceDesc><vg:letDesc><vg:letIdentifier>
<idno type="jlb">477</idno>
<idno type="collectedletters">391</idno>
<idno type="brieven1990">479</idno></vg:letIdentifier><vg:letHeading><author>Vincent van Gogh</author><vg:addressee>Theo van Gogh</vg:addressee><vg:placeLet>Nuenen</vg:placeLet><vg:dateLet>Tuesday, 30 December 1884</vg:dateLet></vg:letHeading><vg:letContents>
<p>To Theo van Gogh. Nuenen, Tuesday, 30 December 1884.</p></vg:letContents>
<note type="sourceStatus" xml:id="sourceStatus">
<p>Original manuscript</p></note>
<note type="location" xml:id="location">
<p>Amsterdam, Van Gogh Museum, inv. no. b429 V/1962</p></note>
<note type="date" xml:id="date">
<p>Vincent thanks Theo for the money he sent. The fact that he says ‘Best wishes for the New Year’ <ref target="#l-67">(l. 67)</ref> indicates that the month was coming to the end so that this must have been the allowance for January (cf. <ref target="#n-1">n. 1</ref>). We consider it very likely that the letter was written on 30 December, because on that date Mrs van Gogh (together with her husband) most probably also wrote to Theo, and Vincent remarks in the present letter: ‘Ma wanted to write something here’ (<ref target="#l-9">l. 9</ref>; see also <ref target="#n-3">n. 3</ref>). For this reason we have dated the letter Tuesday, 30 December 1884.</p></note></vg:letDesc></sourceDesc></fileDesc></teiHeader>
<facsimile xmlns:xsi="http://www.w3.org/2001/XMLSchema-instance">
<surface n="b 0429" xml:id="surf-pb-1r"><graphic mimeType="image/tiff" url="VGM001000574_01.TIF" rend="norend"/><graphic mimeType="image/tiff" url="VGM001000574_01_n.tif" rend="norend"/><graphic mimeType="image/jpeg" url="VGM001000574_01_nt.jpg" height="50px" rend="thumbnail"/><zone xml:id="zone-pb-1r-1">
<graphic mimeType="image/tiff" url="VGM001000574_01_nR.tif" rend="norend"/><graphic mimeType="image/jpeg" url="VGM001000574_01_nRt.jpg" height="50px" rend="thumbnail"/><graphic mimeType="image/png" url="VGM001000574_01_nRf.png" width="380px" rend="facstab"/></zone>
</surface>
<surface n="b 0429" xml:id="surf-pb-1v"><graphic mimeType="image/tiff" url="VGM001000574_02.TIF" rend="norend"/><graphic mimeType="image/tiff" url="VGM001000574_02_n.tif" rend="norend"/><graphic mimeType="image/jpeg" url="VGM001000574_02_nt.jpg" height="50px" rend="thumbnail"/><zone xml:id="zone-pb-1v-2">
<graphic mimeType="image/tiff" url="VGM001000574_02_nL.tif" rend="norend"/><graphic mimeType="image/jpeg" url="VGM001000574_02_nLt.jpg" height="50px" rend="thumbnail"/><graphic mimeType="image/png" url="VGM001000574_02_nLf.png" width="380px" rend="facstab"/></zone>
<zone xml:id="zone-pb-1v-3">
<graphic mimeType="image/tiff" url="VGM001000574_02_nR.tif" rend="norend"/><graphic mimeType="image/jpeg" url="VGM001000574_02_nRt.jpg" height="50px" rend="thumbnail"/><graphic mimeType="image/png" url="VGM001000574_02_nRf.png" width="380px" rend="facstab"/></zone>
</surface></facsimile><text xmlns:xsi="http://www.w3.org/2001/XMLSchema-instance"><body>
<div type="original">
<pb f="1r" n="1" xml:id="pb-orig-1r-1" facs="#zone-pb-1r-1"/><lb n="1" xml:id="l-1"/>
<ab>Waarde Theo,</ab><lb n="1*" xml:id="l-1s"/>
<ab>Dank voor het gezondene<c type="kk">/</c> <lb n="2" xml:id="l-2"/>ik apprecieer het dat ge het hebt gedaan <lb n="3" xml:id="l-3"/>omdat het er zoo op aan komt in <lb n="4" xml:id="l-4"/>de wintermaanden<c type="kk">/</c> als ’t model makkelijker <lb n="5" xml:id="l-5"/>te krijgen is<c type="kk">/</c> veel te werken.<anchor n="1" xml:id="note-o-1"/></ab><lb n="6" xml:id="l-6"/>
<ab rend="indent">Ge ontvangt over een dag of 3 <lb n="7" xml:id="l-7"/>12 penteekeningetjes naar studiekoppen<c type="kp">_</c><anchor n="2" xml:id="note-o-2"/> <lb n="8" xml:id="l-8"/>Ik voel me après tout ’t meest t’huis <lb n="9" xml:id="l-9"/>als ik aan figuur werk. En ’t komt <lb n="10" xml:id="l-10"/>me ook voor dat er meer karakter is <lb n="11" xml:id="l-11"/>in b.v. die koppen die ik te s’Hage reeds maakte <lb n="12" xml:id="l-12"/>en enkele andere figuren<c type="kk">/</c> dan in ’t overige <lb n="13" xml:id="l-13"/>wat ik deed<c type="kp">_</c>– En ’t zal misschien verstandig <lb n="14" xml:id="l-14"/>zijn nog meer uitsluitend me op ’t figuur <lb n="15" xml:id="l-15"/>te concentreeren.</ab><lb n="16" xml:id="l-16"/>
<ab rend="indent">Alleen<c type="kk">/</c> het figuur staat toch altijd ergens in <lb n="17" xml:id="l-17"/>en de entourage komt men soms ook van zelf <lb n="18" xml:id="l-18"/>toe<c type="kk">/</c> als zijnde het onmisbaar ze te maken.</ab><lb n="19" xml:id="l-19"/>
<ab rend="indent">Moe wou hierbij schrijven<c type="kk">/</c><anchor n="3" xml:id="note-o-3"/> ik maak <lb n="20" xml:id="l-20"/>het dus kort daar ik u dezer dagen <lb n="21" xml:id="l-21"/>toch die penteekeningen zend<c type="kp">_</c></ab><lb n="22" xml:id="l-22"/>
<ab rend="indent">Ik weet niet vooruit wat ik doen zal met <lb n="23" xml:id="l-23"/>die koppen. doch ik wil het motief uit <lb n="24" xml:id="l-24"/>de karakters zelf afleiden<c type="kp">_</c></ab>
<pb f="1v" n="2" xml:id="pb-orig-1v-2" facs="#zone-pb-1v-2"/><lb n="25" xml:id="l-25"/>
<ab rend="indent">Ik weet echter wel waarom ik ze maak <lb n="26" xml:id="l-26"/>en waartoe in ’t algemeen<c type="kp">_</c></ab><lb n="27" xml:id="l-27"/>
<ab rend="indent">Ik ben wel nieuwsgierig vroeger of later <lb n="28" xml:id="l-28"/>dat sch<hi rend="ss">ij</hi> te zien dat gij hebt gekregen. <lb n="29" xml:id="l-29"/>De Sage zelf begrijp ik nu niet <lb n="30" xml:id="l-30"/>precies – wat men er mee wil<c type="kp">_</c><anchor n="4" xml:id="note-o-4"/> <lb n="31" xml:id="l-31"/>Daarom niet<c type="kk">/</c> omdat ge zegt: <lb n="32" xml:id="l-32"/>het figuur is Dante achtig – <lb n="33" xml:id="l-33"/>doch – het is symbool van een kwaden <lb n="34" xml:id="l-34"/>geest die de lui in den afgrond lokt<c type="kp">_</c>– <lb n="35" xml:id="l-35"/>Zeker kan zulks moeielijk zamengaan <lb n="36" xml:id="l-36"/>daar het sobere<c type="kk">/</c> strenge figuurtje van Dante<c type="kk">/</c> <lb n="37" xml:id="l-37"/>geheel doordrongen van verontwaardiging en <lb n="38" xml:id="l-38"/>protest tegen wat hij had zien gebeuren – <lb n="39" xml:id="l-39"/>in protest tegen de gruwelijke middeneeuwsche misbruiken <lb n="40" xml:id="l-40"/>en vooroordeelen – zeker een der opregtste<c type="kk">/</c> eerlijkste<c type="kk">/</c> <lb n="41" xml:id="l-41"/>nobelste is die denkbaar zijn.</ab><lb n="42" xml:id="l-42"/>
<ab rend="indent">Kortom – van Dante zeiden de lui “voilà celui <lb n="43" xml:id="l-43"/>qui va en enfer et qui en revient” –<anchor n="5" xml:id="note-o-5"/> <lb n="44" xml:id="l-44"/>heel iets anders <hi rend="ital">er zelf in te gaan en weer</hi> <lb n="45" xml:id="l-45"/><hi rend="ital">uit te komen</hi> dan ’t satanieke 
<pb f="1v" n="3" xml:id="pb-orig-1v-3" facs="#zone-pb-1v-3"/><lb n="46" xml:id="l-46"/><hi rend="ital">anderen er in lokken</hi>.</ab><lb n="47" xml:id="l-47"/>
<ab rend="indent">Gevolgelijk – een dante achtig <lb n="48" xml:id="l-48"/>figuur kan men niet een satanieke <lb n="49" xml:id="l-49"/>rol laten spelen zonder enorme <lb n="50" xml:id="l-50"/>misvatting van karakter.<anchor n="6" xml:id="note-o-6"/></ab><lb n="51" xml:id="l-51"/>
<ab rend="indent">En ’t silhouet van een Mefisto<anchor n="7" xml:id="note-o-7"/> is magtig <lb n="52" xml:id="l-52"/>anders dan van Dante.</ab><lb n="53" xml:id="l-53"/>
<ab rend="indent">Van Giotto schreef men in zijn tijd “le premier <lb n="54" xml:id="l-54"/>il mit `<hi rend="ital">la bonté</hi>´ dans l’expression des têtes <lb n="55" xml:id="l-55"/>humaines”<c type="kp">_</c>–<anchor n="8" xml:id="note-o-8"/> Giotto schilderde Dante <lb n="56" xml:id="l-56"/>en met veel gevoel zooals ge weet want <lb n="57" xml:id="l-57"/>ge kent ’t oude portret<c type="kp">_</c>–<anchor n="9" xml:id="note-o-9"/></ab><lb n="58" xml:id="l-58"/>
<ab rend="indent">Waaruit ik conclusie trek<c type="kk">/</c> de expressie <lb n="59" xml:id="l-59"/>van Dante<c type="kk">/</c> hoe triest en melankoliek<c type="kk">/</c> is <lb n="60" xml:id="l-60"/>essentieel een uitdrukking van iets <lb n="61" xml:id="l-61"/>oneindig goeds en teers<c type="kp">_</c>–</ab><lb n="62" xml:id="l-62"/>
<ab rend="indent">Satan of Mefisto stel ik me dan ook <lb n="63" xml:id="l-63"/>gansch niet Dante achtig voor.</ab><lb n="64" xml:id="l-64"/>
<ab rend="indent">Doch reden te meer waarom ik wel <lb n="65" xml:id="l-65"/>nieuwsgierig ben eens te zien hoe het <lb n="66" xml:id="l-66"/>op ’t sch<hi rend="ss">ij</hi> in elkaar zit<c type="kp">_</c>–</ab><lb n="67" xml:id="l-67"/>
<ab rend="indent">Gefeliciteerd met Nieuwe jaar<c type="kp">_</c></ab>
<vg:whiteline/><lb n="68" xml:id="l-68"/>
<ab>b<c type="kp">_</c> à t<c type="kp">_</c></ab><lb n="69" xml:id="l-69"/>
<ab>Vincent</ab>
<vg:whiteline/>
<div type="textualNotes">
<note target="l-43" n="43">revient” &lt; revient</note>
<note target="l-40" n="40">vooroordeelen – &lt; vooroordeelen</note>
<note target="l-55" n="55">humaines”<c type="kp">_</c>– &lt; humaines –</note></div></div>
<div type="translation">
<pb f="1r" n="1" xml:id="pb-trans-1r-1" facs="#zone-pb-1r-1"/>
<ab>My dear Theo,</ab>
<ab>Thanks for what you sent. I appreciate your doing it, because what really matters is to do a lot of work in the winter months, when models are easier to get.<anchor n="1" xml:id="note-t-1"/></ab>
<ab rend="indent">In 3 days or so you’ll receive 12 little pen drawings after studies of heads.<anchor n="2" xml:id="note-t-2"/> After all, I feel most at home when I work on a figure. And it also seems to me that there’s more character in, say, those heads I made back in The Hague and some other figures than in the other things I did. And it might perhaps be wise for me to concentrate even more exclusively on the figure.</ab>
<ab rend="indent">Only, the figure always stands somewhere, and one sometimes can’t help putting in the surroundings, their being indispensable.</ab>
<ab rend="indent"><rs type="pers" key="524">Ma</rs> wanted to write something here,<anchor n="3" xml:id="note-t-3"/> so I’ll keep it brief, because I’m sending you those pen drawings in the next few days anyway.</ab>
<ab rend="indent">I don’t know in advance what I’ll do with these heads, but I want to derive the subject from the characters themselves. 
<pb f="1v" n="2" xml:id="pb-trans-1v-2" facs="#zone-pb-1v-2"/></ab>
<ab rend="indent">I do know why I’m making them, though, and to what end in general.</ab>
<ab rend="indent">I’m curious to see that painting you got, sooner or later. I don’t exactly understand the legend itself — what it’s getting at.<anchor n="4" xml:id="note-t-4"/> Why I don’t is because you say: the figure is Dantean — yet — it’s the symbol of an evil spirit that lures people into the abyss. Surely the two can hardly go together, since the sober, austere figure of <rs type="pers" key="569">Dante</rs>, entirely filled with indignation and protest at what he had seen happen — in protest at the atrocious medieval abuses and prejudices — is certainly one of the most upright, most honest, most noble that are conceivable.</ab>
<ab rend="indent">In short — people said of <rs type="pers" key="569">Dante</rs>, ‘there is the one who went into hell and who returned’<anchor n="5" xml:id="note-t-5"/> — something very different <hi rend="ital">to go in oneself and come out again</hi> than to 
<pb f="1v" n="3" xml:id="pb-trans-1v-3" facs="#zone-pb-1v-3"/> <hi rend="ital">lure others in</hi> satanically.</ab>
<ab rend="indent">Consequently — one can’t have a <rs type="pers" key="569">Dante</rs>an figure play a satanic role without a huge misconception of character.<anchor n="6" xml:id="note-t-6"/></ab>
<ab rend="indent">And the silhouette of a Mephistopheles<anchor n="7" xml:id="note-t-7"/> is mightily different from <rs type="pers" key="569">Dante</rs>’s.</ab>
<ab rend="indent">In his own time, people wrote of <rs type="pers" key="1048">Giotto</rs>, ‘first he put “<hi rend="ital">goodness</hi>” into the expression of human heads’.<anchor n="8" xml:id="note-t-8"/> Giotto painted <rs type="pers" key="569">Dante</rs>, and with much emotion as you know, for you’re familiar with the old portrait.<anchor n="9" xml:id="note-t-9"/></ab>
<ab rend="indent">From which I draw the conclusion that Dante’s expression, however sad and melancholy, is essentially an expression of something infinitely good and tender.</ab>
<ab rend="indent">I therefore can’t imagine Satan or Mephistopheles as Dantean at all.</ab>
<ab rend="indent">So all the more reason why I’m curious to see what it looks like in the painting.</ab>
<ab rend="indent">Best wishes for the New Year.</ab>
<vg:whiteline/>
<ab>Yours truly,</ab>
<ab>Vincent</ab></div>
<div type="notes">
<note n="1" xml:id="n-1" target="#note-t-1">
<ab>It would seem likely that the money Theo had sent was the allowance for January; had it been the extra for December which Vincent had so urgently requested in <ref target="let476.xml">letter 476</ref>, he would probably have thanked Theo for it sooner. This could mean that a letter (confirming the receipt of this extra money) has been lost.</ab></note>
<note n="2" xml:id="n-2" target="#note-t-2">
<ab>There are several small pen-and-ink drawings of heads from this period which could have been part of this planned consignment: <ref target="let475.xml#n-1">see letter 475, n. 1.</ref></ab></note>
<note n="3" xml:id="n-3" target="#note-t-3">
<ab>There is no known letter from <rs type="pers" key="524">Mrs van Gogh</rs>, but there is one from her <rs type="pers" key="526">husband</rs>, who wrote to Theo on Tuesday, 30 December 1884 thanking him for all his help that year: ‘You help constantly in what you do and did for Vincent and for <rs type="pers" key="420">Cor</rs> too, you have faithfully sent us all something’ (FR b2264). Because Theo’s parents usually both wrote to Paris, and his father says here that he is replying to a letter from Theo of 8 December (which means there was relatively little contact that month), this not only increases the chances that his mother also added a few lines on the occasion of the New Year, but also that Vincent’s letter was part of it.</ab></note>
<note n="4" xml:id="n-4" target="#note-t-4">
<ab><rs type="pers" key="416">Jo van Gogh-Bonger</rs> noted here in <hi rend="ital">Brieven </hi>1914: ‘The reference is to a painting by the Swedish painter Josephson – the preliminary study for his painting, De Waternix, which became famous later’ (vol. 2, p. 457).</ab>
<ab rend="indent">This is <rs type="pers" key="1125">Ernst Josephson</rs>’s <hi rend="ital">The water sprite</hi>, 1881 (Stockholm, Nationalmuseum). <rs type="ill" key="1003">Ill. 1003</rs>, inspired by Swedish folklore. In 1946 <rs type="pers" key="418">V.W. van Gogh</rs> gave the aforementioned preliminary study of the 1882 painting of the same name to this Swedish museum (<rs type="ill" key="2133">Ill. 2133</rs>). At that time Josephson was working in Paris. The legend of the water nymph tells of how she used her music to lure people to the underworld, from where they could never return. Cf. also <ref target="let499.xml">letter 499</ref>.</ab></note>
<note n="5" xml:id="n-5" target="#note-t-5">
<ab>This remark could be based on Van Gogh’s reading of <rs type="pers" key="666">Hugo</rs>’s <hi rend="ital"><rs type="lit" key="198">William Shakespeare</rs></hi>. Hugo had said in this context: ‘Once the depths of Hell have been touched, <rs type="pers" key="569">Dante</rs> passes through it, and rises up on the other side of the infinite’. (Le fond de l’enfer touché, Dante le perce, et remonte de l’autre côté de l’infini). See Hugo 1864, p. 93. We know from <ref target="let155.xml">letter 155</ref> that Van Gogh was familiar with this book.</ab></note>
<note n="6" xml:id="n-6" target="#note-t-6">
<ab>In his <hi rend="ital"><rs type="lit" key="145">Divine comedy</rs></hi> (1313-1321) <rs type="pers" key="569">Dante Alighieri</rs> describes how he descended into hell, whence he also returned. Vincent therefore did not understand why Theo compared the water nymph to Dante.</ab></note>
<note n="7" xml:id="n-7" target="#note-t-7">
<ab>The sophisticated seducer Mephistopheles, the devil in the story of Faust.</ab></note>
<note n="8" xml:id="n-8" target="#note-t-8">
<ab>The ‘people’ who wrote this was the sixteenth-century biographer of artists <rs type="pers" key="1814">Giorgio Vasari</rs>. Van Gogh derived his knowledge from <rs type="pers" key="707">Jules Michelet</rs>, <hi rend="ital"><rs type="lit" key="11">L’amour</rs></hi>, the start of book 5, chapter 4: ‘Vasari said a remarkable thing about the old master <rs type="pers" key="1048">Giotto</rs>, creator of Italian art: “The first thing he puts in the facial expressions is goodness.”’ (Vasari a dit un mot remarquable sur le vieux maître Giotto, créateur de l’art italien: “Dans l’expression des têtes, le premier il mit la bonté.”) (Michelet, <hi rend="ital">L’amour</hi>, p. 381). Cf. also Pabst 1988, p. 30.</ab></note>
<note n="9" xml:id="n-9" target="#note-t-9">
<ab><rs type="pers" key="1048">Giotto</rs> painted <rs type="pers" key="569">Dante</rs>’s likeness in his frescoes in the Palazzo del Podestà and in the Santa Croce in Florence. <rs type="ill" key="875">Ill. 875</rs>. Although there are now doubts as to whether the paintings in the Palazzo are by Giotto, at this time it was still assumed that they were authentic. There were drawings of the portrait in circulation, and no doubt reproductions too.</ab></note></div></body></text></TEI>
